20190211,527958214,1009,1549922462.904435,60.86842530030641,1766.0127835517394,65.40273457231159,1549922413.4493053,337.5940518422568,[56.64235791 75.5197279 94.29511578 113.52025746 132.60979606 150.90395993 170.27801524 206.96589415 227.02655161],[24.69604026 681.83410681 10.90399706 194.16028302 12.81256082 10.32570631 10.74717077 7.40536343 11.53247026 10.02535923 9.15804955 14.41012177 12.8403206],__,-2.9899999999999523,337.5940518422568,0.07737796611868368,
20190214,528502194,1023,1550177789.2386246,56.013617788626085,1803.1275722278315,118.36595389392063,1550177792.9092646,339.25918003609746,[38.71790147 58.16174066 76.52316715 115.79457427 134.69531411 154.90344611 173.91536282 193.16685741 210.9576977 231.25301063],[24.40113518 704.77135001 12.60607249 202.73143953 13.77626185 7.96032887 16.71251441 6.96523286 14.81860955 13.46641589 10.80665232 14.07587616 16.2893478 16.94772552],__,-15.549999999999955,339.25918003609746,0.10581483513395176,
20190214,528502194,1024,1550177797.1981785,56.854763588886435,1126.9425605962952,117.06810990885224,1550177797.6319466,331.18253004680906,[58.27012292 77.24075292 116.75935866 135.66193697 155.72109173 175.49579494 194.87090814 233.6664741],[24.10071126 587.21195965 6.91465061 172.28246567 10.17776932 16.02222359 5.58137336 12.35861075 11.09642711 8.50377944 12.77700805 11.84228055],__,-15.549999999999955,331.18253004680906,0.05629445459840117,
20190214,528502194,1025,1550177805.5084739,58.374030895904106,950.018927183813,118.29860539058178,1550177806.6913197,334.24694575231024,[58.38590253 116.64871812 135.67305398 153.6656321 174.93284129 196.16520571 233.28451494],[23.7682226 541.49011421 5.68702683 171.38813713 9.21545356 6.74275274 11.71039292 16.37573472 9.47309081 12.08464368 13.59087304],__,-15.560000000000002,334.24694575231024,0.10639075328879286,
20190214,528502194,1026,1550177820.3312578,58.965715126135734,1255.2945082107155,115.1100345749114,1550177819.1774275,334.10377445083833,[58.64804842 117.45712618 137.23113935 156.86205689 97.75678215 176.18253986 195.88662437 234.67697312],[24.16852729 606.43517253 7.56403855 174.52714854 8.60373636 5.7412776 14.52020094 12.26858637 13.32275782 9.56144205 13.89731805 12.04377781],__,-15.569999999999993,334.10377445083833,0.04843098078553709,
20190214,528502194,1027,1550177833.0654209,59.07489692248843,1595.9504772249654,116.44931172077109,1550177834.1984713,328.2125244424968,[58.88953425 117.93383807 176.65975893 235.82712431],[20.18024084 538.29074123 10.65466669 153.7720625 7.47561643 5.85813938 8.88885608 12.27180131],__,-15.569999999999993,328.2125244424968,0.040230868095085706,
20190214,528502194,1028,1550177847.3778443,58.82844222421129,1937.8663459275685,115.6111020717298,1550177848.631359,323.40942750247336,[58.50822677 118.01654429 176.82698916 215.61650352 235.89976988],[20.54159712 576.86720093 12.95754707 168.35624299 10.01115987 6.86766006 9.54688454 16.5659136 13.74618421],__,-15.579999999999984,323.40942750247336,0.05514475885758657,
20190214,528502194,1029,1550177867.311236,59.48074026291541,2133.9240592169217,111.18590491025576,1550177864.7045681,322.2245910414362,[117.98986138 176.85824447 235.94544184],[18.59358662 519.95601239 15.39742773 155.38255484 7.35118897 9.94597718 15.79396656],__,-15.589999999999975,322.2245910414362,0.04117056193907482,
20190214,528518474,1006,1550187776.9446495,68.6494017898568,2028.1839456929977,116.85523766261353,1550187779.7739975,317.31278348082947,[113.25172387],[20.10812539 438.8139043 15.35238343 168.67588209 19.13761019],__,-12.169999999999959,317.31278348082947,0.10560091928684606,
20190214,528518474,1007,1550187764.1925879,68.15632253336668,1812.1855288729212,115.19108376218512,1550187764.7984037,336.2566452583053,[57.38328991 115.05991333 132.48523291 172.47499244 229.65118422 209.25121293],[22.80310497 591.80100817 8.3944879 157.76471451 7.94032633 6.41024493 12.46107557 8.74783377 12.47685527 16.6275743],__,-12.17999999999995,336.2566452583053,0.08707305238423486,
20190214,528518474,1008,1550187750.9849875,65.6781331931559,1784.1736625775943,116.56949041534428,1550187752.7697673,323.4309906764689,[113.61028222 170.2918163 227.19014766],[19.3032926 506.95202409 8.68402641 144.02663976 6.96031438 9.37237054 13.22643447],__,-12.539999999999964,323.4309906764689,0.050353022196390006,
20190214,528518474,1009,1550187737.5347757,64.22645222126249,1290.7942675052877,116.84953782199844,1550187738.1229992,329.10817639319134,[114.73935834 172.01783213 229.52243107],[19.52078208 499.31163161 9.90356946 161.83868139 8.35483634 12.95064895 18.61731073],__,-12.549999999999955,329.10817639319134,0.040320375696155576,
20190214,528518474,1010,1550187724.813791,63.8190784239045,857.3255708602119,116.13234977455535,1550187723.4239085,323.49229749251043,[115.67544688 172.58590107 231.10837003],[20.22815443 441.86281928 5.05572153 142.34143564 6.01789869 9.20934552 13.08264003],__,-12.569999999999993,323.49229749251043,0.11476382869536979,
20190214,528518474,1011,1550187712.615097,64.70303994413105,546.7761849534007,117.26513042627204,1550187711.6150854,334.63742738986303,[57.2216108 77.03795031 95.85876816 115.64943932 135.15703983 173.6079805 211.51146657 231.17888022],[27.64030264 383.71170868 2.86210181 154.85781857 10.65098972 12.18203119 11.01361039 5.76140245 10.58430106 7.32777788 17.49465802 11.13485915],__,-12.579999999999984,334.63742738986303,0.08878701334929914,
20190214,528518474,1012,1550187698.8012464,63.40791259834893,804.1431358736994,116.84194241284455,1550187698.0102534,331.2851502211131,[114.98482762 172.51003125 192.25696207 210.93069219 230.35652021 249.01882692],[24.03745522 448.49834653 3.62482686 145.38703665 5.32017633 7.51998483 12.55752176 13.01997047 10.39524775 15.84428195],__,-12.870000000000005,331.2851502211131,0.05682756071152624,
20190214,528518474,1013,1550187682.3631432,61.180496669660485,1026.491985738241,117.10501239812302,1550187682.4250166,333.08218858383964,[115.1782426 172.61664801 230.09242185],[19.5131797 470.70416944 5.99232899 146.29941196 5.39648862 9.4490641 11.81287551],__,-12.879999999999995,333.08218858383964,0.0588705455791255,
20190214,528518474,1014,1550187666.5771613,60.55611688795806,1240.8050425616902,113.95529947996839,1550187664.0690923,323.5761056782502,[116.32829824 174.45294432 232.45598383],[19.29119867 488.02819581 7.02012673 143.79597755 5.39079014 10.26829105 12.29464774],__,-13.139999999999986,323.5761056782502,0.05935078581441758,
20190214,528518474,1015,1550187649.9155543,60.3154275862809,1448.2711691743866,113.62245489144625,1550187647.7527606,323.1111176761747,[116.39178178 174.28583264 232.30256831],[19.11826724 505.9787786 8.97624017 152.78871274 6.35300022 10.97614921 13.21699235],__,-13.149999999999977,323.1111176761747,0.05570972766990851,
20190214,528518474,1016,1550187631.6712945,63.00988342457797,1437.7098605684553,115.06231703173307,1550187630.9327717,322.16120969729224,[117.33852441 175.83222591 234.3378474],[21.74294505 507.36133736 16.08035327 190.36404627 14.05858163 21.70981132 28.30914116],__,-13.159999999999968,322.16120969729224,0.054516880684255226,
20190214,528518474,1017,1550187618.350744,61.53609680915841,1572.815393622952,113.57995905396126,1550187616.483728,323.39899511876126,[116.17896055 231.47220813],[18.07429728 469.69887535 9.7932566 135.31896372 5.67024935 11.77402616],__,-13.17999999999995,323.39899511876126,0.0828355738443895,
20190214,528518474,1018,1550187603.6608558,60.63435286636501,1854.1279906703226,110.89793192973346,1550187599.934782,333.13056833704303,[115.58572814 231.68137043],[17.53988866 476.87641432 11.42697344 142.58210588 5.90515811 14.13872068],__,-13.189999999999998,333.13056833704303,0.29618790544502577,
20190214,528518474,1019,1550187585.7634544,63.13613691499573,2045.808311760767,112.2937556429865,1550187584.0067542,319.9151029551329,[116.85205103 175.05267869 232.59657341],[19.07850615 507.36868406 10.59583328 134.48557958 5.06656461 9.11618684 12.0760552],__,-13.20999999999998,319.9151029551329,0.10185791728491388,
20190214,528518474,1020,1550187572.0660422,63.327358676713544,2067.0947013084997,111.80367920718321,1550187569.9001238,324.0940676549882,[115.58390788 230.74339357],[18.92461715 479.74488964 20.64979643 165.23524263 11.5805389 24.49042223],__,-13.21999999999997,324.0940676549882,0.06265740200327548,
20190214,528518474,1023,1550184643.6806734,54.41101558675957,1917.5642684418103,114.851368386609,1550184644.089093,329.66972130780204,[117.09445905 135.46059943 156.90431358 175.41397621 213.20772522 233.1315962],[20.79554782 607.79523336 13.40221248 178.68634318 6.45702462 11.5346754 11.59647798 10.28689708 16.36781945 15.76908004],__,-14.169999999999959,329.66972130780204,0.11600134583966594,
20190214,528518474,1024,1550184650.8730202,56.873034813152024,1114.2728119347296,114.96018192770757,1550184649.1424038,330.87030731212906,[117.31123565 155.89015889 176.48435097 196.7677049 235.00657387 58.63314857 78.23585516],[23.19283066 579.89148054 7.20202322 174.17917378 5.7473055 12.69892327 9.5850259 12.41451565 13.82259375 11.14683192 13.67495673],__,-14.169999999999959,330.87030731212906,0.10998603570295784,
20190214,528518474,1026,1550184671.6801171,59.72350833730656,1056.3745756489618,114.97591704760268,1550184669.8822908,332.9751557691601,[58.60871762 117.70665133 176.68560926 234.73791283 254.33657346],[21.81271254 511.56194932 6.30533124 149.56787327 7.20017027 5.4674092 7.74977787 11.91263746 15.73842955],__,-14.17999999999995,332.9751557691601,0.06698655119433045,
20190214,528518474,1027,1550184682.1097648,60.840608465611766,1511.0825337356628,114.42441917923847,1550184681.0144484,321.7329850543124,[118.64961598 236.21743053 58.91490462 177.6879942],[20.36649991 537.92024944 10.29456666 159.3081654 7.24507512 15.31424346 8.02450326 9.8879651],__,-14.189999999999998,321.7329850543124,0.08194245547523563,
20190214,528518474,1028,1550184693.9626846,59.9173364094412,2042.1462795506961,110.20845356931187,1550184690.1445656,307.56197284447114,[120.12191404 180.45746322 240.2523435],[19.74835667 516.81790816 18.56751106 171.37709645 10.98549 14.95407478 21.36600231],__,-14.399999999999977,307.56197284447114,0.09875421060054695,
20190214,528510459,1006,1550181899.3713295,66.55004964366972,1983.114297212103,100.37658240953343,1550181885.5924866,304.1281095347915,[126.40239977 247.89850836],[18.73385874 471.123497 8.34246074 118.8241846 6.27619954 10.59453274],__,-12.399999999999977,304.1281095347915,0.2692569418416766,
20190214,528510459,1007,1550181884.3150985,62.759652173119804,1853.8828331783268,113.63727703386414,1550181883.3375518,320.84310649691963,[58.00474809 116.49098464 174.77449944 232.35623061],[20.62112514 536.79686319 9.09045125 137.27270024 7.14918304 5.60052849 7.59773808 11.04186169],__,-12.419999999999959,320.84310649691963,0.10140872319735067,
20190214,528510459,1008,1550181870.0039585,63.5861581037313,1741.500666573975,112.22983698587262,1550181867.3048105,327.75244808487594,[116.49023906 174.64894017 232.85720513],[19.25032182 500.16883575 7.5198669 133.93312927 5.45770604 7.90854723 9.96121661],__,-12.439999999999998,327.75244808487594,0.09025440474999497,
20190214,528510459,1009,1550181856.345989,64.84463033510946,1134.039783837378,115.68994700038033,1550181855.3437674,330.278151567872,[58.4087377 76.34125229 116.38836373 174.73931671 232.2689563],[22.40001413 540.31494711 6.30335069 161.55874796 8.60859008 10.29810442 6.97200116 12.75259639 16.42105148],__,-12.45999999999998,330.278151567872,0.0854050969256011,
20190214,528510459,1010,1550181842.8943968,65.01578325996178,612.7297797035467,118.09736298050173,1550181842.792812,332.5073232153236,[57.93542134 76.71578591 96.47888742 116.5753761 174.7701271 232.58322028 251.52706155],[26.31114176 432.96822659 3.45678311 156.50839084 7.38991461 12.95428978 10.70941591 6.21829449 8.65806852 11.69185518 14.8447474],__,-12.46999999999997,332.5073232153236,0.07344422401798799,
20190214,528510459,1011,1550181832.4984717,65.94411133736321,389.6055274162507,117.60709558276119,1550181831.3759634,328.0388521118945,[38.85404517 58.4693586 78.01502732 97.3377615 116.98491721 136.40149893 175.39005367 214.05233628 233.51574049],[29.81550375 308.71737108 2.39297586 158.44297258 15.65670947 7.61628609 17.4445021 9.39187173 6.23851634 11.1486422 7.76293773 19.42481013 10.55909964],__,-12.489999999999952,328.0388521118945,0.03570552300958773,
20190214,528510459,1012,1550181820.0,65.82192798537521,859.7359309510136,117.0831046866611,1550181819.6383507,327.8531468040188,[115.87946521 173.92936976 211.94795692 231.64521652 249.98472072],[23.00636475 461.48382843 3.83891567 144.19183494 5.47980282 7.69076674 14.25915074 11.18189482 16.4072414],__,-12.5,327.8531468040188,0.047506136345387896,
20190214,528510459,1013,1550181805.205245,64.73050448215112,1286.4272990978184,118.29878075829464,1550181807.2116845,331.61401859932045,[115.55062876 173.7070719 231.1571884],[19.55782358 494.73473651 7.13607597 148.17062319 6.05047841 10.6412043 13.33739435],__,-12.909999999999968,331.61401859932045,0.03982443729443188,
20190214,528510459,1014,1550181792.9943023,63.25207931255062,1742.3579769520275,116.57379843674993,1550181794.6068516,333.92976650366967,[113.73597885 228.53645731],[17.71899154 476.44053521 12.13233318 149.3664309 7.4423929 17.17813545],__,-12.919999999999959,333.92976650366967,0.1152356121248514,
20190215,528711629,1007,1550273562.8316312,63.01715894997269,1890.9608333735696,111.89310567730428,1550273560.2213242,327.1515617137939,[59.06993019 118.11995075 177.10462611 218.07186225 236.54302658],[21.42516939 568.21131445 10.71264252 149.44587896 7.41945292 6.0782701 7.31457385 18.58783547 10.99335038],__,-8.849999999999966,327.1515617137939,0.052292436520848654,
20190215,528711629,1008,1550273546.1621952,62.31913175576258,1713.4162837628214,113.14512110183733,1550273544.2843568,319.6920663392331,[59.19894399 118.34340378 157.52844837 177.39751831 216.95235266 236.45758491 255.81630543],[23.12324818 606.6375833 8.87308329 156.31974641 8.18762916 6.32939928 12.49352895 8.30060751 15.74143462 10.5475304 17.4223631],__,-8.870000000000005,319.6920663392331,0.06668065133786985,
20190215,528711629,1009,1550273534.900063,62.08097981790323,1046.4159484941295,115.89427589410278,1550273533.8934886,320.7736077083389,[58.96723471 78.65532852 98.2651702 117.95460163 137.26727247 157.78615189 176.92311315 235.55721425 254.64299176],[26.42238796 574.32144731 5.90456955 164.6653167 8.12666384 14.06878375 11.69883106 5.68972437 15.40438321 13.34426308 9.76582514 13.52860512 17.54223411],__,-8.870000000000005,320.7736077083389,0.09538360537070904,
20190215,528711629,1010,1550273523.4652627,62.470535637872366,613.4208095162618,115.40198966412493,1550273520.6875644,323.1837387084776,[38.54848034 59.02620477 78.29671079 98.04666103 117.98077181 137.67993319 157.23913552 177.10990269 196.27865816 235.82930153 255.5752339],[30.37938471 459.88361868 3.70222918 172.49083742 16.5651726 8.18434153 14.29970525 11.8578937 6.68506184 15.06442774 12.89979965 8.05589117 16.80742581 11.02037786 18.95981023],__,-9.169999999999959,323.1837387084776,0.07759779178212221,
20190215,528711629,1011,1550273509.2727926,63.04032921802756,561.0729081064906,117.23598488362323,1550273508.2361355,330.9276538397144,[39.32116859 59.20498219 78.50531843 98.81691666 118.27117502 138.16966684 156.80223567 177.48276167 216.28888674 236.24829476 256.07913605],[30.66424971 429.45325267 3.57754325 170.02082073 13.5379967 8.99293254 14.82255763 10.08913115 6.14063055 11.09045468 12.39305319 7.56749972 22.74205975 11.06003239 23.90984603],__,-9.169999999999959,330.9276538397144,0.05151873208169601,
20190215,528711629,1012,1550273496.0302122,63.46539569975558,920.1835892998708,116.41764773524487,1550273495.262281,337.0454719412893,[39.12638801 59.06159558 78.84531293 98.29902575 118.28858577 137.74778639 157.68873199 177.48080319 196.84227362 216.23847669 236.22589467 255.87842221],[29.70301819 588.11280525 5.07020811 179.74146491 12.88865678 8.48899214 14.04363374 11.27216872 6.8820639 15.54775238 12.65115811 8.20547269 15.43536741 17.19717215 12.01864503 16.9943815],__,-9.17999999999995,337.0454719412893,0.06470220085900023,
20190215,528711629,1013,1550273480.420813,62.54348327365075,1238.9734768657474,116.8544658650368,1550273480.931683,328.2063943650908,[97.7309458 117.5129808 137.01962522 156.7248951 176.3615576 195.57641872 215.53630224 234.55570561 253.74024036],[25.65407462 597.94883972 6.33749314 162.14495262 12.3162284 5.4103831 13.2177062 12.14176361 8.10244547 14.32630458 15.41860653 12.91570705 16.76062375],__,-9.189999999999998,328.2063943650908,0.09089343041550807,
20190215,528711629,1014,1550273467.4769297,61.905449172470746,1648.3315026543846,115.30527864796314,1550273467.576455,329.8585674109448,[58.83129022 117.13388497 155.33199238 175.82273977 214.04778189 234.02636465 252.80215653],[23.12488188 617.39172728 8.69950411 171.53818364 12.10610294 5.98550653 14.05963873 8.70260972 13.95464328 12.65587529 20.17333237],__,-9.199999999999989,329.8585674109448,0.06449256486947903,
20190215,528711629,1023,1550270437.062451,59.46616472082101,1495.9520607285228,114.952128569981,1550270436.4230573,339.1009870637042,[39.06343912 58.79244767 78.414325 97.908396 117.63403663 137.12131265 156.76765361 176.2930212 196.17362276 215.02127021 234.8583398],[26.53330671 698.34578841 9.47657615 192.61354777 11.36741241 7.66222262 12.82653112 10.01924851 7.0238648 15.57298431 12.23384233 10.08233189 14.93852481 18.87840971 17.15503418],__,-9.919999999999959,339.1009870637042,0.052064317963843025,
20190215,528711629,1024,1550270443.6911802,60.122781192950534,877.5648163439067,115.42808933994127,1550270441.8667724,343.93250991607647,[38.54497187 59.05630832 78.79660812 98.49734157 118.38139407 137.84679272 157.97231705 177.6489608 216.49093241 236.6278867 256.27228958],[28.35049896 568.40909198 6.02290782 178.31947349 16.06341773 9.05037603 13.07213128 11.37445331 6.35489299 11.395176 10.62679084 7.62908209 16.85067294 11.86889253 18.75711863],__,-9.919999999999959,343.93250991607647,0.07482721288622522,
20190215,528711629,1025,1550270451.6918297,59.884963829506944,1040.126267634465,114.81472192967773,1550270449.6830015,338.5235038376951,[38.91663865 59.190252 78.13104276 98.90378837 118.75778813 138.56970272 158.17057751 177.96251998 197.41304627 216.64825558 237.52986242 257.25449903],[28.42703263 623.12444713 6.61256378 184.10579157 18.23314964 8.73376367 15.58242816 11.01851366 6.80503373 10.68902052 11.08693767 8.8847256 15.23838203 23.88546198 11.75275652 14.93250161],__,-9.919999999999959,338.5235038376951,0.06634980372746567,
20190215,528711629,1026,1550270464.242879,58.53279263279707,1555.2697525458789,113.11895634773148,1550270461.9507616,331.9601892220833,[21.3906265 39.97207619 59.44089131 78.55303055 98.98079861 118.8165914 138.37767067 158.6375288 178.33246516 198.51639213 216.72288755 237.31396527 256.59522329],[27.72006785 739.30288277 10.10341564 196.93099751 15.2321088 12.55744623 7.90601927 14.24670981 13.70754753 6.79549972 13.49257223 12.92884706 8.87451418 17.97770372 19.80692807 14.51931707 20.66468823],__,-9.92999999999995,331.9601892220833,0.07438441656868815,
20190215,528711629,1027,1550270478.3929179,57.012848494239094,1997.4577973109451,110.6644470666384,1550270474.8765576,319.0148573650552,[38.30291369 59.5547022 79.03357543 99.31432183 119.0733282 138.26750318 157.67520352 178.62541926 218.04718277 238.12053861 258.08594816],[25.93365528 737.51136006 13.39030527 198.54290613 14.11630077 7.60841156 13.48497839 12.13992627 7.31477176 14.08107588 13.55762801 9.39569711 17.66163356 13.96927509 25.47993681],__,-9.92999999999995,319.0148573650552,0.0769370117734086,
20190215,528698927,1007,1550267767.279297,61.25692187172865,2040.9221534546023,110.5349705915037,1550267763.7445042,318.0239092461447,[59.66193921 119.35487725 179.09841612 238.62562718],[20.08143732 549.06127841 12.92535966 157.73101957 7.37461323 7.19800978 9.74773442 13.33132804],__,-9.620000000000005,318.0239092461447,0.039341644193636824,
20190215,528698927,1008,1550267751.7461042,63.3803534649465,1860.4614311531818,112.23288640640436,1550267749.4387243,328.95763846488364,[59.49379594 118.88143889 178.24116712 237.47911201 158.16941293 137.92450408 79.32825044 98.34450643 217.53475801 197.38866934],[25.73053393 690.00315815 9.19333745 175.27090566 7.96541526 6.64723098 9.25985224 13.42100275 13.52183524 14.01566416 14.3924342 12.52016698 18.74188174 14.33934063],__,-9.639999999999986,328.95763846488364,0.09355497524251527,
20190215,528698927,1009,1550267741.7506626,64.57191692602049,1220.6715255953425,113.9113984647158,1550267739.2864609,335.3300482498026,[59.14705249 78.47104721 118.00991437 177.20743948 234.78277629],[22.25350563 529.68363372 6.40729566 146.52373475 8.49541255 13.27164309 5.01763347 8.74517498 14.12119774],__,-9.649999999999977,335.3300482498026,0.05960961374042821,
20190215,528698927,1010,1550267727.8378446,65.45564851844073,754.3411345418048,116.70811048022298,1550267726.770849,330.4350238838085,[38.78481836 58.88361747 77.62604062 97.67760895 117.71499386 157.66248739 176.79176218 214.18423763 235.44481256 254.47199765],[29.09542913 495.39431281 3.67065461 163.61103308 11.08261152 7.31673681 11.15904058 11.73081077 6.76116076 11.60600502 8.68968207 20.20085698 12.39014342 16.89805011],__,-9.669999999999959,330.4350238838085,0.1210543420035555,
20190215,528698927,1011,1550267716.3604326,65.50302780817529,456.70274665859284,118.29671629273732,1550267716.110321,332.53698877586936,[38.5972241 58.94808307 77.35915975 97.93348388 118.04808964 136.70077229 157.33540088 177.04093407 214.4935697 235.71399969 253.98884126],[31.53534374 366.33318769 2.96110849 167.41155551 13.77353781 8.83575951 15.27106551 10.89700144 6.04029977 11.26591684 11.65911986 7.54485027 19.90956139 10.8617694 24.86736651],__,-9.67999999999995,332.53698877586936,0.07381055897996594,
20190215,528698927,1012,1550267702.975742,66.33835822630252,768.3661720655585,117.73112775304371,1550267703.0814013,329.6155938495857,[18.71800587 38.777021 58.62666667 78.12099159 97.8770497 117.37647357 136.59838346 156.11568445 176.16073548 195.68721325 214.74876431 234.7038907 253.95534014],[32.08192739 533.73795318 3.99648165 174.60717414 10.93752725 15.00658494 7.70149763 12.98699813 11.82249221 6.94183579 15.60420053 10.53681521 8.55214906 16.34754497 18.61258295 14.24209766 22.62682154],__,-9.909999999999968,329.6155938495857,0.09207314650129231,
20190215,528698927,1013,1550267691.2086492,65.81667116964813,1135.0201129443024,116.22431271031,1550267690.787039,327.6987326001943,[58.55344936 77.45962654 97.73142997 116.71592502 136.57948311 155.74976497 175.09123409 196.09118078 213.60765591 233.3678698 252.14054566],[28.39568945 611.66878828 4.97698685 168.29905438 12.06070979 17.14264429 13.65709119 6.31025715 12.65971425 11.00194024 8.02729421 12.48942497 16.13636943 12.98996432 24.82032305],__,-9.919999999999959,327.6987326001943,0.06565108205251435,
20190215,528698927,1014,1550267678.8264968,61.58973066627898,1685.6423031565685,112.01602107882155,1550267675.5347252,306.42777502323753,[58.67316713 97.8655246 117.47659098 136.92753671 156.44916404 176.25423688 196.00887619 216.21699719 233.02643116 252.7453646],[26.00422304 684.26372927 8.6031185 175.7742093 9.21498899 11.65573191 6.76485612 15.0145893 12.68405554 10.4341517 14.78416284 19.03506015 15.1584237 23.99529641],__,-9.92999999999995,306.42777502323753,0.1192673766456193,
20190215,528698927,1022,1550265032.9180806,56.225032894118755,1885.540236411685,113.0548581484476,1550265031.4359326,326.7970512667392,[59.21194359 78.11647914 98.25077494 118.15060951 137.68915258 157.19705186 177.15901463 196.6268598 217.04784559 236.24401405 255.71718222],[25.44321244 730.77105865 12.55800273 200.59303018 9.65708553 14.47551911 10.66819502 6.53224612 16.28067515 11.73028584 9.08286661 16.65484261 18.17204865 15.12470791 25.81056305],__,-10.289999999999964,326.7970512667392,0.07184397429928685,
20190215,528698927,1023,1550265040.382296,57.3360068145184,1134.0058107453906,115.2422239701582,1550265038.9601545,333.72404861003986,[38.95025591 59.33455545 78.88212451 98.66053244 118.33859747 137.44180196 157.89913283 177.58525095 197.30429275 215.69924494 236.45798771 255.23791221],[27.86999588 673.86865385 7.41100004 196.0957272 10.33816819 8.80261446 12.52510396 8.79781574 7.13105236 13.8752967 12.39616605 9.90790133 15.32828645 20.67265064 12.72029289 29.75146057],__,-10.289999999999964,333.72404861003986,0.045933164174926155,
20190215,528698927,1024,1550265046.326273,57.82294661120793,849.6487270744906,114.79913865727819,1550265043.7410111,336.4051569572475,[38.32695455 59.44214413 78.79372709 99.03918239 118.91162919 138.8325137 158.48677788 178.3788122 198.05757498 217.22805727 237.58487694 257.41750379],[28.93793198 590.20590929 5.78822115 189.26859836 18.37755148 8.58377803 13.19786003 11.15301867 7.26693829 11.61985536 10.47469332 7.93477624 13.51106471 17.15117295 12.80420408 16.25113042],__,-10.289999999999964,336.4051569572475,0.04533023058899066,
20190215,528698927,1025,1550265051.923145,56.81055023937536,1430.3143196441642,113.25753159343655,1550265049.3536026,329.0554938168315,[59.4731587 78.75746945 98.97937226 119.19039174 138.94050229 158.65733964 178.74307365 198.13439412 217.64093148 238.28232454 258.21707757],[25.90415838 680.63858715 9.13183654 184.41447627 9.61272224 13.132576 12.07354942 6.71735199 12.40832266 10.73984121 8.54847659 15.20309686 18.40959298 12.0585864 15.46529316],__,-10.289999999999964,329.0554938168315,0.06709299313057959,
20190215,528698927,1026,1550265065.453507,55.199373744766895,2067.977358221231,110.08469102660618,1550265061.5552554,322.019738023589,[39.61191108 59.71172199 99.04162045 119.41687494 139.36114232 159.23685264 179.18534818 199.01302281 218.83098449 238.72589698 257.48665907],[25.21230589 742.55251614 14.58046124 207.54999683 15.37577639 8.09217314 13.37053955 7.80355491 14.2792371 10.90717631 9.63792008 16.94249275 17.48735764 14.84538706 26.10511711],__,-10.289999999999964,322.019738023589,0.051876543633626176,
20190219,529409728,1020,1550610910.7345736,54.669892256090534,2090.7906701461466,116.03195045358177,1550610912.8575742,323.19056749211575,[14.20865516 25.94541926 38.99646851 58.56885506 78.35804964 97.64037827 117.11644859 136.58667791 156.34513231 175.78205642 195.1790673 214.29744797 234.07191235],[26.81089355 793.9969949 17.01972745 226.68603119 18.95000014 17.43232238 10.46626564 7.82710144 13.13397783 10.67660986 8.95232067 15.33160149 13.03949698 11.6172015 17.31463323 20.97994348 19.23857105],__,-12.95999999999998,323.19056749211575,0.04526943533201477,
20190219,529409728,1021,1550610926.1353552,56.65192167746886,1667.7382113799795,115.48853082563672,1550610926.524002,330.1428707153729,[18.26455376 38.88616408 58.48581175 77.69846041 97.62348697 117.00999362 136.67508522 156.09888608 175.61907344 195.17236401 214.26429495 234.28495205],[26.50536066 734.0526412 11.20522146 197.73767258 13.8370178 12.14651486 8.59084292 14.55674514 10.35906705 7.43782234 14.54684264 11.81145816 9.01596318 13.83810427 20.56540846 13.59489302],__,-13.579999999999984,330.1428707153729,0.040841956407290235,
20190219,529409728,1022,1550610937.1678772,57.60363666871994,1248.3919877868775,116.46428734250034,1550610937.316302,332.4802540646072,[18.75505862 38.94737647 58.78052771 78.39856237 98.02003612 117.48296366 137.13296957 156.78672258 176.25791313 195.80187923 215.46877732 235.04730614],[27.54526789 685.77369124 8.42123448 192.38189694 14.18488252 16.52335354 7.75501868 13.0397403 10.29068723 7.38353569 13.60927431 11.28251297 8.52134828 15.01300738 19.58478818 13.49386881],__,-13.579999999999984,332.4802540646072,0.0363425128190729,
20190219,529409728,1023,1550610944.856022,57.924779020656,1245.647614594388,116.33973844053347,1550610944.8859155,337.2881886496359,[39.13050596 58.74257672 78.25312044 98.10664442 117.60723251 137.41937061 157.13503537 176.46535124 196.14863768 215.79804401 235.2875622 254.21923823],[27.57546871 682.69346269 8.30110556 191.96270154 11.80384006 8.00501139 13.22064014 9.46846695 7.30572336 10.92777589 11.54783631 9.42110507 14.16249125 19.33311039 15.55105258 27.23229695],__,-13.589999999999975,337.2881886496359,0.05408323554357374,
20190219,529409728,1024,1550610951.4918563,56.43572490699572,1829.6514405978085,115.17679226553821,1550610951.9479485,322.14542153334384,[19.062626 39.06775654 58.84549172 78.01096057 98.05400313 117.7047698 137.38715805 156.98337637 176.49780648 195.85506217 213.93625073 235.1542066 254.18601647],[27.32650375 774.84186832 13.49839401 210.43586488 20.82672912 10.91636132 8.82685914 17.81046567 9.45611933 8.56724158 10.57208202 11.7401141 10.15847265 15.61202573 18.87091353 14.16156321 18.33284954],__,-13.599999999999966,322.14542153334384,0.04655169720957752,
20190219,529416700,1021,1550614687.799907,55.572566589282175,2003.960742487783,111.12824645172866,1550614684.687476,317.06759837026215,[58.04690168 116.24785894 174.35630995 233.16073208 78.0719832 97.19954211],[21.62089189 612.48827481 14.6743372 175.78217734 7.33064968 6.62214869 9.64011548 13.48833928 13.34876039 13.05351884],__,-9.089999999999975,317.06759837026215,0.06956033742144734,
20190219,529416700,1022,1550614671.9093153,55.244372012634486,1291.4379174774822,115.62922253660504,1550614671.2443678,319.00888917188416,[58.63130793 77.39079952 97.75416421 116.90163046 136.88846944 155.86909094 175.51983424 233.9600686 252.73053875],[24.84141646 641.3612496 9.1374113 179.40645325 9.09901414 11.83235185 9.97048691 6.04801229 14.30003031 15.35279581 9.111865 12.519474 17.81237978],__,-9.109999999999957,319.00888917188416,0.0733134068143654,
20190219,529416700,1023,1550614666.2139783,55.192074184099674,601.8440057409538,116.38254641118401,1550614664.3241723,321.4491915889036,[38.60865455 58.30787785 77.04278949 97.04487608 116.6604988 136.24644335 155.65548176 174.97471907 194.64583956 233.27734232 253.05138383],[29.05191901 510.46211921 4.85088341 191.68329668 12.86854824 7.93427775 16.7650048 13.26958508 7.04927078 11.32368412 20.49433838 8.3734139 18.99798193 11.78693788 19.44968598],__,-9.109999999999957,321.4491915889036,0.03426322887146213,
20190219,529416700,1024,1550614658.503937,54.24422663747441,941.0195629787904,116.7874229293103,1550614657.8846698,315.7293597332555,[38.65831307 57.62021337 77.1923427 96.56004211 116.0519891 135.50604424 154.58043471 174.0739615 194.44870845 213.11618754 231.92823639 250.65945593],[28.06568154 636.37287659 6.1435762 194.95800855 15.05802418 9.84321016 15.60973253 10.75819293 6.93354862 14.53194002 11.95540729 8.44166107 14.88509373 17.66403522 13.5096913 22.6331982],__,-9.120000000000005,315.7293597332555,0.0728988949901784,
20190219,529416700,1025,1550614649.2902114,53.84904080918552,1712.0201174471636,115.35180005427688,1550614649.5588484,327.87146988542065,[58.1546899 116.1630967 156.24883666 174.3578792 213.19376366 232.60823544],[21.1291926 605.38100468 11.96964129 178.53233676 9.1878914 5.84964151 10.68518588 9.24743686 14.34806903 12.20569572],__,-9.129999999999995,327.87146988542065,0.0953110383901086,
20190221,529754214,1009,1550781360.0,66.45770661655473,1479.8247666217908,119.06945821639155,1550781363.6186461,317.4971034264694,[55.35337205 74.70742905 91.66087122 110.8189397 129.03637961 148.2863978 166.23687661 199.43557003 219.85814342],[26.27153779 659.22258469 8.00228054 188.93892888 11.49683052 13.52170324 14.01438629 9.64892647 15.01478155 14.48696219 15.2800589 20.48281421 20.03272995],__,-6.149999999999977,317.4971034264694,0.1564924856279331,
20190221,529754214,1010,1550781346.7704425,66.75629992625387,1357.3733178426717,117.91328813164321,1550781348.555035,329.73337536456415,[111.86134651 150.10952768 167.79900711 205.12260886 223.65637083],[22.07317209 534.32872778 5.76316294 147.47721233 6.03083466 10.47381252 9.45831994 14.95655284 12.16965625],__,-6.159999999999968,329.73337536456415,0.12207920776148448,
20190221,529754214,1011,1550781331.5739982,65.32869529458453,1057.3540236064332,116.52472261652387,1550781330.8747647,325.86913126215984,[75.43513748 95.17236306 113.96404825 132.74019747 151.72968467 171.0125262 208.73453761 227.67114478],[25.7731613 531.50021306 4.66668538 148.23682498 9.87455022 10.21247995 5.7749914 11.7854639 8.93482405 8.78006707 15.89640077 10.63977946],__,-6.17999999999995,325.86913126215984,0.10106298685058829,
20190221,529754214,1012,1550781316.6564536,68.5580930704285,560.3700657331387,116.2070258088732,1550781314.5364847,332.6046888380357,[58.25615279 76.74068317 96.01115419 115.12208139 134.32520254 153.36074891 172.73159226 209.25789212 230.23970871 248.58656628],[30.35728722 404.98394385 2.81025986 164.5764924 20.1080543 12.01635749 10.07517665 6.99791665 11.68173532 9.78271264 7.49571222 20.35625898 10.64121554 17.6392243],__,-6.519999999999982,332.6046888380357,0.057718941716230314,
20190221,529754214,1013,1550781302.9622304,68.03917726473637,286.29680925257924,118.40580242889169,1550781302.362824,329.8565770762064,[56.90557268 19.11358049 75.96798647 94.91419355 113.83322279 133.00322106 151.91038311 170.90534813 208.49771433 227.79073214 246.86886405 265.3287463],[33.77955368 250.02151351 2.04065965 170.3968364 12.34405669 15.89109384 8.33469997 10.11148819 6.41342477 16.88711023 10.14078117 8.74606467 22.32307259 12.52749677 14.29490163 23.32557056],__,-6.539999999999964,329.8565770762064,0.03755963168018433,
20190221,529754214,1014,1550781289.7365599,67.457829652588,310.7367805663596,117.85562650699353,1550781288.7013717,333.58139872402126,[56.93446341 75.32193812 95.52932753 114.1444037 133.01801156 152.19142634 171.39575334 209.14486459 190.43705736 228.61423143],[31.34301802 256.1827366 1.86603396 162.07535562 12.40754571 15.77083073 11.96595068 5.9476971 11.26307586 8.90526377 8.29772954 24.04907325 12.56884906 12.94067864],__,-6.5499999999999545,333.58139872402126,0.06904886706532164,
20190221,529754214,1015,1550781276.6575217,66.24405011555145,751.2339673111615,116.61972265869248,1550781275.430922,327.63521542276345,[56.62222702 113.90186252 132.210168 151.72988828 170.86724249 189.569244 207.68700669 227.65351423],[26.92438854 489.08595034 3.42467422 167.98765494 11.0885436 6.74263159 13.6640891 10.85081273 10.14827056 16.34480702 16.90600732 12.71780916],__,-6.569999999999993,327.63521542276345,0.04300456149129316,
20190221,529754214,1016,1550781262.2865407,65.71100685114342,921.4701902203548,114.13175368805237,1550781259.1321023,330.01471538393497,[114.74109582 171.54599504 229.10085228],[20.37207373 463.74199787 4.94536008 139.25547045 5.55882272 10.46480639 13.88843789],__,-6.579999999999984,330.01471538393497,0.0417586823638268,
20190221,529754214,1017,1550781246.0304034,65.63608412105309,1230.858318218892,115.48752953711455,1550781245.097527,331.4791986019487,[58.17853432 114.88785483 153.31943171 172.15399255 209.88501892 229.27766132],[23.38582892 571.79467077 6.58204432 165.89860297 8.08117647 6.29008114 11.47250398 10.80252114 17.02886522 12.94948424],__,-6.599999999999966,331.4791986019487,0.0683172072802863,
20190221,529754214,1018,1550781233.9071,65.76877756811862,1701.8613486903967,113.23495311730724,1550781232.0872114,330.2286096258764,[114.63262238 228.83382588],[18.19613154 476.06872996 10.15331157 140.08094705 6.23646423 16.18662706],__,-6.6200000000000045,330.2286096258764,0.048130121488707836,
20190221,529754214,1019,1550777698.7094731,60.3131406509542,1397.8893850469453,114.45880790189945,1550777697.34665,330.30346335242217,[40.85738754 61.62865868 81.95549666 102.53336065 123.09869174 143.57423273 164.17076699 184.68088053 204.93227446 225.42717478 246.09749157 266.66566863],[27.63659154 701.72305806 8.65078152 190.01973397 20.21712146 8.26276975 9.11239252 12.84372623 7.93826701 14.81563982 9.11964097 8.82972892 17.37096871 25.15588281 13.30478164 23.22574607],__,-9.029999999999973,330.30346335242217,0.04141684720692777,
20190221,529754214,1020,1550777713.1677284,59.29521523368566,1087.571553110704,114.7733589411109,1550777711.1388707,317.0477803175894,[40.3990584 61.70572705 82.30972234 102.84649558 123.35348711 143.89033441 164.54265583 185.11921195 205.56286019 246.7089715],[26.82934278 618.31015413 6.68427432 176.15314059 16.02023273 8.70911767 8.18554188 10.61878184 7.67220558 14.65392513 9.64079646 9.38068253 22.43884262 13.24968294],__,-9.029999999999973,317.0477803175894,0.0223002999256186,
20190221,529754214,1021,1550777727.0032156,58.756542006355986,904.2255986536408,115.03863082743436,1550777724.6854472,313.37847611384814,[61.21593864 81.84654549 102.09987317 123.03592242 142.79864784 164.13551327 184.60304111 204.62333769 225.04071295 245.6539538],[27.34112563 547.59873036 4.88811666 165.948461 9.74605331 9.52774897 12.23162406 6.75133295 14.69449528 9.60590834 7.89172273 14.3849785 26.81189165 11.4972821],__,-9.039999999999964,313.37847611384814,0.04541940894741342,
20190221,529754214,1022,1550777737.9123268,58.65931213071409,1237.9855881982487,112.55911536964834,1550777734.0345178,309.32204036873367,[81.56518198 102.88558452 122.8814394 144.0908438 163.4679747 184.39272139 204.20088308 245.65155964],[24.58660818 590.68005574 6.67994865 157.01527657 10.26825525 10.71629752 5.64973258 11.96447939 10.84684091 9.9749433 16.29941362 11.07441097],__,-9.049999999999955,309.32204036873367,0.07862075800951167,
20190221,529754214,1023,1550777742.8843768,57.96778056618857,1998.9669382085326,110.52283628920921,1550777739.1545079,298.271341553645,[39.68652124 60.42652887 80.6919275 101.86148436 122.78791268 163.22407943 184.11754176 204.08616076 246.56568994],[24.79090651 686.31883141 12.38196517 178.13146111 12.05956524 18.40540284 8.03949807 11.75804201 6.97675177 10.56428395 11.79922668 15.52328886 17.95501494],__,-9.049999999999955,298.271341553645,0.11886867443990902,
20190221,529788403,1300,1550791648.0,33.62000544870462,1944.372329600887,41.35019408998319,1550791575.0196536,323.1728097770755,[76.64704891 114.56885511 173.94292671 191.14999525 208.6780239 230.4006037],[27.24917992 628.58755821 51.65994829 237.05159155 11.04458937 13.99767374 20.07023255 22.04062004 22.90594961 25.16051758],__,-11.939999999999998,323.1728097770755,0.3702815961306336,
20190221,529788403,1301,1550791637.4673657,36.18367425683796,1079.4329919047889,36.484393383038935,1550791557.110926,324.69246344324733,[126.35249068 188.59735269 220.29702009 253.17736152 233.60790362],[28.92746579 591.30492973 63.9232879 231.62209252 17.11786823 21.7647366 24.16288731 28.01279337 25.3372441],__,-12.649999999999977,324.69246344324733,0.4424086087712745,
20190221,529788403,1302,1550791638.031737,42.84408550197773,283.0477612954266,115.68971859756665,1550791634.4490545,238.9035501810184,[112.14363969 151.32198392 165.95725872 186.30643118 206.81499701 222.46275972 240.84530264 259.45382997],[27.53596006 298.63731376 2.96321375 158.85982287 5.72651689 9.63773017 8.79317586 9.10517964 16.55024773 10.2207163 14.93131635 16.29593329],__,-12.649999999999977,238.9035501810184,0.14106998845017918,
20190221,529775831,1301,1550790750.5665214,37.83949805831044,1321.3326857896834,36.94895971479671,1550790671.3331394,332.8025138279734,[128.04475255 169.39857897 207.28111131 208.51553742 225.09351095 246.42247214],[30.29377798 626.05132131 42.57635748 242.20350726 16.57486286 20.49443648 24.07708516 24.43688852 25.64620958 27.89181792],__,-12.659999999999968,332.8025138279734,0.36675363480034884,
20190221,529775831,1302,1550790749.9682505,44.52124236660577,391.2856972957392,115.6827653338876,1550790746.7988846,279.43918747237933,[81.37946598 101.33258092 121.38249597 141.97403206 161.07451706 182.10340917 201.13198203 222.13732489 242.03637745],[26.95382605 365.05539863 3.47236679 178.47777937 11.27673454 11.76244395 6.20083846 12.26216456 10.3298085 7.33578731 11.9400009 15.57243134 12.84201928],__,-12.659999999999968,279.43918747237933,0.07665100306615424,
20190221,529775831,1303,1550790791.0222728,38.397006998223766,345.3099176781901,79.5751468512388,1550790750.8969924,247.04555689008296,[39.9581209 59.53186848 80.3189543 100.33524088 120.30473196 159.26521523 178.18322167 197.58138258 224.59376704 245.36670934],[27.72096358 389.94240854 3.94693942 186.27923557 9.39526116 13.69595302 7.96721049 9.21867036 5.94290765 11.4508768 10.08314174 13.52866548 20.43408739 15.71933557],__,-11.279999999999973,247.04555689008296,0.1565128342929062,
20190222,529970458,1009,1550878477.290818,71.51145840979098,1567.7197187288605,113.82665580300105,1550878475.8270237,321.6798689603169,[115.91585487],[17.56308657 430.4052269 7.8425845 119.29259024 7.4406842],__,-4.67999999999995,321.6798689603169,0.16853431849718922,
20190222,529970458,1010,1550878466.3678286,70.48922661648423,1241.7111611345638,119.51184617754325,1550878469.6457195,340.5121709094036,[109.87261686 152.57602229 170.88415408 216.78617112],[21.59568523 507.48711164 5.55154169 138.48647797 5.98282043 8.04401516 8.26501054 15.9371745],__,-4.67999999999995,340.5121709094036,0.2862876645454472,
20190222,529970458,1011,1550878455.6643758,68.54367575246683,975.1018099720898,119.95557300517638,1550878458.609289,333.4604411841268,[109.28489897 146.09252635 164.25722766 218.40883076],[21.75852673 479.45987435 4.42163782 146.95201585 7.03400809 10.06134054 10.91462519 15.27635082],__,-4.689999999999998,333.4604411841268,0.21194451530177336,
20190222,529970458,1012,1550878439.7816107,61.77366181070765,1091.1871525119302,112.57108382913633,1550878435.2021725,332.4639828058189,[115.77751611 153.2595079 174.93236164 235.03099878],[20.942907 493.87859512 5.9071125 144.29951042 6.21554771 9.61724374 9.8838719 14.64779514],__,-4.689999999999998,332.4639828058189,0.20444639816449323,
20190222,529970458,1013,1550878418.92325,62.177928292579175,936.5256155710608,114.23620789143321,1550878415.7486892,331.7941481210171,[117.05045579 136.21414423 156.01934253 175.36853327 214.92622659 233.85572211],[23.37936515 498.22310376 4.7375432 152.84784283 6.15825297 11.47391209 9.44150953 7.47651418 15.30584363 9.59903325],__,-5.259999999999991,331.7941481210171,0.09828738805082474,
20190222,529970458,1014,1550878404.5459414,64.37640015955776,497.74529196032154,115.84569648171315,1550878401.9128504,333.0077551511242,[57.26590589 77.06659397 96.78711918 115.74517943 135.23152246 154.50627151 173.85141178 212.0782186 231.77294541],[28.97528084 373.21068461 2.94065566 161.6059629 12.33991337 9.75516611 10.41633553 5.76752238 11.20410432 12.1691485 8.11206811 24.82521586 10.95823684],__,-5.269999999999982,333.0077551511242,0.05531592177590125,
20190222,529970458,1015,1550878391.239119,64.943677328282,177.7763608819342,117.60435126629362,1550878389.1712184,327.4200002841148,[57.88341002 76.02256661 96.1560222 115.08402331 134.41060623 153.38159879 172.57888348 230.44314785 249.13922421],[30.44624401 186.8152221 2.04003145 159.09956753 12.33580038 8.30596598 11.59510667 6.49415031 10.83773925 9.14306305 8.74199736 11.06301619 16.35317508],__,-5.269999999999982,327.4200002841148,0.08020204297984408,
20190222,529970458,1016,1550878376.825928,65.15465236758465,272.2585705123665,116.80048341752892,1550878374.267304,323.38678030215544,[57.38366927 76.69912576 95.73847204 115.21737851 133.63589751 153.19814693 173.4229246 192.17863595 209.04711139 230.37022825 248.46065359],[32.4998304 233.28795833 1.88532442 166.61467042 9.10362179 10.09496185 10.36167261 5.80292155 12.37839732 10.57280336 9.37184548 14.93627425 22.57871376 11.5713573 22.21194002],__,-5.279999999999973,323.38678030215544,0.11273370563684106,
20190222,529970458,1017,1550878362.0162122,64.40782973432718,618.8153876582741,116.08159462376197,1550878359.678253,312.66064745410205,[57.59825578 76.1610812 95.66468778 115.699354 154.13798504 173.65670847 191.99989317 212.01928782 231.11497565],[28.74080698 431.23534009 2.84095545 160.01007556 7.44284196 13.63754064 14.59448137 6.79908211 9.78384998 9.45623013 14.27500082 19.5413036 12.27328231],__,-5.279999999999973,312.66064745410205,0.06770496458319727,
20190222,529970458,1018,1550878348.5681634,65.34756211076497,1017.3487078520083,114.21596890906095,1550878345.7823398,320.1238158594135,[116.44688964 232.81250602],[18.91467802 443.20226341 5.87145942 133.05214605 5.57810092 13.44218797],__,-5.289999999999964,320.1238158594135,0.03083389590641148,
20190222,529970458,1019,1550878333.7160995,65.305233933812,1436.87008057078,115.08273403477516,1550878332.948035,318.6277850648478,[57.99468614 78.09307404 97.14714126 116.23763596 154.84828805 174.24364225 232.70706618 135.01790727],[25.33895052 638.2870387 8.23955248 181.93608822 8.17533857 10.3490939 16.24703278 8.89037671 13.83516568 14.44498202 18.53431803 16.58839267],__,-5.289999999999964,318.6277850648478,0.07309935533602287,
20190222,529970458,1020,1550878318.9864917,66.08349263491934,1631.636240010119,113.17415803080661,1550878316.8779397,317.2238250129762,[58.37222433 77.64113815 96.81709982 117.01646431 135.97772473 156.29810854 176.21493522 234.77750316],[25.33860787 642.54796349 8.81628414 168.19689773 9.84981537 11.5650003 12.43195234 6.46774017 14.39250652 11.784161 10.25492082 13.30623763],__,-5.2999999999999545,317.2238250129762,0.09489808859642282,
20190222,529970458,1021,1550874490.8718178,58.36193384686395,1973.0757650780927,112.6057069365426,1550874489.2415066,318.744869756533,[61.74650022 124.28881327 165.54957621 186.48620987 206.34397804 248.16605121],[21.60845971 605.71241027 11.65912965 167.20206627 8.60904706 6.92096943 11.44003183 8.99337532 15.75931803 12.26675414],__,-7.919999999999959,318.744869756533,0.054568725077640295,
20190222,529970458,1022,1550874500.5346909,58.31463589283797,1280.1623249571883,114.11569052582118,1550874498.3778682,323.4133540346099,[62.2231627 82.71776416 102.94748134 124.62667101 144.43451207 166.10173544 186.85319378 207.75221219 248.49817133],[25.06871772 628.48269938 7.74737773 174.56511287 8.2232667 10.63959871 13.851861 6.47017653 15.04485552 10.10069229 8.39571492 17.67523475 13.30592133],__,-7.909999999999968,323.4133540346099,0.06110611320572283,
20190222,529970458,1023,1550874507.1547475,57.93562674307,695.8790727993303,117.00778781513394,1550874506.2738347,338.030303365698,[61.59175147 82.79650459 103.2625616 124.07518623 144.59821887 165.48077428 186.19817843 206.31374405 227.22676373 248.12185057],[27.61665503 539.50758948 4.31161258 193.57646559 9.5934605 9.22838234 12.66340891 7.37867896 14.80620625 11.04969942 8.88343619 13.95622374 27.6628315 14.06534528],__,-7.909999999999968,338.030303365698,0.041288980061455566,
20190222,529970458,1024,1550874513.1263373,57.19596004007448,1096.072490688024,115.08987524357126,1550874511.3068657,317.4743695205086,[82.47753057 102.81119337 124.31684595 144.43561812 165.2888701 186.23720972 205.8665796 227.9397611 248.87138545],[25.41005409 576.78042912 6.31619923 160.13915631 12.0899484 12.14397971 5.75514466 12.25125976 9.66802574 8.89199826 13.5169093 15.04586068 10.60106562],__,-7.909999999999968,317.4743695205086,0.08595259743907878,
20190222,529970458,1025,1550874520.7316215,57.28689968806811,1848.9138305877739,114.07709172090743,1550874520.1643963,319.31444332551933,[60.91503568 81.26251036 102.56230805 123.62575434 142.81969344 163.37007028 184.66775902 204.70586639 247.5213397],[23.76871495 667.30239875 11.24995257 172.08514453 12.21551175 12.07511052 13.4881868 5.82828979 13.50415122 11.75559032 10.81482875 12.76279142 11.69188841],__,-7.909999999999968,319.31444332551933,0.12038159450320668,
20190223,530144820,1020,1550964968.1473184,61.559768365911104,2015.0802058830106,113.16114543296766,1550964967.2295916,333.2677069834716,[58.20155229 78.12089303 116.54404901 174.82024074 232.20090643],[21.35440169 576.41542367 11.46174598 154.203777 8.72266257 8.54335627 5.56562161 8.14462597 12.64716161],__,-5.449999999999989,333.2677069834716,0.09867512667410022,
20190223,530144820,1021,1550964955.08662,61.246082464582656,1481.4392143714745,115.0750766225684,1550964954.4254475,323.14921143111883,[57.12839925 116.38367095 135.45379629 155.37527487 174.57433072 211.39905991 232.83049405 252.28347018],[24.28044716 613.228682 7.94720713 158.49525472 10.38980682 6.36492601 14.14720089 10.00508005 7.39437287 14.5550097 11.35577814 13.15321604],__,-5.439999999999998,323.14921143111883,0.07153000355654975,
20190223,530144820,1022,1550964944.7481775,61.574097578661096,800.3487558369987,116.65212613531888,1550964943.6830702,329.35234061148236,[39.02625163 58.40115936 77.0591843 97.28842586 116.77107882 136.24510373 155.26313265 175.2542278 194.7802561 214.07192561 233.70146104 253.0428442],[30.00352586 550.83908153 4.69529839 180.88928124 19.15820916 9.49892676 18.83144911 10.85368357 6.0076679 11.93107756 15.26824494 8.21692835 17.44915113 25.35272931 12.87882754 15.21007162],__,-5.42999999999995,329.35234061148236,0.033789618528006174,
20190223,530144820,1023,1550964938.6464589,61.62197360043961,579.9925371566928,117.26291488778206,1550964937.5318053,328.9211765558023,[37.88143529 58.30193017 77.27732701 96.71021537 116.65924351 135.76232126 155.24194872 174.86078675 213.85628691 233.15434613 252.06121119],[30.36399562 459.23035193 4.07480982 174.71539763 12.89644574 7.30191645 13.06809115 11.80552115 6.32562661 13.31786422 13.95412462 8.53679693 23.09213681 11.51161595 23.12365296],__,-5.419999999999959,328.9211765558023,0.056453234160633706,
20190223,530144820,1024,1550961900.3714304,54.99083343423912,905.0225557830661,117.20797953792,1550961900.2144313,338.4963221928749,[19.86572607 38.96265946 58.81553463 77.97306664 98.26367749 117.73491011 137.64457525 156.78905662 176.628368 196.11457815 215.24541111 235.49004156 255.26795971],[28.92400917 646.55923326 7.51169577 204.31586826 23.74678964 13.42862837 8.38687686 14.37117597 11.04777676 7.57018403 11.72103694 11.4312006 8.27201336 15.97644657 21.31020411 12.44235439 16.88615034],__,-5.919999999999959,338.4963221928749,0.05337262819935206,
20190223,530144820,1025,1550961907.3235435,54.70851811057012,1647.886848850081,115.73328487035482,1550961907.863561,337.2368926956697,[58.7466653 98.09323921 117.38875187 137.1751687 156.83376488 176.30802487 194.81055507 214.82831435 235.00904239 254.45412748],[24.41337674 693.26615854 11.86865611 195.20848896 8.21668412 9.50069469 6.55003922 16.14377053 13.50960878 8.88285415 17.54100324 17.66305436 12.13747896 17.11104268],__,-5.909999999999968,337.2368926956697,0.04426888914045538,
20190224,530294995,1001,1551042832.0,69.99472684064312,1354.8458213020558,113.2189639363581,1551042829.4269462,331.0559399944084,[58.62030543 79.17819645 96.7654071 117.35857805 137.92674775 156.79745279 176.55624931 193.95357705 214.52129479 233.69708118],[27.72290657 632.62928809 5.62321325 161.88383466 8.20639773 10.5421853 12.55214667 6.27627508 11.02147224 9.77293554 12.46617335 16.197588 18.77969261 13.31842054],__,-3.4799999999999613,331.0559399944084,0.15445026423679042,
20190225,530342801,1012,1551062605.972763,57.50858845249546,1986.4084619960527,113.52788039542536,1551062605.3356931,321.8069654552692,[123.78767107 61.70152601 164.92940962 185.72205843 205.77492322 247.48841942],[21.25612519 605.17328126 12.87092217 168.84297212 6.33814737 10.35620178 12.27103324 9.4502651 13.608505 11.72399076],__,-3.3899999999999864,321.8069654552692,0.0655538831016376,
20190225,530342801,1013,1551062618.7061906,57.08741790953521,1593.916955581273,114.31060517635764,1551062617.6720042,319.9514604529781,[62.17578998 83.82366754 103.46024328 124.34891566 145.04677294 165.71443472 186.39191288 207.08679651 248.04496782],[24.31292055 668.93967409 11.46891784 188.36540947 8.56155719 11.64392066 12.26361225 8.06043295 13.37790698 10.00883478 9.28884869 16.98112383 13.2063474],__,-3.3799999999999955,319.9514604529781,0.07105943060319406,
20190225,530342801,1014,1551062634.1706884,56.42737832256513,1156.4625127675988,114.97403804928625,1551062632.4883542,319.73657971026694,[19.66004424 41.21472378 61.9778986 82.65292058 103.39531137 124.10248371 144.69813066 165.42694436 186.08784673 206.60234445 226.28101822 247.97138819],[27.63967721 672.42105142 7.63885869 191.29183387 20.73784649 14.63819197 8.4157026 11.1592635 11.32639884 7.7823787 12.31237873 9.28573511 8.77985773 20.06741745 28.07812838 13.34829558],__,-3.3700000000000045,319.73657971026694,0.02992606020300277,
20190225,530342801,1015,1551062648.175297,56.33344783370182,728.3393987852385,116.61051087638567,1551062646.8307483,325.11363856687063,[19.90088042 41.31297703 61.95145396 82.69520837 103.25729141 124.03552235 144.48909356 165.36452754 186.03686739 205.70042164 227.25827789 247.93776207],[29.39052721 547.46681111 4.748126 189.21884605 18.72808916 16.72710501 8.48551897 11.32437892 13.76988259 6.96837502 13.69543417 9.29111599 8.32721651 17.55947154 23.79516894 13.63366709],__,-3.6999999999999886,325.11363856687063,0.03619260155462025,
20190225,530342801,1016,1551062665.3593657,56.23958361111817,584.3356347035624,116.93602918850874,1551062663.8839333,330.1359986788444,[62.05734387 82.41611689 103.22110158 124.33542471 145.28941472 165.73505789 186.43487467 205.363472 226.7250113 248.07887776],[28.19888024 472.19375889 4.07136759 182.5349736 8.33703344 8.64784945 13.07494702 7.1933065 13.99411992 9.36048304 9.12917347 15.86384256 24.08848411 16.78438249],__,-3.67999999999995,330.1359986788444,0.050770574927912204,
20190225,530342801,1017,1551062681.3099508,57.61442357141474,619.0049328345202,115.56555959257496,1551062678.7074049,331.74161831314075,[19.00650857 40.77148204 61.67028684 82.46433776 103.07571644 124.08810626 144.66864572 165.26417006 186.06681095 206.37478963 226.9099057 247.97480674],[30.16189645 488.86494418 4.33587836 187.76414403 11.85842483 13.84128893 10.77932925 11.45941404 12.99331679 7.18533837 14.61088085 10.01759881 7.86314433 15.33467363 26.41869351 11.75817764],__,-3.9699999999999704,331.74161831314075,0.058383377744265524,
20190225,530342801,1018,1551066104.6147866,61.76544541912044,284.99705207970857,116.87907948989319,1551066102.123293,332.1574412695339,[19.02377665 38.14677612 57.54613283 76.67548849 95.69708493 115.06614732 133.93533536 153.35365646 172.55590143 191.7266803 229.98561653 248.88048565 210.53126837],[33.72659337 289.01888019 2.53997418 186.69169576 13.45799217 18.5756936 10.04611316 8.28703951 12.12630668 6.8661733 15.95500589 9.7767709 7.95464327 17.35771503 11.64618025 18.93240007 29.77232413],__,-2.5299999999999727,332.1574412695339,0.026771100016364263,
20190225,530342801,1019,1551066089.2258787,61.802128196185485,441.19732250261717,117.38233180744393,1551066087.90262,344.34125050842874,[19.71344597 37.77193538 57.78052574 76.93600653 96.29842307 115.47100036 134.7675051 153.79697951 173.24152697 191.83668961 211.67802176 230.84543278 249.65003403 268.14377326],[33.60020412 404.5511246 3.40537441 195.99768589 19.04120826 16.20539524 10.14451801 9.03121382 12.33309559 6.75288778 12.52394599 8.98904656 9.38355279 19.2252355 25.83661002 11.1768731 37.72872744 30.09317309],__,-2.519999999999982,344.34125050842874,0.04050701116308955,
20190225,530342801,1020,1551066073.8940663,62.08882506179806,633.4731978193556,117.18078803996082,1551066072.9829388,343.76885116420846,[38.30339005 57.34912347 76.43054143 95.5513828 114.98101104 133.41840106 152.80018573 172.07129737 191.38086494 209.41362534 229.31786909 245.87891053 263.32381977],[31.63622577 496.18596344 4.01046621 190.30714265 14.60603758 10.08210237 10.65971773 12.50263598 6.58738882 11.52799187 9.04727034 8.50606034 16.72769687 21.82114374 12.24241633 26.82697331 26.83864082],__,-2.509999999999991,343.76885116420846,0.07544585568461451,
20190225,530342801,1021,1551066059.4298844,61.02323477944955,1061.1820553947693,114.38657406614011,1551066056.9240448,334.47401033469305,[37.84311561 57.42097467 76.69069376 95.08319893 115.58991767 135.41229503 153.72633001 173.05933095 192.00954958 211.70596695 229.4130658 247.61522648],[28.58764235 625.91359454 6.75610056 184.0582306 18.05759147 10.62489251 12.54943307 13.57206609 6.33857737 16.85104818 10.86563007 8.99557469 13.88826982 16.91526376 12.88719787 22.09151709],__,-2.509999999999991,334.47401033469305,0.1268271902675289,
20190225,530342801,1022,1551066047.2900722,61.22088972800487,1676.3960683862663,112.55255232448413,1551066044.7129064,324.91339620438004,[37.36698376 57.6606102 75.99332298 95.55829005 114.80648378 133.6007385 153.06480112 172.16449823 208.53278385 229.22257823],[25.9607251 690.37481058 10.20519814 183.41651643 15.28076245 14.19335827 15.1838887 11.19752232 6.07908497 15.22097228 9.60505696 9.74413584 19.12403125 13.43148525],__,-2.5,324.91339620438004,0.06758251665420632,
20190225,530489496,1006,1551134486.9354134,59.51570192416519,2004.872464175537,110.49499475875808,1551134483.2564046,323.2751074628804,[57.1270849 116.72608611 174.41714771 229.82474623],[20.31156526 550.57337806 13.98838115 159.27655296 5.84758581 7.81952612 11.91700949 15.8097957],__,-0.6200000000000045,323.2751074628804,0.1251545819159899,
20190225,530489496,1007,1551134471.927358,60.41258650988987,1985.237193512707,112.26164503781904,1551134469.9727952,326.9383343630242,[61.41391081 74.9266737 94.94964829 114.86719642 132.55004124 152.95332792 173.50120012 209.66337398 229.57399405],[25.19669377 688.67998074 12.21150225 184.22906432 6.48335708 10.8936416 12.83143611 7.40124222 10.17013315 14.74011605 11.01017745 21.66127015 15.34303338],__,-0.6200000000000045,326.9383343630242,0.1902979941597749,
20190225,530489496,1009,1551134442.39314,63.126540759560996,1499.3925467985275,115.38802106279142,1551134442.2236168,328.4260353906136,[67.21664539 95.37910006 73.89925744 115.05677304 132.40268074 151.17592436 170.8287189 207.77243096 227.14109878],[25.7149104 676.2436229 10.19965208 198.56611031 9.59946432 11.21355808 9.65587175 7.89373491 12.93645348 13.24476089 13.29925713 16.9782755 17.57437346],__,-0.6200000000000045,328.4260353906136,0.22859048571162466,
20190225,530489496,1010,1551134428.6823163,64.48910380263494,1126.2383679136726,118.20279700247275,1551134430.50858,354.82291510657916,[77.34513855 91.93958335 113.19761111 152.07383044 171.08803803 206.34310741 224.46895421],[24.22373774 578.30554357 6.31008904 171.95604613 9.40540823 8.99861714 6.22194076 11.91145886 9.90599734 15.28619799 13.55516555],__,-1.079999999999984,354.82291510657916,0.21068867130093294,
20190225,530489496,1011,1551134415.0,61.585678745972075,910.9495859651857,119.98719485449523,1551134417.6942801,336.96823441044415,[92.27866587 112.4857251 130.31931214 149.97437766 168.65110842 206.54597224 224.69544425],[24.54489065 518.67083286 4.67775764 158.81550169 11.60105559 5.49378699 11.87555109 10.30662764 8.16604046 14.76599974 11.802244],__,-1.089999999999975,336.96823441044415,0.106181200162418,
20190225,530489496,1012,1551134398.1575851,58.10715685348139,995.5206800307566,115.67855829119416,1551134396.331034,308.3767194286348,[37.44802393 55.99314775 76.09410019 94.98653197 114.58182527 133.70338948 152.53680555 171.72747591 209.81748436 228.91214631],[27.18095668 594.7668766 5.80724707 170.14263076 12.32256327 13.38424695 10.93220249 7.95598281 6.53854363 12.08680392 10.77383721 9.24414847 19.20432224 13.84130213],__,-1.099999999999966,308.3767194286348,0.08377274183624005,
20190225,530489496,1013,1551134379.199445,61.781438792402724,782.6923399606732,115.81514692335242,1551134377.197781,338.58158387894446,[58.20805077 77.10167013 96.1204363 115.85001245 134.60920393 154.16569132 173.86131182 210.13694472 231.78640313 250.94024608 193.32295778],[29.00567329 541.63272792 4.68836199 181.22057772 12.6414134 10.57401244 9.37309507 6.79860007 12.19240541 9.81981641 8.47322663 19.43910987 11.09678483 19.80652366 18.52515789],__,-1.099999999999966,338.58158387894446,0.07742777399982594,
20190225,530489496,1014,1551134363.5888636,63.06024410019669,417.58784655126567,117.95102200794999,1551134362.7145016,333.42187497639213,[36.96407849 57.40376775 76.92987409 95.96428185 115.1821821 131.59848203 153.56917822 173.00705995 192.40889151 212.678237 231.15873874 249.67400337],[32.37166599 380.24319892 3.17673642 177.39888771 15.4739577 14.99415245 9.71712947 7.41719571 6.31299878 12.10142211 9.82153868 8.82796593 16.92364085 23.25829264 12.07356712 21.46430641],__,-1.1099999999999568,333.42187497639213,0.12143604164417611,
20190225,530489496,1015,1551134350.8728652,62.582379411307095,302.05720953022717,117.53683506725284,1551134349.048761,323.3939507186577,[56.75964884 75.87903083 95.08450463 114.59470975 133.4259451 153.01452623 172.08767834 190.27401851 208.45080971 229.33380333 247.16241273],[31.99632358 263.45559075 2.09910036 171.39970825 10.7024778 10.27305726 11.16035303 6.47480498 11.8403742 8.98556765 8.3219895 13.35812366 22.52096212 11.8511589 20.40316929],__,-1.5600000000000023,323.3939507186577,0.09501802000800467,
20190225,530489496,1016,1551134334.4537847,62.84322048222529,510.75857493471716,118.77960647185252,1551134334.6520498,329.6566657968416,[18.11824964 37.48795963 57.29975885 75.99375484 95.70946137 114.64495545 133.73533239 152.79898022 172.13102209 190.35243866 210.50587104 229.0139622 246.78024451],[32.82962846 406.15664862 2.90275485 182.25661453 16.2871751 17.36231212 9.9756712 10.91905132 11.6254176 6.64980294 13.55949097 8.93640661 8.96204464 14.44708361 19.71261807 12.18575821 21.55095542],__,-1.5699999999999932,329.6566657968416,0.08343389196576509,
20190225,530489496,1017,1551134321.6723256,61.98735658357755,923.0316761903466,115.66762207516337,1551134319.9210513,322.6218526240249,[57.10195448 76.25942615 96.04311417 114.39276357 133.47259251 152.52134774 171.63558538 188.90911264 209.72824695 229.10152137 248.69195839],[28.77164788 574.75930452 5.22963729 171.29350763 8.68346933 11.55588193 9.09148388 7.26696403 13.5013949 8.90738951 8.49104573 17.09541753 16.87308694 11.96160726 21.95314934],__,-1.5699999999999932,322.6218526240249,0.07406199966199215,
20190225,530489496,1018,1551134308.0249743,61.940801150645434,1463.615868816906,114.75153555103839,1551134307.013035,335.77157625476445,[57.48675257 114.32734369 132.87929513 152.20695796 171.55045971 208.17098969 228.54809398],[23.46392007 598.58640375 8.21354045 162.17760274 8.36174804 5.33657457 13.66442701 11.68352282 8.92633598 16.77676104 11.94292646],__,-1.579999999999984,335.77157625476445,0.06719830082321765,
20190225,530489496,1019,1551134293.2572138,60.95038408707864,1945.9254544110538,113.46148573176016,1551134292.3219764,326.02511991566587,[57.31958966 76.26339037 114.45487263 152.38614911 171.7868111 190.69313905 229.25533125 95.20588044],[23.8118271 647.01196659 11.56261503 162.09205806 9.00057954 10.1128452 6.02768252 10.29764667 9.72028661 12.45135974 13.73055966 10.04461585],__,-1.589999999999975,326.02511991566587,0.11294463924562828,
20190225,530489496,1020,1551130932.198058,55.817862786700076,1776.4797078194954,114.19450246166703,1551130931.519837,316.5089821113808,[61.5807382 81.96420801 102.58844994 123.25535713 144.08638187 164.20282924 184.76492014 204.87426615 246.37395821],[24.1844226 670.83918128 11.37471431 172.9793027 9.22151494 9.99949317 10.68119964 6.13238007 16.17314326 9.61908838 9.06315125 17.58473383 13.99745522],__,-2.7999999999999545,316.5089821113808,0.06841917069625693,
20190225,530489496,1021,1551130945.0,56.90267010766232,1188.4166666354854,114.81724990555571,1551130943.288996,324.62084024266034,[61.67870475 82.28676972 102.78770007 123.66253064 144.00025402 164.77509922 185.41700526 205.04777104 225.98723556 247.01451339],[25.85472954 620.79719678 7.27197755 171.79538601 8.71210519 9.69064595 11.10279975 6.89304389 13.27675659 9.63767319 8.13028683 14.29009906 23.05961645 12.12655881],__,-2.7899999999999636,324.62084024266034,0.050804694382923864,
20190225,530489496,1022,1551130954.0214167,56.898841549966065,794.7871632228325,115.66214407808536,1551130951.998121,325.8186990861518,[61.87793895 82.26703658 103.02148806 123.67979192 142.88791756 165.04520607 185.66622817 206.11518726 226.93869607 247.44852472],[27.3130642 523.73772954 5.08185781 172.69833466 9.01225909 9.04349634 14.20917695 6.66363765 17.13961074 9.0129475 7.58119413 14.14994714 22.43046363 11.28460096],__,-2.7799999999999727,325.8186990861518,0.0446829129114981,
20190225,530489496,1023,1551130958.4760785,56.93380507441661,1145.9928246024874,116.96223212111512,1551130958.7916448,328.15481015613125,[41.08448983 21.13327649 61.5542751 82.47272029 103.12696917 123.8127364 144.38471348 165.02751825 185.73113871 206.28576119 227.20934158 247.64992239],[27.52310681 668.46340414 7.33017142 195.52083251 14.15712904 19.17623029 12.91407209 9.90598846 10.58516459 7.2822384 13.59846893 10.12248405 10.04734075 14.78122612 15.16646998 13.66785015],__,-2.769999999999982,328.15481015613125,0.05697615515533684,
20190225,530489496,1024,1551130963.846987,56.13855271770184,1981.3298513136942,114.16896943834126,1551130963.7433507,314.8939876042887,[61.62788927 82.63057885 102.77093295 123.60824215 143.88141584 164.76336283 185.38028696 205.57276075 226.53942028 246.96630787],[24.08634651 698.13117816 11.94876954 178.67816997 13.67801373 15.26912524 11.31566659 6.46357849 11.7830958 10.08418515 9.83108933 13.4686246 18.45108215 11.96725474],__,-2.769999999999982,314.8939876042887,0.060913988090844244,
20190225,530501643,1023,1551136174.1848698,52.36084586111355,1431.0851179681115,114.60214195531688,1551136172.963021,331.9244068857519,[39.17922192 58.79697575 78.7659917 97.91511227 117.59729188 137.10763224 156.7289363 176.32163952 195.77075607 215.07840337 234.90899685],[25.42418363 720.75693214 12.72253167 216.60605803 8.54117173 7.79119435 16.15479623 9.23808446 7.81771297 15.1650185 13.38336487 11.45945795 15.99104731 20.61435421 18.80224893],__,-2.329999999999984,331.9244068857519,0.02604000790464607,
20190225,530501643,1024,1551136179.40581,52.18389520259625,791.6186876985396,116.42130643893837,1551136178.0872998,331.7422545168714,[18.75378954 39.06861097 58.98173198 78.58518737 98.25347029 117.93902867 137.5996018 157.09571683 176.92407837 196.35148619 216.01213795 235.73991057],[28.04587355 605.45057865 6.55795496 202.10931211 13.34019039 13.69177711 8.49353351 14.42897552 9.93845583 7.33579148 11.0361442 11.60331058 8.26414053 14.34798252 16.57704258 13.72214848],__,-2.329999999999984,331.7422545168714,0.03965093648883047,
20190225,530501643,1025,1551136185.3465474,51.662968025930354,1014.545678601381,117.03840102908877,1551136185.2058885,319.75963275284636,[18.96656301 39.089538 58.7982575 78.48283063 97.92501156 117.53321388 137.10400593 156.59858493 176.35690125 195.61386531 215.385038 235.07973556 254.34074144],[28.03607109 671.909853 8.3393204 200.80486901 23.29333665 18.3978064 8.30779139 14.40084319 8.88458553 7.40724188 11.37225664 10.96315293 8.53685568 18.42805237 25.17305048 13.69480976 16.13778669],__,-2.329999999999984,319.75963275284636,0.03979731894188404,
20190225,530501643,1026,1551136199.8511028,52.90464701223329,1559.9805419492855,114.74923898518959,1551136199.1242652,321.70310259202887,[39.04035411 58.54462672 78.30855734 97.50318039 117.16833846 136.50090503 155.86779219 175.64498465 194.87964177 214.43389858 234.37291532 253.16395001],[26.17032322 737.08660027 12.0918171 205.17542134 16.75260686 7.40490637 15.0401557 9.11860074 7.64318178 14.47275118 11.17951826 8.99166243 17.46787302 21.19043279 14.97131327 20.47877895],__,-2.2399999999999523,321.70310259202887,0.03819324290994842,
20190225,530501643,1027,1551136212.7091842,54.49888024493227,2029.5329662147253,114.33595347673828,1551136213.0189123,338.37439558421494,[38.94342763 58.7839165 78.82129362 97.83777709 117.52378097 136.61069121 156.86845459 176.3798279 214.84782633 234.47223009 253.97981428],[25.14114301 749.12385619 16.77521605 221.1746229 14.85632773 7.46956105 17.3757143 12.07515476 7.31969833 15.84187598 13.09050795 9.5952748 21.33042111 13.94142916 24.29411378],__,-2.2299999999999613,338.37439558421494,0.05809252702660304,
20190226,530681886,1005,1551217667.696422,60.93907858865383,1856.5265194873903,115.55304753663138,1551217668.9157264,350.2060214147785,[40.78557707 60.80807817 82.46050478 98.98279975 120.18192854 140.50348866 161.32685893 180.4853743 196.80808731 217.9657758 240.17684023 261.03179108],[26.82000001 751.50339088 11.94738343 209.27563318 13.42383358 9.26935541 10.82279465 12.60115997 7.54238027 12.38281293 11.10881547 10.45550233 15.57183756 24.03234974 15.61790208 29.12077924],__,-1.17999999999995,350.2060214147785,0.24172941851156027,
20190226,530681886,1006,1551217679.4444973,58.73276732415567,1403.8540944795254,115.49078029819435,1551217679.250779,334.64449807161145,[102.31353346 122.1605146 163.49993989 183.61566265 244.80874605],[20.78471258 534.439896 8.657339 146.62081536 9.22305316 5.50656806 8.64085318 8.44054828 10.16395267],__,-1.1899999999999977,334.64449807161145,0.10410163382341767,
20190226,530681886,1007,1551217697.4367259,55.60642533300582,1318.7453417525796,111.30135858856613,1551217692.5741234,313.206276109989,[61.27011768 83.28279967 101.59585615 123.07770939 142.75812666 164.20308961 184.51991628 203.42159453 225.18113889 245.57236644],[25.4445646 662.79802748 9.20357598 185.68649922 10.80798699 10.02799575 10.07887533 7.52516931 12.13476917 9.48430457 9.04412507 19.91184489 23.65714028 12.58685123],__,-1.5699999999999932,313.206276109989,0.11307937452546209,
20190226,530681886,1008,1551217714.8410363,54.96112061919204,1273.4711850254148,111.60024547441068,1551217710.1131568,322.41370002326653,[40.50705499 61.50397506 82.04775778 103.10972518 122.87799678 142.36035696 163.74176766 184.13632905 204.56920422 224.36071877 245.34786407],[26.1149443 671.93294682 8.67383741 188.40589638 16.27854396 9.37291523 10.84331887 8.86278545 7.21863326 14.51334852 9.24113811 8.99387669 19.43347476 24.8524806 13.75330004],__,-1.579999999999984,322.41370002326653,0.07815586317049959,
20190226,530681886,1009,1551217730.3337567,53.73422694170037,736.4040556093898,114.40109826294265,1551217726.8720505,331.89223826226913,[61.84891821 81.43908212 99.74751035 122.19410408 142.84281011 163.01437791 183.3254609 203.39437187 223.00588826 244.05343014 265.01610025],[27.71426762 542.54219286 5.70020066 189.02709174 9.59126942 11.18242677 8.75672681 6.96069928 11.00938856 8.95656333 8.09284104 18.73445883 36.57349111 11.66434681 29.21124904],__,-1.9099999999999682,331.89223826226913,0.07047920188123717,
20190226,530681886,1010,1551217745.7728431,52.39502452547654,462.158034113956,116.9196814074056,1551217743.7341108,322.964618354278,[40.42386008 61.04182181 81.29995311 101.40002124 121.96421556 142.15037109 162.53572629 182.88541992 203.03108519 223.69470426 243.68375335 263.84599583],[30.152024 429.01869737 3.96280017 196.45112044 13.66726559 9.32706621 8.00454586 11.64838819 7.47293737 13.18449228 9.74955542 8.13920082 18.86867087 21.27173477 12.7974499 25.13736479],__,-1.92999999999995,322.964618354278,0.03812236936678645,
20190226,530681886,1011,1551217760.1358721,52.68290722675104,571.2816683015054,117.16457429103407,1551217758.8479314,332.52825822495015,[19.97560766 40.21160232 61.55658295 81.18995899 101.42432997 121.79571223 142.09643801 162.22683083 182.66505682 203.0577539 223.15157974 243.42014137 262.55508929],[30.09706879 522.27590502 4.97759441 214.3752827 18.34821986 22.76077896 13.81300365 10.47555423 10.23779273 8.09625998 10.91218064 11.41052095 9.06308592 15.13065645 15.64190673 12.68819149 24.44475971],__,-1.9399999999999977,332.52825822495015,0.0407235423100572,
20190226,530681886,1012,1551217776.2445517,52.87921037663158,995.9352285707664,115.764752219723,1551217774.9018335,331.8742696711355,[61.36853044 81.39289072 101.81330019 122.29862432 142.6625155 162.83187971 183.36841443 203.45768284 224.11158747 244.47069887],[25.34268776 636.21661621 8.17314328 203.01672366 18.2266149 10.4595909 9.65816267 7.86874986 10.179105 10.61308185 8.818254 15.08350204 15.34663167 13.01106257],__,-2.2199999999999704,331.8742696711355,0.02821281091677966,
20190226,530681886,1013,1551217794.3643103,51.776387292260246,1254.5154285994115,115.30589540995115,1551217793.292826,327.07889230380806,[60.71663316 81.53603186 102.00084159 122.43054138 142.8061179 163.11838585 183.58059495 203.29835225 223.84150656 244.73587048],[24.53529899 665.65745373 10.04661753 197.20986934 16.87520627 11.84897002 9.26017118 7.46519582 10.83280531 9.91242198 8.29597386 15.15009542 16.3009746 12.726735],__,-2.2299999999999613,327.07889230380806,0.038182315217261974,
20190226,530681886,1014,1551217815.7554069,50.169440995700356,1579.8590562046045,110.88290833647767,1551217811.1463807,315.9091772384285,[40.30214089 60.67732442 81.26840712 101.69074333 122.04644666 142.51467941 162.96392077 183.18285835 203.76883208 223.78772961 243.69705886],[24.42627612 714.26404183 12.61059555 200.88260838 15.85643413 12.53871197 13.27508797 10.97023099 7.24186022 11.3667484 10.0573627 8.90753685 16.05062725 16.31017358 12.3290292],__,-2.4499999999999886,315.9091772384285,0.05387669562979466,
20190226,530681886,1015,1551217834.1151547,50.147889709250194,1927.5652437431681,113.37681797490238,1551217833.0251367,313.909772366623,[60.01333605 80.18987394 100.9522605 120.86518131 141.11804028 161.03599126 181.29275405 200.84784328 221.96968411 241.87561168],[23.42807637 717.87238496 16.74251761 210.40633075 17.75571068 16.56599568 11.74877852 7.18192793 12.28131888 11.12386165 9.52868828 17.32758285 16.76455415 12.69619371],__,-2.4599999999999795,313.909772366623,0.04787164879052426,
20190226,530681886,1016,1551217854.1411953,51.57999513073272,2052.835641265519,111.09542603321891,1551217851.2072067,320.73150715178076,[60.720378 80.1482113 100.73566029 120.95252028 140.91041879 161.23427113 181.27334926 201.77162845 220.41220006 241.57932324],[23.47631652 711.26829803 14.66351935 192.10790314 12.23554472 11.9860194 12.71730135 6.53988023 13.09521762 9.57778199 8.80419758 15.20359265 17.60100094 12.0956358],__,-2.4699999999999704,320.73150715178076,0.08557771070261319,
20190226,530681886,1020,1551221247.5538828,60.55536068426866,1867.0855200978428,113.75195696802189,1551221246.7236369,317.9349363099609,[115.80375457 153.87670474 172.98656667 211.37649539 229.99555279],[20.92597807 564.51913316 8.79670404 148.34928927 5.65663382 9.29167129 9.39363952 12.16398456 11.85392564],__,-1.099999999999966,317.9349363099609,0.15258937757826208,
20190226,530681886,1021,1551221239.6597342,60.86607803599507,1027.4607902463317,114.80574375810211,1551221237.5180175,332.390273347063,[77.14725052 95.95984669 115.51150591 134.15499989 153.87198556 173.27021513 210.77136793 231.08964661 249.99766146],[26.05066313 603.01191829 7.41644864 185.99068038 11.46478945 11.4781637 7.47112199 12.74770698 11.30512614 9.12807755 15.97437665 12.27180493 17.09578044],__,-1.099999999999966,332.390273347063,0.06630687556192244,
20190226,530681886,1022,1551221232.668682,59.650684575711814,275.7644477270386,117.70091113998124,1551221230.9139214,324.8760707626672,[18.49925664 38.48518589 57.57648715 76.83718047 96.11257135 115.48432761 133.82173588 153.79255709 173.05732087 210.41633604 230.76082448 249.82476389],[32.61065473 276.84490981 2.49714139 183.1345433 15.42286797 19.58859758 14.88156235 7.2874294 12.16747481 6.30043723 15.10777652 9.4207735 8.51803229 26.68607216 12.49059732 16.853927],__,-1.1099999999999568,324.8760707626672,0.05719911843839424,
20190226,530681886,1023,1551221230.0590086,59.70162202298431,864.4314759154,116.25714223078141,1551221228.8426511,337.05530197119236,[38.69936474 57.65848142 76.51342806 94.91817392 115.23565903 133.92858293 153.36340218 172.84387153 191.60226781 210.56460556 230.5888363 248.99608072],[29.1178132 580.16817972 5.42113896 187.99124733 16.50165557 9.48791639 14.5102844 16.75326883 6.24200191 14.33105377 10.6189457 8.81580957 14.49221647 18.13614635 11.15825979 22.87568405],__,-1.1099999999999568,337.05530197119236,0.0705517052364842,
20190226,530681886,1024,1551221229.0534463,58.6111431430722,1870.6572401205863,113.844234896727,1551221228.3289218,341.20002398640867,[114.9861699 133.80891112 153.2782918 172.26335303 191.64352158 210.08382572 229.80255892],[22.05898994 624.94690571 10.30538707 174.21364492 5.9277961 13.36826395 9.66836955 8.92440667 13.00691286 14.80202836 12.34010836],__,-1.1099999999999568,341.20002398640867,0.07061062810164236,
20190226,530501643,1023,1551139279.2908843,61.18890511102754,1549.1514915088903,77.65790342243683,1551139241.4282894,326.94564076896165,[38.9089522 58.97182768 77.83505352 97.74199032 117.87115017 138.16268788 156.87745795 176.71141639 215.68015316 235.74691829 255.1212245],[26.93844706 699.88340037 10.50857224 187.23052691 12.43274673 8.17689483 12.61753773 10.56564816 7.63809331 15.15143448 14.26760604 9.30408218 19.32838501 13.43004043 15.87583843],__,-2.099999999999966,326.94564076896165,0.050383249084985995,
20190226,530501643,1024,1551139272.3555596,61.04915203668054,858.1409542267708,69.60886029356509,1551139224.350337,324.54705648063197,[19.26601068 38.89370029 58.91807854 78.16745961 98.09840472 118.01320671 137.4959284 157.11762794 176.92879583 196.79026517 235.82630451 255.29593052],[29.85497966 585.60036676 5.23646547 180.73938164 16.11766891 13.46293214 8.53351589 12.656265 9.45943962 7.48331567 11.76375501 10.96496208 8.69272218 16.46217983 14.42034701 18.35186262],__,-2.099999999999966,324.54705648063197,0.04079462297814749,
20190226,530501643,1025,1551139263.1366627,60.779106384547255,724.5359452180411,60.597348549179095,1551139205.6870377,325.05319631462737,[39.18733577 58.89017183 78.03144923 98.33200513 118.02723378 137.48333158 157.43801745 176.99866634 196.44719079 215.78708873 235.63693588 254.09087879],[30.37400381 537.36500434 4.32238692 183.91370418 12.6171304 7.4285034 12.65468804 11.02418884 7.58839959 11.62468688 10.50854048 9.23390285 15.79417875 21.24603052 14.97599109 29.56010667],__,-2.089999999999975,325.05319631462737,0.0430870552853231,
20190226,530501643,1026,1551139249.612715,60.73755760619707,1096.030686165009,47.16735155186245,1551139179.8521228,322.1292939991337,[19.14570346 38.9690927 59.021041 77.92275498 98.21896599 118.15975298 137.43718687 157.49092866 177.15830809 197.18374305 216.57480602 236.07149062 255.00356317],[29.64955867 661.8317071 6.54790925 185.16587889 17.55121217 12.14499487 8.41979678 15.98201515 10.53536871 7.48279054 14.66010053 10.69779465 8.27647159 16.82252325 19.21875751 13.22183413 20.47318244],__,-2.089999999999975,322.1292939991337,0.0562598440133869,
20190226,530501643,1027,1551139234.7407212,61.14508989490509,1405.778061367738,32.16187078920918,1551139150.926089,322.37016090181106,[19.23702397 39.40834958 59.21510398 78.83407057 98.63631834 118.37547839 138.16614903 157.95608487 177.55327611 197.15371407 217.13133358 236.7387866 255.76624228],[28.83725516 738.08719055 9.83744503 206.34561372 15.56196317 12.81359142 9.01587758 14.81607337 12.15763784 7.84521561 14.66285149 12.68187894 10.32570938 16.63681905 17.98297372 14.2509331 24.39412135],__,-2.079999999999984,322.37016090181106,0.05447512051948119,
20190226,530672521,1020,1551217495.3403487,63.49759427339298,1953.3576817560686,115.00127993505366,1551217496.1824808,342.21803940682105,[37.62637714 58.44735635 77.23967221 97.75110147 116.77448313 135.07100707 155.98359607 175.41271627 213.53805405 233.43388507 253.79019173],[26.75950164 728.49920036 11.28948057 193.14029065 14.01274045 6.82695233 15.21219652 9.67098127 6.85667332 14.61737774 14.68706869 10.28515489 23.42481935 15.01751418 27.07436394],__,-2.7099999999999795,342.21803940682105,0.08742330907343224,
20190226,530672521,1021,1551217482.6333249,62.56809542374098,1505.1180618246099,115.73001265649422,1551217482.8327286,333.60032395096283,[58.48833258 77.07199806 97.35080303 116.74896585 136.07801044 155.36641707 175.0548467 194.44781639 213.18448014 233.61949894 253.2395169],[26.8904171 689.05364244 8.17566667 184.71474084 8.03011559 21.51751364 11.97257643 7.29507575 12.4062982 10.80531445 8.6233163 16.80276456 21.53195857 13.32105872 15.31444084],__,-2.7199999999999704,333.60032395096283,0.06311070285631883,
20190226,530672521,1022,1551217472.4564457,61.49364975238859,949.8047284871524,116.06132853020057,1551217471.3239734,335.228576709651,[38.02109396 58.33267595 77.13840433 97.16299775 117.0258212 136.09633585 154.84108368 175.51778853 194.00755852 211.51765975 233.7772952 253.63036673],[29.1894035 603.89283111 5.52722824 183.31612519 15.59811086 8.87238314 15.525903 12.54867973 6.22617056 14.33146726 12.90270253 8.10822242 16.10866651 19.18902895 13.18744346 16.42513684],__,-2.7199999999999704,335.228576709651,0.11809630131624817,
20190226,530672521,1023,1551217463.511382,61.00480622941179,646.2059425516469,116.0958222866006,1551217461.4246297,334.11577278898164,[38.99262515 58.79986461 78.36118129 98.26143156 117.54685232 137.40878007 156.7351927 176.46622845 194.65745173 216.08331834 235.4645546 253.71957643],[30.70997707 502.20521083 4.32339155 182.96086827 15.26570929 7.04119992 13.10383557 11.3958524 6.93705517 12.78191201 12.26584202 8.10352272 19.60874099 20.68415124 12.35082853 23.08469686],__,-2.7299999999999613,334.11577278898164,0.06074665358387407,
20190226,530672521,1024,1551214026.5988386,52.609214202673094,703.7126314250195,117.97320059947664,1551214026.5316117,327.6804490500698,[39.22261728 59.14127308 79.15357821 98.53619446 118.2231404 137.84233667 157.66990686 177.42008663 196.95087706 215.77009452 236.38355801 255.83320881],[28.68226339 558.79462395 5.8785492 196.64941644 14.4985483 7.89873908 15.68793287 10.08522052 7.14965242 11.23734758 10.72705959 8.34704175 13.85876759 18.71698531 13.31810711 16.0857221],__,-3.2399999999999523,327.6804490500698,0.03858762350725509,
20190226,530672521,1025,1551214034.6120384,53.2841981269798,1364.361452025168,116.50034383693084,1551214035.0495067,330.36841079362586,[59.33994067 78.61338952 98.75755294 118.51649227 138.30127687 158.12992269 177.85613436 197.8088916 217.12220417 237.08907576 256.7656908],[25.43050703 692.03850283 10.49708698 198.41150096 9.15614503 15.66833968 8.94651568 6.95997016 12.8953158 10.93676863 8.92590516 17.43266777 17.2354916 12.38548813 18.66284569],__,-3.2399999999999523,330.36841079362586,0.0407735647519949,
20190226,530672521,1026,1551214050.748284,53.79857980269047,1965.756565120122,113.87329610481615,1551214050.3281999,334.30277820801854,[38.11594389 59.14628094 78.48836996 98.57823359 118.37856673 138.10620048 157.81509795 177.50684323 197.2491916 217.08261669 236.86903281],[24.85091176 736.77535954 15.03579633 205.4628994 15.21819046 8.42044602 15.02688107 9.26001581 7.29196401 15.07080186 10.84958894 8.64141214 16.95367349 19.97491433 14.43278777],__,-3.25,334.30277820801854,0.04407296821524192,
20190226,530695031,1012,1551223147.2185392,55.324343096726146,2039.5030874857273,114.12215664369403,1551223147.3010457,326.28091535483026,[38.95319257 58.8885753 77.52879138 97.68826218 117.47460147 136.92522528 156.50613647 176.18307334 194.82851168 215.03691665 234.68602371 19.10780052],[26.07024727 760.86240942 15.6335818 206.25586947 14.14507067 8.19350962 12.28552365 9.06849132 6.90161209 13.14745514 13.11994615 10.98617162 18.49239396 19.11898062 16.30637321 17.45794399],__,-2.17999999999995,326.28091535483026,0.056769925188289404,
20190226,530695031,1013,1551223164.4704552,55.77597443945765,1898.1465585321964,112.55358190828503,1551223162.5934281,330.49327676921035,[39.23287609 58.97796494 77.75699748 98.24892538 117.81538208 137.57652351 157.1864912 176.85180348 196.19057718 215.7857765 235.57050142],[25.33758578 730.89329146 12.99123351 199.98757476 21.2867177 8.52064645 13.34687444 10.00891434 7.29137726 12.42162097 10.37894674 9.04985414 18.11947301 17.22317148 14.19525018],__,-2.17999999999995,330.49327676921035,0.035315786896513116,
20190226,530695031,1014,1551223180.3983164,56.338360089375726,1772.4488900226027,113.98766783247339,1551223179.5306804,331.5096310773962,[18.68517213 38.94939607 59.03508525 77.70836262 98.33572644 117.82077256 137.48212151 157.26882053 176.88318086 196.56968406 215.96629802 235.68304662],[26.45412253 745.37573196 12.60242091 201.66246552 16.41147302 11.11392002 8.07824672 13.64759716 9.31998218 7.6154644 14.47367774 11.11304832 9.57755814 17.76441289 19.17255907 14.98494331],__,-2.3700000000000045,331.5096310773962,0.04186779439150088,
20190226,530695031,1015,1551223197.3401153,55.92654322952542,1543.846609878821,114.00127328021411,1551223075.793219,330.01452404017374,[19.84974731 38.31135294 56.65209375 78.59526517 97.03068935 116.66750409 136.70178193 158.86854848 176.38537058 197.66140735 214.11466529 237.43675392],[27.74078347 740.0601402 14.35969821 198.67293689 10.07165087 13.5386555 14.77044356 8.66078882 12.34561799 17.89042963 13.20024189 8.60773432 16.39416786 12.9839761 13.20970049 12.65152661],__,-2.3700000000000045,330.01452404017374,0.28282544164073237,
20190226,530695031,1017,1551223231.6857622,55.76836562229844,1398.8103223608948,116.1433016596075,1551223231.8283746,325.917858126619,[18.58144315 39.19829074 58.65777719 77.82259372 98.02539597 117.67161924 137.53783232 156.92444062 176.58265931 195.51304585 215.74315789 235.38867834 255.2359273],[27.69900565 722.24619701 9.554787 193.31999726 13.2206591 12.54723759 8.29677774 14.60145532 10.37493478 6.80296189 14.47064795 10.53802978 8.93534222 17.88588996 18.53700437 13.68420339 29.87537714],__,-2.3799999999999955,325.917858126619,0.06998157984391684,
20190226,530695031,1018,1551223250.2174134,56.37969980646927,1133.6283128576815,116.07604952762945,1551223249.4036283,323.4103078963414,[38.85785089 58.63073907 76.69086975 97.80878675 117.08065671 136.50871265 156.32412585 175.76586892 195.42564461 215.08239271 234.71500971 252.77966165],[27.83658169 661.06353556 7.62235506 185.19832042 12.40827822 9.05375139 12.70190082 11.0593793 6.35557957 14.78567618 10.86916219 7.84130434 17.51006878 22.27354848 15.50813446 33.07924238],__,-2.3899999999999864,323.4103078963414,0.059201288008981896,
20190226,530695031,1019,1551223266.2510884,58.8158509061089,771.7434550161234,117.70784004578672,1551223266.1496944,337.7547159292081,[19.5479267 38.86652662 58.62704599 77.67705332 97.71489464 117.14453626 136.86477093 156.21599051 175.74508205 195.07642276 214.4248648 234.25312276 253.40855267],[30.48727851 575.51868076 5.42135266 192.23754627 14.92078622 11.36759514 8.23861503 12.1403836 9.42718656 7.27416076 12.95328272 11.15218138 8.3588857 17.60157197 21.88477121 12.87797378 20.74366848],__,-2.3899999999999864,337.7547159292081,0.04423939076658027,
20190226,530695031,1020,1551223281.400194,59.58896986370818,604.4867085823405,118.32850783723364,1551223281.4996912,340.31915804749696,[21.06996572 39.13677615 58.93582553 78.1461906 98.16983973 117.4784231 137.45226406 157.03429498 176.63898354 193.9455676 215.952056 235.23636228 254.95540644],[31.49623023 509.1775896 4.54452838 192.3527107 11.32447771 12.43631105 8.64432023 11.10185425 9.45988228 7.1988696 12.75654187 11.10335258 7.98094474 18.65298818 25.39680008 14.67560801 26.14041309],__,-2.3999999999999773,340.31915804749696,0.07015408521815727,
20190226,530695031,1021,1551223295.8111572,59.26415577093608,644.9973992315414,118.75659583235336,1551223296.3576782,333.7029194047469,[19.94280611 38.95403673 59.26462152 78.73019516 98.70105711 118.2178709 137.63238423 157.47953121 177.20673209 196.58359425 216.80910127 236.06449569 256.03249946],[31.36013305 517.23898791 4.62418277 188.72037878 15.69108073 13.2689136 7.74165023 13.52905099 9.85926244 7.08768049 11.76893382 10.22944653 7.96553263 17.71411223 28.77732579 13.17322357 21.69104383],__,-2.3999999999999773,333.7029194047469,0.04710658078637527,
20190226,530695031,1022,1551223309.8578575,58.840509540070855,1017.6913646895863,117.59808577308775,1551223310.3066196,325.50131956025973,[19.25308833 38.84997836 58.90686106 77.99404119 98.21569754 117.86036766 137.53634688 156.58796165 176.72987349 196.05411833 216.1975131 235.73145958 254.41243021],[29.65327041 646.76300627 6.83711636 185.02885578 16.30820367 15.1081854 7.93776296 17.90687132 8.54881053 6.70661476 17.19731241 11.72977685 7.71591153 16.96741631 24.57783402 13.23392914 22.68029716],__,-2.409999999999968,325.50131956025973,0.05651713613140437,
20190226,530695031,1023,1551223320.9934497,59.523444053625425,1654.3218281869656,116.14690313611345,1551223321.9302788,328.4156018268935,[39.1953262 58.7537633 77.6525344 97.69762015 117.58025839 135.53388481 156.86674811 176.23711088 212.56557338 234.67725765 254.33242274],[26.60644609 711.89400176 10.65618945 189.56943642 9.95138845 7.07226676 15.7170724 8.76983368 7.35436205 18.17833808 14.09579529 9.88510841 20.82717625 15.7894053 30.13737024],__,-2.409999999999968,328.4156018268935,0.06403643269840864,
20190227,530706111,1009,1551228089.0020955,52.83569345529375,1564.6252373391126,115.10265293729084,1551228088.6755147,329.07652569607944,[59.08195049 78.51414439 98.42968822 118.10021126 137.71007199 157.55086938 177.18631481 196.70278876 216.04442106 235.87793654 19.10607105],[25.02866154 716.65959776 11.99531313 205.61801691 7.9848324 14.62328187 9.40611636 7.13781042 11.84952374 10.95172538 10.25419653 15.19023627 15.18291864 15.03316334 23.5617166],__,-1.4899999999999523,329.07652569607944,0.034394411696385505,
20190227,530706111,1010,1551228103.7757652,52.57660012005127,1033.1878116750986,116.27517729156244,1551228103.058149,328.3030976641655,[18.70844519 39.36350458 59.12494541 78.53077963 98.6349488 118.34763988 137.95902473 157.61063329 177.38138217 196.82453714 216.64603454 236.38339971 255.55532827],[27.98499804 676.67053213 8.11604206 203.05570964 19.95342412 15.54990143 8.52356243 15.45102443 8.6904506 6.85844177 12.47792514 11.05776795 8.43285364 15.96554951 17.52156323 14.78569932 32.09972505],__,-1.7899999999999636,328.3030976641655,0.0359647442021416,
20190227,530706111,1011,1551228118.9997773,51.77669283916022,581.2299379663416,116.08611907485056,1551228116.6475523,326.9215967092157,[19.22742305 39.03455109 59.15843618 78.65078124 98.73587241 118.3856727 138.17128701 157.88772177 177.6162296 197.45182917 216.45409618 236.54630972 255.05392668],[30.11879556 511.55434532 5.35373693 202.12363418 12.88675501 12.2043948 8.1070604 13.09309049 10.10217669 7.29346066 12.83874206 11.35749598 7.75775993 16.85153499 21.61549856 12.21093253 31.49020498],__,-1.7999999999999545,326.9215967092157,0.04112331887877582,
20190227,530706111,1012,1551231131.0742927,56.49954782657276,425.420490229195,117.53606804285317,1551231129.5689929,316.58447750816157,[19.15493754 39.44527781 58.76473087 78.12672232 96.93402096 117.6330933 137.02218612 156.78786445 176.3316965 195.821247 214.63234026 234.87090604 254.09914343],[32.45570268 405.82180139 3.54611057 190.57490624 13.64797382 15.40875654 7.59601742 12.97774227 9.91109667 7.27551233 12.61118986 10.43336239 8.31719192 19.3682886 25.30521688 13.60758018 16.7012322],__,-1.3999999999999773,316.58447750816157,0.05911657871960757,
20190227,530706111,1013,1551231115.9783337,57.337146127111836,423.46751168393,118.29578552812795,1551231115.2461774,317.19439408819835,[18.74950198 38.58550032 58.28850117 78.22463758 97.8538291 117.00739391 136.73452567 155.48357938 175.94979029 197.1131099 216.40709723 235.47514101 254.93631399],[32.64376661 394.89704164 3.54008335 187.83684114 14.25670279 16.7768423 9.10286547 12.22716962 9.19011906 6.66562912 13.33986156 10.88533872 8.58809537 18.5818947 19.30515268 12.0038637 22.1019349],__,-1.8199999999999932,317.19439408819835,0.13678403991829235,
20190227,530706111,1014,1551231099.0995688,58.521320522049706,646.810109490214,118.1006870441717,1551231099.0282557,331.24750846544185,[38.32542586 58.62260952 76.41801706 98.1102829 117.60856914 156.54688575 176.37662744 195.65381213 214.76022661 235.46302125 254.83415719],[29.42463719 500.6387072 4.43299907 177.52729768 16.12629675 8.50384705 10.80472363 11.3536068 5.96202792 9.6146124 7.27401322 15.88454154 20.03823294 14.49760852 21.23043914],__,-1.829999999999984,331.24750846544185,0.10396856281952346,
20190227,530706111,1015,1551231083.711544,59.26727639908155,1006.4335240439648,116.8671737132998,1551231083.5151913,338.0331754952779,[39.27450155 58.82325477 97.68301387 117.64470675 135.85393302 156.19786712 176.25567422 195.80093731 215.02687689 234.4266438 253.0337843],[27.76982427 619.74491787 6.22573661 183.15661683 15.39350575 9.00533945 9.8134173 6.1551408 11.40316333 10.56340968 8.4076418 14.96397094 16.29175482 15.76373111 27.18060086],__,-1.839999999999975,338.0331754952779,0.09635883631509967,
20190227,530706111,1016,1551231066.7392342,58.095861393193836,1210.701912761854,115.97048645529745,1551231066.1830058,330.630876504075,[39.46243045 58.18275966 77.42186992 97.60866306 117.50634783 137.05483593 156.01326638 175.55152694 196.14288104 214.76504568 234.29875719 252.56859022],[27.68954853 680.23932287 8.16897668 194.1609627 12.19355402 9.21447761 12.96988578 10.6426502 6.63167169 12.21375787 12.45262624 10.02172174 17.96764894 15.9371018 13.58719104 26.49472469],__,-2.169999999999959,330.630876504075,0.09194751551122109,
20190227,530706111,1017,1551231050.1567264,58.444060251953545,1440.0134030169515,114.95655113584988,1551231049.2845378,331.63780253340764,[7.27500734 39.14133795 57.61074104 76.55232138 98.44662139 117.41805888 136.00514559 156.57365548 176.45233591 195.77829372 214.76384495 234.76068013 253.17979834],[28.15762471 733.07691766 9.29679407 198.85625013 11.49519987 11.2525936 8.27236299 15.05128904 9.61912767 7.19984512 12.58966207 12.86402146 10.07288377 19.04596137 15.46986162 14.98120026 31.79225501],__,-2.17999999999995,331.63780253340764,0.1367839572777352,
20190227,530706111,1018,1551231034.5405812,59.812063078380795,1810.425338415647,115.23354529605895,1551231035.0721316,337.1892672377745,[39.04027037 58.97447197 76.04988352 97.90851397 117.30199414 136.69756688 156.13366427 175.91954409 212.60913554 233.8097815],[25.60484665 708.43525588 12.31084331 198.50201295 9.66937684 7.97622405 14.83589045 10.58443195 6.88761776 15.74296287 13.06195121 11.75016944 16.01608592 15.18219353],__,-2.1899999999999977,337.1892672377745,0.09177792168961628,
20190227,530695031,1021,1551225979.281526,60.91582818582635,1591.082546032804,116.13352969868303,1551225980.032134,331.233548074937,[39.76311509 59.1383734 97.55438661 118.19682274 137.42023972 157.81812366 177.38040795 197.22267955 216.48597934 236.40443637 255.58908298 79.04245556],[27.3846759 714.84004767 10.11015613 184.93590444 12.43118865 9.52979862 10.54657551 7.1376652 14.69642763 11.40506565 8.97049518 17.23597143 18.92007925 13.30260513 18.05285787 13.18313081],__,-1.589999999999975,331.233548074937,0.08720363026884916,
20190227,530695031,1022,1551225970.1604831,60.803587128561034,892.444813447546,116.67830458222853,1551225969.39686,331.76651805300673,[37.95568723 59.05208673 78.19004416 98.1769314 117.94915756 137.5265065 157.31253397 177.07102755 217.07090162 236.25407881 255.64404529],[28.60465217 574.11939487 5.84771033 175.61607526 17.67270446 8.29415366 15.65293027 10.34900611 5.91122324 14.66322129 11.18982049 8.4478166 19.88902526 13.71223303 17.20514602],__,-1.589999999999975,331.76651805300673,0.061040178380100694,
20190227,530695031,1023,1551225962.492511,60.216763830041046,405.59156631029094,118.18083323421405,1551225961.642419,330.65143678626083,[58.85832055 78.21654079 98.32571334 117.86050959 137.26973973 156.83975021 176.72448395 197.03341186 215.66982106 235.5806258 254.60427384],[30.91728981 359.18471262 2.97237961 177.99185162 8.75963274 12.10823957 10.91033933 6.62357039 11.79830294 12.07178762 7.48605357 17.75459819 17.82328525 11.70198516 20.13475913],__,-1.599999999999966,330.65143678626083,0.04611212474793719,
20190227,530695031,1024,1551225955.6582077,59.76901048628703,1089.4219134991713,116.95054628879264,1551225955.6759334,327.3782551473401,[57.99438133 117.67462068 137.97019793 157.20717277 176.62100199 195.85983407 215.91107389 235.35234428 253.95021486],[25.67356446 590.08880257 5.63266676 171.27954488 9.2146248 5.86032694 11.04015941 11.15331856 9.23426481 13.34780002 14.45244845 13.71536356 20.91545801],__,-1.599999999999966,327.3782551473401,0.10094216803313641,
20190227,530695031,1025,1551225948.0489454,59.40441710515364,1940.0608428757275,114.25657031639757,1551225947.8861132,326.83253908612534,[58.79486167 97.25298218 117.6183001 137.58057287 157.04207171 176.26180798 215.66313938 235.1880406 38.91959332],[24.41325007 680.98548688 12.26893108 182.77860092 9.19653761 10.10361284 6.27871113 11.5892536 11.77392843 9.9666883 16.7716245 14.00282169 16.9324527],__,-1.599999999999966,326.83253908612534,0.07487402121066077,
20190227,530842926,1023,1551293345.2294226,64.53936342202269,1558.6675189790835,115.36092939739693,1551293345.0543149,323.9116132981409,[36.57655148 56.01919533 73.81325782 93.29100663 112.04236904 130.72987294 148.67992848 167.99768641 202.49280345 187.56143646 224.28090918 243.28175583],[28.56214939 723.64313709 8.32381579 188.82605989 15.47374394 7.16023614 15.67711569 9.78663115 7.79565157 13.14392056 12.93472404 9.46267801 17.43803218 21.23272945 14.72373616 17.77197898],__,-4.819999999999993,323.9116132981409,0.0827733008299941,
20190227,530842926,1024,1551293336.1171458,64.99569934280355,846.3879593444192,116.7995826660185,1551293335.3954792,334.17928484040664,[37.04735249 56.12160566 74.85152687 91.79581769 112.18152771 130.39225062 149.77408308 168.3822321 186.09461109 203.46033675 224.37527502 241.81727521],[30.41825947 581.79251708 4.55007312 182.9923824 13.48464733 8.14171384 14.89162543 8.4264854 7.94524489 10.61752639 12.2271535 9.52727195 16.34841085 23.17723368 16.15164324 22.29258122],__,-4.810000000000002,334.17928484040664,0.11423004862875932,
20190227,530842926,1025,1551291031.3922167,51.440378157236196,624.0320458640446,117.63806798853338,1551291030.6323764,315.61563373643406,[18.73058316 38.38048117 57.33581221 76.47038988 95.93670649 115.27048708 134.18262112 153.37915783 172.63905144 192.53872596 210.19382599 230.12677865],[29.2309551 525.30416093 5.54276013 191.95127558 15.76748962 13.13271353 9.96138388 13.58876528 11.37309912 6.49134371 12.11094514 10.05418153 7.9191008 15.03031989 17.18335638 12.10371759],__,-4.810000000000002,315.61563373643406,0.0705012342632711,
20190227,530842926,1026,1551291047.7184823,51.29118941424383,787.9051616631746,116.71646334474174,1551291046.5650654,312.31291766865195,[38.01126445 57.27589101 76.5508578 95.72316375 114.8722275 134.07689864 153.10657604 172.18641832 191.60747911 209.30498653 229.41755893 248.94107763],[28.39651379 590.28660469 6.61701999 190.40757538 12.73766686 7.56383351 16.67480839 10.61142039 7.42481402 11.53562267 10.15431403 8.05539941 15.43134273 21.564452 12.22063195 17.03484806],__,-4.810000000000002,312.31291766865195,0.05424291097565143,
20190227,530842926,1027,1551291064.3440638,52.02165188794217,1016.7688575458742,115.89135515457066,1551291063.1196506,319.11827972240945,[38.36439756 57.20951837 76.46705686 95.61517345 114.85141854 133.87375748 152.89308982 172.21844655 191.33613264 209.705021 229.66188346 248.72377086],[27.44164102 653.51512493 8.20291214 191.92045995 13.86062062 8.93614852 15.48624206 9.98735448 7.05927674 14.11324333 10.17358534 7.58390648 17.41199388 20.22769524 12.80787096 15.98370573],__,-4.810000000000002,319.11827972240945,0.0431815884709537,
20190227,530842926,1028,1551291080.9440668,52.96168325890462,1276.2979144650592,115.82919196847652,1551291080.4637494,327.49203804806274,[38.21864025 57.32304121 75.75285646 95.66065699 114.92652105 133.90478304 153.05989456 172.29889947 191.95453628 209.69638662 229.59292896 248.71276784],[26.58977576 699.1308277 9.78746218 197.34515416 16.90472599 9.00174871 14.41428418 9.47188301 6.85986521 13.5038409 10.2747842 8.12356128 17.59519527 18.52686528 13.2110729 18.23527879],__,-4.7999999999999545,327.49203804806274,0.042414551376237425,
20190227,530842926,1029,1551293268.1575687,61.12796617164075,1501.4902924154583,114.67440054774863,1551293267.1396623,320.95767366469624,[36.79837586 56.08715839 74.44653162 93.55692915 112.54412988 130.78277009 149.98537427 168.74118147 186.54707219 205.67725495 224.51958162 243.4210827],[27.80287366 700.36103068 7.99833015 174.94599544 13.3996995 8.59813538 14.87070415 11.90837317 6.64626986 14.7871115 9.13875737 8.10544632 16.75702821 17.17902775 13.39490507 32.9640813],__,-4.8799999999999955,320.95767366469624,0.06965918124669548,
20190227,530842926,1030,1551293259.200578,61.47432350829065,2054.4215343941232,113.25829489428409,1551293258.4227412,319.31957477715474,[35.96173386 56.18100342 94.34191447 112.33069988 129.86492905 149.62460132 168.3541184 204.59042092 224.24521043],[25.02471478 682.03445669 11.04954864 173.01008128 11.98635541 8.95707879 10.71472879 6.54872537 12.48242644 9.8974282 10.18004778 18.67378281 16.27132741],__,-4.8799999999999955,319.31957477715474,0.08173102050701822,
20190228,530893864,1011,1551316085.7002604,66.296997922724,1885.2728819218069,111.11402009468475,1551315962.411341,289.1008150840202,[53.31931845 72.78293695 89.77185422 106.29516109 126.90650236 148.09724716 164.56969525 200.6337254 216.39333129],[26.48219699 675.26659797 10.60936161 162.55557966 9.58762699 7.91958008 10.42781135 10.0958093 10.30878977 10.78369884 10.78267698 13.10582834 16.62073613],__,0.1500000000000341,289.1008150840202,0.31672476825249307,
20190228,530893864,1012,1551316068.9433067,66.64917974517154,1618.5122249557305,115.98969023993102,1551315949.7963703,292.3640370309033,[107.37878272 143.85624677 162.00704871 197.18187138 215.85596553],[22.09103208 561.84729587 8.23465165 160.79076267 11.11390995 14.17353194 15.29710899 18.66628018 21.88539016],__,0.1500000000000341,292.3640370309033,0.2901540599155336,
20190228,530893864,1014,1551316037.000364,64.76249384215315,1527.043381420456,118.55444527044179,1551315920.1338785,315.1874933221241,[57.20420712 70.716509 89.54784479 110.57177849 128.44312673 146.382943 164.87544883 199.07637579 215.92706886],[26.26013339 658.20350453 8.64725255 173.2525148 6.75035852 10.39416996 10.39387243 9.33650247 9.23345758 11.19974911 13.23312985 14.32123205 19.75297597],__,0.1500000000000341,315.1874933221241,0.2863002966609556,
20190228,530893864,1015,1551316020.7670653,60.28953536581513,1421.353743582564,119.82949884077559,1551316024.6377132,314.1334343253023,[110.82135349 55.87637687 129.3219844 147.54410066 166.13458345 220.48310034],[22.68515378 576.94292351 8.15360034 160.24917601 7.4117297 8.81270018 10.54657475 10.97169545 10.66603582 16.6856934],__,0.1500000000000341,314.1334343253023,0.18525237871493216,
20190228,530893864,1016,1551316001.4356234,58.63422807284731,1494.827085196099,112.15556534453961,1551315997.7205627,341.27711423310177,[95.38543405 115.2553797 132.70318515 153.0777062 172.54408591 209.93628291 231.52003415],[22.50852998 609.30313235 9.13866866 177.89067669 9.58290013 6.69950438 12.39122 9.80607666 9.84933224 13.19432809 12.48396769],__,-0.38999999999998636,341.27711423310177,0.19248522723083406,
20190228,530893864,1017,1551315983.45683,63.53912106344325,1081.382452669184,114.58870121404294,1551315981.2809496,348.1078877594399,[56.93774819 75.80628945 94.66539837 114.73802782 133.56187217 152.1636485 172.10671311 193.27039928 210.36857857 229.4573],[26.93919765 600.69566738 5.58595423 177.79850387 11.43056576 10.50066804 12.19974842 6.5194059 14.80561211 10.87283724 8.18546552 12.94468257 14.19084066 12.35114673],__,-0.38999999999998636,348.1078877594399,0.12654484910349822,
20190228,530893864,1018,1551315970.6418023,62.63114907760154,617.4901189412158,116.2242835157461,1551315968.574165,323.0147978272103,[75.27133687 93.97125522 113.15180759 131.56865848 150.08953059 169.42826572 205.97983624 226.382085 246.04987432 186.40163889],[29.32016676 436.03785614 3.12258468 166.94251974 10.33193478 9.74679188 6.24863223 12.51638277 10.33968652 8.78381 17.544712 11.06644205 20.22914536 14.50360935],__,-0.39999999999997726,323.0147978272103,0.08609769824600999,
20190228,530893864,1019,1551315955.0771916,62.10248510092686,243.36608682756233,118.76517480900829,1551315954.3595858,328.1075497885189,[56.65358957 75.20901983 94.27927764 113.48690719 131.94605323 151.41211971 170.34721914 188.30702993 207.66726954 226.64327674 245.75412394 263.37169488],[33.06518557 240.98410918 2.2847984 179.59790381 10.28303461 8.78896462 10.68273561 6.36798876 12.703911 9.69137572 8.73010985 15.34573279 25.10440811 12.06003487 16.86949697 24.24455956],__,-0.39999999999997726,328.1075497885189,0.0723908189361641,
20190228,530893864,1020,1551315940.326584,62.20494559241747,247.16457390515603,118.3776807476849,1551315939.2907736,331.93976569622305,[37.24525088 56.76760181 75.22228333 113.52341307 133.47564584 151.4506754 170.48050505 188.28868383 207.40184465 226.7039766 245.32376742],[31.90713455 235.89151755 2.16834445 175.2443915 12.34020959 10.83752405 9.98402613 5.89183325 10.84751717 9.58111429 8.14548797 14.99978606 24.74456763 10.8124727 19.27365675],__,-0.9399999999999977,331.93976569622305,0.0761092469679611,
20190228,530893864,1021,1551315926.9334486,61.92391169491085,618.7839112693791,116.17202330180389,1551315924.8567724,329.19442593009745,[39.01694715 56.15956169 75.2617763 93.78791958 113.33180293 131.90330388 150.72004612 169.97263908 187.94163873 207.06071135 226.65836578 244.88573231 264.5018414],[32.01837521 471.18298207 3.81182768 184.00048918 15.46352406 13.20998666 14.02397411 12.36294835 6.28288278 14.55628206 10.71777401 8.73963545 14.55788212 16.80204981 10.97200571 23.77650968 21.76679961],__,-0.9399999999999977,329.19442593009745,0.09246590191348678,
20190228,530893864,1022,1551312198.235733,57.18885511100078,998.7782469198329,115.19741913338011,1551312196.4812627,336.6814675340307,[41.04477811 61.72745622 82.27804481 101.47189309 123.49102175 143.73567754 164.52154125 185.24716603 205.10618656 225.64186672 247.30250842],[27.20498484 605.25113593 6.30030137 182.28038132 19.8943103 11.18722382 9.94053085 13.40794713 6.45623639 16.14110021 8.86145333 7.95360565 13.58284429 21.75355955 12.51768043],__,-3.1399999999999864,336.6814675340307,0.07703742225465034,
20190228,530893864,1023,1551312200.6343691,57.6924793856759,1221.509800551945,119.41560229354612,1551312203.7415633,334.8312075260459,[41.17721309 60.86799447 81.57185482 102.31598811 123.20155932 143.57224183 163.97494492 184.76253688 204.55969471 225.75128325 247.08112175],[26.63506777 647.34727893 7.68755764 181.13306164 13.4367787 12.49354935 10.28749493 10.82038573 6.57977813 12.77991099 9.14437543 9.24416243 15.94434053 22.00091899 15.07704261],__,-3.1399999999999864,334.8312075260459,0.08645110744299102,
20190228,530893864,1024,1551312201.2791638,56.872901302502434,2005.8990606814596,122.22244724710212,1551312209.387885,330.5034417321217,[61.70616745 81.29989849 101.96470241 123.19703878 143.59657035 164.22939761 184.75105094 205.16417881 225.87219388 246.36082025 61.70618237],[24.9139928 727.37705319 13.15139471 194.27825522 16.30646724 12.60537554 10.66763374 7.10461866 11.49679872 10.25760608 9.56880967 13.8008498 15.76042295 12.46944903 16.30646732],__,-3.1399999999999864,330.5034417321217,0.05625400375845944,
20190228,531043310,1007,1551387323.357008,64.6410185361996,1960.5426238588916,111.33067815643017,1551387320.473415,324.01887969989826,[115.93895981 152.38546618 172.93810299 232.85940087],[20.44648751 528.35944388 8.40653538 124.84669858 5.07268574 9.73434159 6.99871475 8.98841159],__,0.12999999999999545,324.01887969989826,0.16887153792038234,
20190228,531043310,1008,1551387305.5048301,65.95987354505476,1940.8195052691951,113.64507148949913,1551387304.9340835,331.08393925453595,[96.99231658 116.88387255 174.72080153 157.05398558 233.87142921 79.04750879],[23.15665122 605.06380564 9.67437322 158.61411781 9.61513416 6.82826195 9.8591989 9.52678144 12.61431497 9.09361927],__,0.12999999999999545,331.08393925453595,0.14934885553775973,
20190228,531043310,1009,1551387296.4831862,68.96123037822274,1373.3682903220085,115.33306031896193,1551387296.148741,340.41331952578696,[96.05893426 115.3870339 135.05301387 154.26882269 172.6238328 208.77028485 229.81641829],[24.38658602 582.54435018 5.97854249 160.29381313 9.39873252 7.08734761 11.49202972 10.62156892 10.46686656 18.05196238 15.60788682],__,0.12000000000000455,340.41331952578696,0.1624477356448948,
20190228,531043310,1010,1551387285.554084,66.89440726636833,1171.9634273593986,114.96152127507995,1551387284.056145,335.1894960926792,[115.20061582 152.99155704 172.90102721 228.24357134],[21.32221899 476.06331383 5.00033291 128.18641038 5.27331551 8.25312459 8.12616932 11.17092726],__,0.12000000000000455,335.1894960926792,0.14459522110267614,
20190228,531043310,1011,1551387271.9442606,65.64245212196818,978.3484010679744,116.33775448062897,1551387271.1396687,328.30088255564584,[38.13315127 57.18309936 76.5353536 95.96765987 115.04903255 134.24990917 153.52462056 172.58481492 210.92238872 229.38056432],[28.17227824 566.46144684 5.01837715 163.34909905 14.69246938 15.35472741 10.22467618 8.79514414 6.16578452 11.33636104 10.47737365 8.58671532 20.81222107 12.00533679],__,0.12000000000000455,328.30088255564584,0.09369082873922582,
20190228,531043310,1012,1551387257.0,66.83693892720352,855.0381373556552,115.90624861198378,1551387255.5309753,343.4861600138043,[76.32096088 95.6685291 114.19299668 133.65064249 153.57043003 172.65521258 229.69126132],[25.69269558 495.85455839 4.70056936 147.16918605 8.5377695 8.06143376 5.59495757 11.54040013 9.14348334 9.3688009 11.40833212],__,0.11000000000001364,343.4861600138043,0.1867498746216896,
20190228,531043310,1013,1551387241.5892994,68.08558318668726,955.0624336822228,119.50829997830384,1551387244.154529,356.65464487167026,[74.065324 93.95538448 111.7941121 131.80500567 147.97308785 166.49760413 201.60524185 226.26563317 189.31840845],[27.22607797 565.14136191 5.04522501 180.52840963 10.23282699 10.44644547 8.36237497 11.96418772 12.80859368 12.20081503 17.4034632 16.70064714 15.33493542],__,0.11000000000001364,356.65464487167026,0.252679525503557,
20190228,531043310,1014,1551387228.4940615,67.67762399009226,1052.9632663443058,118.02751975954465,1551387229.8701797,362.88296599768756,[37.29488765 55.88763019 75.14202713 93.95729195 112.89596783 132.01923 150.63839225 169.82054752 186.56522785 206.02454872 226.62261201],[28.67857258 592.97502605 4.93202755 173.44382311 13.22274514 11.64871439 11.02952851 10.17910766 6.15608805 11.60546357 10.39613039 9.23746679 13.70869541 17.78683763 11.3611201],__,-0.3100000000000023,362.88296599768756,0.17758901894581197,
20190228,531043310,1015,1551387213.479384,59.575156718580175,1268.684226227605,115.57788547539697,1551387212.5671158,363.4289936212745,[114.93551712 148.58475789 172.93107824 230.56849367],[20.22311997 514.72925219 7.75341401 147.09042627 5.12871424 7.56714292 6.60527003 10.53142624],__,-0.3199999999999932,363.4289936212745,0.34378944555804924,
20190228,531043310,1016,1551387199.550381,61.640287315937876,1572.310157204751,105.92410557792921,1551387189.8000546,316.29814150753504,[37.32599934 55.78336151 75.50585534 94.14875274 114.13016196 130.65530169 150.58783677 169.0293848 213.13464991 229.49978553],[26.54257409 670.78449208 9.11339873 165.36948282 14.32179964 12.24259005 8.71504963 9.09150982 6.00125691 13.81008818 9.761246 12.05018428 18.32535506 11.57550994],__,-0.3299999999999841,316.29814150753504,0.20722591628854525,
20190228,531043310,1017,1551387172.013168,63.88275615831708,1099.9733830855907,114.62296850910693,1551387170.0338717,361.8897017292402,[57.62227621 76.92886923 97.12513565 116.5710839 135.89092092 155.19233674 174.85537636 212.93915063 234.04030871],[25.95138534 599.45103126 6.28110172 181.1492573 12.18567943 10.65701282 8.9539285 6.9139052 12.93098984 9.94144069 9.42913398 19.5812136 14.98434476],__,-0.339999999999975,361.8897017292402,0.08120036461286527,
20190228,531043310,1018,1551387159.0,63.23797421886238,571.1568893220569,117.63205649743061,1551387158.343117,335.61298551426444,[57.61909183 76.60383039 94.73461829 114.80811226 134.1227328 153.1609859 172.30254054 209.9332465 229.94530789 248.81941392],[29.42822582 422.60409454 3.39964291 172.5351057 20.85571348 11.02194717 8.9512192 5.8273069 13.05716664 10.53156263 9.53187975 25.00850694 10.79230647 30.74339068],__,-0.7299999999999613,335.61298551426444,0.05202707042411526,
20190228,531043310,1019,1551387145.0210176,62.138995247152785,237.8505350157138,118.7912209066363,1551387144.3933074,324.516213943089,[18.38073434 38.3924514 57.1814633 76.08669391 95.17274034 114.42580201 133.40223941 152.3231983 171.76210349 196.74420627 229.57831638 248.87001853 190.85424874],[34.19776296 250.91141512 2.48319084 182.96776583 15.96266178 14.45694932 12.87342313 9.32524642 11.660393 6.1791191 13.90109328 10.02014892 9.14018247 20.1869001 11.38083103 16.82979963 15.75834173],__,-0.7399999999999523,324.516213943089,0.08249236957301731,
20190228,531043310,1020,1551382661.8574977,56.85338464871267,740.7133612502344,117.61669223308728,1551382661.6114867,330.2026056509316,[20.18841103 41.18277485 61.97505591 82.37318173 102.8984248 123.94211995 143.84237273 165.13313776 185.72548886 205.49209058 226.56781636 247.40954084],[29.32041445 540.93830249 4.83214268 187.85050779 13.9277768 16.71320054 12.28404038 9.56217856 11.22466672 6.5855697 13.45235968 9.53358821 8.62149207 13.97107146 28.26332649 13.26271262],__,-1.8599999999999568,330.2026056509316,0.055371954217501206,
20190228,531043310,1021,1551382676.0867922,58.84765277544131,954.8428757354735,115.9864263780249,1551382674.925638,330.081257227576,[40.81938297 60.60969409 81.53968321 102.68856395 123.52614149 143.75741751 163.92971604 184.54328026 205.40117332 226.81580012 248.74481071],[27.92291752 586.87950695 5.85516512 175.80502697 16.22183315 11.28775119 9.57655078 11.17435356 6.89625255 11.55572804 8.67759964 9.16086267 15.02316055 19.58907703 12.03160738],__,-1.6899999999999977,330.081257227576,0.09989818794277257,
20190228,531043310,1022,1551387103.383649,60.26059082171235,1415.587543001466,113.2654703011289,1551387100.7321215,322.4505916201969,[115.71060442 135.44019439 153.74389602 173.74238472 193.97638819 213.19779037 232.14264455],[23.32135113 600.73721933 7.82939995 166.59635627 5.4253704 13.13345004 10.68052351 9.4746886 12.82911176 15.72533788 12.64610801],__,-0.7699999999999818,322.4505916201969,0.09235160989832535,
20190301,531236830,1009,1551473188.1491284,65.22913793235207,1506.646014382226,113.26969913381063,1551473185.9061832,320.4400157048238,[57.64288218 77.43289254 96.69180149 116.52531137 134.22827972 155.24593275 174.46648213 211.9205302 232.5211747 251.85528777],[27.01264249 677.4515543 10.24332004 184.83785084 15.15755588 10.58807159 10.26906657 7.65048232 14.19973713 13.48743078 10.5733419 19.06155651 13.74007775 23.702997],__,0.28000000000002956,320.4400157048238,0.10032633156276223,
20190301,531236830,1010,1551473178.771867,65.56188648226029,1134.6542042270503,112.63853118908263,1551473174.972018,340.18228041616925,[76.20977189 96.64288721 115.09940417 135.21678601 154.14972967 173.20077013 229.74403177 252.35675364],[25.64568175 561.90589582 6.35001625 154.47255261 10.36873661 10.8867899 5.66637376 10.46880136 11.20332295 9.67422175 10.02195845 16.57830676],__,0.28000000000002956,340.18228041616925,0.16633068427642883,
20190301,531236830,1011,1551473163.9602046,63.60619502821131,995.6694042939611,116.73608842097312,1551473163.5725358,312.4724992374922,[56.96164929 75.693048 94.32057552 113.66969216 133.16973884 151.40133009 170.14159793 189.4030028 208.44078264 226.98638565 245.37586711],[28.91542114 594.79349972 4.81618195 170.05895091 12.53075091 8.27014594 10.62880654 7.3261628 11.0943646 10.62136943 9.29376469 17.71125722 22.28438157 14.58755958 26.20737439],__,0.28000000000002956,312.4724992374922,0.09307470034188807,
20190301,531236830,1012,1551473147.4992125,60.77432570813646,981.3055547733292,114.68268480575321,1551473144.7859688,301.24835405822955,[38.13645093 57.11757247 76.74820055 95.81223623 115.02674269 134.55737299 153.57927913 172.46332068 188.97571684 210.08705545 229.84918197 248.66158303],[29.57078959 601.7152663 5.26890311 168.67735044 13.08673519 17.35379718 8.49981021 9.01901433 6.76945986 11.3590735 10.22769712 9.38544738 17.67508691 21.29709476 11.86181456 29.13976193],__,0.28000000000002956,301.24835405822955,0.07235656322108903,
20190301,531236830,1013,1551473132.6937919,64.02160591569711,1028.9947076060785,115.65464123653302,1551473131.4975524,349.5269302885543,[57.3062396 76.39113412 95.70246146 114.41259807 133.33892377 151.50165626 170.89809249 206.61465025 228.22313455 37.62417562],[27.40710125 584.44771205 5.48523641 174.01035642 9.97131734 9.27108348 9.0324656 6.87150686 12.93820175 12.27119231 10.18160979 15.64045762 10.68746029 14.64784195],__,-0.25,349.5269302885543,0.14582211003141796,
20190301,531236830,1014,1551473117.924137,64.16612752800064,1185.425998763027,116.93869814733861,1551472998.354205,330.244625129177,[110.52324291 130.58301928 148.968663 164.97369462 204.15045145 225.57778205],[23.08373087 532.56706359 5.48179302 146.02928925 7.10332317 8.02821787 8.12405325 7.92831609 8.61438505 11.2774582],__,-0.25,330.244625129177,0.4402457869708099,
20190301,531236830,1015,1551473102.5636961,64.79839399295079,1175.0805647843456,119.34696838033099,1551473105.4721336,341.39313833360427,[111.06914417 130.67060619 148.40541704 167.10694911 203.340164 222.30336485],[22.94024924 559.51902216 5.95746981 170.90525631 7.28080545 12.7465235 10.97802422 10.09583101 14.85816711 14.87471819],__,-0.2599999999999909,341.39313833360427,0.14599359393345984,
20190301,531236830,1016,1551473087.7940412,58.691394924849966,1548.786874849661,116.21270953387626,1551473088.3234506,335.00679890137,[111.98617597 149.03498833 168.33711772 224.6611611],[19.74140657 531.65772119 9.08025718 154.61026298 5.42657368 10.28144766 8.89329393 10.24028173],__,-0.2699999999999818,335.00679890137,0.12849268482522555,
20190301,531236830,1017,1551473061.928561,61.200489609091655,1407.0847772493044,114.50423644791879,1551473060.491822,361.13720626007057,[97.12002622 116.75711916 135.91643968 155.27024255 174.90656133 211.44650046 233.59650367 78.02790656 59.12526955],[24.80592583 663.55685903 9.47358628 200.94340762 9.72089591 6.93486054 15.87105001 12.39792948 10.31659396 16.54334847 12.93524156 9.77047771 12.94958656],__,-0.2799999999999727,361.13720626007057,0.12468398392771009,
20190301,531236830,1018,1551473048.0134163,62.81426013346374,834.2290105754474,116.21426313785719,1551473046.7982032,351.2225819147807,[76.44535672 95.39433854 115.26739209 134.37780937 153.64975919 172.700798 213.43057307 230.45144798 57.90004809],[26.85642683 542.78912217 5.46997172 175.97544094 9.70683948 9.22477215 6.25679308 12.6308397 11.25319411 8.56234929 18.79939872 11.23668842 14.95614346],__,-0.7699999999999818,351.2225819147807,0.08685894699412278,
20190301,531236830,1019,1551473033.3926308,61.091464682942515,481.83892426707246,117.86570299516328,1551473032.5858543,326.09426486652,[57.63126309 76.25231394 95.6001591 114.7146932 133.80667813 153.01615226 172.0776468 209.18494596 229.12546015 248.26792464],[29.78833418 384.61490415 3.13049243 168.06368875 12.0184791 8.65454091 9.95978089 6.55426269 12.58920329 8.76165776 8.12744508 18.69681545 11.04036254 21.82777008],__,-0.7799999999999727,326.09426486652,0.06884488494764973,
20190301,531236830,1020,1551473018.7402453,60.40634596746953,271.91751648023927,117.00074666162662,1551473016.4207633,323.01605254563094,[19.23313624 36.50199703 58.07091605 76.25263865 94.74856385 114.70298228 132.42237518 152.9046319 172.12538627 206.07912666 229.46555269 248.99509519 189.81591662],[33.82225609 285.15944634 2.71209818 185.67342336 15.38011946 14.48964529 9.71264718 9.54899963 12.16217599 7.37325612 11.6372776 9.13623127 10.22137646 18.1264547 12.68907487 16.63811825 16.49554529],__,-0.7899999999999636,323.01605254563094,0.14934244760439552,
20190301,531236830,1021,1551473003.1011937,60.14739350458737,381.41230351491674,116.65996834233665,1551473000.7403204,322.7057351189313,[18.2621088 37.46120709 58.96985967 75.57297647 94.57541339 114.76241724 133.85257551 153.33288703 172.54162062 192.22390044 211.17199135 228.86067963 249.13721713 267.90556525],[34.21220874 359.98181823 3.1844316 190.11259345 16.6393505 19.83857902 11.13592941 11.54575193 12.9879117 6.9998557 11.42448922 10.01477644 9.17573116 14.81677593 17.51102324 12.29699634 19.189278 24.24205619],__,-0.8100000000000023,322.7057351189313,0.16361983036151012,
20190301,531236830,1022,1551469466.6568031,55.84325243160039,929.5353565226048,114.63898790007828,1551469464.0336926,334.292564418017,[62.78336625 83.43608115 105.17426165 124.99132585 145.49374242 166.46170414 187.68033491 208.67984673 249.88716064],[25.36540753 564.98508067 6.013403 176.80408897 9.92980873 9.34652951 11.36268005 6.76287789 15.05181769 8.87745881 7.82703002 13.87817042 12.44210626],__,-1.6399999999999864,334.292564418017,0.07207455018074817,
20190301,531236830,1023,1551469474.0834548,55.389796317401355,1310.2983374915161,114.84907220510406,1551469472.7845619,341.57395026850116,[19.46861478 41.21530456 62.10141671 83.74474137 105.13004677 124.92455954 146.39777906 167.72534088 187.97420838 208.97262365 229.95921638 249.50546938],[26.34046636 728.3514302 13.93226752 235.44127897 17.11646447 14.9800779 11.63279483 12.22277114 11.5978687 9.6488833 12.90223153 13.22770212 13.10687232 18.4323287 19.51883855 16.18182921],__,-1.4699999999999704,341.57395026850116,0.1538015795338307,
20190301,531236830,1024,1551469482.3422725,54.859921443221126,2067.2376013274556,111.22133116699446,1551469479.5547633,325.5009570819892,[104.5624728 124.97532994 145.40996454 166.97300731 187.39648374 207.94656141 228.43853715 249.42100476],[22.41401451 658.47286935 13.06039794 175.94377431 11.8630392 6.60488077 9.42876948 8.7368536 9.28356437 11.94528777 13.67287797 11.71134183],__,-1.4699999999999704,325.5009570819892,0.08751586869562193,
20190301,531254054,1012,1551479383.4960034,65.94355223452241,1334.6221667806346,117.10029357101315,1551479264.7260725,313.3595572615463,[75.53423529 89.3448932 110.37291018 128.80534282 148.75258479 169.08394594 202.15248872 219.19201324 237.77057441],[26.51402636 618.64278445 6.60070304 157.44523249 8.76207304 8.12267329 11.26755627 9.21615485 10.5180343 8.10534283 11.50698231 15.86509277 13.22817676],__,0.4700000000000273,313.3595572615463,0.3415648466018108,
20190301,531254054,1014,1551479351.1859632,59.00829069614654,1201.6460955839532,103.75102086683744,1551479338.1386054,279.8932211523233,[29.9223062 44.76908238 61.12157323 74.44992547 89.13436806 101.67606651 126.15380721 143.14043912 147.21457025 161.93725229 178.93957279 185.42070506 232.51339386 251.22183554],[30.37194662 685.78795411 6.58054556 166.79355751 13.86213929 13.14029741 8.16082392 10.33898985 12.6990385 14.3708408 9.29104842 10.39051108 12.46488607 11.7158811 10.95149191 10.90539917 14.74402775 16.58861501],__,0.4500000000000455,279.8932211523233,0.2959532269786,
20190301,531254054,1015,1551479335.0621908,61.07368913100279,784.9095260667625,115.72845214895091,1551479333.137948,331.8351201835831,[114.92694126 134.84638824 152.52391182 172.54344936 209.55725611 230.70053438],[23.64474857 488.45583538 4.16811306 163.98443213 7.0875345 8.15036008 8.76050432 8.15488892 12.94307311 11.40376949],__,0.4399999999999977,331.8351201835831,0.09583239266220575,
20190301,531254054,1016,1551479318.661303,62.93569939561236,655.2777104891724,117.70052830510762,1551479318.306736,341.92966849193937,[54.62736435 76.84978721 94.50422966 114.0775889 132.44718266 152.08406712 171.10087705 187.64989379 207.68878542 227.89078987 245.9074246],[29.80525803 477.35767306 3.77258717 177.4862139 13.03316339 9.56150885 12.76971289 6.62231493 12.08111493 9.12569111 8.06548046 13.26817016 21.41828142 11.46376138 19.62749943],__,-0.06999999999999318,341.92966849193937,0.11236514722383943,
20190301,531254054,1017,1551479305.3419898,62.58135531268502,398.39093535420903,116.71096047822675,1551479303.174922,333.91856865003587,[55.46314728 76.50837023 94.86316398 113.92337149 133.10464916 152.22046649 171.05420354 189.79075898 208.38150812 227.5128808 246.47535829],[31.29571833 329.9683939 2.53649278 173.74941138 12.2708152 10.06625322 11.29704604 5.99706 12.24350062 9.01872888 8.57112677 15.69005964 20.69505721 11.43398284 16.13336249],__,-0.07999999999998408,333.91856865003587,0.09952609470301614,
20190301,531254054,1018,1551479290.597944,62.427392193875725,328.2533130639694,118.40914224973224,1551479289.9769585,332.87311117974684,[37.0971811 56.84057339 76.36867281 95.01378598 114.03390797 133.1252891 152.09517038 171.28572522 190.12954356 208.43166812 228.00198001 247.75091927],[32.63943768 293.50784924 2.24844883 181.12839801 14.68256132 11.31404174 10.21936683 10.70335505 6.28260508 13.142793 8.96713471 8.6960322 14.33301918 25.67115128 12.57550015 19.90314212],__,-0.08999999999997499,332.87311117974684,0.06065280900520347,
20190301,531254054,1019,1551479277.5340405,61.972520768091776,845.8355958845003,117.93099712015595,1551479277.8938463,326.1605598776395,[56.22615083 75.15772848 94.02616378 113.34526175 132.29488063 151.05365693 169.91407825 189.33116609 207.46406166 226.84979025],[28.00983149 528.94315645 4.37854963 167.62856513 10.99445304 12.28005474 10.33561712 6.53656163 11.66462288 9.40728405 8.58043061 13.41618433 17.40476338 11.13445169],__,-0.1099999999999568,326.1605598776395,0.07525660307896566,
20190301,531254054,1020,1551479257.8058736,61.28105659563411,1157.0641818275851,122.55548744689042,1551479263.4972932,333.44801000203455,[37.82296988 56.86532227 75.86110949 94.03496151 113.32623888 132.47978975 151.30579095 169.6648758 188.09063563 208.44471004 226.88758185],[27.58917877 643.6746103 7.21155735 183.17399901 22.98023364 12.54471515 13.90303275 10.80318587 7.00050562 11.7877737 10.66373519 8.45952829 15.49110462 15.32149375 11.31020096],__,-0.5199999999999818,333.44801000203455,0.10252180930508407,
20190301,531254054,1021,1551476026.936975,56.47790405201219,1496.6712716965712,113.77108067897899,1551476025.0658193,335.82466654842796,[62.27490523 82.45014044 102.63148416 123.54142037 143.46416015 164.49910505 185.38697107 205.46503937 226.36202959 247.05721504],[24.6963139 663.85091409 9.29872805 180.16434169 8.1124035 10.94685311 11.90912227 7.12615349 11.60841078 9.99083699 8.51292102 14.00016831 23.20360304 12.44563037],__,-1.349999999999966,335.82466654842796,0.08402366738925592,
20190301,531254054,1022,1551476038.1218207,57.27381666661447,957.2571237137653,115.12009267963516,1551476036.0673187,336.80730218071767,[61.88420277 82.53313183 102.89185058 123.81371816 143.60966716 165.04647011 185.76306759 205.80489178 113.4558735 225.9543615 247.96754984],[27.37406317 587.40704067 6.16675207 179.81798643 9.60022602 8.97748761 15.50852872 6.66814125 16.1290637 8.77150442 7.54902762 15.98882529 18.08379687 19.80530108 11.74746626],__,-1.3799999999999955,336.80730218071767,0.048369316976839084,
20190301,531254054,1023,1551476044.591309,57.184327715529946,985.8725355411656,115.22318125047173,1551476042.7095604,332.96208681493823,[40.70632933 61.66685461 82.53541449 103.04416299 123.99439603 144.04113849 165.23355657 185.98254423 205.66884567 226.41406844 247.72935658],[27.253511 598.89825497 6.29306388 182.0250319 16.85663084 14.04964542 10.40170351 12.23239662 6.69055762 14.52253546 9.01802767 8.40160066 14.59227122 22.83140823 12.55841415],__,-1.3799999999999955,332.96208681493823,0.04732431105607653,
20190301,531254054,1024,1551476049.2881658,57.49591556497946,1637.7956779872013,113.90885947215874,1551476047.9930897,331.8467850239921,[60.908046 82.55011248 144.21258299 164.86632215 185.88228363 205.98689901 226.77268977 247.75151148 123.90892814],[23.75474123 651.05011195 9.05410901 173.92590003 13.53966767 13.16156283 12.17467141 10.08847084 9.75024806 12.00800943 18.02153867 11.47524882 6.09959214],__,-1.3799999999999955,331.8467850239921,0.06702299776079937,
20190302,531272879,1020,1551487232.6214776,56.42918617796064,1974.4163554304491,113.36351988275011,1551487231.6672947,321.98910869829547,[37.8477366 58.58239113 78.17715723 97.74478792 117.30027077 136.6515918 156.47224858 175.87476999 215.66935366 234.53072976 254.01260739],[25.69564375 728.40354388 14.11341517 187.65581002 14.45144738 6.86504764 14.21047976 9.88918371 6.5379001 13.69317533 15.31272016 9.37292167 23.7043908 13.64299429 22.9343389],__,-1.0299999999999727,321.98910869829547,0.09512633523441007,
20190302,531272879,1021,1551487217.898818,56.458226575419395,1452.3798920975223,115.46493083276182,1551487217.5546696,330.073422934565,[18.79087227 38.96679907 58.40517693 77.4546002 97.20861579 117.29392282 136.26303464 155.40945501 175.30132188 214.52599691 194.70367193 233.79105205 253.4177997],[27.61061997 727.60586197 11.01753334 194.44515199 25.81396519 16.47679736 8.26872566 14.93570044 10.18804558 7.1295227 16.28899158 11.29402527 8.49535105 21.4505416 20.25637575 12.35656845 15.79663889],__,-1.0299999999999727,330.073422934565,0.07956420804222794,
20190302,531272879,1022,1551487207.0171885,56.31918771760758,871.2805049955026,115.92191111799094,1551487205.3310778,320.2692640062187,[19.30181372 38.93860644 58.64721 77.35885572 97.56740391 118.0281257 137.05734628 156.20800832 176.12016863 196.89952491 215.70044676 234.97198707 254.39008682],[29.73840074 600.68593093 6.18753245 186.18751224 18.15028446 15.59189971 9.70821535 14.96538878 9.74492088 6.27219559 13.43140371 11.70838196 8.15259371 16.17966261 22.04250258 13.02352475 16.59226359],__,-1.0399999999999636,320.2692640062187,0.09604918533902616,
20190302,531272879,1023,1551487199.0823522,57.93756945413374,641.962099800351,117.13769578800364,1551487198.0790117,325.6662654898582,[18.6499152 38.98087972 58.81695961 78.00787839 97.83036299 117.72001472 137.2675499 156.50562249 176.51572768 196.51347722 215.49837612 235.54602803 255.0181015],[31.24476337 509.37956525 4.74875004 188.01695189 18.57102463 13.78406084 7.78702885 14.29116805 10.67063717 6.94760691 13.36650005 13.48144572 8.25048391 16.13672631 19.78587095 11.73207101 20.53933795],__,-1.0399999999999636,325.6662654898582,0.06815495960126815,
20190302,531272879,1024,1551487192.8653703,60.13466792866034,1304.8060530483522,115.97862297723476,1551487192.7901838,337.9724744667587,[38.44029928 58.94969152 78.13282796 98.4154622 117.83886007 137.18487521 157.22347631 176.81802353 196.43626734 215.51129305 235.44006809 255.19323276],[27.6579975 670.66110493 7.65641487 179.91299771 15.47647659 10.16134494 14.06276037 11.15735233 6.46656818 12.8461806 9.82144458 7.80982246 16.182113 17.94895792 13.16183396 20.03245745],__,-1.0499999999999545,337.9724744667587,0.0691738811366229,
20190302,531417015,1015,1551560051.898032,58.70388619554551,1647.9907175326805,116.75187339828082,1551560053.4783535,331.03190544278675,[38.08095006 56.89336693 75.61650935 95.27009708 114.70335689 132.60241986 152.96787957 171.9855463 190.48527125 209.02874901 228.84301881 248.51094747],[26.7021582 725.27661448 9.97004045 192.41928751 19.28440195 8.79841748 14.83897727 13.29281735 6.67030801 10.6065868 10.2414346 9.36444226 16.8461474 15.01438697 13.59425029 22.88227303],__,-5.339999999999975,331.03190544278675,0.09918670567105968,
20190302,531417015,1016,1551560067.9076762,58.693500898035936,1375.490675093143,116.62812771832371,1551560068.5212882,324.789643043726,[57.06276288 76.34285559 95.59994989 115.06665609 133.78821002 153.29869232 172.48583487 191.41305849 209.48988407 229.61000139 247.96243407 38.56832996],[27.30183658 690.58490936 7.70855898 184.85646896 9.80373603 14.83312747 12.58044701 6.71475966 15.25428396 9.11791381 8.85155016 14.10344268 15.07610206 12.72712524 21.26640123 15.38607983],__,-5.339999999999975,324.789643043726,0.08801420051799687,
20190302,531417015,1017,1551560083.128485,59.29390552153098,1010.9475008425197,115.51677699364632,1551560081.622192,331.52245091522417,[38.43239507 57.27056627 75.54722801 96.08601781 115.41455103 134.4692929 153.8382141 173.07023338 191.95840287 210.92992216 230.60186128 249.80429353],[28.67759632 622.32392999 6.19487102 182.12865 13.99748711 8.25828072 13.5250497 11.5104383 6.69714775 13.97252472 9.26884152 8.26826554 15.49446793 18.74427558 12.72429109 20.26208807],__,-5.339999999999975,331.52245091522417,0.0447513772436383,
20190302,531417015,1018,1551560096.372043,58.14776276299446,720.1861288420414,117.1156021275568,1551560095.4891343,324.8119926672801,[18.85161604 37.55975072 57.0890739 74.4590742 96.03349023 115.32768338 134.49293612 153.80438726 173.02574908 192.33615926 211.53518704 230.43568084 250.11111489],[30.78576861 540.33004742 4.65510994 187.46280921 16.70429761 20.61781542 9.28691678 13.35658523 10.03578435 6.77551135 13.03467304 9.4626521 7.75919187 14.46075838 22.64516055 12.25814428 27.46538399],__,-5.339999999999975,324.8119926672801,0.06665318917379466,
20190302,531417015,1019,1551560111.074046,58.81458454067736,701.456998707055,117.24335180457658,1551560110.30787,328.6158440529982,[38.91662492 57.14021994 75.33010326 95.84226271 114.94634585 133.93449681 153.28508838 172.49439108 191.71441343 210.41671963 229.75842985 248.91624566],[30.21946637 535.26583888 5.024014 181.91361874 18.6485135 8.16216365 10.14375796 9.28342841 7.34197312 10.82022419 10.21378066 8.04159008 16.87734721 18.35470556 12.72177241 23.18112161],__,-5.339999999999975,328.6158440529982,0.05851109000412466,
20190302,531417015,1020,1551560125.7407334,60.04852811213385,876.3923711130287,117.4876511275229,1551560125.795036,334.11901690107595,[38.23904188 57.58177268 74.85395276 96.13023597 115.10058478 134.10180109 153.56383844 172.72378845 191.74799791 209.79020774 230.21423951 249.68746881],[29.39248013 593.41052724 5.68542801 184.39617992 13.76635031 9.27502229 9.01117859 9.92887982 7.42572885 11.30453791 10.54322919 8.25171958 16.35542633 24.10283815 13.63473266 19.03756424],__,-5.71999999999997,334.11901690107595,0.055208532800571,
20190302,531417015,1021,1551560138.983305,60.04046737659536,1361.8208122845704,116.98342877573572,1551560139.93701,320.39504783223697,[56.94209609 95.14760029 114.69282706 133.15248494 153.14593577 172.2242634 190.82641438 209.90295374 229.41093994],[25.32224104 639.1155769 7.43660095 176.5214533 9.73607371 11.20444759 7.31880404 11.52928737 9.79460568 9.93403098 15.48538857 18.396707 17.03408486],__,-5.71999999999997,320.39504783223697,0.10975477769105711,
20190302,531417015,1022,1551560150.4396248,59.51183595802585,2064.36819979529,112.85689901406695,1551560149.2743042,318.3901127711447,[96.08883887 115.36943669 134.12924243 153.63349425 172.99354265 210.53728562 230.628335 249.10680723],[23.56395487 659.07931276 11.8669867 173.20894848 9.99091214 6.49889442 14.91025263 10.00672573 7.70822525 16.82438537 12.77295981 18.83423124],__,-5.71999999999997,318.3901127711447,0.06762300880433997,
20190302,531424585,1014,1551564685.6597996,58.83685255104884,2012.24531173844,110.59797760164464,1551564682.1755726,329.00526691284875,[58.17174367 77.11184079 95.71660909 116.33634741 135.51583049 154.68492767 174.53239362 193.60330304 212.57404218 232.39358291 252.45895747],[25.82437903 732.28017454 12.62851886 194.91107316 8.72550607 13.53285171 12.10492933 6.87156069 16.06732491 13.69063912 8.52582722 17.40856694 18.95566611 12.62590486 19.77875781],__,-4.2999999999999545,329.00526691284875,0.06986661494588786,
20190302,531424585,1015,1551564675.5042405,59.13874671961884,1285.1084232321869,113.07370000945623,1551564672.3859715,327.3273588491724,[37.28753596 57.69312681 77.23349282 95.82187205 115.5881212 133.70292625 153.73039799 173.40759952 212.56831904 231.57284425 250.58858889],[27.03830688 670.36110673 7.78782361 184.0592961 14.72328694 10.12598603 14.56263249 9.58561495 6.8101309 12.05909779 10.19583039 8.05017438 20.61623921 13.58505011 17.88494071],__,-4.2999999999999545,327.3273588491724,0.08685452988110656,
20190302,531424585,1016,1551564660.8549848,58.18059178360776,824.8555085919659,115.52651505419769,1551564658.7731478,326.3394637010702,[57.70376821 77.37102177 95.83554038 115.48300786 134.791903 153.8244225 173.26304853 188.29268689 210.69325734 231.1894349 250.09679251],[28.4633027 551.54478344 5.31474227 175.9231818 8.6563447 14.33386477 12.0148831 6.7252381 14.40488625 10.60196393 7.38623372 16.6830757 20.35073032 11.26016101 15.7719364],__,-4.2999999999999545,326.3394637010702,0.08766032876090037,
20190302,531424585,1017,1551564648.597681,57.68485035228714,450.12650915658736,116.78469221476696,1551564646.59548,329.17610024586946,[19.16175093 38.4153736 57.74433993 76.55696649 95.56422854 115.4214158 134.83607492 153.85239738 173.04100216 190.65941523 210.62983439 230.56215836 249.37699501 259.64108788],[33.16033894 427.20659229 3.83630404 196.48855355 15.77864628 16.39439291 9.11144744 13.67428646 11.8260456 6.7811764 11.28629743 10.22279676 7.78608509 17.51144444 19.82510783 11.56630712 24.14884701 25.54436808],__,-4.2999999999999545,329.17610024586946,0.09094799026234375,
20190302,531424585,1018,1551564636.2197375,57.85665551255258,729.7276596745688,115.87978466532026,1551564634.1960208,333.76584577263753,[36.99923393 57.46283609 76.3796744 95.62755405 115.31653692 135.86926301 154.01244385 173.26049057 192.43513849 211.1130588 230.64074572 249.74411117],[29.54861097 534.7430816 4.69232947 186.72942077 15.24693282 12.16740144 14.54992677 12.86871378 6.00568164 12.53710633 9.81408346 8.03208793 15.52187802 17.09515362 11.31596024 20.7694611],__,-4.2999999999999545,333.76584577263753,0.08069605976030234,
20190302,531424585,1019,1551564622.3855598,58.12184040632925,1302.0886882656996,116.04130046760095,1551564622.2748568,345.1062880796619,[37.89711099 57.40311042 76.03542682 95.51761805 114.79665587 134.42256537 152.69197246 172.15850637 190.12379211 209.62457119 229.42224592 248.06456498],[27.321682 697.25091183 8.70787507 197.66259083 14.69317638 8.86258855 15.88054373 10.384139 6.29403327 11.85639574 10.85518085 9.70595162 17.4481742 15.32032364 13.38667483 28.36341767],__,-4.2999999999999545,345.1062880796619,0.06589145584262282,
20190302,531424585,1020,1551564607.5544438,56.83958647835239,1808.2335578234324,115.87220504953562,1551564608.6708674,339.9984461956267,[38.04407659 56.99902329 76.31386577 95.06427368 113.99792165 132.8093714 150.34585022 170.95046732 189.85607257 208.57229632 227.90522846],[25.60594331 738.42084805 14.0027626 216.67624473 11.10550258 10.5743346 15.38603696 10.83849903 7.77921942 11.97344524 10.79359871 10.3416494 18.5665446 15.65380459 15.5987235],__,-4.2999999999999545,339.9984461956267,0.09313125728609917,
20190303,531583949,1015,1551651942.0738158,48.12436842331821,1956.4440278486277,112.42268421597807,1551651940.1376903,315.0494064853132,[57.16258023 76.47436875 95.4764832 114.83082155 134.38765346 153.1431398 172.30980989 191.32551437 210.26611441 229.70976828 248.47378168],[23.54224397 736.63239485 15.46909623 205.66290731 12.948697 13.42171135 14.18550291 6.65970363 16.41197868 10.57626398 8.89943458 11.53065498 13.39931672 11.74965112 24.48032967],__,-7.829999999999984,315.0494064853132,0.07796230591972161,
20190303,531583949,1016,1551651960.2669206,47.9545560945187,1729.5410636630916,113.52064102191407,1551651958.745719,315.17885404036366,[57.29120823 76.44381149 95.2229359 114.75189805 133.78687308 153.27085939 172.3453113 191.40760023 210.60540626 229.54954754 249.02536211],[23.80014322 732.39469725 14.97986257 212.99513338 9.62687252 13.50389881 14.20152004 7.03049202 15.27321036 9.99856965 9.73830678 11.44448744 16.20603393 13.31338942 24.48051918],__,-7.829999999999984,315.17885404036366,0.05338402696377136,
20190303,531583949,1017,1551651978.3214834,49.02708290267541,1467.0153400693403,114.40368028974612,1551651976.8917887,314.47272288653744,[38.01741338 57.26111308 76.37990212 95.53499756 114.6166741 133.68633172 152.85283357 171.90302371 190.94424559 209.9419137 229.15867766 247.81750736],[25.36519536 726.91352351 11.9764787 201.70217678 13.99223252 9.19921478 13.58237662 9.85524292 7.52249083 12.16574949 10.05179233 8.89210671 10.56125641 17.92789139 13.35195325 28.4592471],__,-8.310000000000002,314.47272288653744,0.026883635854685475,
20190303,531583949,1018,1551651992.417864,50.97711659425428,1171.1541525811622,117.1960534299044,1551651992.9787648,331.4240685778812,[57.08042346 75.68657611 95.14229705 114.47265727 133.82481972 152.68327822 171.62609465 190.65347016 209.25330851 228.68356268],[24.54183642 644.80732018 8.92631794 190.90086081 9.95766613 12.72112872 10.47509667 6.5693579 12.86517068 9.90025326 8.10347959 11.11684121 15.05469976 12.98349329],__,-8.310000000000002,331.4240685778812,0.04310561151497815,
20190303,531583949,1019,1551652008.2599168,52.917972384329204,1220.0724919899058,116.13683851031438,1551652007.9612517,340.95971420819393,[37.22754594 57.28043942 76.25793271 95.56165043 114.68914376 133.68037219 152.88825508 172.02512196 191.17840299 209.67946687 229.16571586 247.43653164],[26.50108738 690.449277 9.61028104 199.88616136 19.93629908 8.82059975 11.9456763 9.1636937 7.64602237 10.69042294 9.97806584 8.5294143 11.3831186 14.39624106 13.55469771 24.77150116],__,-8.779999999999973,340.95971420819393,0.04036586006745785,
20190303,531583949,1020,1551652023.7783456,53.890928716050745,1420.9398544122319,116.98501243416717,1551652024.9468062,339.2938921047523,[38.99023902 57.28526809 75.82146472 95.72812411 114.71223514 133.95462716 152.85254088 172.12839024 191.17042527 208.88057447 229.44426367 248.60685594],[26.18671761 715.5522607 10.44174937 201.37827672 13.09049234 9.69184177 12.00463212 10.11984499 7.0343251 11.88061285 10.4619692 8.73727516 11.77425239 17.33665159 13.59414763 23.09043678],__,-8.779999999999973,339.2938921047523,0.07255918866738942,
20190303,531583949,1021,1551652038.5270836,54.599279039510634,1858.8849177488476,114.62339412553057,1551652038.6330192,341.24873651539895,[38.17506993 57.38881774 76.49214398 95.52233321 114.70592306 133.97319113 153.01415498 172.20522464 191.41795134 209.39152381 229.46957445 248.8627965],[25.61210224 753.23271663 13.04125031 211.67041407 19.42349565 9.11769863 14.59215938 10.33810406 7.68134937 12.53632309 10.17876482 9.39239298 11.12004009 19.84205453 14.3338926 22.38069027],__,-9.279999999999973,341.24873651539895,0.05504325962371889,
20190304,531605202,1008,1551662328.6670732,52.715189572415326,1914.2178542764796,112.92396911503732,1551662327.206646,341.60754196573794,[57.58720936 96.22127144 115.34033132 134.20597171 153.67046111 173.02328447 192.05149558 210.99305297 230.65784098 248.56239132],[23.53612218 709.91673385 14.38789762 202.74793605 9.65542958 11.8677458 6.74465774 13.83917415 9.63466069 8.28821682 15.26263022 13.80134713 12.56073269 22.37586625],__,-5.139999999999986,341.60754196573794,0.03671837475631004,
20190304,531605202,1009,1551662341.7880776,52.64925580392892,1287.016267048293,115.3235965620816,1551662340.8922963,340.0106281624945,[57.59639413 75.6450678 95.95671413 115.54836184 133.91054914 153.91934735 173.34692057 192.509677 210.84728033 230.59379842 248.57316492],[25.13387855 677.07725032 9.84905001 198.63239221 9.42339665 16.88279779 11.72026837 6.19025608 13.18143567 10.83334391 8.90834399 14.96509086 13.46213181 12.79927951 20.68013766],__,-5.149999999999977,340.0106281624945,0.09578650779645313,
20190304,531605202,1010,1551662355.2139652,51.62517162492396,844.0038788862669,116.84974035190963,1551662354.4970515,330.0172386995983,[37.94830982 57.85598743 76.90379512 96.55494568 115.88900329 135.09432713 154.73234332 173.7901289 193.01481551 212.03821487 231.77625453 250.74793859],[27.56766868 600.18369741 6.58954088 198.037324 14.32198036 9.15667698 12.60660645 10.11975114 6.64710417 11.87301063 10.41215716 9.32092348 12.24815005 17.16175787 12.82763853 24.48883159],__,-5.609999999999957,330.0172386995983,0.08941648535430446,
20190304,531605202,1011,1551662369.8216832,50.680939176598955,706.4538593165847,116.22608059740614,1551662367.9559553,322.5821160166607,[57.99594098 96.72752148 115.99389716 135.45904739 154.82507566 174.15351326 193.11267161 212.37144767 232.09202109 251.29950599],[26.48658125 523.27285298 5.66913043 184.61058618 11.17850672 10.03496114 6.22677329 10.31874627 10.17197311 7.73512971 14.07615778 14.86163006 10.69607932 22.26392735],__,-5.609999999999957,322.5821160166607,0.04856504248465213,
20190304,531605202,1012,1551662386.6047199,51.125879989354246,992.1667960795271,114.6343631465363,1551662384.0509045,322.74215749564064,[57.75451382 76.71900192 96.6018536 115.98325299 135.36204862 154.66329019 174.01663732 193.35418628 212.41163582 231.91106499 251.16825964],[26.21274796 627.6984599 7.58135017 189.73785094 10.90357144 17.14422047 9.67511902 6.81705138 9.9905283 9.72905745 7.59597097 11.93377875 17.17030305 12.77390075 18.69740756],__,-5.6200000000000045,322.74215749564064,0.04045375082741455,
20190304,531605202,1013,1551662403.478873,51.66842767015339,1294.960423194988,113.60096807303829,1551662400.8073092,322.6908234579304,[57.73125217 76.22047622 96.54852693 115.87068328 135.26694365 154.31760556 173.87130143 192.91024509 212.03840377 231.85016685 250.03245388],[25.33530299 675.8537777 9.73508978 189.40643815 9.19171195 17.52515039 10.69825364 6.39949024 13.00849206 11.10433408 7.51514827 13.09081346 16.97693262 12.58552315 22.55501457],__,-6.109999999999957,322.6908234579304,0.07175989731783868,
20190304,531605202,1014,1551662419.6857095,51.77408679696444,1699.396107475367,112.6547261525094,1551662417.25347,322.8292919493275,[38.23441456 57.8045965 96.46461399 115.96567178 135.22329973 154.69052229 173.95959409 193.1952118 212.36122253 231.8020704 251.15602042],[24.765157 723.4626174 13.24585662 202.13915369 19.1922595 8.29245545 11.63269424 7.41047985 13.74764526 10.20066859 8.44872906 14.15876036 16.50941712 12.36580222 16.79386791],__,-6.109999999999957,322.8292919493275,0.04003458964532916,
20190304,531605202,1016,1551667479.1572084,59.92374573573433,2195.7687326605032,111.56110164256462,1551667477.057989,312.29081203075464,[37.95971772 58.0469961 76.62314038 96.8578219 115.63522666 134.99448569 154.14741306 173.47605229 192.018693 212.35028137 231.65345614 251.00141264],[26.96118854 754.38662053 12.94196079 180.16015027 15.66250543 7.77518048 12.8261912 11.97708165 7.01837196 15.69078832 14.40517755 8.03865745 18.77970976 21.84010191 12.71267696 18.24223942],__,-7.7999999999999545,312.29081203075464,0.09372587279285308,
20190304,531605202,1017,1551667463.9875152,60.28050220043814,1938.2617472943884,112.2451768166249,1551667461.8298032,313.31705362535104,[57.82886027 75.21429152 96.50663947 115.92496021 134.88897848 154.21211906 173.92730586 193.24573207 212.90959866 232.09630116 251.35347967],[26.36167058 713.79025601 10.78559324 166.17481686 8.16628984 13.45595981 10.28779576 6.71827827 12.83110222 10.34681234 7.53808754 17.87732254 18.98876243 12.8209392 20.83529561],__,-8.229999999999961,313.31705362535104,0.07036270549061803,
20190304,531605202,1018,1551667449.6949677,62.05265029765592,1564.9429810603785,114.38781727070504,1551667448.562365,325.6954774597186,[37.94420026 57.78022455 76.56592851 96.30017516 115.84864871 134.45595286 154.93837734 173.84135082 192.90869394 210.74545259 231.52311724 250.5474876],[27.74401071 707.42780273 8.81605564 177.3847168 13.36957601 8.91775738 14.32298658 11.52236319 6.56294031 12.37286074 13.54606998 8.03385411 15.01938493 24.14161037 11.8804801 22.66266953],__,-8.21999999999997,325.6954774597186,0.08542705686210059,
20190304,531605202,1019,1551667435.7981362,62.41859231623657,1347.5374386275487,115.53050017204623,1551667435.1826806,322.81268622185155,[57.81739357 76.419862 96.45396082 115.71308227 134.53362815 154.26823114 173.68542879 192.92742103 213.61450689 231.7702998 250.18837569],[27.58991903 653.95590277 7.31773371 164.3668453 8.13248221 15.93047587 10.95520496 6.49305604 11.75875388 9.65867886 8.03447631 14.58483009 21.85268737 11.54348498 27.60062535],__,-8.649999999999977,322.81268622185155,0.06295965164108787,
20190304,531605202,1020,1551667421.761097,62.97351306913364,1275.781963812989,114.46579753755591,1551667419.9179025,326.6564587776914,[37.43306493 57.89019811 76.29208239 97.1222031 115.80035183 134.78409627 154.22932637 173.70052336 193.70170719 211.95003023 231.25873472],[27.7962914 647.1297659 6.8830907 168.07713087 15.49836822 8.64830789 14.31548956 10.45148479 6.45383681 11.8143397 9.92904077 7.99702917 14.65368421 19.87370811 12.45945125],__,-9.089999999999975,326.6564587776914,0.06418259424185181,
20190304,531605202,1021,1551667407.5283058,64.64682667823733,1319.8008351143212,115.55435853304509,1551667406.9508176,335.54237697564696,[37.85313084 57.81956674 76.94697528 97.3104868 115.65561738 134.66247089 153.81672215 173.44788628 192.29413986 212.10501674 231.17365908 18.36422318],[28.72530772 672.65321562 7.63526509 175.23381755 13.34932422 10.14661352 15.66121597 11.58975441 6.53796116 12.31488925 10.53671088 8.85199059 15.40200991 19.00914383 11.9162317 18.20922511],__,-9.089999999999975,335.54237697564696,0.07194663829301397,
20190304,531605202,1022,1551667396.2786267,64.532952493504,1663.6910976411912,115.36433990306678,1551667396.4687543,332.2394300916063,[38.00810452 57.24175932 96.82425987 115.32803821 133.72750848 153.6381595 172.62916562 191.98004669 230.377767 210.2147106],[26.17134436 673.85503034 8.4498739 172.84667443 14.27968439 12.23936928 11.64096286 6.34490343 12.78689492 9.61747548 10.10244364 13.78544915 10.82718064 20.33419697],__,-9.089999999999975,332.2394300916063,0.08281530599502561,
20190304,531605202,1023,1551667388.687399,65.05934790535717,2299.9434821584355,114.61738805474526,1551667390.0132334,333.6505204987023,[38.32511599 57.34394882 94.46369229 114.8214747 133.05118309 152.72112707 171.69363198 190.38713966 208.68268865 229.23279426],[25.94501645 711.28576688 11.9867653 176.95026355 10.02561979 7.78589651 12.6712796 6.61736175 16.35825127 10.3374277 10.16407491 15.64576174 16.26228104 14.2697489],__,-9.089999999999975,333.6505204987023,0.09030902576735539,
20190304,531743626,1303,1551734734.2925494,57.21423788195944,1654.057671527214,114.12402150775468,1551734733.20208,320.78967936301,[37.15705719 56.67730259 73.80435675 94.0375973 113.28924939 132.38034833 151.18583158 169.59742076 188.76129296 207.06748137 226.21724529],[25.82253624 700.48449026 11.02648054 179.55107813 11.96568978 10.00378887 9.52276127 10.8104576 6.53270145 14.90469701 11.20303675 11.23645492 13.36418858 14.16061541 13.97524665],__,-7.829999999999984,320.78967936301,0.11944190796661462,
20190304,531743626,1304,1551734726.9711568,56.780562911006925,609.9680590843767,117.49848104567641,1551734726.0942438,322.98245532882777,[94.31423102 113.21843305 131.6119255 151.02222052 169.75345983 186.6203815 206.60938741 225.88139669 245.91842714],[27.37850186 443.33697087 3.81740355 165.415982 12.69900114 6.02353756 14.43196953 7.78618895 7.17606206 13.87518341 11.34572626 9.84869455 23.14161919],__,-7.829999999999984,322.98245532882777,0.06439434573228944,
20190304,531743626,1305,1551734733.6711314,56.642728738858594,826.6617747888596,117.83975497735443,1551734733.7925463,319.4261891354352,[93.38291398 112.93776617 130.84197927 150.57179625 169.3971876 187.78915236 206.2807764 225.80594606 245.15928984 262.6557069],[27.10174036 524.87056442 5.08018067 171.68710765 11.68690543 6.96687959 16.87052562 9.09195609 7.64395527 14.37778671 11.07088346 9.84279324 18.33726236 21.48737851],__,-7.829999999999984,319.4261891354352,0.10102887061018379,
20190304,531743626,1306,1551734731.7613885,57.256762146780964,1508.6566892351686,115.83934957889633,1551734731.965205,324.92312230172644,[56.35708805 73.64945799 94.30931406 112.7286186 131.30115036 150.21206247 169.23401337 186.97262283 206.17036792 225.25736307 243.57378356],[25.95010837 699.34153252 8.82900473 192.66567159 12.75916803 15.0827928 10.81707924 7.54564007 12.30849154 10.24736195 8.26629676 14.23326991 12.82810309 12.17818305 23.1578623],__,-7.829999999999984,324.92312230172644,0.09094126643261215,
20190305,531901801,1006,1551811067.9766233,60.25669698481653,1960.1499569341015,116.62142281970912,1551811070.3344228,339.2706996938574,[57.54489545 76.06963039 93.9479453 114.97637706 133.82787217 153.24120772 172.33825744 190.61249682 208.78062438 229.61593719 248.67382826],[25.76832658 725.21018918 10.62367899 192.93828982 10.75259316 13.25408308 11.93090034 6.85333329 14.46558062 15.84064466 8.79465572 15.08454695 16.52730286 12.88550509 16.89179718],__,-6.639999999999986,339.2706996938574,0.12624625107067886,
20190305,531901801,1007,1551811051.5156446,58.69707250776394,1966.560059925123,112.22274649279936,1551811049.429855,336.27164377201314,[58.06728663 77.63360635 96.23990516 115.99147265 136.14268026 155.62848783 173.95432273 195.08391451 214.40565888 231.54394453 249.83204938],[25.65193713 724.47373864 12.92085507 188.1397576 9.43045453 14.56349637 13.69185108 6.49331076 16.62467137 12.14525056 7.80251481 15.68809066 19.96526848 11.38432351 18.33049822],__,-6.649999999999977,336.27164377201314,0.11055573553484391,
20190305,531901801,1008,1551811029.699153,57.180804094039644,1901.5490682051945,115.18875700822059,1551811030.3989208,327.4568505980836,[58.22085898 116.63631008 136.23297889 155.94261698 175.09435474 213.30891586 233.23268069 250.90495562],[23.16374729 660.07074727 12.05759618 186.53954182 11.32570009 6.17624835 17.4652343 15.03716785 8.82010586 17.60223831 11.64728074 16.73220947],__,-6.669999999999959,327.4568505980836,0.08796368153675022,
20190305,531901801,1009,1551811018.3734312,57.94573168362553,1258.4519947671097,114.34576819134722,1551811016.4316497,335.469723327979,[58.03218107 76.99814212 96.97971488 116.43569035 135.4587774 174.57162101 212.42205243 232.55661158 251.00392054],[24.90404316 631.08864553 8.28853368 183.07317008 9.51577719 12.21333362 12.58113288 6.24522337 12.49870649 9.10624178 16.20165816 12.13108005 16.3899112],__,-6.669999999999959,335.469723327979,0.1137140883280352,
20190305,531901801,1010,1551811003.2690725,57.74135605488088,776.2581578819763,117.76560128911,1551811003.3081825,332.7080723724963,[38.16791989 57.78641695 76.7587747 95.99971388 115.96626128 134.84712218 154.63623902 173.8713113 192.01085773 212.02426494 232.04643567 251.06500161],[29.33222167 548.90372054 5.25678634 185.35220268 16.28978973 9.65488624 15.09717524 10.92040039 6.27566259 17.62186197 17.05464023 7.64019732 15.81514351 18.56689066 11.02800456 16.00395874],__,-7.099999999999966,332.7080723724963,0.10218497358332618,
20190305,531901801,1011,1551810989.2516754,55.731858167233476,486.72815369681564,118.58657539861474,1551810989.0575094,319.91447575974126,[17.57342811 38.14317387 57.51064991 77.21672796 96.56710732 116.42299522 135.3827568 155.04601167 174.55618989 192.98526955 212.68405188 232.34935092 251.14167028],[31.83099966 438.25455504 3.81780313 191.44996333 16.06952511 13.95207133 9.59810003 12.60229813 10.51300174 7.1017783 11.22739052 10.27810069 7.61882588 15.88731015 18.38508326 12.32590052 20.36331439],__,-7.099999999999966,319.91447575974126,0.10609780105071451,
20190305,531901801,1012,1551810973.14073,53.99394160986536,676.2315604058463,117.99829509001168,1551810972.9493172,310.8994477507044,[18.97780116 38.56605291 57.87463562 77.8462435 97.15176551 116.62844292 135.67095574 155.69009831 174.99638682 194.31706078 213.70746424 232.98874493 252.51700725],[30.4867294 530.55469068 5.01132355 188.09304289 18.11949067 14.75029678 10.53454867 17.1750759 13.53749171 6.36039739 12.38740674 10.69475357 8.08205013 16.59186812 20.60191469 11.03791997 15.35609385],__,-7.109999999999957,310.8994477507044,0.08313968360756432,
20190305,531901801,1013,1551810956.2707078,55.50010496697251,884.3726155773571,116.69632699646688,1551810955.456696,322.8503129610989,[18.23073255 58.55774103 77.94285969 96.99526887 116.96081371 137.01631958 155.89665716 175.59207609 195.86608571 214.88965345 234.13584018 254.02829438],[28.52296008 595.47761865 5.92812478 185.35193495 14.87418034 11.87099857 13.93985802 11.67448461 6.13492702 13.08804573 9.53495546 8.23343204 16.10467209 17.21782354 11.94142278 20.27192427],__,-7.109999999999957,322.8503129610989,0.09062015366009107,
20190305,531901801,1014,1551810939.0392144,56.21041807460854,1139.419713483874,115.64646268205874,1551810938.0251145,331.64495818389383,[39.46416344 58.74458983 117.40546723 136.26331137 156.31254874 176.02155329 193.90082026 214.99433666 234.69390384 253.94245925],[25.70892047 624.89957966 6.88826255 181.66756433 16.56001975 9.58149844 6.09530155 14.50560415 10.67135537 7.86237724 14.57862165 14.23218978 12.71789083 21.76400952],__,-7.1200000000000045,331.64495818389383,0.06240756838958123,
20190305,531901801,1015,1551810923.042906,55.83520930437799,1544.9013684071244,114.17036569508225,1551810921.6745844,321.2552334543613,[58.2850593 117.24197208 136.81657417 156.12637046 175.71870105 195.62766199 215.00094347 234.02415151 251.80018868],[23.84091918 649.63084937 8.97343953 175.57467041 12.8398617 6.09582916 11.91762477 9.63851001 8.87875737 13.87149306 14.61741862 12.47583478 21.76721933],__,-7.1299999999999955,321.2552334543613,0.09580798721571884,
20190305,531901801,1016,1551810904.3736975,55.94264195319732,1704.9415423811595,114.2736800844187,1551810903.5997086,320.25379343431086,[117.32608468 155.43193379 175.84273137 213.5467462 234.69384951 137.25004904],[21.435913 592.7068295 10.66761402 161.43894266 5.0491408 11.13409428 8.93937166 14.78119031 12.84542334 12.68558848],__,-7.139999999999986,320.25379343431086,0.08122318962313914,
20190305,531901801,1017,1551810888.4349837,57.22014756574606,1969.6652661314895,112.19228248543827,1551810886.3503847,327.9514062016379,[38.38666943 58.792326 77.80298973 97.84886656 117.43631599 136.36863338 156.58541056 176.30529323 215.14218756 234.95344801],[24.85602821 708.36778819 12.25390095 190.66786804 16.21693326 10.02937555 14.39543438 14.04082416 6.20678642 14.45565749 11.57674881 9.13866179 13.79565388 12.96630298],__,-7.139999999999986,327.9514062016379,0.05177235362885083,
20190305,531901801,1022,1551807782.8902164,56.588840000000005,1463.9246859482246,240.44815587997437,1551807787.6063743,326.55400000000003,[50.0232462669168, 81.56412314028012, 100.20863260936521, 115.77764185632508, 134.4242564711601, 151.22100559562938, 169.4054681859779, 183.54109760024107],[34.64101615 692.82032303 103.92304845 277.12812921 173.20508076 173.20508076 173.20508076 173.20508076 173.20508076 173.20508076 173.20508076 173.20508076],__,-7.909999999999968,326.55400000000003,Forward Model,
20190305,531901801,1023,1551807792.3231971,55.02527124444654,784.6649103637596,114.96598301222508,1551807789.3702736,315.8244311859859,[20.10328523 39.30788169 59.12233993 77.15991289 98.58463252 118.21294159 138.44716273 157.54579255 177.38456 197.42732201 216.9345601 236.44224158 256.05273898],[29.96465177 580.15795123 5.59556365 191.07735208 22.32967318 10.45169766 7.9431196 13.24585354 9.98939724 6.96034889 17.24142814 10.56288418 9.05410858 17.56687648 22.49005475 12.37048009 35.19440176],__,-7.909999999999968,315.8244311859859,0.05001043035034478,
20190305,531901801,1024,1551807800.3787959,55.2070323597731,667.916166004065,114.81289950201628,1551807796.9009805,314.33386496032523,[18.88547298 38.46787052 59.03913067 77.94629221 98.5522278 118.13648992 137.51765672 157.30338743 177.22050662 196.49552146 216.64039465 235.88498773 256.30043725],[30.82612095 528.95068546 5.2563306 186.30441337 16.22288943 15.09675077 8.89354422 13.62589861 11.97377697 6.93615333 11.61188155 10.57024499 7.46161921 17.45662858 24.37392565 11.99256215 16.22691678],__,-7.909999999999968,314.33386496032523,0.06021640789190103,
20190305,531901801,1025,1551807809.5613437,54.30965286973215,1369.791950427162,112.73155990284032,1551807806.095697,305.540075721723,[38.89195042 58.94867811 78.2658255 98.30436932 118.09749828 137.58535698 157.38537875 177.16913839 196.04235576 217.074635 236.25881067 255.71414344],[26.78670582 693.32694931 9.19846912 179.87789394 14.91577431 9.41418336 14.3810255 9.86104264 6.76228164 14.12441581 10.5383552 8.37489234 16.71619697 18.9042343 13.09376779 16.57273353],__,-7.919999999999959,305.540075721723,0.0572341060009446,
20190305,531901801,1026,1551807823.7525537,54.41381435512252,1950.3907131758538,111.48824184882461,1551807820.7952359,305.1265738397329,[38.9753438 58.71142987 78.12295697 98.15392965 117.80655186 137.35232141 156.94523972 176.56539777 194.83859109 215.7229345 235.47602296 254.69033371],[26.12585856 750.31520035 13.27677444 189.41193649 11.87049185 8.01783971 14.51238986 9.57028557 7.46900158 15.03459223 10.70075388 8.97151889 17.51739394 21.28617686 14.05403858 23.5900813],__,-7.919999999999959,305.1265738397329,0.054885595514713996,
20190305,531774192,1019,1551745413.5043726,53.79796486982724,1981.6201859627395,116.15236216094668,1551745415.3506243,303.256411127208,[38.24922243 58.23645858 77.20291568 96.98486882 116.5594663 135.91571054 155.52833923 174.84067554 194.01424957 214.32826969 232.87871947 252.65477936],[25.83607207 749.90420417 12.79761323 187.01698419 15.63518072 8.61337987 15.65030026 10.25331975 6.66283455 14.63733656 10.51922304 9.02181143 15.7158825 15.97053122 13.9469932 23.86162472],__,-5.8799999999999955,303.256411127208,0.08423499174823235,
20190305,531774192,1020,1551745431.2228234,56.50805128542481,1708.173035376748,115.48058441558861,1551745431.6928878,316.7948992742938,[38.90393578 58.17761153 78.84204256 96.90656519 116.53524924 135.94584068 155.04757293 174.76538525 194.31710809 213.85464306 233.1341247],[25.762298 710.56587026 10.7589504 184.24340685 12.70821847 8.84953766 13.42845841 10.96110533 6.79523751 14.25676423 10.10936865 9.06545596 14.58492662 17.76815375 15.91201974],__,-5.8700000000000045,316.7948992742938,0.06681778135401528,
20190305,531774192,1021,1551745448.0263784,55.763855186868405,1304.3330287798876,114.4855309089349,1551745446.2681456,311.633993457322,[19.55250153 38.94116093 58.3008281 77.11921153 96.54965632 116.63566938 136.28409919 155.59121929 175.00585312 194.20897972 214.34628931 233.39383667 253.03446189],[28.11753282 705.85324484 8.62827599 186.42346953 13.38177627 11.30225539 8.71897703 15.71092291 9.04718491 7.37736882 16.03173277 10.518489 9.12142075 14.52679841 19.90242509 12.42420337 23.87583514],__,-6.17999999999995,311.633993457322,0.07285502986702679,
20190305,531774192,1022,1551745460.4054458,54.955222347703405,927.7178438969952,115.4021572328932,1551745458.303973,305.7804574827834,[39.10185608 58.29014702 77.82222137 97.1194005 116.5431406 135.87851317 155.53384632 174.96172114 193.52509556 213.8656927 233.25993919 251.82670265],[28.62258046 605.55233106 6.4246304 177.14659933 14.97783957 8.84225368 13.48703307 10.22753648 6.86549149 13.1505027 9.89461355 7.47618562 15.33515975 20.56486235 14.02126611 28.28723492],__,-6.169999999999959,305.7804574827834,0.07288388484341254,
20190305,531774192,1023,1551745468.1941402,55.12428286865494,1038.8774424315354,114.73789981115976,1551745465.7940247,307.574897411544,[38.66728297 58.38367882 77.7259922 97.07705277 116.7260783 135.95060129 155.63346025 175.1790419 193.44318609 213.33416551 233.41574732 252.30061075],[28.2254294 638.51137889 7.25515935 178.86331401 12.13873455 7.62066628 14.80476774 9.63512188 7.03371703 12.35624826 10.35919815 8.33365684 16.45231861 26.6226293 13.41263011 28.78996484],__,-6.169999999999959,307.574897411544,0.061394838896693144,
20190305,531774192,1024,1551745474.2194147,55.493535285730914,1722.7698627495838,112.64995835531161,1551745471.7965004,307.94125819697445,[38.83093942 58.37768792 76.23561772 97.34121199 117.07147424 136.38470261 155.9440275 175.57916926 194.7445122 214.82109833 233.89442109 253.23581042],[26.35418095 727.80790412 11.08289837 179.51974364 14.00340657 10.11386695 15.14600987 10.93753432 6.89336823 12.83550333 11.32464341 7.98083688 15.20079528 22.01726489 12.04431015 15.29345813],__,-6.159999999999968,307.94125819697445,0.06571183763201707,
20190305,531774192,1040,1551747860.9970157,59.47077719622377,2064.3377809635167,114.12222319806936,1551747861.0110674,315.6196202165099,[36.45393654 56.6040372 75.07079591 113.33426774 150.78502567 170.03337532 226.66050036 247.56831274 205.19154721],[24.55942834 683.21444272 11.50647253 175.56829527 13.00249447 8.74934542 12.47516139 6.21217476 11.70750638 8.70099107 12.79791838 19.56364638 17.11293945],__,-6.17999999999995,315.6196202165099,0.13745442700475513,
20190305,531774192,1041,1551747850.5969594,63.03711972998055,1460.2830067042385,114.00244893342003,1551747848.8750489,328.67428994201396,[56.15130375 112.93772792 149.9819056 169.11509797 186.97039558 206.07973472 225.24170316 130.53674751],[24.49284315 614.15703818 7.05907542 161.79026216 11.3379063 5.6323062 10.42482051 8.07248141 13.12559244 14.4926085 13.17385077 13.63876163],__,-6.169999999999959,328.67428994201396,0.09016628503577569,
20190305,531774192,1042,1551747836.8732383,64.15857253405117,1103.0214839483954,116.08882503614157,1551747836.2436209,331.70165897768345,[36.32014607 55.82102026 93.47606451 112.17182229 73.43274485 130.86925393 149.61400724 168.2196322 186.44039538 203.33574086 224.13631561 242.65432933],[29.34323523 627.63793649 6.16399862 171.68372902 14.33262558 9.34570528 10.79817305 6.82362348 16.47086866 13.1333374 12.44587246 7.64898659 15.68443496 17.89436796 11.00155779 16.71865565],__,-6.439999999999998,331.70165897768345,0.07814089738267779,
20190305,531774192,1043,1551747822.4099307,63.51227649186075,960.3477577038354,117.2999493434138,1551747822.43365,321.7517101496833,[36.83247156 55.6474673 73.05706678 92.67172444 111.73188332 129.9391431 148.84538234 167.4521873 186.05905023 203.79618367 223.10981857 240.67216453],[29.84110962 594.69991801 4.86158426 173.89894944 13.57869705 8.412978 16.28898939 11.27035704 6.89964619 12.47131227 9.96647992 9.0007655 13.48528578 18.66781778 12.89547451 29.06907728],__,-6.42999999999995,321.7517101496833,0.0558628318131436,
20190305,531774192,1044,1551747808.2627766,62.137959425307784,891.6962169640159,117.51066465784122,1551747808.2071834,312.68574823142933,[56.22517014 93.18432381 111.93914579 130.36475581 149.05845883 167.89974579 186.00668335 204.00289613 224.05665113 242.88614953],[28.14089573 535.05696259 4.27133183 158.8301981 13.92900573 14.39021156 5.91505628 12.51804589 8.94595833 8.05524917 11.50599556 16.14859365 12.83732888 21.52232627],__,-6.419999999999959,312.68574823142933,0.10651616753902327,
20190305,531774192,1045,1551747799.869985,62.640578760135774,1055.9806503704024,116.35266671743955,1551747799.2334502,316.4091923032454,[55.60885136 74.21319666 112.5667708 130.38819131 149.6826096 168.76960719 186.36602456 204.56382254 225.16500836],[26.57059753 574.42221157 4.9631046 161.15533296 11.20001903 9.21415749 6.15994728 15.07109297 9.7446824 8.77694613 14.18052494 17.00141906 12.86861768],__,-6.669999999999959,316.4091923032454,0.1114197742844456,
20190305,531774192,1046,1551747793.5585315,64.26742791359347,1725.3823992496943,112.94549390164563,1551747791.5492108,322.3185280123062,[113.2149212 150.60724783 169.96643226 189.16167887 207.27753131 226.27597427 244.25506388],[23.57401051 613.7491225 7.85375751 159.44255487 5.46357715 13.19760995 8.92376149 12.29428141 14.33038479 11.26380394 21.06309914],__,-6.669999999999959,322.3185280123062,0.06229616982007475,
20190308,532501367,1305,1552077850.992977,55.96524559351967,2039.747400232324,115.05276175499388,1552077851.9696984,328.4429491867717,[117.04040418 156.06322728 175.64929621 194.41714436 212.7827692 233.88939482],[20.74728927 604.05128419 11.66774698 167.57512155 6.42192621 9.10619015 8.29645544 11.56173161 12.55880621 11.68294299],__,-3.1299999999999955,328.4429491867717,0.10851784992243513,
20190308,532501367,1306,1552077854.188008,56.92851165438913,1336.6757851489888,115.84674774246317,1552077853.9726481,331.9045586901949,[57.84694229 97.10786597 117.08073876 136.88408555 156.16514096 175.73605367 195.04297711 214.16052383 234.29935424 253.26486862],[25.182576 645.92070916 7.61251929 179.03830216 10.52274129 11.35021156 6.80353483 12.10276637 9.014544 8.68963782 12.93143528 13.73366036 12.03353856 19.62450273],__,-3.1299999999999955,331.9045586901949,0.0836238301617032,
20190314,533421550,1002,1552529076.632324,60.287205176577245,1364.1761449687613,133.4447074446981,1552529094.0370302,333.6219127087511,[96.96692268 195.18110507],[23.29668711 483.93283259 14.87258558 189.30403638 16.62132504 32.64468048],__,-2.6999999999999886,333.6219127087511,0.1381658267876032,
20190314,533421550,1003,1552529068.3162377,62.200029236591575,625.3036652135647,117.25532140517075,1552529067.5940967,335.3934072885413,[55.14261683 93.33040217 110.78074435 148.11184357 166.13734721 220.8167007 238.05960268],[25.72341719 437.29542983 3.37366609 159.84491255 8.44792328 9.50642215 6.18823244 8.73608307 7.56188269 14.96435408 16.32921082],__,-2.6999999999999886,335.3934072885413,0.1240254689621785,
20190314,533421550,1004,1552529056.9779606,61.83112049559856,320.82949169884057,117.37328210505983,1552529055.7684789,338.56059934950446,[36.45411545 54.79606284 73.22833696 91.12606493 111.08321042 128.40290038 147.40312678 166.48923005 184.84995856 200.82925445 224.03841995],[31.3781668 294.57798946 2.46156878 177.43754444 12.25162617 10.02299133 12.41539958 12.70752496 5.96112555 12.35772521 10.48384429 8.64100085 12.32651431 14.14069885 10.97847114],__,-2.6999999999999886,338.56059934950446,0.15506709286987613,
20190314,533421550,1005,1552529047.2512455,61.69622037190701,1089.9660956399541,117.18556070584891,1552529047.6563988,325.3428688938722,[110.25265088 220.87114932],[18.12474944 431.67198232 6.39347411 131.88243297 4.96898282 11.26196483],__,-2.6899999999999977,325.3428688938722,0.10008695526943782,
20190314,533421550,1006,1552529039.6448228,59.72190154036031,1934.9881320293416,165.31748863179268,1552529090.6107175,331.40711066378907,[115.66769111],[22.2554051 446.40964954 56.43383002 177.02723228 16.85684166],__,-2.6899999999999977,331.40711066378907,0.30302626608985833,
20190315,533770152,1005,1552685679.0,66.38739898440836,1825.010713620234,118.78887620523724,1552685683.1586528,298.4894315738766,[109.27101371 163.65104002 217.75065343],[19.81087374 513.63039713 12.3032706 149.53289461 9.99457554 15.95541703 21.65579947],__,-2.2099999999999795,298.4894315738766,0.05119249222836404,
20190315,533770152,1006,1552685667.273778,63.89031625078047,1524.3396250944945,114.38002722962383,1552685666.08777,316.0114406600008,[113.21891167 168.88077272 226.30014749],[19.63236341 500.13729585 8.28852103 144.01975487 7.59164614 12.08204381 16.55022836],__,-2.2099999999999795,316.0114406600008,0.08911139124705801,
20190315,533770152,1007,1552685650.8714144,62.41407206496155,1498.507897567306,111.11013444151288,1552685646.15389,301.1340428872123,[115.92310593 154.86632734 175.49144021 229.45559587],[20.52284936 506.34360545 6.176413 127.13056746 6.02019084 8.98989485 9.26211354 9.60399565],__,-2.659999999999968,301.1340428872123,0.16147010816541593,
20190315,533770152,1008,1552685636.8725102,63.703086749107534,1464.4049762686716,110.82604263761966,1552685631.829562,296.99420781453364,[115.97457678 173.85836215 155.02898162 231.58700222 212.14046189],[22.14089938 546.49127451 6.26278266 144.02610558 7.10675861 11.77131714 11.43589235 13.42344081 16.77819144],__,-2.659999999999968,296.99420781453364,0.10835464631218966,
20190315,533770152,1009,1552685624.0959303,65.95416790095466,931.7311647985803,114.87357616497918,1552685621.6708272,311.8842512596047,[114.9864507 230.01010128],[19.18112239 426.54058991 4.67129185 124.7504605 4.97715584 12.90223489],__,-2.6499999999999773,311.8842512596047,0.030095030396549604,
20190315,533770152,1010,1552685609.9161592,67.89225960713516,565.2598814150537,117.27641838646908,1552685608.9625506,317.17064404397007,[37.76391958 57.16215305 76.07941389 94.91134371 115.19766144 134.4102408 153.72336958 172.80939885 193.09544394 209.81768055 229.58851741 249.33168331],[32.68681384 400.12439483 2.44626945 164.58780322 15.39131252 13.84913094 11.12278193 11.02997274 6.14403584 13.15028322 10.37004517 11.02954689 14.50073257 17.70764466 12.3580192 15.62647115],__,-2.6499999999999773,317.17064404397007,0.10908408697546364,
20190315,533770152,1011,1552685597.3695111,72.61182005568054,385.3457568152149,117.56989912401856,1552685596.3693192,340.68914919969313,[57.16015263 75.87562288 94.68947737 115.28261461 135.32020658 153.90651074 172.9794846 190.94286948 230.7837358 249.19587547],[31.55456072 277.95684818 1.99737225 155.44227331 16.26692935 12.36294543 12.92589515 6.36899751 13.78088969 8.47208051 7.84670851 12.42309834 11.08456915 24.69581884],__,-2.6499999999999773,340.68914919969313,0.07920717748941679,
20190315,533770152,1013,1552685569.8374932,75.48466700513464,405.1250703615678,118.46787211485014,1552685569.7827172,332.55069188646775,[75.46848717 112.71926236 130.96390934 150.43742311 169.17125541 186.89687866 206.02559318 227.33309495],[29.61882431 260.54903389 1.68806326 138.83503568 11.70190369 6.12115694 10.84922865 9.35807913 8.33750423 11.57194634 17.80102049 10.39186252],__,-3.1399999999999864,332.55069188646775,0.10028075624406256,
20190315,533770152,1014,1552685557.3269448,74.66098709800376,477.70888121796196,118.29311675717098,1552685557.2118404,329.36600721210317,[56.11052672 74.76795528 92.23985003 112.58672761 130.39544368 150.18941802 169.22535944 187.23809172 226.26240862],[30.51182198 319.15475593 1.92758901 143.38584825 9.53954773 8.63593804 11.05256285 6.61387091 12.49830042 9.29495037 8.65147023 11.75174938 12.19773277],__,-3.1399999999999864,329.36600721210317,0.14341963047154954,
20190315,533770152,1015,1552685542.583352,74.32379215129318,517.6001359212119,118.42869565544312,1552685542.8040671,338.55475709305244,[55.36167395 74.42329 93.59510806 113.63039852 151.54868302 170.91447137 187.88903125 207.78897437 226.72975667 245.34407569 264.58689881],[32.35650341 353.99854879 2.24657207 156.58415759 11.6285473 11.37020019 11.81507077 6.00787791 9.58117842 8.69535424 11.98992978 26.44635808 11.7981293 24.35245142 25.6074237],__,-3.6999999999999886,338.55475709305244,0.11841090579956713,
20190315,533770152,1016,1552685529.7833376,74.88169569862016,556.3597986835938,118.22436777212535,1552685529.9211047,336.7653937049564,[37.64129 56.49348104 75.51908898 94.0059331 113.38487683 132.24138505 151.49960053 170.57322246 188.25884857 206.69797933 227.38144708 246.64234137 264.6142594],[34.34657925 381.91402053 2.25044673 163.39981034 15.29852875 11.11043341 10.39113424 13.68529739 6.54540563 15.27805659 8.92152596 8.46249744 13.76971802 22.9761336 11.73125689 19.42903221 29.42216237],__,-3.6999999999999886,336.7653937049564,0.09106558742237061,
20190315,533770152,1017,1552685516.1984546,74.58728910058355,599.3111494272413,118.3791392350919,1552685516.6777098,348.0439648463135,[36.73731721 55.15853512 75.86410565 93.7021807 113.04905992 129.51070342 151.44564385 169.21537897 186.5332367 206.00130342 226.10246804 245.01811602 263.33126155],[33.8926397 427.85303219 2.72807418 167.41378971 17.72795224 11.68449623 8.66818479 11.75409584 6.31246215 16.03236823 8.63694747 9.33480008 14.57772921 26.31538227 11.56761881 20.82262502 30.48836486],__,-4.310000000000002,348.0439648463135,0.12247856856628916,
20190315,533770152,1018,1552685504.008359,74.08408902974303,617.4282407697863,117.26825989040772,1552685503.3714964,346.91054353943895,[56.22789379 74.46385119 92.79025473 112.3218268 129.13350183 148.53659779 166.13626224 185.26299688 202.27633607 224.30455895 240.92454886],[31.70269167 412.16369112 2.24555625 159.97276104 9.57915408 10.95124623 11.03403615 6.26914843 12.75985046 10.54485197 11.24384114 11.53644915 16.859144 11.05039755 19.81556016],__,-4.2999999999999545,346.91054353943895,0.19241761884665406,
20190315,533770152,1019,1552682518.5952337,56.58975456538776,1111.1180441376966,116.22110962141024,1552682518.1000617,326.88935154100596,[57.41344978 76.40728031 96.07330199 114.71320207 134.07292065 152.71597613 171.91896708 191.14803566 209.34992295 229.73519453 248.66207545],[26.78569846 625.2321003 6.93858545 179.07177553 12.55370019 10.7803055 11.13222826 6.62109181 14.7015485 8.85441249 8.68703147 13.04126855 20.9968872 10.91796993 17.02188383],__,-6.859999999999957,326.88935154100596,0.08325567965060808,
20190315,533770152,1020,1552682535.6710465,56.73125088925306,1179.0742035554167,115.73520790289375,1552682534.926968,330.6067584687776,[37.70152713 19.01760656 56.91562645 76.25983003 94.52692988 114.45327376 133.41503419 152.20028407 171.87288432 190.45442061 208.62069578 229.04546198 248.34907413],[28.25444057 682.1695104 8.17466447 193.06928364 17.00123729 14.55531492 13.89017364 10.3872784 9.20293734 7.26672305 14.90988915 9.00803014 9.75608664 15.53250077 19.72519 11.78360151 20.75579787],__,-6.849999999999966,330.6067584687776,0.10781114318333546,
20190315,533770152,1021,1552685462.570305,69.61341728161798,945.2201415593668,117.69100049479249,1552685463.1167421,334.7736602964834,[56.39386229 73.82977468 92.56558806 111.76934501 132.11914495 149.59116801 168.06772474 183.33433026 204.46389577 224.03083166 242.38405776 261.3182169],[30.70379224 562.87452305 4.08760099 166.10494728 7.03892987 13.03984286 10.96821392 6.93949241 11.07110329 10.40516509 10.56497905 12.71556574 20.40920521 11.90458516 18.3591873 30.62608547],__,-4.919999999999959,334.7736602964834,0.17766121446568567,
20190315,533770152,1022,1552685448.106737,68.70564747397827,824.1086334037475,118.66282457312731,1552685449.4418695,343.73600584284947,[56.36080236 74.26398544 93.41798589 112.45213267 130.68596315 149.8492404 168.85286071 185.51183181 205.07420575 224.32480308 243.5297429 262.28636094],[30.93748573 518.41858632 3.76185915 170.54734669 11.02388386 11.11047435 10.87255378 6.36552237 12.8811184 9.86082104 9.47945961 14.61229138 19.8293761 10.55309488 19.21065824 25.45841189],__,-4.919999999999959,343.73600584284947,0.10095800806296096,
20190315,533770152,1023,1552685435.1100159,67.11782231906555,771.8328666236188,116.9105291666445,1552685434.4154077,333.68211967346707,[56.22264139 75.22201582 94.17033252 112.78594103 131.86922754 150.30431675 169.21354449 188.69100952 206.90655061 225.67229193 243.98086467],[30.14554076 497.80054507 3.68876668 165.80845667 11.32794185 9.71776062 11.02193227 6.07419918 17.81676121 9.45982333 9.47202386 16.05735826 20.77184826 10.67193038 22.574405],__,-4.919999999999959,333.68211967346707,0.09087074721332764,
20190315,533770152,1024,1552685420.974739,64.9295034036777,798.8132493076714,116.29983452858148,1552685419.6681077,322.46407949398554,[56.34228848 74.85071372 94.13667601 113.30997312 132.30554502 150.78626057 169.59274189 188.58528197 206.55998885 226.23194451 244.94340607 263.53785974],[30.70957519 510.30961899 3.62174939 167.77843803 14.22986747 12.78676002 14.0410616 6.5009288 15.43283464 8.19623422 7.99267604 12.62197973 22.89564212 10.12661547 24.63572923 28.43322507],__,-4.919999999999959,322.46407949398554,0.11744432460778587,
20190315,533770152,1025,1552685407.1606507,62.85907285950607,1013.8680210978821,113.25392155234574,1552685403.274881,306.33789084827,[113.94404069 151.42777837 171.2495946 190.10493679 209.88371351 227.66473547],[23.80222637 494.48956586 4.53828888 133.73650329 4.91501956 9.39388845 8.37402458 11.08544512 14.49167688 9.62165951],__,-4.919999999999959,306.33789084827,0.10116904147204751,
20190315,533770152,1026,1552685388.3799844,64.0862854438405,939.0973709889763,115.99116509913328,1552685387.1034539,313.4695803498785,[114.78752263 132.53065867 152.20518753 171.85962971 189.89536747 210.10197337 229.21196759],[25.08795559 487.05212491 3.9251317 140.41476587 5.49494635 11.01054624 9.73579982 8.7270365 11.30260904 15.41562501 9.48928697],__,-4.919999999999959,313.4695803498785,0.13528467750486475,
20190315,533770152,1027,1552685375.2015412,66.21232801244102,775.8892660053093,115.7065500276454,1552685373.270497,319.850649668616,[114.69284032 134.82548613 152.74675734 172.4994689 191.67969897 229.35543137],[24.73311686 445.76593352 2.97995194 143.33419837 6.07961147 11.30340595 9.28073148 9.7676242 12.18866502 10.98466299],__,-4.919999999999959,319.850649668616,0.10594299521653701,
20190315,533770152,1028,1552685361.0108151,70.33650266731709,639.5667146368012,116.29792387986339,1552685359.37263,337.60967329866793,[114.6085526 152.85271952 171.92041324 229.19290846 192.80656075],[24.20722575 363.70524817 2.39041839 135.70418734 5.62902166 9.18261424 8.92837009 9.24854915 14.66027327],__,-4.310000000000002,337.60967329866793,0.0753177401725989,
20190315,533770152,1029,1552685350.3594947,72.0686202217135,733.9401153451104,114.94978406886767,1552685347.6923614,339.47774627217575,[114.18058654 152.83550097 172.03746632 190.64734081 209.69432816 229.66680766],[25.31344268 391.55894165 2.56727097 133.68319438 5.70555011 7.54694635 8.33019559 10.99858208 15.29142486 9.77537056],__,-4.310000000000002,339.47774627217575,0.13844835431349814,
20190315,533770152,1030,1552685338.1324077,73.21297244419011,654.5429441106068,117.56975521263679,1552685337.9021277,328.94627835518827,[111.50050696 130.70193846 149.07650004 167.27916561 182.32057644 200.85370481 227.91939641 246.03410838],[28.43304085 396.93808288 2.6455479 146.76006742 7.64895173 11.53936783 9.9527105 11.03137096 14.38122725 20.87204506 12.91339124 22.5374107],__,-4.310000000000002,328.94627835518827,0.13970560063344503,
20190315,533770152,1031,1552685323.4753938,72.12463058467064,900.5830002544187,118.1126195470696,1552685324.4193542,339.7704084061981,[112.72413955 150.4519619 168.72783303 225.03340156],[22.23459843 448.56895876 3.38055031 137.9440606 6.06576667 9.27772095 10.71156852 11.01289357],__,-4.319999999999993,339.7704084061981,0.09232368877686069,
20190315,533770152,1032,1552685312.7184973,72.18922206234177,1190.3274670690653,114.56538584892145,1552685310.5958006,280.60632022159604,[112.98993819 226.04836108],[19.88323776 422.54600877 3.39531277 97.52635509 5.32072614 11.33586738],__,-4.319999999999993,280.60632022159604,0.17526181391324464,
20190315,533770152,1033,1552685294.9018922,63.92669651782643,1563.8959529850017,119.42182141564372,1552685298.7904084,360.20766687579805,[110.4596262 220.33935138],[17.39504012 457.26919789 8.22412582 133.66708281 4.57310587 9.61637456],__,-4.92999999999995,360.20766687579805,0.26096720671057705,
20190315,533770152,1034,1552685279.928339,67.55178082368283,1581.5772242356647,111.37770679653131,1552685275.8543575,323.13021075137266,[116.53287576 232.28498651 175.59839612],[19.71562104 497.49693819 7.3155147 138.31834691 7.08425145 13.30902877 10.79059258],__,-4.92999999999995,323.13021075137266,0.1675458848883164,
20190315,533770152,1035,1552685268.3720367,69.217113194696,1138.5855073553396,114.77192499903248,1552685266.4778955,323.76270256517233,[95.97565179 114.57496976 130.14477488 151.90699134 172.48246508 228.53584066 245.53489485 207.2217902],[26.0762036 556.69187389 5.32866035 154.15643681 11.71968194 6.02992283 12.53646389 10.34073326 9.85419932 11.61936992 14.94329431 14.13642654],__,-4.919999999999959,323.76270256517233,0.17075453193427192,
20190315,533770152,1036,1552685253.096859,69.58458879483472,1291.6171404100783,116.00056602865075,1552685252.805936,305.6391691376631,[112.76677847 226.25443754 170.1376852],[20.50046488 470.59058959 4.53214551 120.86547555 6.52878902 14.68009678 8.80568292],__,-4.919999999999959,305.6391691376631,0.19802977782236136,
20190315,533770152,1037,1552685240.8237827,70.22160600000001,1518.545296232607,115.52681222361517,1552685240.7778409,328.348,[108.16139877937717, 150.99125216877803, 217.99769778971358, 59.94208507265909],[28.28427125 565.68542495 84.85281374 226.27416998 141.42135624 141.42135624 141.42135624 141.42135624],__,-4.919999999999959,328.348,Forward Model,
20190315,533770152,1038,1552685229.1659856,76.59108888146156,1609.3384464464968,114.26696810886993,1552685228.4130988,329.6140567185581,[114.11477821 132.5648455 152.36303785 171.04800416 228.11110537 190.05338291],[23.93326159 558.21799109 5.05959661 136.61633905 6.86689893 14.7838223 9.43792067 10.72568879 13.74887766 12.84196018],__,-5.519999999999982,329.6140567185581,0.14971108521908463,
20190315,533770152,1039,1552685217.1612349,76.54820796609633,1670.0477060847863,115.0244456414559,1552685217.0826535,313.69809488391064,[112.39201598 224.47412918],[19.34743946 457.16617107 5.60880539 113.51199952 5.41421921 12.00806262],__,-5.519999999999982,313.69809488391064,0.09104890782524863,
20190315,533770152,1040,1552685206.8967414,79.07604387543344,2058.8066472437854,116.34204014478352,1552685209.326862,343.2255603314045,[111.72106525 167.15145715 148.62269434 223.39276232],[21.57812036 531.83747551 6.61192181 129.13862905 5.84034623 9.16214598 9.00603515 11.5224291],__,-5.519999999999982,343.2255603314045,0.15713180542707925,
20190315,533770152,1051,1552685076.8392026,74.31369327828004,1780.3517451650396,113.9639189986133,1552685076.0086803,308.9920755408794,[112.19789698 149.27143998 168.32248915 202.58234241 225.06410736 241.12755312],[23.59091128 567.87282689 5.60945283 130.85530312 6.02774909 9.65698588 9.91404993 15.12810168 14.30383985 16.66569252],__,-6.109999999999957,308.9920755408794,0.15157620990092394,
20190315,533770152,1052,1552685066.3789783,73.04980073971143,1399.100987000289,114.57327326488603,1552685064.989274,313.53425183005345,[113.03077753 150.822925 169.52761704 187.51366991 205.8889901 225.64659035 244.68138741 92.89282489 74.59323577],[26.86833493 595.03734131 4.5589425 146.34336015 6.66406552 9.95672615 9.41040006 13.68039656 17.51943013 11.62162527 18.49938584 14.91924781 13.87213966],__,-6.109999999999957,313.53425183005345,0.0942135706636175,
20190315,533770152,1053,1552685053.536583,73.1811662817114,1240.0639631102204,114.4386128256064,1552685051.5669792,312.8590382465479,[75.71973497 94.70415781 113.56040455 132.41525624 151.69663394 170.65587553 188.3216308 208.28546002 227.14439288 245.52626042],[28.31120851 571.1519456 4.0488998 140.21266466 9.88323539 13.40776847 6.41220261 13.57789054 8.82814061 9.17666752 12.95725985 20.39151121 13.16831235 22.76148817],__,-6.109999999999957,312.8590382465479,0.08606648314693621,
20190315,533770152,1054,1552685041.0613296,74.86620856910865,993.3110512785524,115.53176338688354,1552685039.591177,321.7372348705157,[56.6985018 75.99556532 94.61721554 114.13603573 131.61512273 152.45319761 171.44631703 189.10078255 209.82943906 228.22823095 246.92977479],[30.36144687 525.5475259 3.28192299 147.30593775 13.88407867 9.95893176 12.85991304 6.66290232 13.83643497 9.05319048 8.33433371 13.1943953 20.24146501 11.45257966 21.99313709],__,-6.109999999999957,321.7372348705157,0.116255467894635,
20190315,533770152,1055,1552685029.000569,77.51970619040807,912.769142333541,116.63561922355723,1552685028.5463643,333.01025620493925,[76.10760529 114.31669672 152.81033852 171.41276978 228.61123621],[24.17886604 427.27173739 2.75688053 123.78038495 9.03434393 5.99749295 8.32132702 8.59366561 10.85209659],__,-6.109999999999957,333.01025620493925,0.09311658743460448,
20190315,533770152,1057,1552685008.251672,77.13567208016524,1750.7735513442285,115.51245358069431,1552685008.889186,333.7159008495536,[112.79239959 149.47541659 168.44679706 204.46765014 186.04254712 224.52243047],[23.68043785 578.03699607 6.44724584 150.84166874 7.82271622 11.65923499 11.89358878 20.81637807 15.6440846 15.46448428],__,-6.699999999999989,333.7159008495536,0.0830927002203707,
20190315,533770152,1058,1552684996.5968552,78.00258805140646,2149.7874729700834,115.07568619847044,1552684998.0215483,346.65070828411166,[75.85178535 94.59805888 113.30225389 133.36425228 151.60899961 168.1279645 190.48208222 225.8827088],[25.65060526 645.39200609 7.83668588 154.49798297 9.3772069 13.57951082 6.17017451 13.23275276 10.471076 12.85225027 13.39497397 13.65789326],__,-6.699999999999989,346.65070828411166,0.11983009421308632,
20190316,533950817,1021,1552768410.994932,55.513749590388876,1761.0968161676753,113.45938388535818,1552768409.5640867,318.047061344505,[57.51245161 78.99706136 94.65633188 115.1169769 134.23792875 153.55758479 172.74978689 191.89323864 210.79980648 230.13006866],[24.77031864 704.31797893 11.64387166 196.29876218 9.90552992 11.69749168 14.27465521 6.90504355 15.45903176 11.24591553 9.57537674 14.1817616 19.58229653 14.22892141],__,-0.8999999999999773,318.047061344505,0.08346673953024304,
20190316,533950817,1022,1552768425.5910807,57.23046860774029,1146.9727208625523,113.82543750830854,1552768422.8400242,333.08292182760493,[115.00883309 134.38711128 153.28462723 172.59645987 192.67332107 210.2349217 229.8606853],[22.960761 553.36620281 6.1583882 159.97791122 5.67893033 11.57006213 8.96836214 7.97620925 10.93134025 13.10974172 11.40587221],__,-0.8999999999999773,333.08292182760493,0.11330378038010641,
20190316,533950817,1023,1552768435.4051888,57.818121676921024,482.9318648393377,115.93188943123785,1552768433.1341162,339.33326994088236,[38.61618033 57.87651034 75.88811023 96.95007547 115.53039853 134.32658769 154.17531454 173.23955631 193.00625068 212.2659394 231.37252405 248.65208413],[30.77405858 408.34868625 3.32539059 192.34625872 20.17477504 9.40359685 10.38454848 14.27799377 6.76555187 14.06014378 9.32685824 8.46768035 12.6618675 21.83942225 11.06328621 20.89608481],__,-0.8899999999999864,339.33326994088236,0.07372710341050685,
20190316,533950817,1024,1552768445.7591321,57.42336157293661,709.8455771070784,115.59167052165458,1552768443.6291587,339.81189347918104,[58.33663889 95.85211263 115.3518096 133.97355728 153.85777026 173.05185365 192.1715774 210.83960358 230.90163992 249.60405674 75.81283702],[28.4255204 505.56281673 4.27494937 184.88623717 13.49557139 16.79981981 6.29433005 14.55448168 8.72936745 7.92122915 13.38688857 15.00560493 10.12169263 18.60352098 17.39486613],__,-1.3999999999999773,339.81189347918104,0.10025453155117424,
20190316,533950817,1025,1552768744.7773473,64.62667951549088,581.405110691912,116.26461964721001,1552768743.0376003,332.5924751493863,[57.64769789 76.50869327 95.65529751 115.45494385 136.04259933 154.07177778 173.36130484 193.29337661 213.71261249 230.90993956 247.42872065],[30.73948525 423.85280671 2.99572542 168.39325189 7.24364565 13.75392363 15.12409634 6.54733289 12.38642674 9.90092819 7.51177707 13.98173153 22.27434556 11.93895565 19.57353954],__,-1.92999999999995,332.5924751493863,0.12863900203739892,
20190316,533950817,1026,1552768731.4031844,64.0498890369091,763.1427999046439,116.26885569664218,1552768730.2117445,352.5708249972378,[57.59227471 35.5615366 93.9901706 114.50763874 132.27626968 152.35584495 171.55690778 191.24036236 207.13481914 228.69754383],[28.22290025 515.35015014 4.4644032 179.62265561 8.71720459 13.31969993 14.7024685 6.06415849 14.47640663 11.02057801 10.04428773 14.33956555 15.21976889 10.95917103],__,-1.919999999999959,352.5708249972378,0.13995885520057888,
20190316,533950817,1027,1552768714.3218431,59.71117161450572,981.0449344648487,118.45440294512143,1552768715.8260655,339.5561191836604,[112.98762997 132.30750139 150.52380072 169.69121795 188.26991387 206.36558581 226.13650493],[23.76793327 536.00685808 5.16538075 165.6093267 5.86032169 13.78303822 10.75460523 7.39396348 10.80451989 14.0637956 10.34400427],__,-1.9099999999999682,339.5561191836604,0.07189693973571963,
20190316,533950817,1028,1552768699.7640948,55.642406031996956,1164.255731971468,116.86254473387288,1552768700.05872,336.4560062007857,[112.66352119 133.20442063 150.28126325 168.90747835 186.2412887 205.21177824 224.85507137],[22.4923162 600.51903327 7.90943753 190.34633914 6.50959888 14.20263279 11.41201446 8.78452517 16.01226658 14.63052984 11.84847914],__,-1.8999999999999773,336.4560062007857,0.09388900903703082,
20190316,533950817,1029,1552768681.3009012,51.272086196816474,1180.9714371365976,121.51755303540455,1552768686.3569915,344.8529771574233,[55.50772449 90.8970924 111.13123106 129.53783279 147.65267956 166.75072537 184.88252692 203.19512289 222.27734649],[23.06555409 662.92597829 11.0813021 220.50827544 13.86214923 21.99788794 7.840538 13.40588825 9.80639795 9.94266977 13.21803961 13.38268316 12.08132648],__,-1.8899999999999864,344.8529771574233,0.12601719473136888,
20190316,533950817,1030,1552768669.843689,54.38838680904101,1728.750719096241,112.87714859181244,1552768667.8142328,283.4270507368315,[116.90370212 155.94718349 175.4871913 194.23020138 215.19027783 234.24460451],[21.79018812 603.10843727 12.13650952 166.52222169 6.10966749 11.74610341 9.67627053 13.22603174 14.46134318 13.33954181],__,-1.8799999999999955,283.4270507368315,0.10577221969156053,
20190316,533950817,1031,1552768653.402585,62.037541594206644,1887.5539077466185,108.71464756257167,1552768647.6388793,323.23256234753575,[58.39292603 94.98910915 118.29752685 156.86476419 177.47491581 197.4540543 216.68321541 236.42813472],[24.27095357 650.3245686 10.12190753 167.84652267 8.04174545 12.53557516 5.90684668 12.84907479 9.97895881 14.38617833 19.29966004 11.15759629],__,-1.339999999999975,323.23256234753575,0.16255013878962044,
20190317,534116929,1305,1552852249.538214,62.747477252202984,1831.8516151336496,113.02266212274607,1552852247.9044852,331.2541617023546,[114.1771489 153.86269765 171.35523692 228.81194969],[20.09808242 542.45496235 10.55269879 154.12889053 6.2698607 10.03397024 9.17611132 12.48762818],__,3.340000000000032,331.2541617023546,0.1329005407449756,
20190317,534116929,1306,1552852249.3931417,62.97946897290258,1086.506685704766,116.66080007193737,1552852249.2812557,338.16694107529486,[113.23910768 132.16753657 150.8698172 169.68740728 188.40501172 206.25362899 226.05791619],[24.02558092 546.07952611 5.11470883 160.52693407 5.94427691 9.70778037 9.99338369 8.40003892 12.06706728 16.09944613 10.86810038],__,3.340000000000032,338.16694107529486,0.10797190627159295,
20190318,534319912,1127,1552941665.103109,68.17510290739068,1675.7208768222008,94.90523414430875,1552941645.2548668,345.42818011078066,[19.48925228 40.09437581 60.61642903 80.08612921 100.89317507 121.22204193 141.35092683 161.73040885 182.10020614 200.85063292 221.83395739 242.43797739 262.70916459],[28.83556976 720.20884471 7.98444424 176.34796988 13.23659378 10.95161172 8.30481003 14.33190744 13.09623128 7.2640927 12.70603912 10.68051272 9.83416968 14.76229713 19.83442399 13.22884113 25.42249012],__,-1.0399999999999636,345.42818011078066,0.1418999806955514,
20190318,534319912,1128,1552941674.9324343,67.33048676450049,1585.4784837491395,99.77589789686648,1552941659.6673474,345.95288879409094,[40.135433 60.72512944 80.88334472 101.11743263 121.4376153 141.90722914 161.86924714 182.46865205 200.90813794 221.96415573 242.9360983],[27.37329107 680.45850406 7.89202852 172.88810686 11.13597412 8.21206429 11.6019499 10.79948558 7.37220332 11.68113631 9.68048067 9.22286484 15.53602239 21.05942642 13.63115039],__,-0.48999999999995225,345.95288879409094,0.07723367074778432,
20190318,534319912,1149,1552942025.468507,64.99787009698544,1601.2967441578116,79.20451639997293,1552941989.709432,323.01855812773533,[40.28708984 60.78127884 80.23445518 100.80719377 121.72803629 141.45309335 162.0552717 182.42290507 199.44089235 219.73910558 242.99753183],[27.20800672 689.57607084 8.80445646 176.15856779 10.98251708 8.74329554 13.07573848 12.73769462 7.77588905 11.36839085 10.95755417 9.52779916 17.28212647 20.63149685 13.02210462],__,-0.15999999999996817,323.01855812773533,0.14890601223528707,
20190318,534319912,1150,1552942041.8142612,65.29222745958158,886.4338290086789,76.09588176674148,1552942001.2511873,332.66370095558597,[19.63058797 39.92470921 60.97687353 81.64471797 99.80886733 120.42881778 142.3496184 160.53942047 180.87682363 197.88639701 214.85391591 239.67784045 260.14990505],[31.37070675 591.0405957 5.44770983 175.59611489 14.84639604 12.66721765 9.0614058 11.4858915 11.33889878 7.87040171 12.52964955 8.87583107 8.09155016 14.07746507 18.4879458 14.05276095 19.34348025],__,-0.14999999999997726,332.66370095558597,0.23300316753387174,
20190318,534319912,1151,1552942058.294084,59.481376893769735,645.2367092558613,73.81734187274446,1552942014.2784462,328.5166530451579,[40.19894295 60.93765232 81.99743976 101.47438378 121.8417723 142.33929293 162.38094178 182.86276156 202.96217034 222.31791023 243.71582196 262.62092957],[30.51379173 477.619256 4.15220385 178.4493323 14.63661763 8.86251443 12.35660303 11.16729565 7.45996044 9.90747562 8.85507746 7.6541509 15.83455174 19.91877047 12.99821314 23.90625451],__,-0.12999999999999545,328.5166530451579,0.09572777337811636,
20190318,534319912,1152,1552942071.7430508,52.043000084268314,598.3164637195755,73.01226287904908,1552942026.1222937,339.33421864762454,[40.67028269 61.27126853 80.90730291 101.21927394 121.95764584 140.43150565 161.25374202 180.7255757 226.12906715 240.53934103 259.01934067],[28.26259528 570.22714281 7.25601045 201.56690742 10.55099488 8.85176884 12.41967084 10.66359898 7.72965524 11.20944561 10.85912614 10.18514441 18.67096875 12.82555959 17.79569062],__,-0.12000000000000455,339.33421864762454,0.19520765569183227,
20190318,534319912,1153,1552942089.3222184,45.71734401945689,756.7591893146188,78.93516622149708,1552942049.8641388,350.96216729560723,[41.07552119 60.56727942 79.79724928 99.77181528 121.12602864 141.27071209 160.90375953 182.16854023 202.42430405 222.71484223 240.62395464],[25.08631722 615.82607119 9.5248717 222.82415847 12.87489176 10.68717263 10.85170299 14.41389345 6.76718388 12.35541776 11.09641653 10.07949807 16.34046442 16.96692981 12.83527838],__,-0.0999999999999659,350.96216729560723,0.23116042547900378,
20190318,534319912,1154,1552942103.4165292,48.61491269468526,699.222386178534,77.46246053465339,1552942062.3566191,340.9313041384408,[60.62033871 79.49046167 98.53048665 120.76706309 139.87004737 160.24400872 179.85379107 200.13715354 222.47077266 248.58373269],[25.79284609 557.03497031 6.52793576 196.09838373 8.40019895 9.67154618 10.98307986 6.61801912 9.63083576 10.25618865 9.21022487 12.12213261 16.49666381 12.97156836],__,-0.08999999999997499,340.9313041384408,0.26748831690114483,
20190318,534319912,1156,1552942130.3851213,49.31032802488829,766.1134464584779,89.39156493026795,1552942101.420723,325.7306687403888,[59.530933 98.83140359 120.44090864 140.31753374 160.89940343 180.52327831 200.95821491 222.40947671 240.87126944],[24.67442888 529.36419205 6.11915964 185.87813388 12.78074316 12.82233017 5.83622282 11.02842772 10.21404355 8.91252106 12.84404239 18.76955908 10.95263881],__,-0.049999999999954525,325.7306687403888,0.13522619013783083,
20190318,534319912,1157,1552942143.4702353,58.70027324134428,701.4896138326187,88.47750719579469,1552942114.3168802,344.4556614530381,[40.03576534 60.39970885 80.07414455 100.67143773 120.79057481 141.46776228 161.15026094 181.29753836 201.57908634 221.17471494 241.71825711],[28.69353445 525.94312614 4.68409239 188.29565602 11.90375593 7.68778515 14.40977132 9.70617185 7.62358234 10.08350014 9.62249396 8.91963356 15.17127909 22.0223444 14.91604837],__,-0.03999999999996362,344.4556614530381,0.07889746696739294,
20190318,534319912,1158,1552942156.4126027,66.1210342298235,932.8871529204149,86.25445199971568,1552942126.200726,335.46659083506097,[60.24475649 77.57652526 100.19612409 119.81813812 136.75297295 157.11574678 178.19446168 194.88991977 214.46091687 239.60126465 258.6049163],[29.4315305 573.16230527 5.25233448 165.76883879 8.1459419 14.96297955 10.47481176 6.43244123 10.98061494 10.18724216 9.18106848 12.91867837 18.33720165 12.00361486 20.78478621],__,-0.01999999999998181,335.46659083506097,0.2873181812843097,
20190318,534319912,1159,1552942172.5121663,67.18485939055559,1007.4644491814304,84.94036388198784,1552942141.2421184,335.7735938524286,[39.57867383 60.29578775 81.79946875 100.2592941 121.31726348 141.6100497 160.68832243 181.30357677 197.71919198 217.13651258 243.08970349 263.77020438],[30.11633601 617.26431624 5.49826365 176.86433018 12.05850728 8.88565917 12.86403217 10.77934204 7.28375323 13.46962364 11.96134574 8.60417442 14.90660548 20.65388774 11.88831424 23.32753686],__,-0.6200000000000045,335.7735938524286,0.2386999208409108,
20190318,534319912,1160,1552942187.4244373,65.26006486754416,876.1668978020609,87.1763173037894,1552942157.9424863,335.88721878690853,[39.79327816 60.68374721 82.14093049 101.2468608 121.20269998 142.24928382 161.5680361 181.12431042 201.05550706 220.48915073 241.85333478 262.3196476],[30.23502219 550.80114722 4.43817864 171.83515344 14.17193794 10.44067811 11.00795638 10.82173714 6.64870263 12.20672601 9.78080577 9.24736021 14.76464735 18.41849443 11.30403268 21.76119224],__,-0.6099999999999568,335.88721878690853,0.14556298250863647,
20190318,534319912,1161,1552942204.7462318,64.21107823534561,689.8950531699691,89.41343982796839,1552942176.9508648,325.43823906624476,[39.67353678 59.7319986 79.14872292 99.78529152 119.67441282 139.15135287 159.35000099 179.38995581 198.88013757 215.3071102 240.24018256],[30.18733961 462.45090801 3.4342791 166.44917605 14.41354584 7.83461571 12.98724531 11.81633334 8.13785387 12.48563334 9.59020023 8.18256508 12.95536854 19.7731348 11.73857599],__,-0.589999999999975,325.43823906624476,0.13402187131422805,
20190318,534319912,1162,1552942221.8092473,62.51476976586455,696.6492404622734,85.98224659809446,1552942190.0460243,315.5099031306686,[59.52932239 78.21114661 99.07147378 119.36020592 139.70826584 159.14271025 179.08447696 198.07001932 218.41597575 238.33711259 256.86649039],[30.03477492 466.87801204 3.3398462 164.7803775 11.52881823 16.02807987 12.09937985 6.2803453 12.9973353 8.80815797 8.06171508 12.57187042 22.9710296 13.76440057 26.94418982],__,-0.5699999999999932,315.5099031306686,0.10207292518639084,
20190318,534319912,1164,1552942246.6306791,59.75252436640722,603.2051825549694,78.6498150501699,1552942207.1772413,337.8107891951167,[61.64708201 123.06979178 184.88083329 245.99234986],[21.78704935 393.51994616 3.56926127 141.70304282 6.82331033 5.23321539 8.90459548 10.6558518],__,-0.5499999999999545,337.8107891951167,0.13378685893044634,
20190318,534319912,1165,1552942258.5218768,67.14313017185391,1233.6169913366427,81.4829285959994,1552942224.0267696,313.4302826557948,[59.17619041 76.83669204 97.4483108 117.90707181 134.67955197 154.64793817 174.08397807 192.76631847 234.83186137],[27.02882209 625.4171361 5.90329793 172.182785 8.36631952 11.93508538 11.91379072 8.77983972 12.84118109 14.84109158 15.22598265 15.61039364 16.3830498],__,-0.5399999999999636,313.4302826557948,0.2251767476889826,
20190321,534899218,1029,1553197237.6981337,71.09151652904818,1677.7880889997443,116.00166851247795,1553197119.2490456,340.0425350960743,[38.5823346 57.78268711 74.8804509 96.65248426 113.31086983 132.72591245 153.80702485 171.00174242 192.40397946 208.5325071 225.70247302],[29.15241852 700.56058901 10.21537289 161.14686126 12.10873759 11.03666766 6.62148297 7.99973336 10.1169458 14.76194052 12.30125265 9.05999182 11.78489996 18.11794324 15.9411046],__,-2.42999999999995,340.0425350960743,0.3071228010476407,
