20190214,528473737,1057,1550172062.174925,178.0401431013337,7971.077381321625,32.89168985191,1550172060.1017575,317.0329468284558,[25.02819727 51.87243834 77.78255313 103.68888638 207.16165775],[27.60045334 595.01096782 6.92833055 71.79296939 9.71027148 8.03516275 12.95168962 9.55183834 16.8793301],__,-49.75999999999999,317.0329468284558,0.0595376684927838,BE20,
20190214,528473737,1058,1550172058.513516,178.17129088954363,7909.486125122281,33.2375808965753,1550172056.6965377,318.0406730048251,[25.70035618 51.24777005 103.90865616 154.77316686 207.14939345],[27.53455131 594.6757067 6.32040321 71.4776994 8.02939741 8.91483065 9.37354431 19.58508471 16.73119512],__,-49.76999999999998,318.0406730048251,0.046324321788854234,BE20,
20190214,528473737,1059,1550172055.302742,178.3522184012039,7903.605228840914,32.90092253267026,1550172053.1798556,318.47250193710863,[103.90130132 207.3993734],[22.64017077 486.13535044 5.39419209 58.45701322 7.52808172 13.5064455],__,-49.76999999999998,318.47250193710863,0.026889349945756404,BE20,
20190214,528513333,1076,1550184639.4587731,114.53504726698131,6444.700225843579,108.98814475474654,1550184640.4198923,304.4562202879175,[107.0863967 213.57372685],[21.48546742 488.2056536 17.72255173 98.4571942 10.32936338 22.98585751],__,-39.02999999999997,304.4562202879175,0.040672266956854955,BE20,
20190214,528513333,1077,1550184643.1421418,114.50910032463524,6339.329607533917,108.05614436765332,1550184643.0326934,309.83870983811966,[108.74951542 215.80132341],[21.38054461 487.61007927 13.55721402 92.96738344 8.33211854 18.28273615],__,-39.02999999999997,309.83870983811966,0.05105601003037517,BE20,
20190216,528756142,1079,1550301840.0429173,146.06630640408844,6157.064967030205,106.50333935527605,1550301838.6130652,315.02255024567563,[56.26094574 84.70907575 113.22746855 139.51771467 225.63457435],[25.32717072 584.61640702 5.87566356 71.08004863 8.53432237 9.43056368 6.09080496 10.7191413 14.52174069],__,-34.089999999999975,315.02255024567563,0.07374419635168872,BE20,
20190216,528756142,1085,1550301804.8021214,147.7762194218254,6026.187552261757,106.73206998989811,1550301803.4165988,317.4139651786352,[28.34259191 56.58592576 84.50443446 113.22990092 141.12188633 226.23404505],[26.83396205 615.83406933 6.00841529 76.19066166 6.5670639 8.36147698 12.93438761 7.23745374 12.75301525 13.612018],__,-34.119999999999976,317.4139651786352,0.052291108993353534,BE20,
20190220,529473306,1299,1550644915.8506157,129.56207232838847,6132.010922919237,81.45591198035885,1550644888.7742305,325.92856261160836,[108.16123112 215.17009821],[21.25013335 483.97330599 7.52510154 77.63390582 6.20252738 12.38937592],__,-42.39999999999998,325.92856261160836,0.1405692392035927,BE20,
20190220,529473306,1300,1550644912.6865127,130.93782120521567,5985.922105826512,81.13028683049652,1550644885.0406084,336.53297218690227,[108.83607289 216.3510708],[21.57669427 484.57987347 7.75936071 75.99485233 4.90602 12.65312748],__,-42.39999999999998,336.53297218690227,0.06419388351307077,BE20,
20190225,530369426,1073,1551081367.0518105,144.93130446548167,8304.073705063724,106.8859766829067,1551081369.8020568,328.65013499592965,[106.31581058 212.57454922],[21.8891039 486.89129253 9.7496686 74.26998308 6.01905604 11.54344887],__,-44.809999999999974,328.65013499592965,0.034778562322680624,BE20,
20190225,530369426,1074,1551081370.5777159,144.96429935238294,8188.407541900309,106.00639231431997,1551081372.2538953,323.66115004971806,[106.36420327 212.62531714],[21.81484044 486.67544321 8.95152595 72.12769627 6.81387198 13.18577992],__,-44.809999999999974,323.66115004971806,0.024524166287676105,BE20,
20190303,531497972,1066,1551613625.6905358,153.40545552347334,7069.210702196136,105.09675313038491,1551613624.3261895,313.38082245216117,[109.25340865 218.37041067],[21.32099971 481.94027466 5.24163332 61.94200164 8.35610954 15.98329279],__,-46.20999999999998,313.38082245216117,0.02494659322399508,BE20,
20190307,532272942,1001,1551978919.144759,128.6649480764414,6662.862828641754,106.42170087690032,1551978917.9765007,314.21812643036236,[115.55708019 230.39111629],[21.50065023 486.55316064 14.24406598 91.99502287 7.25936852 16.29885456],__,-29.269999999999982,314.21812643036236,0.06473224769111587,BE20,
20190307,532272942,1004,1551978898.104122,128.43689089009627,6559.672640649836,107.06145838879887,1551978897.42989,321.7018749623098,[115.0946496 229.58014124],[21.47449701 486.67442361 17.85483022 107.98203983 8.88858707 20.43981705],__,-29.279999999999973,321.7018749623098,0.027245309273807757,BE20,
20190311,532958447,1063,1552315903.997947,152.7590269015864,7114.240312945399,106.27556549229433,1552315904.0142133,320.70801756577805,[27.7362537 54.48689947 109.20431789 217.94903314],[24.74340459 557.0943699 7.37029116 71.08312811 5.70940151 7.32931182 7.13998375 11.60294372],__,-47.869999999999976,320.70801756577805,0.0479789514092427,BE20,
20190311,532958447,1065,1552315913.155705,153.0687394689628,6899.179433753373,107.06034895945423,1552315913.6190531,322.20474602925617,[27.13891301 54.49504131 81.22170587 108.9981891 216.97282488],[26.01561143 589.14233038 6.78335427 72.38614828 6.56185385 6.96461985 11.77504834 7.35502867 13.15198605],__,-47.87999999999997,322.20474602925617,0.05391014041246982,BE20,
20190311,532919352,1077,1552304510.3628578,118.93409507348181,7261.264074838948,104.6272399338944,1552304508.784244,313.8911209652759,[27.45080211 55.74354435 83.09238621 111.69180154 138.71540637 165.02936876 222.12674701],[27.73878764 656.52249732 12.03905788 103.20184315 7.69860851 8.49466995 13.38458499 6.99430364 13.81934645 16.23355803 14.57612925],__,-48.14999999999998,313.8911209652759,0.08177244188073443,BE20,
20190318,534339896,1149,1552951529.9635494,178.85684733495475,6306.1984120553225,106.71004289233036,1552951528.8112764,329.25450849982576,[26.72053546 80.12870822 107.85263012 215.53264652],[24.90746437 549.64989885 4.18336117 59.96128244 4.68431859 9.89419658 7.9544066 11.92456045],__,-40.26999999999998,329.25450849982576,0.07941424979801992,BE20,
20190325,535607057,1157,1553520093.9890676,134.1413453685621,5692.270291593404,53.69395911008249,1553520039.0805185,312.50204442722213,[112.59188125 225.06900611],[21.33830106 481.94499473 8.2438846 72.24662956 5.19357444 12.13716469],__,-30.919999999999987,312.50204442722213,0.07011023569864172,BE20,
20190309,532558077,1012,1552130271.9721122,266.5319614494115,11818.04301888444,101.24566074776551,1552130274.8583615,313.7559283531731,[27.3591797 32.87155402 105.47332424 161.4030071],[26.46711066 559.74286186 3.66198858 36.24034658 4.64740832 5.11553981 10.9421781 13.91721074],__,-54.12999999999997,313.7559283531731,0.25244890887230415,A359,
20190309,532558077,1013,1552130271.9795704,267.93283862292583,11714.395090389116,92.16826707011612,1552130265.6453621,321.3974787467906,[40.71851724 184.65642791],[23.11985113 485.46718315 3.67664901 32.48791482 5.06036377 11.52565986],__,-54.12999999999997,321.3974787467906,0.2660031909050554,A359,
20190214,528355590,1005,1550116895.4937408,45.51422838746122,1232.087179848162,92.3631419554708,1550116870.2437282,336.26493259438826,[77.02724642 96.01505802 115.16945609 134.03073546 153.61589864 229.04947442],[21.64207174 608.2046324 24.6399156 224.03275913 7.96535099 10.82447941 13.06304213 15.89140896 15.57878809 25.03303466],__,-13.089999999999975,336.26493259438826,0.10934822764680031,C172,
20190214,528355590,1006,1550116908.0713325,45.83408496912619,513.6492087101014,104.19570490619456,1550116893.4845734,332.4473729688374,[58.75323142 78.15023286 96.73496173 115.82208641 135.4341153 154.97005074 173.69024465 194.04226992 212.57110956 232.35597701 250.04249593],[26.9715995 516.88797086 6.37697542 218.5709111 16.93788594 6.87774913 8.55962153 10.48175271 11.35192162 8.980349 13.47412369 17.94839627 16.08913975 13.82694514 17.27893338],__,-13.099999999999966,332.4473729688374,0.13512618987852745,C172,
20190214,528355590,1007,1550116916.2048416,46.124148184424186,684.1520862868564,112.29339672123464,1550116910.034182,340.39425686888865,[38.61968391 58.15883168 77.47602043 96.83764231 116.20442483 135.50312745 155.05665649 174.43027726 193.92148315 213.04817623 232.48711828 251.14598839],[26.64540886 604.57108626 8.30600137 223.28044107 19.76508662 15.03717338 8.24783185 9.65274151 9.23884012 10.16032653 8.58654861 10.13463209 14.18473925 22.70257593 12.59362256 20.88536445],__,-13.109999999999957,340.39425686888865,0.08351988948063499,C172,
20190223,530132508,1081,1550960374.4733906,48.00654270654283,2835.1176050034787,122.1745091747619,1550960382.2925189,348.22198293362067,[82.09205956 102.36393574 123.08259891 143.23681113 164.02221181 61.15410162],[19.30373226 627.563918 36.79054521 207.44279139 6.52461202 10.82002856 14.02503599 14.63139312 10.51512245 11.05735134],__,-10.729999999999961,348.22198293362067,0.06533075081915729,C172,
20190223,530132508,1082,1550960356.020305,46.87551143054803,2760.5954975481063,120.95312371269122,1550960362.4529772,350.834039997259,[61.83461463 81.94716025 101.91678828 122.37486453 143.83477473 163.96341304 201.60918158 225.22291633 245.25743829],[21.22865184 713.99420588 36.05730441 235.28311789 9.53784058 6.7526118 9.53711341 14.51344955 13.87789699 11.23585228 18.70591135 19.60405285 17.1000041 ],__,-10.739999999999952,350.834039997259,0.11541597790740037,C172,
20190223,530132508,1096,1550960090.6674654,51.42971577676563,2432.4789413825565,92.94391892767707,1550960068.8665817,322.57635112877955,[82.98428029 102.88024341 124.33854789 145.99997025 165.76578454 228.39212625 248.98128631],[21.22898046 649.76417854 20.87579829 192.6100401 6.49862606 14.39309707 11.98111865 12.83324218 7.86813616 16.32114298 14.03787059],__,-10.879999999999995,322.57635112877955,0.11771167851250584,C172,
20190224,530155121,1113,1550968975.456089,52.84608414907253,2525.0811017413835,95.55381403538085,1550968956.280235,340.43600167491763,[40.60367739 60.50112365 81.40564243 101.57118077 121.81560903 162.92077606 202.47231295 223.19332562 244.78044303],[23.18214741 704.60365473 22.37948771 203.21713813 14.07316805 13.03242012 5.73813518 10.31643623 13.74371962 8.23378889 15.37913025 20.12207031 13.49818473],__,-9.46999999999997,340.43600167491763,0.0801005910148042,C172,
20190224,530155121,1195,1550970210.2449841,52.51201250570163,2402.22408945636,114.13565967646137,1550970209.5409524,317.49485122358163,[82.60751755 103.0410493 123.89145203 144.69867348 164.99247682 185.50442037 206.58893523 227.44083557 247.77815829],[23.15365113 702.99394364 18.74291226 202.0259585 6.52248589 8.99371375 12.11012687 13.26827403 8.96984809 15.2160825 15.86651419 16.08056623 14.12760376],__,-9.529999999999973,317.49485122358163,0.06621188409903049,C172,
20190302,531420576,1003,1551562423.0,52.447310988513294,391.26963478715686,118.44529885907814,1551562422.3723214,344.1550958552623,[77.56286636 97.25596843 115.89467892 136.26982224 154.18541502 173.72345276 212.23597034 230.12907311 249.01951088 38.84778018],[28.09083382 369.4880278 3.29076143 194.87287903 5.95820532 8.73745567 12.61155308 14.42304806 7.90336063 9.6341653 15.85840125 13.30130859 19.92045501 11.15786743],__,-3.4699999999999704,344.1550958552623,0.14818138734603875,C172,
20190302,531420576,1004,1551562437.0,50.15402385690342,260.4217975387694,118.87336394329706,1551562436.7069664,340.29133231304127,[38.12859181 57.53592116 78.06826229 97.54065834 117.10182265 136.64274687 156.32912256 176.44028386 194.12031768 214.17485885 233.00441697 247.14629659],[30.14855042 320.64396171 3.38941078 208.22233877 16.93798809 16.70020251 6.79179496 8.57910189 13.26260465 12.59725256 7.15164275 9.27389557 15.58563841 14.59667967 12.63786997 16.29591517],__,-3.4699999999999704,340.29133231304127,0.2530139554247421,C172,
20190302,531420576,1005,1551562448.5158079,56.18892191994228,844.4510211038724,117.9188590334601,1551562448.2973406,332.2047423517798,[37.37574202 53.21424947 76.92750696 96.08560282 110.64731322 134.11570245 153.09873293 174.45505017 195.37696879 208.06001604 217.44353267 233.65554657],[29.11671762 615.7811396 7.30084032 188.59621458 17.7072376 18.51930303 6.43712924 9.09045941 14.57167568 13.81691208 7.49579198 9.50596014 16.00709527 14.2687925 15.72071312 12.80422477],00,-3.4799999999999613,332.2047423517798,0.27784021856401336,C172,
20190302,531420576,1006,1551562461.0,49.129402,1786.1342083886911,132.24355970175662,1551562476.4241974,329.21200000000005,[48.74452707062438, 61.97764041192878, 74.64624735508933, 87.03332969951298, 99.47854861164436, 111.9397511496325, 130.36336370794857, 142.62547601122273],[34.64101615 692.82032303 103.92304845 277.12812921 173.20508076 173.20508076 173.20508076 173.20508076 173.20508076 173.20508076 173.20508076 173.20508076],00,-3.4799999999999613,329.21200000000005, Model,C172,
20190227,530888457,1302,1551311019.9108534,50.63931067200483,1916.653304097168,113.99316325233332,1551311017.3319175,348.43506010625816,[19.88991221 39.23417285 59.41838244 69.95606374 79.25717953 89.77128317 97.98181397 118.71385843 139.75764272 158.46661028 177.77145017 189.47346795 197.63503837 209.29564394],[26.48763029 819.10546586 21.71174358 248.18792637 13.64601185 10.71285649 9.43685543 9.6113689 10.12323265 11.83842426 11.41805349 12.41115386 9.45114413 13.63094826 14.90855168 20.25093799 16.96749286 15.63217264],__,-4.159999999999968,348.43506010625816,0.0880679639183429,AS50,
20190227,530888457,1303,1551311027.4459434,50.66087642370495,1216.0627400508176,117.85700561171856,1551311027.5389347,345.7252052318633,[19.69898696 39.39554508 59.18719749 70.01812535 78.7426199 88.4843378 98.42624176 118.08768403 139.05391117 157.71501799 176.47451683 188.24920864 196.58712707 208.11206718 226.44386427],[28.51799584 779.52061711 13.45890906 236.2256831 10.62896783 9.41497576 9.22952729 9.41256026 9.95706121 15.02155671 9.74908042 10.55902315 10.2731405 13.1916114 14.71606807 21.07937596 19.32039137 17.66108808 25.60363242],__,-4.169999999999959,345.7252052318633,0.06774964104211222,AS50,
20190227,530888457,1304,1551311026.649428,50.48096853086661,603.9091413626215,120.02057864643962,1551311027.8295543,328.14914200643966,[19.51018682 38.98354179 58.50854264 68.95702351 77.96279777 87.73078014 97.69671126 116.8830147 137.30592416 155.97216689 175.43791049 194.9548703 206.20777014 225.39110811],[30.6735193 600.35850897 7.50731143 216.72849144 8.56780026 8.51187472 8.90457447 12.330343 10.33532388 23.42554408 9.74694901 9.71367151 10.58334691 10.98792525 12.34774364 12.42207317 13.29636699 28.24910666],__,-4.169999999999959,328.14914200643966,0.0351978843370467,AS50,
20190228,530888457,1303,1551312065.7267537,49.583001099392874,866.6966634147294,65.0503634454321,1551312013.5337033,328.64796524425043,[19.32737365 38.78274165 48.68365392 58.23943604 68.65105018 77.88905176 96.45785535 116.59417821 137.4290304 155.23612537 175.14986124 193.53923679 206.46098768],[28.36936075 689.57483078 11.14101804 218.48395201 8.78886782 8.74241547 21.05619191 8.69768025 8.54410938 9.4830678 9.62735467 11.46831399 9.37912435 13.78784225 13.86060357 17.67380519 15.08322857],__,-3.0600000000000023,328.64796524425043,0.059449162928591266,AS50,
20190228,530888457,1305,1551312075.1439276,49.24390896755046,1260.0127156500437,75.70214350947299,1551312034.9034631,337.6959310813287,[58.67027764 77.61321697 97.93660686 116.9202884 137.2657919 156.20585242 175.70126421 195.41463534 206.52174223],[22.97361045 662.09198094 12.78407337 211.99158807 11.98802329 11.58415845 11.18091181 9.58104586 9.42405594 11.08305533 11.87392926 13.06184791 13.6215435],__,-3.0,337.6959310813287,0.08855438586417634,AS50,
20190227,530879905,1023,1551307376.0179482,75.78136668322504,2117.7431433631887,117.27931093091235,1551307379.3252409,344.6768056916351,[41.3857148 61.76145303 83.13063841 92.38455027 124.24249739 165.67508901 188.27292145 208.44796816 252.02370747],[27.07784196 674.85931787 9.11084044 155.1258548 9.20756193 7.6010453 6.67466928 9.27261674 7.97674916 9.07668409 13.40197923 20.61547308 18.98725411],__,0.5,344.6768056916351,0.19168824473255272,BE35,
20190227,530879905,1024,1551307382.2982361,74.89859539757498,1388.6278581996862,118.92267468852116,1551307384.7564986,346.0770296238853,[42.36867012 62.40010612 83.6454521 124.98129989 166.85074096 186.54055336 214.04943963 244.85074291 259.1481574],[28.19683681 629.18230935 6.70525377 146.92566379 10.35600894 7.80915378 6.44428291 6.57108337 9.22235578 10.46597651 16.58947901 15.08795946 21.00230076],00,0.5100000000000477,346.0770296238853,0.29449663961477,BE35,
20190227,530879905,1025,1551307390.1157458,78.38937461457411,650.7995056993087,119.96276476810353,1551307391.2958705,374.937269373095,[40.78190013 62.76028718 83.34695055 121.89626022 139.5185908 162.21366833 189.53771795 225.19814192 252.582825 272.94693483],[30.82941569 482.83840839 4.08678194 156.33870706 13.30080749 7.93376679 5.89128852 7.57968622 10.98086816 9.81962223 10.61945779 19.02707992 13.47178064 21.9204282],00,0.5100000000000477,374.937269373095,0.388980796326902,BE35,
20190227,530879905,1026,1551307400.4384708,74.39137393072915,624.8950309028088,122.46099234047959,1551307403.2283077,376.5989875851343,[42.02920861 62.38541897 81.85986709 121.95838481 137.91304102 161.14607571 191.22983261 223.80321787 246.02961693 264.79735863],[30.3788389 484.98529909 4.79996135 164.06576975 7.56807784 7.82931792 6.78206947 8.6898496 11.75822227 9.36943141 13.36044241 19.42809238 12.83306157 19.2717429],00,0.5100000000000477,376.5989875851343,0.37641788076647853,BE35,
20190227,530879905,1027,1551307411.1365964,80.43348144626586,607.3138742047744,117.03655104302352,1551307409.4390993,375.13843086488333,[42.20525424 63.8563727 84.40379483 129.1336574 152.62652209 174.76010082 209.79498852 239.15818787 257.25140605 272.14056356],[31.3462852 490.5919354 3.78831029 154.35438978 11.51500589 7.1689774 5.98110857 8.97433769 11.15244729 11.63697194 15.53444379 14.13326932 15.31018912 18.12046772],00,0.5100000000000477,375.13843086488333,0.454812341400219,BE35,
20190227,530879905,1028,1551307422.1636856,77.05329367988465,943.4091172269915,118.91257795354296,1551307423.1522214,367.0841552751777,[20.55330859 42.2299682 62.55919995 82.60793196 103.62791738 122.99586061 142.64959512 162.73129065 193.60242991 221.00735297 245.08406233 263.09348709],[31.90167647 604.18951942 5.67761163 168.91562368 16.17230763 8.20508948 8.48254489 7.81007062 13.30065109 8.75939684 11.28499364 9.97125167 18.42116605 20.01502969 13.45185716 20.3546255],00,0.5100000000000477,367.0841552751777,0.25235043568964766,BE35,
20190227,530879905,1029,1551307432.5274835,78.38376960939912,1008.1578728753502,116.30698332751305,1551307431.2281997,357.89212482682814,[42.99718199 64.0196348 84.47153643 106.55874623 127.61974922 147.47415175 169.0399006 193.44717006 227.44408222 252.0532746 270.30855298 271.4786372],[32.23239022 611.77856546 5.09950143 158.56838486 9.33843082 7.97575442 6.98707988 12.77367401 8.65000412 13.74578428 10.72784062 17.08459203 15.95189408 14.36908368 17.68045492 17.90618313],00,0.5100000000000477,357.89212482682814,0.310994052638421,BE35,
20190227,530879905,1031,1551307451.152001,74.05097060048938,1844.0496666500255,116.49816270277778,1551307452.544216,325.2980349083599,[42.62362899 62.93521113 83.72576181 104.68810326 125.14058182 145.24864286 167.09523396 187.01744374 210.81509571 232.41540124 252.2387465 271.29746347],[29.5147261 719.16835814 8.32508118 161.87985555 16.10702705 8.99796962 7.56966277 11.51750973 8.24503305 13.7774179 8.45655459 11.11290764 17.90407843 16.18600997 15.08126096 32.42864933],__,0.5100000000000477,325.2980349083599,0.14850042909263717,BE35,
20190213,528271370,1160,1550087774.4970102,146.21204770961754,4261.020305891972,111.3675268290494,1550087774.7614822,308.983516113498,[68.22187156 135.3333921 201.24275171],[23.19898193 508.9072224 4.11578197 66.38108327 5.08237455 9.21433583 17.29502135],__,-37.829999999999984,308.983516113498,0.10042783660649068,AT73,
20190213,528271370,1168,1550087821.8130746,145.21192716859602,4291.857470554669,110.23632242422805,1550087820.9703252,303.9054629004241,[33.62412972 67.64165958 135.56269478 199.82889831],[25.2037619 549.88495474 5.29817352 76.72282007 6.89636613 5.99518045 10.69787957 16.9548796],__,-37.849999999999966,303.9054629004241,0.1321121293510062,AT73,
20190213,528271370,1169,1550087829.088323,145.82172354415022,4253.961031603915,110.22318265676743,1550087828.192685,307.8057360137329,[16.8470424 33.35400659 68.63645677 137.17797106 205.38166414],[26.63718775 581.47019686 5.11573371 79.49968073 8.07256555 7.85775384 5.98851035 10.38117808 16.23670619],__,-37.849999999999966,307.8057360137329,0.10896511283667495,AT73,
20190213,528271370,1178,1550087884.9563186,145.1915474292908,4503.202289261049,110.24328853419644,1550087884.4836442,306.10223653475435,[17.44444205 34.51450882 68.61644274 137.35888445 205.06280322 271.32091371],[27.04265404 605.05598333 5.54892745 77.34875368 7.51765082 7.68812146 5.81838333 9.06961299 15.79648353 16.79056207],__,-37.859999999999985,306.10223653475435,0.13261882882005083,AT73,
20190213,528316932,1194,1550096085.6770215,153.8990676835844,4929.512328255601,109.18023696773015,1550096084.494584,311.61800061025855,[17.32991699 34.4973599 69.10588668 104.17262009 138.54476963 206.49684884 275.28988834],[28.06403355 632.7621258 5.56688433 74.29519471 6.47148997 8.79786072 5.42332728 11.05096259 11.13894113 17.3718804 20.33429809],__,-40.01999999999998,311.61800061025855,0.09707721007462766,AT73,
20190213,528316932,1195,1550096081.6287909,154.50161232838394,4727.681995360088,110.41574527516613,1550096081.365736,313.99101172366414,[17.29007703 33.86362156 51.66857236 68.92963788 84.24029995 101.83527595 137.51676163 205.84344574],[29.7699202 662.44562461 4.98592403 80.96622074 9.23957979 8.87850791 10.18608144 5.81809964 12.08077234 11.69232267 12.0904597 17.32358193],__,-40.01999999999998,313.99101172366414,0.08801456273502349,AT73,
20190214,528480326,1160,1550171120.0126529,140.8212619039239,4422.681688977695,110.03902815625554,1550171119.1743684,311.7058055757806,[34.52235598 68.76813893 137.86992974 205.85883727],[24.36872627 544.12629658 4.38220906 73.83940723 6.30303862 5.75089183 10.88067795 15.37372968],__,-33.099999999999966,311.7058055757806,0.11887186619645393,AT73,
20190214,528480326,1175,1550171213.9396007,140.8974178494065,4162.867797572881,109.64711370240131,1550171212.244949,311.5684235933092,[34.92089069 51.67679998 68.6854064 86.1194134 137.45133816 205.86102872],[27.00085986 603.03467353 4.67857099 81.30960118 8.03873262 8.80394502 5.84232307 9.75906589 9.58645696 15.40560278],__,-33.21999999999997,311.5684235933092,0.08120057019969978,AT73,
20190214,528480326,1178,1550171235.5982838,141.82913791210652,4117.609427384964,108.93281770985546,1550171233.1988106,311.1712177388156,[17.07912344 34.59998115 51.47547663 68.45975266 73.00250261 85.69491661 137.56494297 206.75368163 244.55426728 275.7239839],[30.83187643 699.51084941 5.18930939 87.49672288 8.09633549 9.89229896 9.92503322 6.0744026 9.77068724 11.11940666 10.37045024 16.4378259 22.29243114 22.61275944],__,-33.23999999999998,311.1712177388156,0.1961809706703419,AT73,
20190214,528480326,1183,1550171268.910222,141.33440806426069,4122.579092585705,111.27916882388978,1550171268.8687527,312.922032790521,[16.82714525 34.0076881 51.40226226 68.46187159 85.63567894 137.30846071 205.25662061 274.00288346 287.30071191],[30.23186418 680.52391459 4.98692039 89.71797813 6.80315001 7.93281325 9.67857948 6.65355166 13.18441003 11.85498725 16.51652516 21.19089613 26.84295845],__,-33.27999999999997,312.922032790521,0.1103097209899735,AT73,
20190214,528507632,1104,1550183296.8010662,160.480888117425,4884.330083361342,110.54699450739075,1550183296.900701,312.46015177078385,[65.43565217 131.27123289 196.64972586],[24.2379653 521.82027682 5.32760926 80.07380997 10.39010932 21.08509733 30.9330677],__,-31.549999999999983,312.46015177078385,0.034784468747939765,AT73,
20190215,528702258,1131,1550267871.0702899,149.61768723102102,4443.152384261756,111.79652074166137,1550267871.994976,316.52776573572044,[66.90678567 133.35208666],[21.92016926 477.22991338 4.62498143 66.9847813 5.74188325 10.732867],__,-28.24999999999997,316.52776573572044,0.0707201182815336,AT73,
20190215,528702258,1136,1550267838.7922928,148.72323107595477,4539.401605918423,110.5105061998785,1550267838.6300666,316.97658530343153,[67.7706491 135.06894436 202.32902648],[23.16855185 511.28333017 4.09556458 70.26650226 5.7137995 11.03452234 16.6372107],__,-28.25999999999999,316.97658530343153,0.05172963724979211,AT73,
20190215,528702258,1193,1550267528.5190315,151.4815190975834,4714.050991883026,110.62885003133553,1550267528.493697,318.1299760024656,[16.61212627 33.80021637 68.07353436 101.99231504 136.25230514 203.44921185 272.43069123],[28.46855538 635.6750049 5.14500716 81.3193813 6.84011506 6.89729066 6.15044103 11.87042286 11.65783018 19.03991279 21.54414424],__,-28.339999999999975,318.1299760024656,0.09761570828903413,AT73,
20190218,529224524,1113,1550528849.1014163,135.89058632031353,5103.161151827055,110.16336984500367,1550528849.1448755,315.79860664216983,[17.20052155 34.79157041 51.47433717 69.54494119 87.44040617 105.09986895 139.75350385 208.15033125],[29.56262704 673.73289721 7.50365934 92.56531651 7.3251197 8.2548447 11.99186842 5.59317702 12.19601183 13.72435813 10.31247727 17.70613922],__,-37.29999999999998,315.79860664216983,0.09335341390545476,AT73,
20190218,529224524,1121,1550528793.6948102,136.5051399038671,4581.790316473154,110.26963352231027,1550528793.1965382,315.4517581673392,[12.35299797 16.9359825 34.35855376 52.23978829 69.44299907 139.38351979 208.32587307 277.47736236],[29.50344683 668.25772641 6.79067452 92.3928514 12.73020698 10.04213251 8.25488775 8.46774563 5.78113418 10.03292179 18.08317553 24.31622272],__,-37.309999999999974,315.4517581673392,0.09088700233919332,AT73,
20190220,529567936,1110,1550700454.0677142,135.3057448006115,4840.807449933347,109.43806920951093,1550700452.9512591,315.9625466187418,[34.56381913 51.49303276 69.10924614 86.16415067 138.48446928 206.83719262],[27.3146798 615.61439357 6.79115637 86.60369989 8.19752391 11.50629636 5.06577422 12.3196251 9.05256968 15.87845439],__,-29.519999999999982,315.9625466187418,0.060415117126090136,AT73,
20190222,529935813,1175,1550863351.6043873,143.29509059311744,4162.505112970457,109.78222347722996,1550863349.969756,313.49221074581357,[34.50868544 51.21436368 68.2377842 84.85108133 136.56038083 204.61883099 273.43165435],[28.36785892 632.11185776 4.97438587 86.4310473 8.52531974 9.28399238 6.11487618 10.74000583 10.57125297 17.49345959 21.23654898],__,-31.909999999999968,313.49221074581357,0.0943274445486199,AT73,
20190222,529935813,1176,1550863358.7287462,143.32025797996423,4145.897714855686,110.02750411135902,1550863357.3466039,316.0268637334037,[17.1376918 33.85525676 51.54858142 68.71817145 85.73359696 137.33671392 205.23572337 273.09476609],[29.71523988 660.72136983 5.32859314 90.37585757 8.47748404 8.60601726 8.39057328 6.29880062 11.51717331 11.15690601 17.88416596 22.54792717],__,-31.92999999999998,316.0268637334037,0.08088530338208934,AT73,
20190222,529963208,1122,1550873504.7688003,157.93421703915644,4433.88522052506,110.08688539006506,1550873503.7616363,316.42605462138056,[67.90966547 135.81355344 203.31997723],[23.68657817 513.26428116 3.95684268 70.56636934 6.23329724 11.4746508 17.80450537],__,-29.69999999999999,316.42605462138056,0.032085033364637264,AT73,
20190225,530483364,1092,1551132437.9169354,138.18689478959084,4533.187787350196,109.682477979138,1551132436.4979162,323.9597834696011,[16.96706506 34.3013071 51.70068949 69.29260259 85.63966794 138.2709857 207.74498946 277.56081613],[29.24833703 665.27798728 7.06610201 93.36060392 9.72389353 8.49484028 8.6799661 5.60054901 12.43641845 10.55523354 16.92714948 21.88110599],__,-18.48999999999998,323.9597834696011,0.07841761613950803,AT73,
20190228,531037035,1149,1551382332.01448,141.5477599094724,4099.665131077835,111.26735164865578,1551382331.8900688,328.982769330034,[17.18046859 34.17445393 51.40319321 68.93298837 85.32025617 137.71993675 206.54302479],[28.46878917 634.22563333 5.27057957 92.21308513 8.06890455 7.71424028 7.0251253 6.68455651 11.96149705 12.26369514 16.15547441],__,-18.289999999999964,328.982769330034,0.06934815239226261,AT73,
20190301,531232513,1149,1551470465.8110847,143.10255385500525,4273.932637674367,64.57597764258425,1551470419.1540225,324.1700540532756,[16.90964248 33.96583954 68.33589486 85.34019628 102.49433923 136.82916681 205.25919751 273.67864809],[29.28005337 658.43530249 5.33250623 87.97141384 6.77226839 7.40880294 6.13453387 10.63701961 10.97115351 9.8984292 17.26155732 22.71672629],__,-21.019999999999982,324.1700540532756,0.0852837922387674,AT73,
20190301,531232513,1151,1551470473.4275343,143.21139365225363,4160.518421304521,71.80945549999844,1551470433.7962413,326.00387973576574,[17.01208545 34.24843911 51.59080296 68.43726169 137.06721966 205.74014688 272.08557594],[28.44548345 633.56482479 5.03866891 88.23869309 8.56129563 8.83278719 9.69461161 5.77041941 9.85189843 16.47391032 24.24218571],__,-21.019999999999982,326.00387973576574,0.04792740519546207,AT73,
20190301,531232513,1180,1551470654.5092242,143.1169960889527,4191.279308105218,110.16753206680912,1551470653.263602,326.1646596760063,[68.38099737 136.95520309 204.81742238],[23.14959251 509.92902338 4.8568467 70.1672214 4.61451036 7.06308701 14.83829123],__,-21.019999999999982,326.1646596760063,0.025003642019730817,AT73,
20190301,531253346,1114,1551478191.573817,150.61890878025028,4892.672907281009,111.13305962294648,1551478192.160362,323.99667155244924,[33.61052917 68.73230847 84.87685784 136.70313789 204.71125073],[25.81398579 577.68955062 4.82967731 73.90880928 7.16247181 5.3144682 9.97450341 9.84953933 16.36255649],__,-23.279999999999973,323.99667155244924,0.09490731056532094,AT73,
20190304,531749517,1097,1551736901.8878107,157.38203785062157,4485.473357106089,101.23029735358848,1551736891.9160833,325.53280403949276,[17.05515613 33.72089482 50.93934205 68.34931536 84.33228553 106.44028281 136.50490943 204.97378633],[29.94839785 659.52850692 5.08285001 81.86628228 7.76401801 8.77572543 8.87295895 5.76774428 12.30494495 12.20134033 10.51071476 16.90761567],__,-22.839999999999975,325.53280403949276,0.08868431980842466,AT73,
20190306,532131461,1105,1551912829.1773696,133.73007108291185,4928.477275970489,108.91976584214147,1551912827.6317236,318.22666422614077,[16.83408521 34.26417006 51.22859934 68.82394104 85.83879158 137.84575731 206.34496981],[28.62471287 646.65820906 7.22857696 91.45859382 10.77682109 8.34858642 10.82934303 5.15255906 13.22888523 9.66081769 14.83426748],__,-29.629999999999967,318.22666422614077,0.06577302836852547,AT73,
20190308,532513793,1120,1552083179.3131669,129.30408222256125,4629.65644013992,111.07497352235445,1552083179.5800126,317.39321230111517,[16.36058733 33.65829476 50.92140211 68.77471361 85.403383 101.07105937 137.48734685 205.55013741],[29.78962505 675.87045621 8.51891747 105.0816743 9.43634949 10.1938248 11.0377601 5.89937168 11.24320589 13.82307526 9.96012474 16.4594394],__,-26.95999999999998,317.39321230111517,0.1202363397236879,AT73,
20190313,533365188,1142,1552501521.889465,154.8437323256971,4526.22251635845,110.87288859679587,1552501522.154133,316.9100820062846,[16.16128132 67.39135939 134.13793103 199.49815994],[24.99449555 546.31320059 4.1445168 73.37873097 5.12613532 6.61110311 12.15427434 19.70141844],__,-31.309999999999974,316.9100820062846,0.12050243484452901,AT73,
20190320,534689838,1166,1553105652.6910892,158.14462844930267,4341.050008811422,111.51669533146368,1553105653.0949428,330.46177821598457,[16.255957 33.52762452 50.82489343 67.76034986 135.4808825 202.41831151],[27.79896325 604.96706175 4.5821232 76.91660337 7.35611834 7.54720532 8.6183657 5.62073049 10.9718804 18.66857698],__,-20.839999999999975,330.46177821598457,0.08727765833677123,AT73,
20190321,534917320,1115,1553202155.385722,129.639888,4908.470297594745,112.36667373599441,1553202157.1945424,317.93800000000005,[17.02492112456205 33.3699951571853 50.53347171522939 66.9887787119243 84.69060895708927 102.3040090324793 136.52308221889922 203.1703859773544 4.834147479497842 11.822147515737512],[37.41657387 748.33147735 112.2497216 299.33259094 187.08286934 187.08286934 187.08286934 187.08286934 187.08286934 187.08286934 187.08286934 187.08286934 187.08286934 187.08286934],__,-22.269999999999982,317.93800000000005,Forward Model,AT73,
20190222,529805251,1005,1550803701.3834512,86.73532212242853,1919.7834998990586,115.99052438447978,1550803700.8648844,330.01555989941636,[14.23503223 30.70898505 32.29026625 43.89986676 44.61538359 65.15425814 81.47858294 87.17981336 97.66189427 113.95713453 130.72278781 146.42403092 158.95870908 161.7686279 179.02809404 194.9551307 201.19190848 211.15975926 228.09814838 243.99225202 260.46447712],[37.2996863 856.07954032 6.32382715 179.8348825 23.12968948 19.89393447 15.41343204 9.4146302 10.19106017 10.3561558 11.29035442 12.03739167 10.36584212 10.73560254 13.92917565 15.45085913 14.6761307 13.47840644 14.87337807 21.50886074 23.33503712 19.69015617 23.29361125 24.88136202 25.89041433],__,-5.909999999999968,330.01555989941636,0.09908502457664244,C46,
20190222,529805251,1006,1550803691.8818614,87.74108421531965,1344.1414352643337,116.61342659870957,1550803691.0030255,331.9667330263051,[15.21125659 31.39950426 32.21486389 43.82921494 44.69271583 64.91087276 69.67163095 81.31885211 85.70449884 97.41576491 113.57992397 130.31770555 145.93883526 158.33734874 160.26458147 178.92408858 195.25700158 197.61240087 211.21416842 227.75628096 243.74089255 260.32002339 276.99904758],[40.7595463 761.98018165 4.64419927 176.93397084 18.35299904 21.23254642 18.63852715 10.18847701 11.43048637 11.35827209 22.52035036 12.77086914 11.28169597 10.26219158 9.92949736 13.36112862 15.73559119 15.53031002 13.48661703 15.22048164 19.27988992 19.56041012 18.80463735 22.55169203 23.95963622 22.56123555 29.53238134],__,-5.919999999999959,331.9667330263051,0.1285290978228911,C46,
20190222,529805251,1007,1550803683.768247,87.89439771614855,652.9784663613916,117.80119811219471,1550803682.9158628,333.34131658189307,[14.53905147 30.06842646 31.90667018 43.71868566 45.95058865 64.80091626 81.00020045 86.53333246 97.28428013 113.42862208 130.24684427 145.87874168 157.94149385 161.69605452 178.65747658 195.11552696 196.22667469 211.14171424 227.7852763 243.55527206 260.08365208 276.27656589 292.32755822],[44.75223268 489.18519575 2.85994628 177.12400499 16.8097553 16.86859296 14.50889579 9.2890013 13.65439386 11.50547998 11.4661637 11.77021187 10.17924856 9.57077366 12.32382043 13.86077761 12.40288659 13.02349559 14.75842645 22.00888509 25.71515397 21.29983028 21.8500066 23.19261828 21.99761239 25.33531114 41.9478123],__,-5.939999999999998,333.34131658189307,0.11729831756974508,C46,
20190222,529805251,1008,1550803676.3554022,87.56400612722081,286.18074338872475,118.26797271956048,1550803675.4222274,332.5176927111936,[14.57163202 43.90200164 45.93179607 64.9959897 81.20462143 87.4303013 97.45345378 113.51786687 130.04819942 146.74541968 162.90214725 178.72039809 195.08960358 211.57050919 227.56510651 243.89708917 260.4184353 276.36779368 292.28250642],[42.91153426 287.61301701 2.41942293 167.3934759 13.07909718 8.61836373 12.94301117 8.67774891 10.10717129 13.26124896 9.80717171 8.53301769 10.91349984 12.08489409 15.61746455 15.69294092 34.85836792 21.41231634 22.78304888 23.31319298 25.11660562 23.45650146 23.5996475],__,-5.949999999999989,332.5176927111936,0.06467170415441371,C46,
20190222,529805251,1211,1550801589.249674,84.77531460427225,1886.1771406120247,94.20961025568013,1550801566.9852295,284.9388464128843,[32.34290105 44.24350544 45.40582847 64.1922847 80.47085048 85.46928504 95.75628878 111.81019034 130.60219288 148.76405397 164.77378923 177.0605182 192.44087615 208.3191698 215.64451379 234.22759074 247.78843093 259.89352603],[36.76134361 839.45079875 7.68911999 174.15152245 15.92881115 9.18157178 9.90108597 9.15086904 10.96452695 11.36397711 10.69431981 11.26972132 15.69156525 16.93049783 16.8233598 17.27592989 21.39590107 23.66913689 24.74212275 24.50840536 25.89170093 33.84040096],__,-12.819999999999993,284.9388464128843,0.20715948729042072,C46,
20190315,533783993,1024,1552690456.3905418,86.52449976285948,1530.4847635732044,115.25750433396801,1552690454.4375176,312.9013330683544,[61.47218593 91.31940423 121.32040049 183.03783155 150.45723289],[24.03594189 511.17709045 4.37197944 111.27947659 8.54818023 5.63248702 8.80068005 9.20607683 9.62127087],__,-3.079999999999984,312.9013330683544,0.14968442679318092,BE10,
20190315,533783993,1025,1552690461.7759037,88.27991355176377,824.3326319721878,117.90153731259929,1552690461.3703194,328.2622611964786,[30.45969721 60.44528892 91.95650352 120.79082207 179.89579752],[25.70079227 459.76940963 2.8975961 123.34010875 6.20396444 7.49743226 6.50248369 11.10376081 13.98334574],00,-3.079999999999984,328.2622611964786,0.11604852524610837,BE10,
20190315,533783993,1027,1552690482.9681141,90.31534418431104,428.49776070721754,116.98729746477096,1552690481.1329367,328.46087989409506,[29.41113115 60.0828279 92.58752859 178.16216548],[25.27398259 308.48915653 2.2810606 101.96047648 7.2509126 9.2865307 4.84190239 8.79594164],00,-3.079999999999984,328.46087989409506,0.18248202414291667,BE10,
20190315,533783993,1028,1552690492.9950109,90.72700428150736,275.9219089992367,116.6115740845436,1552690490.7679014,335.64535306286103,[31.71310394 64.70170456 94.07386911 129.50159867 191.71152566 229.51575024 287.11818307],[29.91589894 213.07269727 1.37245055 120.88244261 6.63084064 8.32030861 5.92824145 9.49438555 12.14905108 15.70579908 16.60260878],__,-3.079999999999984,335.64535306286103,0.22253879905928026,BE10,
20190315,533783993,1030,1552690507.9639974,91.22584568708601,674.8863474863941,119.95854204444568,1552690509.4013765,336.1654374520541,[30.0667276 61.07255877 92.69176607 123.52444723 155.20472341 185.23525652 213.4994346 278.8388959],[30.10530107 382.21905865 2.22555253 121.13963121 7.25104668 9.92460801 5.64743535 9.97313876 11.2611203 9.87305567 17.23821993 13.84738337],__,-3.069999999999993,336.1654374520541,0.21828380042551973,BE10,
20190316,533783993,1023,1552695033.0569596,90.66995676070391,986.395470895359,117.28147541687059,1552695032.2042418,311.6494050080543,[30.79266724 61.13439028 92.62233917 122.54968413 153.62038893 183.64675329 213.8132705 277.36622097],[29.32889254 503.8449094 3.17703004 128.8291073 7.56908296 7.98731678 6.36228521 13.20264983 19.47297626 13.14107901 24.57261139 18.70504244],__,-2.859999999999957,311.6494050080543,0.07915328339344303,BE10,
20190316,533783993,1024,1552695025.296842,92.2225182410786,454.2430297475953,117.2812571148567,1552695023.7827737,320.6498577470349,[31.4816015 62.0798991 93.68692451 123.03998837 154.86250474 186.49624722 215.18157296 280.86791874],[31.05990854 283.7589999 1.47584216 120.35789852 9.01098305 10.83098928 6.0715539 12.41816298 13.45288109 12.33504795 25.41244595 18.35564468],__,-2.859999999999957,320.6498577470349,0.07472493029817406,BE10,
20190212,528131101,1247,1550010366.3169231,123.75902193393925,6970.128659119354,83.01176219710061,1550010350.6146004,304.92542127897366,[59.58318676 118.14573863 178.54511327],[23.58160389 527.16764517 15.0755838 95.42344604 6.97726651 14.4438475 23.27882334],__,-44.70999999999998,304.92542127897366,0.06532502100228588,DH8A,
20190212,528131101,1248,1550010357.2096233,123.58954398000839,6900.011940758842,81.82974090132645,1550010340.0451646,302.9911291286617,[59.84390167 119.94413156],[22.0311528 488.2476487 14.9572381 86.0027167 6.69803463 12.53802607],__,-44.72999999999999,302.9911291286617,0.05750988634470388,DH8A,
20190212,528131101,1253,1550010322.5237422,124.25562500892482,6916.826251714224,94.0155738401791,1550010309.2046146,298.12529323954044,[59.18542599 118.51617753],[22.05707363 488.37081931 14.92396105 89.22516327 7.87385364 15.85499968],__,-44.819999999999965,298.12529323954044,0.04377945377540005,DH8A,
20190212,528131101,1254,1550010314.7692683,124.34711571497971,6995.516072261706,94.27011274568129,1550010301.83671,302.01934440981046,[59.63162531 119.31143663 178.86008716],[23.44684116 526.45373616 13.0457047 90.05873666 6.0151790 11.85206611 19.26956472],__,-44.839999999999975,302.01934440981046,0.06247005445336345,DH8A,
20190212,528131101,1263,1550010252.29633,123.33663768717396,6803.270083011181,94.79184107699986,1550010239.4642205,302.13856615531495,[61.0512377 122.27780894 184.09060778],[23.51698219 526.80988802 14.57482113 93.73148986 6.46783177 12.20439792 20.48398862],__,-44.99999999999997,302.13856615531495,0.048214123505501236,DH8A,
20190212,528131101,1300,1550009992.7188888,129.2198321263882,6984.50369962026,99.59800166449571,1550009984.8565118,301.0517957290261,[61.01939798 122.1357985 183.37546093],[23.36525263 525.28417139 11.15855765 82.91714482 5.35555297 10.0725917 17.0605632],__,-45.639999999999986,301.0517957290261,0.05088037934986206,DH8A,
20190212,528131101,1304,1550009965.883775,129.53037742791582,6897.677888529601,99.15615310570938,1550009957.4221334,296.5136398065788,[59.73964044 119.85290009 179.29642095 239.58551535],[24.710694 560.60110359 11.10570097 88.04857648 5.57157382 9.57618177 15.19493191 17.60244189],__,-45.70999999999998,296.5136398065788,0.14496829882291165,DH8A,
20190212,528100746,1232,1549993686.3155115,127.32476239169968,7196.703344801511,84.64091884161142,1549993664.887264,313.4917343948543,[58.77072904 117.65673846 176.60188153],[23.28782808 526.34872088 11.99669368 94.60558858 7.03247243 13.04047312 21.94957595],__,-42.839999999999975,313.4917343948543,0.045525456352368876,DH8A,
20190212,528100746,1234,1549993700.3476908,130.38578341473968,7112.426971820203,88.23154732631536,1549993682.339247,318.7151963228596,[57.86121514 115.81142257 173.7081144],[23.08656886 524.8146968 10.33309197 83.97043355 5.19117333 8.37908808 13.64893877],__,-42.87999999999997,318.7151963228596,0.034329567727852284,DH8A,
20190212,528100746,1242,1549993750.1833832,133.42204546788633,7242.74636343133,88.4648034713181,1549993732.6829884,314.4036676202584,[58.27240177 116.3973443 174.51910884],[23.33358799 525.00056335 11.26223163 81.49758967 4.80501267 7.79170246 12.71604588],__,-43.02999999999997,314.4036676202584,0.07667086953836398,DH8A,
20190213,528269862,1160,1550076307.7984676,132.55406280315825,5450.044673702759,82.09556213945345,1550076281.2194395,306.918842277825,[59.39932736 118.84715806 177.61194145],[23.46858405 522.62182122 7.0597866 80.57683462 5.60562688 9.42609495 17.34362589],__,-44.98999999999998,306.918842277825,0.08374960531046921,DH8A,
20190213,528269862,1161,1550076314.9807935,131.92674343266654,5606.282256722719,81.50817965475521,1550076288.059874,308.2921381019131,[43.46484919 59.77324061 77.81060332 119.28836953 178.32496921],[26.22028862 591.29315327 7.89598747 90.66559013 8.96886927 6.32874413 9.76165878 10.57231443 17.62957079],__,-44.98999999999998,308.2921381019131,0.10501553787119527,DH8A,
20190213,528269862,1168,1550076356.2472456,129.75443635680054,5235.870886430098,81.27114358701307,1550076328.4050314,296.7691181989674,[15.0092159 60.52349433 78.9578998 122.06277351 181.943179],[26.39702356 590.62469281 7.46964742 87.56627146 5.73769975 6.23834891 9.60973593 10.57193361 17.60875221],__,-43.099999999999966,296.7691181989674,0.08658296055533368,DH8A,
20190213,528269862,1169,1550076364.2363093,130.9967863872571,5161.858403744623,82.17248339972788,1550076337.202817,305.90961556749306,[14.83578738 30.40685956 60.88597394 78.45761314 121.56406143 182.44101873],[27.2809305 618.79798768 7.57763498 88.50748995 7.22147278 9.15463708 5.53565382 10.0383377 8.63643766 15.61004575],__,-43.099999999999966,305.90961556749306,0.110555878031458,DH8A,
20190213,528269862,1175,1550076401.2533002,127.65970932330225,4844.838929939388,85.83607981999185,1550076377.233416,297.6330896520445,[60.680001 121.80025026 180.08461428 240.82158197],[24.11811123 550.18973335 6.72601623 75.30904781 4.74534759 7.33888966 14.36295623 16.65845088],__,-41.099999999999966,297.6330896520445,0.10510527817216604,DH8A,
20190213,528312446,1196,1550099141.4597604,138.47912718627802,6045.324372317829,80.59385958690982,1550099113.6035502,293.6212404212417,[60.3686912 80.827922 123.72720999 186.18319491 243.75638323],[25.12074616 584.9762965 6.77128343 73.15928663 5.25776897 8.51135967 8.78876319 15.59259628 15.13863652],__,-47.889999999999986,293.6212404212417,0.19632792149603592,DH8A,
20190213,528312446,1199,1550099123.8339705,139.8084623357371,5940.034838160387,84.30379761776301,1550099099.4628515,303.52452644919424,[59.68153417 119.90296609 178.90281124 237.32002351],[24.89066631 557.0035632 7.27628783 78.34266299 5.2513434 9.7203617 17.68979266 18.19543257],__,-47.889999999999986,303.52452644919424,0.08409685382657775,DH8A,
20190213,528315197,1208,1550092180.8830788,142.69905489344941,6081.356956540739,86.14106091531605,1550092158.754673,296.96075351094083,[57.92543869 115.62775637 173.42974381],[23.82620715 523.44506058 6.5710265 73.25152593 5.70901205 10.10977831 15.83651474],__,-47.849999999999966,296.96075351094083,0.1340087727158288,DH8A,
20190214,528467840,1081,1550165798.27423,102.29105195035739,7020.583231429879,55.89695840725959,1550165748.0146914,247.7515218639176,[14.86581998 30.09392842 60.7835766 121.58998428 182.86672006 242.1103737],[26.90364047 628.87842205 35.24606252 134.26696449 12.52480463 10.62231707 8.75785398 15.43973503 22.1536601 31.05540159],__,-45.94999999999999,247.7515218639176,0.07863794873490536,DH8A,
20190214,528466553,1097,1550165290.901515,143.66951427468922,6173.052325142263,107.86122568952926,1550165291.1762016,312.8683151666756,[58.15099301 116.06062411 172.97672161 210.82352069 230.73291746],[25.98829341 589.38497443 7.36947642 84.04794291 5.59321296 9.42492134 15.53634403 18.3550125 18.30376086],__,-41.51999999999998,312.8683151666756,0.11195796015066971,DH8A,
20190214,528466553,1109,1550165212.1098206,144.3044832196235,5856.039277568548,107.40597141668799,1550165211.395453,314.7776521529121,[29.57154036 44.16828566 58.93185324 74.30702624 118.10099089 147.48949543 176.91702243 234.08188938],[30.17616147 679.65129888 7.82554302 94.16464261 6.78040587 8.16215677 5.95364082 12.96645096 9.9059524 18.47553769 17.5301819 27.01279955],__,-41.71999999999997,314.7776521529121,0.059580283055395124,DH8A,
20190214,528445164,1173,1550158750.7401662,123.66479307737872,5587.297725297577,109.10441329366921,1550158751.3668694,305.6979718771002,[60.41074312 120.87765264 181.28382719 240.47954815],[24.58682229 559.14183321 9.13931747 93.39850077 5.85429697 9.01954658 15.11255586 21.22296643],__,-42.139999999999986,305.6979718771002,0.05163925567639911,DH8A,
20190214,528445164,1176,1550158771.447178,126.27801080097282,5377.446271040543,110.91560519033371,1550158773.5194,314.89439451841895,[29.53554215 44.56208628 60.30432525 120.55496009 180.84644941 242.23428874],[26.94591625 620.14065243 9.2712923 95.02042872 7.87793912 8.79865158 5.23797507 9.59614128 16.20430985 22.54649471],__,-41.619999999999976,314.89439451841895,0.07601722293133105,DH8A,
20190216,528843896,1130,1550338087.5463407,148.08165540900453,6638.252989688346,34.51482897107392,1550338015.6033123,322.47724235243425,[14.73902073 29.69724492 40.80985728 59.78617705 119.72560905 154.76266484 179.74116329 238.20719586],[30.0685332 682.2208111 11.6219159 101.53193381 9.46104196 9.84866913 9.83560102 6.29813637 9.07128625 15.1917611 16.68689561 19.84023839],__,-40.559999999999974,322.47724235243425,0.12188971142546703,DH8A,
20190216,528889538,1223,1550357056.088963,118.95307773840965,5484.305567563685,96.59804581221032,1550357043.0763001,314.0799650021432,[30.42276981 61.36252931 122.71205233 184.08092332 244.10372962],[25.45462101 591.27511677 10.87417635 101.72761013 8.7184141 5.23832728 8.26761475 12.50496822 20.15182612],__,-29.589999999999975,314.0799650021432,0.042230855823065905,DH8A,
20190220,529597826,1131,1550702054.665057,113.32800929638304,5847.127505234829,95.37617185879694,1550702041.5061219,311.35776064867287,[15.17979777 28.87954597 60.86586726 121.82911883 182.48181489 243.03228836 81.00035859],[28.35145637 657.27638221 14.70718039 119.47065426 6.57582934 10.25677875 5.94704712 10.01170469 16.94901243 21.04055987 10.87917429],__,-38.20999999999998,311.35776064867287,0.058098556365067285,DH8A,
20190222,529813043,1180,1550804938.349272,125.03312596858069,5413.655585477673,90.74002872363793,1550804920.1015656,302.3509046105455,[62.18167265 124.58270357 186.32222791 247.23350668],[24.04516193 554.52599734 8.34214236 82.42313433 4.70708252 8.08248045 14.9588139 17.85063964],__,-43.73999999999998,302.3509046105455,0.06517058078391551,DH8A,
20190222,529965781,1250,1550876927.4416323,146.75247750883318,6799.860537127812,107.50843236074758,1550876927.3435476,311.35271788169365,[29.65572356 44.71777352 59.27737549 118.70115915 177.71127926],[26.80411856 593.82441742 8.97584942 83.52123522 7.01723951 7.25346707 5.95999199 10.72940338 19.66594386],__,-43.24999999999997,311.35271788169365,0.042611432112430445,DH8A,
20190222,529965781,1251,1550876922.2903926,146.89735423562422,6748.761632242761,107.15872994707345,1550876921.7521255,311.8785115936982,[29.77078639 44.57239407 59.39647248 118.9873092 178.1773347 237.82253787],[27.77911166 623.85022178 9.0722775 86.2253586 8.02726682 8.22103319 5.57098987 10.15857952 17.64531608 23.68294718],__,-43.24999999999997,311.8785115936982,0.06004185079063519,DH8A,
20190222,529924368,1122,1550858592.202579,100.29485113943316,6864.187596301556,106.25596301877047,1550858592.1333003,309.2062341659727,[30.17623255 45.70774927 60.82881227 121.73675831 182.58550743 242.432579],[26.04856794 628.44754924 18.96397415 123.12149959 9.75328519 10.50256681 5.62673351 9.06934365 14.72131249 19.99897642],__,-47.109999999999985,309.2062341659727,0.04183226326706382,DH8A,
20190226,530637329,1072,1551201895.8049939,114.58169159062118,6040.267918330506,108.17647510558827,1551201895.7754326,322.2450334627987,[60.61578375 121.37307627 181.7529909],[22.78915258 525.47718868 13.807716 100.00083417 5.21092241 9.65674598 16.40453914],__,-28.70999999999998,322.2450334627987,0.02613505656924591,DH8A,
20190227,530718012,1160,1551235840.9670424,140.20055624142034,5773.457323259932,107.39964170057404,1551235839.7585068,327.30607548964883,[29.5712035 43.58846968 59.52576531 118.88566705 177.94637686],[26.1818895 590.21605717 8.22411136 89.10229271 10.4839051 9.12628229 5.36730743 8.7277863 15.82281219],__,-26.649999999999977,327.30607548964883,0.05246703165115926,DH8A,
20190227,530837746,1184,1551290837.3574698,153.45394830791008,5278.223862242348,112.01875813055105,1551290840.0969632,335.5279145349639,[29.36449313 44.31914196 58.58307036 117.55510386 175.77592864 233.17386394],[27.40159265 613.27091783 6.49977976 81.77984479 7.03946666 9.00826793 4.96051374 8.80283054 15.56961104 16.92201016],__,-26.119999999999976,335.5279145349639,0.07613391110578138,DH8A,
20190228,530900752,1138,1551314158.1376908,115.66514172560683,5996.588346791912,98.11269533333116,1551314147.987124,317.583177289269,[15.48843633 46.71738464 62.04532335 80.12197876 124.16631255 186.11125185 247.8406743],[27.78680717 654.74598782 13.38960234 111.96592244 6.88295057 10.04558891 5.47964992 11.46053634 9.77191569 15.26695572 22.50459454],__,-31.44999999999999,317.583177289269,0.07237162589659848,DH8A,
20190301,531225442,1150,1551467152.242727,127.6756034474769,5633.3413602197825,108.15034794092958,1551467151.6769004,320.7204201890681,[14.45203824 30.07235738 60.57079735 121.14997435 181.58412267 241.61618761],[26.88337961 621.27998145 8.89129842 98.31808085 7.96584262 7.35292074 5.9036342 9.47975494 15.47166421 18.73299931],__,-31.059999999999974,320.7204201890681,0.06014806723578257,DH8A,
20190305,531760390,1128,1551748140.0852158,136.0695811588475,5827.780295281574,95.56745740553711,1551748127.1080673,317.0487218670682,[15.14072644 29.53232575 44.71302887 60.20032822 79.73668118 120.48739589 180.92431463 241.17034938],[29.06535673 676.06753548 7.36273152 91.82273793 9.04078734 11.55497424 11.85758049 5.53966449 10.91367021 8.53393057 15.4116841 19.37508457],__,-30.819999999999965,317.0487218670682,0.06351049292889202,DH8A,
20190306,532115657,1125,1551911149.3292792,108.48021256307122,5756.996355921405,90.54584826109443,1551911131.0479016,314.75156596624385,[15.60401077 61.60560503 123.37232098 184.97052191 245.50632174],[24.98159377 592.97995148 13.65000907 107.35967324 7.91849098 5.31076921 8.27702425 15.86298009 18.78797461],__,-35.389999999999986,314.75156596624385,0.05613455138164153,DH8A,
20190306,532080023,1100,1551891690.103838,117.46526394819766,5966.260899486803,89.29519258857,1551891671.2104611,313.4067339592551,[14.21716265 30.38383656 45.57173849 60.78675794 121.78987924 182.64256692 242.47809201],[28.17837759 655.29918631 12.85827631 109.46071958 11.69294387 6.92859937 7.93981817 5.64984295 9.2250555 15.35599734 23.13040636],__,-32.76999999999998,313.4067339592551,0.04068987083320077,DH8A,
20190307,532131051,1120,1551922574.287802,119.93789088518494,5926.524188711708,96.29487695141589,1551922562.1704674,310.74694160541816,[13.42677384 30.45510074 45.66421643 61.04337235 77.11442979 91.41548338 122.09447805 183.2978176 243.88045282],[30.24261217 709.9096108 11.14794188 112.13890089 9.02101253 7.93454907 10.90073253 6.19141721 12.25179615 12.98882688 9.85058599 16.19580887 21.28547446],__,-34.639999999999986,310.74694160541816,0.09030911394268681,DH8A,
20190309,532520957,1062,1552095613.8992298,102.9089426871789,6045.51253260774,77.63395924464793,1552095582.8499153,300.34969080177325,[14.60658885 30.10961706 61.0647491 122.05013442 183.08085692 244.15639319],[26.28771732 626.84134555 17.26315481 118.8001371 10.89390905 9.28398851 5.639985 8.72468121 13.70928799 21.42154678],__,-35.91999999999999,300.34969080177325,0.05936862468357128,DH8A,
20190311,532880874,1118,1552274913.8739796,124.43831401739226,5749.884996732725,106.56481159604496,1552274911.9723473,309.2571389785259,[15.46308893 30.33641357 45.37847451 60.96229372 121.96972349 183.37205852 243.18289199],[28.16905668 652.22606659 11.06927684 101.08361879 6.73648101 12.95173022 11.35688668 5.59521741 8.92493204 14.21549383 20.53432176],__,-40.309999999999974,309.2571389785259,0.07892006803048243,DH8A,
20190316,533819833,1116,1552707128.6759079,113.08878687435033,6036.251272853691,105.7889573720036,1552707126.3251705,310.74044235540947,[15.1522945 30.63274476 45.4223137 61.45192308 79.55663487 90.10205685 123.02845516 184.33731775 245.42577362],[30.42901223 713.41599832 15.41826521 124.79391317 8.76990561 9.48312578 13.18205797 5.93288241 12.29991145 14.52430849 9.1577338 15.73429213 21.15486425],__,-36.39999999999998,310.74044235540947,0.07195054436067788,DH8A,
20190318,534251910,1153,1552919632.0747626,147.02854130189465,5499.625492126427,108.63262912520452,1552919631.922182,323.4254623401858,[14.1580057 28.75213548 42.95902531 58.21771031 116.48447681 174.88463327 233.73675555],[28.65250694 645.95579679 6.33722777 85.38139829 7.11403531 7.96374461 8.3632912 5.69829602 10.08140368 17.08912462 20.9523796],__,-38.41999999999999,323.4254623401858,0.10036090696927685,DH8A,
20190319,534369939,1085,1552966412.5276167,108.1770629375127,6277.689662156267,108.93022083126426,1552966413.4706085,312.71100076505746,[15.18065079 30.35861763 45.27899862 60.61914081 81.52258229 121.34472977 181.76748474 240.9886295],[29.25010903 687.30104595 17.39164158 126.9130713 6.7044019 8.64645599 11.63370431 5.95898452 14.68052886 10.5297788 15.64670814 25.28693888],__,-36.50999999999999,312.71100076505746,0.05343056260059419,DH8A,
20190321,534866445,1121,1553184249.4818165,118.61830065458267,6044.100287981481,107.07193586736473,1553184248.6763873,307.39219568644324,[14.71146196 29.9490597 61.09795797 81.32405698 121.9415959 182.36422541 242.01095687],[28.0749643 654.91932532 13.12335958 108.64676042 8.08857988 9.14292105 5.78004558 10.33417926 10.27970985 17.88538528 20.34131415],__,-32.39999999999998,307.39219568644324,0.08286128741263321,DH8A,
20190322,535141599,1116,1553298570.0503075,103.73920924575162,6020.052872203547,107.25429039532415,1553298568.6633306,316.4745036790433,[15.2802513 30.6266021 45.00607158 60.92996403 121.78173274 182.47042208 243.31039068],[27.69934635 658.54305497 17.7264143 131.27090458 9.36798711 10.54489006 11.75127343 5.93436305 10.2787559 16.11622891 22.53567461],__,-29.349999999999966,316.4745036790433,0.060331751847265296,DH8A,
20190323,535250369,1157,1553352566.5829217,137.1736905302802,5599.508590772628,109.2294457462869,1553352567.1112306,322.9937162117485,[60.05202708 120.23171319 180.19134669 239.04935721],[24.13938339 552.82715513 6.94049534 78.65220729 4.66691965 7.57826477 13.0742473 16.39766335],__,-28.669999999999987,322.9937162117485,0.07465472406417037,DH8A,
20190224,530292962,1300,1551040112.9882917,199.56448639496182,4902.591258747157,112.24710421555378,1551040114.1554222,336.95998182397983,[35.82230853 71.13632503 106.32443625 167.52171012],[26.16835303 549.22640992 3.58310797 61.97865371 4.93696022 6.55672346 9.05059633 13.9034857],__,-17.029999999999973,336.95998182397983,0.17230052945321184,B77L,
20190224,530292962,1303,1551040109.8544223,201.0066571185744,4995.1726250667825,114.00989474366935,1551040112.957052,309.2239002661607,[29.2102128 58.05901052 88.52439045 146.22054802],[26.02311779 544.93418584 3.16912525 52.68383155 5.11282681 6.36794375 7.90762849 12.17078013],__,-17.029999999999973,309.2239002661607,0.2616992463635896,B77L,
20190224,530204166,1305,1551026918.6243315,166.67937508995809,3434.9345410270885,112.18147857647831,1551026917.3395138,308.8025492915965,[124.22782713],[20.18822647 419.93565571 3.03478769 50.19245597 5.33583176],__,-5.509999999999991,308.8025492915965,0.21068874807421414,B77L,
20190224,530204166,1306,1551026920.331037,168.12308180360708,3031.073452764974,114.21941691942457,1551026920.4447143,333.459319599812,[122.46604516 290.65458814 300.19503913 221.63624279],[25.02405449 507.84135242 2.93543213 65.66128428 6.44936076 13.05853116 12.75699199 11.6831106],__,-5.509999999999991,333.459319599812,0.313302406826951,B77L,
20190223,530122923,1077,1550953927.6989837,61.95660099113793,1657.0940489975474,111.01120751266012,1550953922.1941288,326.82424630992256,[39.4563887 59.33107059 79.86542261 99.68821025 119.21022552 138.92303592 159.66247572 179.13926639 198.2864248 213.97737675 235.0268177],[26.87619701 700.21929345 9.21317699 176.29728276 19.81184997 8.5704678 9.65271267 11.96859369 7.54196516 9.22645758 9.15091788 9.34105401 14.95734782 20.01738165 14.79207961],__,-6.489999999999952,326.82424630992256,0.15042859995886448,C180,
20190223,530122923,1078,1550953911.3735385,61.54122444027074,1304.4450529594762,133.51114976529053,1550953927.8869264,332.4756933711477,[79.31610681 118.27164209 157.60500456 57.82741988 98.35178054 136.30229919 176.36619478 195.05628031 214.77967412 234.98414942 254.98727097],[27.44745856 663.06525013 7.26580793 176.59835883 7.45153227 7.65667293 9.31968489 9.23332171 11.42229493 10.51498454 9.25257526 14.24385818 18.79360806 14.96930809 21.66037374],__,-6.489999999999952,332.4756933711477,0.16045391626211716,C180,
20190223,530122923,1079,1550953896.6028976,57.67241530497671,986.5560772764943,115.50920039570471,1550953894.5686722,329.9532106248785,[57.99903181 80.60587602 98.08176633 119.75972467 139.75299078 159.88097156 178.93781317 199.08492075 219.81371092 239.23622679],[26.75898834 588.65974023 6.45904358 173.1824235 9.38434719 8.29244001 10.98644461 7.19192091 10.07765606 9.21052038 8.9677859 14.69061629 17.33296064 12.27809425],__,-6.489999999999952,329.9532106248785,0.1642930851748795,C180,
20190223,530122923,1215,1550951727.1844492,52.29941494375083,1330.4244969593008,89.70878156780464,1550951699.8384655,351.4984189529838,[83.0216485 121.44830788 166.27015724 181.99461623 246.26254045],[19.82811036 570.33853666 13.06137614 183.15129896 6.46640402 7.37659275 9.25680095 9.81303967 14.87857739],__,-6.359999999999957,351.4984189529838,0.16759991899138904,C180,
20190223,530122923,1269,1550950938.109248,58.63141273109829,1855.403583377922,97.18926830017519,1550950918.8475847,328.2942014165389,[60.59411211 84.43613235 120.72564182 180.3415447 200.84844965 220.35403562 241.90921376 257.94784633],[23.58287449 649.31422225 11.5735377 171.00481542 7.92926057 8.26160446 7.22217868 7.93487067 12.20302043 17.21525522 13.37425908 16.25316201],__,-5.67999999999995,328.2942014165389,0.17115866533159058,C180,
20190223,530122923,1272,1550950898.209813,58.71142821250947,1118.0105706696452,117.37236303714212,1550950897.9102726,337.15879021251897,[119.00089141 79.59951593 158.82710626 178.15773273 198.87801629 218.64446321 238.30433336],[23.78504256 560.57244513 7.17916797 156.50173242 6.5967406 6.24788465 7.40878942 8.18599629 13.18807889 16.58328866 11.25843488],__,-5.659999999999968,337.15879021251897,0.06188152437018352,C180,
20190223,530122923,1289,1550950601.7224617,47.89123730933414,2022.4463217050668,110.86190919129501,1550950596.3604941,331.3687604865946,[80.36216502 119.07612687 160.86772813 178.44127373 202.01855844 217.38815796 219.81760925 237.62269299 239.10918241],[21.85905788 696.03747186 17.45401858 208.70826924 7.38427423 6.75027294 8.87154395 10.15204419 16.87815336 17.22308918 19.15836046 14.77732497 14.92650892],__,-4.729999999999961,331.3687604865946,0.10513472695026387,C180,
20190223,530122923,1290,1550950585.4580004,47.09053327996014,1546.0321007882337,113.06706026057694,1550950581.486432,333.84170281787135,[80.3093824 118.8465505 118.88071954 160.64736225 178.13236292 178.17250082 198.933941 201.0708728 216.74116626 220.49301473 238.6296855 239.60661504],[23.82261295 740.50020324 13.41671708 223.258419 8.67992312 9.23094185 9.26554663 9.8442199 10.4721969 10.52518255 19.20007597 17.50587049 17.8340104 20.90541064 12.72834146 13.20876634],__,-4.689999999999998,333.84170281787135,0.08371067130833484,C180,
20190223,530122923,1292,1550950541.945579,44.55104375530573,1221.6865325176882,111.58639521314707,1550950535.8328273,319.60162069804153,[59.50078968 80.63883107 119.3693992 119.44364667 139.53461023 161.27229892 161.40671062 179.009198 179.70843326 200.13985709 203.40162529 218.1242878 220.56934061 239.93314771 240.20931115 39.76997173 99.52887135],[27.51596492 807.53804404 11.99061207 245.4226595 17.66835132 8.95971865 9.04626095 9.17074603 17.49828222 10.33460917 10.44678923 11.65795981 13.38768343 18.81207687 19.8914931 22.91775194 25.40804309 16.20751723 16.19283434 21.63881045 14.77746265],__,-4.949999999999989,319.60162069804153,0.09858849998189138,C180,
20190309,532654074,1303,1552156744.188574,30.77101100194408,547.9215021950317,198.31897619948424,1552156823.682592,331.7360696259792,[28.31388315 57.60879354 88.18596323 106.36657894 118.822798 133.10551116 142.23622161 167.17223027 174.77446396 187.15101461 196.36213539 203.5002074 174.73112012 183.88814905 192.52694301],[40.50475401 849.58845615 108.82745023 335.74926569 13.31295122 15.53033273 18.02420915 18.71873509 20.92312306 23.67961506 27.2176382 29.43186865 30.2996407 32.71631858 34.42279853 35.17714768 30.27316286 31.61068778 33.65906247],00,-0.6999999999999886,331.7360696259792,0.24575989700394663,C180,
20190309,532662692,1271,1552159493.3102067,35.67895980016512,1704.8004930026161,105.63615740728655,1552159482.2150517,315.85980661611796,[77.52095226 116.51562225 155.03108801 174.32718539 232.63669879],[18.11347924 590.34081866 41.5853496 217.61648233 9.51601712 10.70890708 14.41164902 15.91121898 20.04998479],__,-4.819999999999993,315.85980661611796,0.08182564720117086,C180,
20190309,532662692,1272,1552159465.6345832,37.210414852394166,1390.8471272741958,121.98693149683969,1552159470.4036393,329.1516165840636,[75.62990531 113.40118505 151.00118109 170.02047144 224.24860077],[16.63390508 584.78053246 23.79800432 204.60531593 7.40242201 7.45824259 10.40272047 9.7193763 15.22752155],__,-4.7999999999999545,329.1516165840636,0.14597214028823097,C180,
20190309,532662692,1273,1552159449.021768,35.579342536808475,1360.1910852870212,119.13654256066782,1552159450.81768,327.7041816510885,[74.73611081 112.38574959 149.56445231 168.60808838 224.29343704 240.53770905],[17.03696141 612.24829293 22.90754289 212.82395168 7.31225074 7.15854899 9.90158953 9.13455456 12.42649299 16.6227542],__,-4.199999999999989,327.7041816510885,0.11613795163227522,C180,
20190309,532662692,1282,1552159238.0115638,49.553212711060304,748.2241667581262,118.60800801052258,1552159238.2943032,334.66594619997056,[56.48041065 75.11634987 112.69738344 150.43172535 169.20865944 224.77977441 243.84970284 188.24930326 206.98026053 132.78526553],[25.73336389 555.33702695 6.50188327 193.68198055 12.9737825 7.62282133 5.81141749 9.86885513 8.65197081 13.34540039 15.44048188 15.88875551 14.62859651 13.05059849],__,-2.409999999999968,334.66594619997056,0.1437795087495102,C180,
20190316,533959741,1304,1552775241.5116074,57.42026639780778,883.6897999558568,118.84135465608601,1552775242.270155,354.74616153903594,[75.80978698 113.79326961 133.10016508 152.15932757 171.1753534 190.15483564 207.99094718 227.69313411 245.36882815],[25.49518154 548.09981698 5.40016525 178.74070659 8.58323833 6.15920961 12.01345744 8.14716802 8.41111155 9.77682792 14.90758659 13.15083754 19.83776968],__,0.8400000000000318,354.74616153903594,0.11033234149692102,C180,
20190222,529930264,1149,1550860802.5155153,95.46633061687625,1743.4918962679208,72.84887327499194,1550860759.9283147,327.3450236710174,[32.92449577 66.31577173 99.07953777 199.60960072],[23.73602516 517.8358387 4.87251441 109.71806451 6.40870907 8.894609 5.98819726 14.31906408],__,-9.239999999999952,327.3450236710174,0.12310969073733039,B18T,
20190222,529930264,1174,1550860995.6431427,100.95292126264698,2029.8349201623566,89.52920311650294,1550860970.7396615,342.15177018052094,[63.20698583 95.58097405 127.75210673 193.4975304],[23.88518967 529.10641541 7.07569143 116.35418501 9.18669373 5.8856738 9.30471426 12.45192213],__,-9.95999999999998,342.15177018052094,0.21661881099595076,B18T,
20190222,529930264,1186,1550861092.407377,99.45246623919914,1369.224622225772,89.47765779113662,1550861064.760083,323.13112664569127,[32.00873018 65.09367216 98.17908853 196.60438621 292.61478707],[25.6107841 493.92824823 3.85660243 98.63542938 6.88114081 8.75387044 4.77733491 11.11947992 20.52988923],__,-10.349999999999966,323.13112664569127,0.2317113647803663,B18T,
20190222,529948401,1107,1550867061.993478,101.21618857293922,1594.9641996652474,100.9173905793149,1550867047.1346655,333.5047910111901,[99.52027567 201.10458876],[20.96887107 440.40886042 3.84522525 90.76542375 4.37412363 10.35207093],__,-6.919999999999959,333.5047910111901,0.21926499823552517,B18T,
20190222,529948401,1110,1550867031.7916818,98.0307874370619,1259.60728803725,111.55319923719816,1550867026.195853,386.1500572024983,[94.69463098 189.99953782],[21.48896707 386.7005969 2.27602066 83.40077752 4.30331083 6.7585718],00,-7.0,386.1500572024983,0.6301288838173464,B18T,
20190222,529948401,1119,1550866958.433549,99.99682743477766,1920.2224076408068,103.60112481799143,1550866947.1177824,349.63616007205127,[32.69197014 66.08761404 96.94553125 194.4577513],[23.90384411 527.76524734 5.7633549 109.47896309 5.85682326 8.97105779 4.67394939 12.21816737],__,-7.21999999999997,349.63616007205127,0.2833944627756239,B18T,
20190228,531022273,1152,1551376613.558191,105.06153377538605,1574.4231104463317,80.14775433788678,1551376577.552422,332.85268619498527,[98.19730554 194.26697211],[21.43667508 441.32940259 3.40357391 81.07614886 4.03178753 10.02147537],__,-1.4699999999999704,332.85268619498527,0.2270279139569282,B18T,
20190228,531022273,1153,1551376618.4111586,107.42297764255001,912.9175833539475,85.57685051805524,1551376585.3432608,343.02968055851085,[35.44760999 65.55483356 98.10204947 199.64444472],[25.72182506 493.17830845 2.89954893 90.15637001 8.99366327 7.14362049 4.31558559 12.24929233],00,-1.4899999999999523,343.02968055851085,0.2596452861064033,B18T,
20190228,531022273,1166,1551376713.1586564,106.50467146297741,1409.9091547552985,91.2331632516755,1551376687.6851232,356.0842473565703,[32.9213366 67.25215278 97.16865255 199.15435573 294.26634358],[26.41340022 543.08671146 4.39138243 107.39800561 6.71517149 7.55862962 4.96801662 14.26559762 19.69310396],__,-1.8799999999999955,356.0842473565703,0.2606232897882367,B18T,
20190301,531214310,1168,1551462979.9886813,98.5201383891469,975.3451008718718,65.63459324147573,1551462926.046061,348.28324900468283,[33.35638992 97.35562658 211.3391944 61.50960623],[24.86344616 461.6158572 3.88969403 101.99355802 7.90632583 5.06387016 13.40835781 7.10255867],00,-0.5999999999999659,348.28324900468283,0.605373390070654,B18T,
20190311,532870946,1151,1552268979.4684367,146.00533805761808,5596.758628439285,88.82428755569221,1552268959.3483787,318.58426825630374,[58.76323184 117.75941013 175.79132227 232.33397176 14.50773374],[25.76952088 584.09790952 5.99549442 75.54310219 4.93262096 8.17933997 14.61264111 18.74632458 6.17613676],__,-38.95999999999998,318.58426825630374,0.1155881193709071,CRJ2,
20190311,532870946,1152,1552268983.170606,144.95911351769905,5468.914639667665,89.8314787772136,1552268963.822221,317.39089710700887,[59.07893833 117.9132154 177.1772887 233.63577062],[24.37307131 550.78043951 5.96876307 72.42965027 4.66046369 7.52362435 11.82133568 14.85932653],__,-38.95999999999998,317.39089710700887,0.110193410016143,CRJ2,
20190311,532870946,1153,1552268988.6488154,144.75699322262136,5431.282977199567,89.56564972686174,1552268968.9732828,320.6312777989946,[59.46948367 118.62423969 177.12751118 235.60027928],[24.71777353 553.24872338 5.82255808 76.08023769 4.9700289 8.21808607 13.59282161 18.00667047],__,-38.96999999999997,320.6312777989946,0.06436576587430134,CRJ2,
20190311,532870946,1154,1552268994.202069,144.30811651244534,5451.033447590596,90.42208287002519,1552268975.4033496,320.6326790894651,[59.57703033 118.19920713 177.58264564 235.93326404],[24.6910785 553.03870163 6.035249 75.61099298 4.68390085 8.3647022 12.61501041 17.17728583],__,-38.96999999999997,320.6326790894651,0.06135976412384071,CRJ2,
20190311,532870946,1156,1552269007.2737203,143.3000807587925,5502.38935303344,91.47801352964105,1552268989.5694945,314.9360712676827,[14.73536979 28.30384312 43.78208722 58.38991178 72.48287228 116.23645404 173.24175308 231.66186502],[29.29472498 672.5730985 7.35349862 90.26046572 7.48087088 9.56927923 8.2490797 6.15018892 8.93473964 10.01707176 16.74987919 19.16544664],__,-38.97999999999999,314.9360712676827,0.14593968209024336,CRJ2,
20190311,532870946,1171,1552269096.3086753,142.9769764820852,5548.305771221568,95.46189630419016,1552269082.5815248,322.1641277891131,[59.06705883],[20.58062343 445.01595684 11.16350268 80.23871943 8.53178531],__,-38.369999999999976,322.1641277891131,0.10925508898548689,CRJ2,
20190311,532870946,1179,1552269144.8602495,147.1803333568028,5054.521280180864,102.3242023237099,1552269137.2489884,318.22307760466333,[56.28879718 111.09162525],[22.19582215 482.02754683 6.24210592 67.84310606 5.48043178 10.31964588],__,-35.71999999999997,318.22307760466333,0.14266599440604016,CRJ2,
20190212,528046375,1238,1549989269.6817703,279.73253875666774,9721.598458268587,99.8209979111159,1549989268.2618499,337.9851480882242,[33.22793344],[21.77664163 445.5266395 2.5664173 32.68231737 6.36641054],__,-50.609999999999985,337.9851480882242,0.6700536093643124,B77W,
20190216,528771491,1303,1550323463.2711763,219.44653407437605,9638.801652749084,104.49044558015376,1550323465.744927,306.9744467024163,[30.78840475 61.24423235],[23.70913076 489.09454785 11.10117254 51.05855225 5.92896016 10.39311221],__,-62.25999999999999,306.9744467024163,0.17448067968057707,B77W,
20190217,528951851,1150,1550425636.885604,285.259198,10120.615398336813,112.1675294472666,1550425649.0057755,295.156,[105.03694124508276 68.05091148115807 74.99127050235303 155.17247222462973 181.0030594396599],[30. 600. 90. 240. 150. 150. 150. 150. 150.],00,-60.23999999999998,295.156,Forward Model,B77W,
20190219,529302325,1021,1550576660.1916807,227.74284876340866,9070.181438715485,93.63832707676433,1550576650.7752986,305.27076157498544,[40.10975653 117.72216509],[23.2175908 485.76881199 3.42137434 40.14969713 4.83315609 13.02336898],__,-52.49999999999997,305.27076157498544,0.25061205783953516,B77W,
20190219,529302325,1023,1550576660.7448869,225.6463380550208,8969.831945479058,120.73389768288037,1550576678.2011225,345.79175320351635,[51.59648345 35.47719695 83.24257425],[25.18695693 526.44174248 5.54137579 54.98246896 7.77577406 5.93125987 11.80535141],__,-52.49999999999997,345.79175320351635,0.27296228895053715,B77W,
20190219,529189551,1251,1550534700.6940596,235.29816633926242,10113.261555179628,102.10115487519889,1550534701.07694,322.64345210418657,[40.42241603 137.97562037 161.95792831 101.26774052],[26.72111564 561.63680712 5.84239908 51.8960976 4.85238822 12.53558026 14.29845988 9.04969507],__,-50.76999999999998,322.64345210418657,0.29035312646058253,B77W,
20190219,529189551,1254,1550534707.1537192,233.0917367569067,10164.059963698117,125.04191311836007,1550534730.5544388,325.40096047396366,[39.46469649 92.17368212],[23.59450447 488.58596642 4.56848082 46.62453527 6.277729 15.05068843],__,-50.619999999999976,325.40096047396366,0.2060790728239984,B77W,
20190219,529189551,1255,1550534709.8211975,232.76101955874776,10300.957179162724,104.71973323863772,1550534713.126097,330.96221103223616,[152.72081581 255.1346607],[23.18388844 487.75330045 18.94848037 111.06687357 20.18541683 33.31230965],__,-50.619999999999976,330.96221103223616,0.31083292092678494,B77W,
20190219,529303955,1010,1550577148.018673,227.63374503151508,9683.199990920468,125.14958644475159,1550577171.1018302,351.90455664205206,[55.16560384 108.40283541],[23.26840919 487.59219187 5.39080458 50.7781596 5.65022099 11.31127033],__,-51.27999999999997,351.90455664205206,0.30832020880118444,B77W,
20190219,529303955,1012,1550577151.094605,226.85978422724256,9640.486864597156,112.4308590112377,1550577161.4033754,357.9463229009604,[89.88515494 133.16489571],[22.70998538 485.04279855 5.81620509 50.63648655 5.49507798 9.2798553],__,-51.27999999999997,357.9463229009604,0.3204567776636872,B77W,
20190219,529316465,1263,1550595414.766518,251.81320279992164,9466.586541155164,89.84862480738,1550595402.568078,278.8056004257313,[42.87384558 87.17104914],[24.01957769 488.4515139 29.88087002 152.20291881 11.64169721 22.75568241],00,-52.869999999999976,278.8056004257313,0.23198129122951083,B77W,
20190219,529316465,1264,1550595418.2042384,246.2174075476764,9430.66556132489,115.72098939326571,1550595431.73431,368.84951191697627,[59.41860012 69.89644964 115.44635662 195.07725973],[26.46434212 559.70188235 5.5752743 56.40785259 5.80304825 6.27181507 10.03137823 13.80692893],__,-52.87999999999997,368.84951191697627,0.32829589099011824,B77W,
20190219,529316465,1265,1550595421.5846634,248.0415371928686,9386.795562795209,104.10665549452052,1550595423.432775,337.65080454985974,[72.00478799 141.89087124],[23.23559935 485.76768211 5.01906191 45.094885 6.00946304 9.75919446],__,-52.87999999999997,337.65080454985974,0.2585820809980829,B77W,
20190223,530036948,1242,1550934574.276226,262.3484124898903,9770.940637007336,104.67876118930636,1550934577.6265755,324.95583787496275,[28.23299384 34.04834402 57.63702022 154.43780496],[26.75217984 559.32299745 3.55548656 40.72418289 4.62903353 5.56827192 7.80503576 14.43489928],__,-59.819999999999965,324.95583787496275,0.2823559625480299,B77W,
20190223,530036948,1243,1550934572.4585247,263.1695006453397,9743.200986317366,103.05427412074074,1550934574.1433907,325.7806224520255,[29.97778835],[21.81396229 446.05777209 4.4128829 34.36124649 6.15299707],__,-59.809999999999974,325.7806224520255,0.1693358145750422,B77W,
20190224,530200815,1107,1551032935.2866175,256.7670437160856,9649.887015418926,100.57463342822592,1551032934.442568,316.1912063241974,[32.8148919 130.01308999 167.55816019],[24.84563182 522.02611071 2.74460964 35.98538034 4.58763203 10.64680487 12.96557329],__,-58.139999999999986,316.1912063241974,0.25304884377351206,B77W,
20190303,531478370,1029,1551619642.5377116,230.85316631381502,9641.442269069827,107.89297946878509,1551619648.3885589,380.79686802922686,[46.01982543 74.01141664 126.29623936],[24.89164785 524.56668027 3.78898196 47.9524946 5.45109415 7.70182293 11.96077448],__,-55.559999999999974,380.79686802922686,5.614777367310889,B77W,
20190324,535381023,1106,1553439559.816383,245.19238899070066,9595.036155882104,93.40305625636199,1553439551.6909997,329.8072884913515,[41.95975882],[21.49605888 445.10922378 3.68467571 41.29617369 7.80779009],__,-51.599999999999966,329.8072884913515,0.2598026671933005,B77W,
20190212,528132990,1009,1550005905.0,59.475090883236824,629.2899941899108,102.34701633548073,1550005889.2039306,355.17658382279694,[260.85388884 243.60451052 224.03816203 209.26275592 192.4431222 174.46743365 157.40653223 139.23194658 122.25843578 104.69400709 87.39234622 70.04937438 52.71832408],[30.76775244 493.93066136 4.0423127 197.05106403 19.21265335 16.3535228 24.06937602 11.75857201 8.55354675 10.85157731 7.95932505 13.70809658 9.35736663 9.00064608 9.68700581 11.97593395 17.79766896],__,-5.829999999999984,355.17658382279694,0.0987335522829228,DHC2,
20190212,528132990,1011,1550005917.715642,54.235128034094,1506.2133504809942,113.60996599444435,1550005914.2116055,349.4390436899719,[70.96795324 88.72386196 106.38418169 124.13843018 142.04571343 159.58942332 177.3083798 195.22594193 212.98446211 230.21436257 248.33632755],[24.9870389 711.0103431 11.68595205 208.42539139 11.09662744 9.69610768 8.9645584 9.43206015 12.94889392 9.23287099 10.6092605 9.91349263 13.25040786 20.02929668 15.26624171],__,-5.839999999999975,349.4390436899719,0.037582949770219615,DHC2,
20190215,528707323,1011,1550274037.0,60.547138379134005,960.5793719291008,123.47702885560189,1550274042.3273468,346.1097432902376,[58.50624828 73.03993049 87.6444692 102.51074253 132.00593623 146.87861178 161.91428026 175.58124352 189.96382158 203.91150203 218.62927693 232.66344197 248.5453323],[29.60360924 638.90043633 6.30485659 200.49555175 11.16070332 8.08367637 8.09544615 9.02273588 10.12395103 12.62495641 9.51754744 12.24304576 16.80878786 18.85146028 25.40059611 23.50411696 31.65790884],__,-7.539999999999964,346.1097432902376,0.16442028726935293,DHC2,
20190215,528707323,1014,1550273978.634771,57.36314768798578,344.11235057350154,118.4947580108054,1550273977.9876332,339.5840669587208,[59.99315498 75.24352539 90.53210206 105.66753436 119.42310454 135.75792252 150.28544101 166.0012172 180.93418532 194.11109893 209.4977049 225.79371262 240.50167498 255.41019067 269.48088985],[34.20485469 333.37114338 2.54769009 209.1270383 12.38848923 9.80309365 9.62062845 8.41150975 14.64989765 9.93510723 12.35516739 9.47687458 9.56803375 15.39293433 19.34774253 17.33294852 16.65275607 18.27654841 26.33912779],__,-7.599999999999966,339.5840669587208,0.08201656758776847,DHC2,
20190223,530132547,1012,1550958768.5406983,52.93466647894467,295.9178298465049,117.91977333032851,1550958767.1134365,329.29428838262487,[65.24410603 81.89668056 98.86889524 115.32177253 131.12279457 148.34387197 164.81973833 181.4847072 197.77166726 214.20801119 231.19732823 247.55245834 263.56143404],[32.02854348 294.63664333 2.60565307 208.14543498 13.1275772 11.59280826 9.57581302 12.25470006 15.31571257 8.82401415 15.87017535 8.97799272 10.70201376 12.86223699 14.96432451 13.82696416 15.65942237],__,-4.479999999999961,329.29428838262487,0.06750883221740868,DHC2,
20190223,530132547,1024,1550955494.8868048,44.8114417263496,759.3945246588902,114.60034408520823,1550955491.187275,333.53295334468737,[35.50626786 70.49980124 88.02738562 105.62635895 123.2027 141.20059978 158.23559943 176.01555478 193.52342503 211.07986621 229.13076387 246.07950059 263.7586511],[26.88286936 625.50817278 8.37424279 218.87638922 14.66363477 10.26934356 9.89067423 9.33585264 11.29739297 11.24951547 8.58714637 10.39753692 8.67284726 11.28224464 20.27302076 15.14316876 26.45419787],__,-6.399999999999977,333.53295334468737,0.0461038130415865,DHC2,
20190304,531748623,1008,1551734477.6798344,52.2103271626171,1978.7192952933126,118.3036866578989,1551734479.584178,348.5430264125829,[50.09233315 67.6448911 84.64127028 101.55668645 118.54241765 135.23641656 152.32073585 169.3112574 186.21942841 203.24830654 220.09339059 236.35874979 253.14103198],[25.24947954 784.22588318 15.91325866 227.28187922 21.23736558 12.74571962 11.92642068 9.03415946 10.12516275 13.90162413 9.30878581 11.6944116 9.19383048 11.64764888 15.26775217 17.29719116 27.42629027],__,-4.789999999999964,348.5430264125829,0.050540044192369515,DHC2,
20190304,531748623,1012,1551734539.3917882,49.68113602218259,602.0849907603198,118.17862838226172,1551734538.8101242,328.6546946243465,[33.99853741 50.91621797 68.18239911 85.25583346 102.27459793 119.36299622 136.22422865 153.50849675 170.52773805 187.73549298 204.43660013 221.63658287 238.51108228 255.64550995],[30.14681419 535.86498376 5.53582204 211.232526 19.82150846 20.27629197 11.14813285 9.41417356 9.73601667 9.55768077 12.90947587 8.66047365 9.71451313 8.55744047 12.17989756 15.55637262 16.76242334 21.46573894],__,-5.229999999999961,328.6546946243465,0.02255033783803806,DHC2,
20190304,531738343,1019,1551730302.8290682,45.65971808159927,1660.5210161756893,112.72693124287076,1551730298.5990238,331.69682049802435,[16.69807905 34.00548457 51.39190892 68.35269793 85.3271285 102.46484082 119.4579241 136.55152177 153.58484276 170.62059598 187.61303726 204.78621704 221.73492388 239.26533252 255.80235994],[25.72605719 815.34593846 16.70932266 237.48204334 16.85920638 14.72741484 17.98543072 13.71271503 11.38062502 8.70398158 10.3571898 13.20052609 9.40902292 10.35674144 9.96042855 12.43576445 15.61543313 19.96591486 23.76803627],__,-6.169999999999959,331.69682049802435,0.034370852559510945,DHC2,
20190307,532294070,1005,1551985013.5276053,50.5183649525665,548.3022368005459,116.26430166262281,1551985010.9183443,317.82328077555246,[69.39648594 86.8120266 104.15557394 121.56411999 138.45921428 156.35031187 173.53383973 191.09187138 207.8232352 225.48375403 242.89570547 260.2472947],[29.1729811 465.50887667 4.0976467 197.14655062 10.75815748 10.45002321 9.100355 11.04665153 17.49839459 8.01793792 11.52336041 8.0970366 10.61126706 19.09951065 14.41556941 17.86189327],__,-4.319999999999993,317.82328077555246,0.026000529135731205,DHC2,
20190310,532843447,1008,1552253848.364499,53.474920441660124,1376.9813475786211,117.90617463165515,1552253848.852212,346.20037797471076,[63.18148682 79.360773 95.21312456 111.15862908 127.01518853 142.84619053 158.82397539 174.66998101 190.65916738 206.53229304 222.34259394 238.04572699 254.40319463],[26.5420142 730.97692476 9.97917768 211.50801548 15.26076952 10.59611798 9.14097889 9.48794038 11.87444833 9.36517536 14.43060465 9.03343384 10.39331068 12.17727928 15.56607928 16.61000379 22.22378435],__,-2.7899999999999636,346.20037797471076,0.051373844185956426,DHC2,
20190312,533223558,1010,1552430566.3053317,51.201174535706244,1240.673905025992,115.57542375344627,1552430564.2639375,335.02734092492335,[34.71926388 51.93845309 69.40690124 86.75132778 104.1454283 121.51497592 138.77810938 156.15647629 173.52561137 190.89920615 208.13861612 224.33438833 242.60079323],[26.62614555 728.43076879 10.82172063 218.30688351 15.22017283 20.16431247 10.04412418 9.79889411 9.96298611 10.77085135 13.69779373 9.36775967 11.02835186 9.43807365 12.77431046 20.47492305 16.56442951],__,-7.17999999999995,335.02734092492335,0.05033423924976341,DHC2,
20190314,533410558,1024,1552523027.7317965,61.113506202438614,1102.6823750698702,115.07198288981371,1552523025.181638,329.9932204736337,[65.87668692 81.03464754 97.0572006 113.39592388 128.40826239 145.95315212 161.81386388 178.46490673 194.31876195 209.94987907 226.43675988 242.02159307 257.94770506],[29.03187488 631.26334343 5.56109867 181.07126302 17.01504971 11.69778452 9.51756573 11.85187489 15.70512232 7.70027042 13.340561 7.91833991 9.75151211 14.65220657 14.83566893 18.16105358 24.75319158],__,-5.3799999999999955,329.9932204736337,0.09758688349359781,DHC2,
20190215,528673253,1109,1550256980.1214871,112.12501686118065,2845.014539513496,113.02446483340492,1550256979.2406886,316.68638313697375,[98.91934541 197.74579355],[20.94436138 470.98880897 6.53749217 93.24936157 5.97208127 15.01900547],__,-17.50999999999999,316.68638313697375,0.036042178000870326,B190,
20190215,528673253,1114,1550257022.1186483,113.4220295374852,2400.0783001000705,113.49111911112757,1550257021.0574248,323.5280905000761,[24.73487626 48.82004223 74.2471007 98.58000879 197.07948943],[25.44742759 551.92560527 4.55052144 95.0576737 8.20806468 8.56751049 9.80832783 5.27633856 11.44868875],__,-17.539999999999964,323.5280905000761,0.05716183776747986,B190,
20190215,528673253,1123,1550257100.8249643,111.24110957635052,2699.5557500563564,111.52028959457299,1550257098.3819273,313.6371136333982,[24.38399648 47.86677186 98.95125712 197.23332581],[24.35109058 540.54886872 6.03164384 98.1333494 7.38238533 6.66631047 5.81948261 13.30308033],__,-18.099999999999966,313.6371136333982,0.06832124822473107,B190,
20190215,528689027,1108,1550262779.4472413,130.32779089242015,6202.418021003653,107.2097796087066,1550262778.696637,314.17968794132986,[96.95092236 193.64239185],[21.67606991 485.80942833 8.93169996 80.39500023 6.09311868 13.10848508],__,-37.99999999999997,314.17968794132986,0.023925184748589803,B190,
20190219,529361650,1067,1550607992.3260663,146.74378597671432,6322.703207545164,106.33123877373328,1550607990.6728954,315.52681340301353,[24.13614669 48.16216635 72.58215955 96.72868556 120.43724112 151.79749091 193.22733502],[28.69276147 650.94780938 8.01103692 87.4905525 6.86327598 8.66717791 11.90350502 6.8253636 15.02661697 12.13262771 16.38524001],__,-43.539999999999964,315.52681340301353,0.05895393927378758,B190,
20190219,529361650,1246,1550606978.0102506,143.47965363972412,6106.593735662161,107.47153865342922,1550606976.9430299,313.9423409297262,[24.39586278 48.58121489 73.39353684 98.19543214 122.2768329 152.89287214 195.9003259],[28.48163035 649.65282991 8.01254399 87.30104874 8.63747917 7.2313272 9.69865346 6.56610586 14.56854054 11.79858012 12.73548841],__,-44.64999999999998,313.9423409297262,0.059458686171310796,B190,
20190227,530696852,1049,1551228121.0402486,141.46887213004894,6162.483807657208,108.19179135389591,1551228120.3888395,325.8892196715117,[25.88688383 52.0272186 77.94145561 104.14043957 129.52851113 151.2606143 181.67893727 207.94913788],[29.36177163 677.94731079 7.9947821 92.94915727 6.86001234 7.79166133 9.97813366 6.88023379 14.36880145 14.49104608 22.35807414 13.98513332],__,-26.69999999999999,325.8892196715117,0.036598558840613256,B190,
20190301,531217131,1152,1551466102.7092373,123.97730470433213,5407.532335792249,107.80707328434194,1551466101.5273802,321.6929401605957,[96.83737722 193.66127701],[20.98886806 481.84931153 7.44784183 77.16241547 5.06099674 11.49710227],__,-30.97999999999999,321.6929401605957,0.015934213647628093,B190,
20190301,531217131,1169,1551466223.7131596,123.9473256412705,5610.95450005395,110.6787973916908,1551466225.6698484,322.42890607233164,[24.17547201 48.01779417 71.65586475 88.13253011 95.96356718 143.21990198 192.06828097 287.92458864],[29.1491486 680.40319041 10.13408756 108.91091436 7.7992846 8.74585706 11.88554985 11.02331956 6.5705098 13.42090043 13.11106358 21.41163487],__,-30.98999999999998,322.42890607233164,0.0967272110203608,B190,
20190301,531237775,1100,1551472118.1630704,129.56977030936667,6102.495555749111,108.20922274056144,1551472118.0465364,320.0582795836446,[24.58725337 48.85935763 72.55133214 98.32261455 122.05522195 148.55438145 196.2794208],[28.57431904 654.67491934 10.66396026 104.35178238 7.3952212 8.28194931 11.19910882 6.86564922 12.28243624 13.09499796 13.88758965],__,-33.49999999999997,320.0582795836446,0.07313177111850673,B190,
20190306,532109091,1115,1551902851.82708,118.66597759267873,6082.010587141786,105.05676113860353,1551902848.5999072,315.9455413981418,[26.38890096 47.69883181 72.52675742 97.02995458 159.69574292 193.65464234],[26.56806862 623.64908376 10.28208607 99.35759816 8.25211541 8.88213274 10.13762241 6.08722205 11.65667473 13.66734545],__,-34.39999999999998,315.9455413981418,0.10201611326073243,B190,
20190306,532109091,1125,1551902770.3611186,118.4888377573979,6075.963035320404,107.77062218983113,1551902769.9940057,318.08539733479887,[24.04400407 47.99399689 72.44629827 96.91447459 159.38989114 193.40024915],[26.24471818 622.61941844 9.56261344 98.6560699 8.89502921 11.0043479 10.40347634 5.96628659 11.8258293 12.5184433],__,-34.40999999999997,318.08539733479887,0.062037594319176236,B190,
20190306,532096032,1154,1551898001.999296,156.52137702694378,5540.956574213341,107.31504156686226,1551898000.515321,321.8536562835045,[46.859054 70.95507979 94.85153802 117.09449038 158.67574643 189.16357897 283.4940264],[27.6676539 636.07487399 4.98409272 74.13958812 8.78136479 10.03116485 6.10849002 12.58081083 13.40331724 12.84504997 19.738034],__,-31.169999999999987,321.8536562835045,0.1167180526734524,B190,
20190312,533189022,1226,1552417963.89326,128.91827868472294,5975.324431651068,96.34253501575321,1552417951.6239398,315.85956912377287,[25.01066373 48.46036039 97.29270799 152.18421385 192.30655076],[25.84480215 591.02998184 9.32761901 87.85855591 7.04866467 7.53162678 6.31709437 11.83485964 16.13051867],__,-43.19999999999999,315.85956912377287,0.1323118457870801,B190,
20190313,533347562,1151,1552498300.4943366,141.26781895018277,5708.475076074207,81.42761623950885,1552498273.514779,315.4638741256323,[23.90783258 47.03889535 71.47773767 95.83065341 119.39957928 151.04779699 190.42759091],[28.08072192 645.96957895 6.73705225 84.72267442 6.93046427 13.47765756 9.66837068 6.11973399 12.89888354 11.82874044 13.35603437],__,-39.92999999999998,315.4638741256323,0.08336913379814767,B190,
20190315,533784076,1082,1552690331.4456775,111.95027737220008,6310.546849972538,106.57639216767984,1552690329.6262214,314.4802413414528,[24.52039746 49.61884995 74.17924146 98.57939278 121.80177981 155.31656394 145.00125875 196.93273506],[28.65099023 684.35703764 12.29278534 113.92660911 7.04050424 6.89258303 10.03458509 7.20955417 14.16264952 11.62145604 17.96367942 14.87970173],__,-37.339999999999975,314.4802413414528,0.08385748298143825,B190,
20190320,534699509,1118,1553109348.9437554,121.67797696580756,5192.728644418067,107.79664140210312,1553109347.0988643,321.2405135396372,[24.04392342 49.18104189 97.23999536 155.48404083 193.44418294],[25.38255372 588.45905128 8.70316745 94.21673567 8.73101624 7.23681538 6.00054295 11.09113732 14.32718645],__,-26.49999999999997,321.2405135396372,0.10544306889127786,B190,
20190320,534674280,1157,1553103580.4955714,156.34665519039504,6736.4800044264075,103.08628739585548,1553103576.9361746,310.1507958827875,[48.51101488 97.06223275 149.21409251 194.05871699 291.57330132],[26.19696497 588.61877337 7.01395145 70.95395872 6.95203548 5.8143 13.4866455 12.06646983 18.68810324],__,-37.789999999999964,310.1507958827875,0.09949317419244381,B190,
20190321,534881233,1151,1553190172.0918603,141.30817976654035,5511.390628935505,108.14258212495393,1553190171.4189622,326.06174386523026,[23.71420597 47.67707467 71.97756588 96.84579711 120.84687557 193.68448789 290.19179257],[27.79070683 643.05932297 6.04953568 84.30761264 8.18464515 10.46873664 10.29969509 6.08221223 11.07414899 12.09177675 22.09154721],__,-29.769999999999982,326.06174386523026,0.08510159777612122,B190,
20190322,535080597,1157,1553276772.0089612,145.8333177901821,5603.335843107982,109.2728251338205,1553276772.5539942,328.3409700451936,[23.90840483 45.53448149 71.03510779 94.99353366 140.22614146 186.1979269],[27.81338747 619.711041 6.8114364 81.98580339 5.61511507 6.91610104 7.82531587 6.82764142 11.73244043 16.21245687],__,-26.829999999999984,328.3409700451936,0.22455903754707374,B190,
20190214,528487873,1011,1550179183.3237073,69.51439698467907,982.6426361157605,117.32963142476794,1550179182.6756623,327.8179605595532,[ 57.98716449  77.19288998 116.46165941 136.1201489  153.79280219 174.6925094  193.24272807 212.68983616 232.12893969 251.83423595],[ 28.50097305 535.57360474   3.57647265 157.31853234   9.06092222  11.38960334   6.68028888  14.50776546  14.05827648   8.48878116  11.987739    15.79406682  14.43206338  17.99950598],__,-14.089999999999975,327.8179605595532,0.13596828426954105,GA8,
20190214,528487873,1012,1550179169.6847994,69.2606156020689,784.5247890346595,117.35314862496453,1550179168.7438226,329.95539469766754,[ 58.42342637  77.89826352  97.37027787 116.91715549 136.38394857 155.7284042  175.48950333 194.00429004 214.08170342 233.57250241 253.29047422 273.83903893],[ 31.40374058 501.06193704   3.24162666 166.49166952   9.00808891  10.47848521  10.99472717   7.14413487  13.61787504  14.74107146   8.53991022  11.65844219  15.41440944  16.09001129  16.29993224  32.33414378],__,-14.329999999999984,329.95539469766754,0.06587374815542014,GA8,
20190215,528681250,1020,1550264090.9359133,66.37461080976094,585.9728234589103,118.1438228121397,1550264090.3735561,331.7935481422199,[ 60.26758971  78.09446587 100.31690492 120.23073088 140.23265485 159.04289799 180.43619298 200.14968657 220.25456872 240.49431158 261.13061569],[ 31.01935126 430.2958152    3.22304184 167.29742224  10.11928102   8.97001815  10.06742756   7.8978519   13.34858323  16.56007542   7.68678859  13.06922411  14.49668093  13.06392503  18.09253917],__,-9.96999999999997,331.7935481422199,0.09496474477985291,GA8,
20190215,528681250,1021,1550264078.4766805,66.8053695185602,256.9293008754502,118.78717076337708,1550264078.160999,337.4358696649458,[ 60.09173166  79.69768108 100.07503604 119.80772135 139.69796593 160.13288561 179.79753935 199.25472024 219.96396021 239.87376483 259.74939103 278.66929269],[ 33.47644481 232.26383342   2.15823467 173.87382019  10.14751602  12.72325843  11.05445492   6.42095621  12.04423591  13.46542868   7.53621484  13.56440626  16.10575349  15.21688888  15.082169  24.0179104 ],__,-9.989999999999952,337.4358696649458,0.06624104234783759,GA8,
20190225,530467292,1001,1551127521.668224,54.02546998484545,249.01652932568913,118.20754394710906,1551127520.3575861,324.5046104288963,[ 40.11288106  61.07184274  81.28724347 101.87933394 121.95715849 142.15469211 162.79349791 182.81491926 203.37207919 223.69837571 244.22686328 264.40917439],[ 31.59402853 274.88684293   2.75295968 193.4423951   17.67623666   7.46870163  10.06509511  12.5139145    6.66790169  11.80735926  12.59757892   7.77761758  13.36747914  15.05268808  14.46589125  20.65895985],__,-1.9799999999999613,324.5046104288963,0.04699985517434597,GA8,
20190304,531715679,1016,1551736438.5292792,54.91160987471511,1937.170445433066,114.59679429014379,1551736436.583235,326.0156273927203,[ 60.1671235   80.42364523 120.21474188 139.87301033 159.83615533 180.29070882 200.61362213 220.75494925 240.48110501 260.12280845],[ 24.30708681 705.88737642  13.51334542 190.00132933   8.13958713  12.67536582   7.26312138  13.20163632  13.11944094   8.13996963  11.72046802  17.27580624  13.15599866  22.11947072],__,-5.259999999999991,326.0156273927203,0.07046503696693862,GA8,
20190304,531715679,1017,1551736421.9762523,54.88556552203324,1706.0128755085482,112.98539458580277,1551736418.0065331,320.63947061696405,[ 60.1587318   80.12843745 100.31657344 120.51680748 140.41116186 160.51504698 180.72578412 200.76645288 220.83388774 240.79792918],[ 24.58018826 688.32209414  11.36613713 179.92002995   8.28345186  11.4935673   11.75175461   6.93857963  11.64114621  12.53617456   7.76074915  11.81164948  15.88892617  14.98650246],__,-5.259999999999991,320.63947061696405,0.030728506562509493,GA8,
20190307,532313525,1291,1551993855.36475,55.96068907549101,1774.267798891689,116.38599263602067,1551993855.048973,338.80725366107936,[ 62.46699352  82.75034957 124.06769026 165.4226603  186.1916200 206.86909383 227.52423697 248.50283574],[ 22.70174233 647.3498342   12.39012764 179.9601021   10.52329118   6.68228349   7.68619259   8.58407299  10.38328772  12.50425045  15.3546163   12.44781331],__,-7.189999999999998,338.80725366107936,0.03417089740324097,GA8,
20190310,532831022,1304,1552250438.8677185,68.57666603833941,933.4449876941601,116.9603980475811,1552250437.917069,337.6655159075768,[ 81.21995057 121.8739733  142.07407728 162.41343472 182.7750897 202.85569566 223.17746199 243.74969561 262.89640432],[ 27.55213455 507.35810641   4.16544782 150.91981255   6.67604766   6.69676604  13.82799441   7.94253771   8.80242586  12.61450312  15.70868883  11.86235217  24.21446755],__,-3.2199999999999704,337.6655159075768,0.06806061914926309,GA8,
20190311,532871277,1292,1552267809.6864226,77.23432497628848,1179.079784919881,117.11875409913928,1552267809.269678,346.7805597534785,[ 58.93442976  78.75736938 117.80850044 135.85253093 156.81496505 176.73145723 195.53049071 214.59282246 235.275963   253.99240739],[ 28.83911639 568.61701379   4.45256795 148.66361362   8.94324073   7.38604935   6.63557332  14.4861621    8.92475102  10.47272452  12.87978372  19.74657406  12.68304481  20.95718293],__,-3.1499999999999773,346.7805597534785,0.08984188271609457,GA8,
20190314,533416610,1196,1552527009.7747414,72.5477906988052,2039.1174740624367,127.23418083133095,1552527021.5615733,310.22636515360745,[ 61.20056693  81.77172883 122.58884015 142.59851999 163.19520763 183.98955388 204.16256817 223.99459123 244.13345546],[ 25.53047065 645.9321511    6.85766216 135.0111989   10.45407357   7.42444839   6.97350757  14.30637142   8.0526928   10.81517932  12.971671    17.32730817  14.02220867],__,-9.67999999999995,310.22636515360745,0.09045831233826813,GA8,
20190320,534711109,1081,1553112215.6832395,66.07384227567104,2458.0693889512722,127.26627918621358,1553112227.7230747,368.56405545172254,[ 61.72390724  82.33530519 102.49990035 123.49862021 164.63532083 185.22045205 205.0892428  225.72751936 246.69498545],[ 24.67487641 696.69585798  14.69748359 191.52287777   8.6667991   6.96378011  13.79613013   7.69804736   9.47928642  11.70078876  16.48564347  23.00003083  15.88079545],__,-2.92999999999995,368.56405545172254,0.044450763820025115,GA8,
20190225,530480996,1002,1551128011.101505,113.43206220228768,7828.208726421248,59.009001254142284,1551127964.272978,261.66816300327616,[106.18059352 184.94003559 211.39172303],[23.56607144 527.54957199 17.70174649 90.42835964 9.64715846 19.12638354 21.3529973],__,-39.809999999999974,261.66816300327616,0.06253755018615881,B350,
20190225,530480996,1003,1551128016.3583636,113.85090299041697,7837.44157803341,61.56759222347996,1551127972.116052,266.5552412754172,[26.21274031 52.12118855 106.34912711 132.96542727 183.86634634 211.6606891],[27.00210526 628.04938444 16.57440397 96.83136538 7.3291614 9.31370654 7.35482934 11.30173997 17.5363367 17.40802109],__,-39.809999999999974,266.5552412754172,0.1094249480628427,B350,
20190225,530480996,1004,1551128022.0195959,114.02860222759696,7802.862555327099,63.025214451759396,1551127979.1986969,267.35470196658895,[53.20687949 79.49829316 106.49580489 133.05477345 185.51372277 212.3864705],[27.1081878 628.31150878 16.74104046 99.28424974 8.19166984 9.49119037 7.69817606 10.30509355 18.6020902 16.90004161],__,-39.809999999999974,267.35470196658895,0.07843521275083208,B350,
20190225,530480996,1005,1551128027.7674794,112.97919653542144,7832.839644045646,66.49967503928548,1551127988.4530551,262.64070169112256,[25.88013488 52.31230358 78.59997169 105.64868101 131.47217855 183.65441568 210.87434504],[29.1591039 660.44882477 16.83730289 105.5452838 8.0952525 11.05615661 12.29377538 9.8102076 16.19579236 22.15962342 23.040142],__,-39.819999999999965,262.64070169112256,0.08453909185026343,B350,
20190211,527972677,1300,1549928109.239194,50.80479432193113,1716.359626544587,113.35860474272778,1549928105.6961277,331.55395352280925,[ 61.48921697 122.93882977 184.30068071],[ 17.61375119 515.15321297  15.95178433 165.18437233   6.41050021   8.06706292  11.73613392],__,-6.0499999999999545,331.55395352280925,0.11302181583724691,nan,
20190211,527972677,1301,1549928095.202383,52.25700543702539,1183.296612833207,114.832998172748,1549928092.1858296,325.2226254160915,[ 60.87192277  81.25178478 101.6658348  122.0357725  142.24630422 162.76725676 182.98070019 202.75402783 224.04973049 243.53500353],[ 24.84739484 664.15497236   8.61560105 201.36455958   7.80890014  16.52749335  12.04494865   7.40833568  11.88510199  11.27482123   8.78774861  14.11626857  14.77554932  15.20123921],__,-6.060000000000002,325.2226254160915,0.11602759406999377,nan,
20190211,527972677,1302,1549927481.724164,58.52742786129495,390.4911914713965,118.02860424159927,1549927480.58459,273.14298436441857,[ 57.77706663  76.34147941  96.67813847 115.35025265 134.37011385 153.62191787 173.22012795 192.26023926 211.68603608 230.53502151 250.36540063 269.02294507],[ 33.31359002 355.69596568   3.26835028 175.71960469  14.34457935  11.8271929   17.21000585   8.35411775  18.70061068  13.70569311  10.31344426  12.39868763  16.01198692  13.48109864  15.25409345  17.3853367 ],__,-6.46999999999997,273.14298436441857,0.08562776733977405,nan,
20190214,528358443,1029,1550114279.768482,197.77025044003466,8917.000294489,140.54255575376155,1550114316.8742561,382.8732802309611,[141.6390329 167.80485891],[21.63711752 481.17196016 2.11012468 44.55141856 10.79303911 12.79543384],__,-50.71999999999997,382.8732802309611,131.32405810922194,B732,
20190214,528358443,1034,1550114291.921325,199.10844045208552,8785.203867033413,122.5225303020288,1550114310.8378491,396.4834559044379,[112.26669228 168.01012513 217.68345994],[22.2965818 515.09459397 3.04589819 43.56837448 6.25515704 8.23412423 10.22806827],__,-50.75999999999999,396.4834559044379,85.52819262116732,B732,
20190214,528358443,1042,1550114311.5167363,195.85314025039773,9029.08867161935,143.69618092704516,1550114351.9757807,367.64171753992713,[123.43446404],[20.14238161 440.77997699 2.88516082 40.05745956 8.10592238],__,-50.829999999999984,367.64171753992713,39.93720813677987,B732,
20190320,534538065,1304,1553041779.622525,23.98296394301306,356.49076677615096,122.00770026529737,1553041782.703027,337.3912528295703,[40.93594365 82.34775976 102.48331291 123.49381534 144.06332033 164.69022302 185.18931678 205.98206185 226.53402609 246.74342573],[22.37388069 610.1137976 18.61387063 280.83689227 10.72656645 9.12699404 16.57681021 16.25134306 12.50621297 11.77543063 14.55888235 18.63931149 17.31836825 17.81692913],__,-2.6899999999999977,337.3912528295703,0.057984023084440325,PA18,
20190320,534729457,1304,1553122941.8919716,43.10848764764417,263.4420441333358,119.6934407631413,1553122942.3764997,284.4126219699039,[37.05871853 74.86915165 92.49477412 112.45750855 130.23798603 149.07211848 167.07745267 185.42457975 204.52495241 220.01479855 242.19525451],[29.22769509 302.71306533 3.48449503 196.24814392 15.02726992 8.56079748 9.66571516 9.48853704 10.84151464 7.04681491 8.31069107 9.69158334 14.56465497 13.68716114 18.65322403],__,-0.42999999999995,284.4126219699039,0.18614794522042358,PA18,
20190302,531295337,1065,1551495684.9743197,206.27244922663243,10025.821057074281,80.75062766073542,1551495664.5444844,302.3438371427332,[75.82602577 99.21414641 151.48676018],[24.54801755 524.86090427 5.90623593 49.18306072 6.41144588 7.83351131 11.89844102],__,-59.639999999999986,302.3438371427332,0.20334785132281374,B733,
20190302,531295337,1066,1551495686.8675845,206.69171895631675,9974.611184387853,90.10686201762483,1551495675.7350936,316.9632595323895,[68.65261895],[21.27591466 445.56520142 6.06935774 45.50245559 7.72087673],__,-59.96999999999997,316.9632595323895,0.16965268832321725,B733,
20190302,531295337,1067,1551495689.0365455,207.7446925333302,9945.440795131324,80.76821652460706,1551495668.538646,300.2449965848661,[80.40198575 157.82442117],[22.86586219 486.32105016 6.44724173 47.04224944 6.01850497 10.5079134],__,-59.96999999999997,300.2449965848661,0.22101941171116174,B733,
20190302,531295337,1068,1551495690.895655,205.92560742867977,10020.432764450004,85.09749309037835,1551495674.8464065,301.2179863078053,[77.53585773 101.83368482 153.33721037 220.19602266],[25.33383577 558.05352111 6.6322693 51.7207529 6.35999697 8.16878072 11.0726138 12.82754798],__,-59.96999999999997,301.2179863078053,0.2172983329778173,B733,
20190302,531295337,1069,1551495694.2110667,208.17508989997435,10129.265821433988,86.18134971020156,1551495679.4385672,293.51219595886266,[77.99956911 157.18548025],[23.08550056 487.25950708 8.82553379 52.28361761 6.52947632 12.26880931],__,-59.95999999999998,293.51219595886266,0.20130604719969908,B733,
20190309,532549927,1026,1552098585.882682,262.7564039350743,8034.687465517022,104.34121449918383,1552098584.932137,334.40770876346284,[75.8033132 109.90058601 150.00964575],[25.20380754 523.51338835 6.8310004 59.17901884 7.07263512 10.01403476 13.63788049],__,-47.40999999999997,334.40770876346284,0.2545091212352087,B733,
20190309,532549927,1032,1552098605.9409974,267.57620258834174,8585.682662000088,101.09739377989709,1552098602.688932,323.7307413734512,[76.36234021 190.03226652],[23.27713607 483.87546375 5.38903359 44.46700827 6.244081 12.1164029],__,-50.24999999999997,323.7307413734512,0.2763243681279293,B733,
20190309,532549927,1033,1552098610.0423374,266.49145633807825,8602.915622262382,100.77322543239453,1552098606.4826477,324.32514990204805,[77.00667054 143.67420575],[23.36966884 484.4752312 4.22919816 40.31593816 6.1915887 10.0907343],__,-50.24999999999997,324.32514990204805,0.25663600158814437,B733,
20190309,532549927,1034,1552098613.1739023,267.8044943392008,8613.874511193357,100.26179096453532,1552098609.1715248,316.4385173885461,[77.01300707],[21.61049074 444.45836261 6.33910772 41.30902691 7.60612166],__,-50.25999999999999,316.4385173885461,0.17658973011556053,B733,
20190321,534770888,1122,1553139683.3998158,242.08606185992826,9927.826719628467,97.73832499915035,1553139680.0773811,326.08401100680356,[73.33583026 208.49255811 138.22517876],[24.92656029 524.67312418 5.9945319 50.54334835 6.19195408 13.18621003 10.75039268],__,-55.92999999999998,326.08401100680356,0.2576138081652082,B733,
20190321,534770888,1126,1553139695.4368894,242.18265620181725,9759.53069234511,96.10814194711075,1553139690.2135115,328.68995369032496,[78.53134633 153.93942741],[23.19628581 486.07165995 5.16014209 44.91350215 5.75886256 9.74133372],__,-55.98999999999998,328.68995369032496,0.26863324794711935,B733,
20190320,534572584,1169,1553058653.0,86.60825960205042,3453.8627851285696,113.13883903264167,1553058653.3765204,328.48237135593774,[40.64234595 60.64180579 80.94480982 100.93219769 121.27073922 141.61656848 161.74539507 181.58383784 200.9569833 221.82795976 241.79744208 261.74974441],[28.99145112 763.84141566 10.65406366 148.80935583 16.06426622 14.01115034 6.98706661 12.97340954 16.87423269 11.3968632 8.63310901 11.78239195 15.30675191 14.20816745 13.89271199 16.57423083],__,-14.810000000000002,328.48237135593774,0.08219771650345155,PA30,
20190320,534572584,1179,1553058756.280881,91.01107654938734,3176.9670207129175,114.16432752879099,1553058757.294383,347.0790139368598,[40.11822882 60.39915671 80.33633134 100.52995629 119.72595193 140.91143533 160.4889394 180.58771487 200.31387558 221.41180251 240.17829115 260.0208827],[29.26269589 752.82776084 9.25424751 144.73846934 16.64882613 10.68392704 6.49361119 15.52182337 10.94832033 11.01326643 7.98904202 11.44323866 15.70326427 16.26000544 15.75197408 19.11260756],__,-14.310000000000002,347.0790139368598,0.09203929900619726,PA30,
20190320,534572584,1181,1553058778.0873795,92.97040949847347,2989.485324570823,115.94180359379453,1553058780.6037457,348.96863024504194,[40.10430823 60.52557807 80.20798582 99.97965089 120.18427765 141.0693037 160.39531297 180.60330435 200.26032135 221.34032533 240.12897779 261.01130353],[29.59827903 748.03812789 8.45908911 148.61525166 13.04678787 11.68594778 7.44984092 11.97415792 10.58936484 10.34053213 8.487746 11.86770806 16.75870514 15.98314848 16.11923273 21.42118392],__,-14.329999999999984,348.96863024504194,0.07250512959152554,PA30,
20190320,534588276,1149,1553066900.2246053,81.08736930578034,3231.667109150827,110.95860692344085,1553066898.0471213,315.0234602068958,[40.77029338 61.36900423 81.89084245 102.19183751 122.69582434 143.18205588 163.70263186 184.1058751 204.2735437 224.70333416 245.09301365 266.69581504],[29.63483706 778.26342748 25.51294092 225.81881197 13.46573909 12.93530657 11.79102214 16.42127066 19.7463132 17.98206717 18.33316106 22.10504235 26.49930725 27.74929005 29.1910718 33.21541475],__,-12.129999999999995,315.0234602068958,0.0340883804428171,PA30,
20190320,534588276,1174,1553066630.6621485,79.08731371524907,2918.9210055706,112.6115052286279,1553066629.498724,314.0868102991441,[40.88665731 60.94332523 81.27244959 101.47847592 121.65139878 142.27911047 162.42697477 182.84011747 203.13967155 223.49022352 243.32127363 262.81105607],[28.91702083 760.12252218 11.05866112 158.22324014 18.3737866 9.85617677 7.00711193 10.4092943 10.47167263 11.05206203 8.85698493 13.19380586 19.23126871 19.8959299 17.60925642 25.10004534],__,-12.269999999999982,314.0868102991441,0.07070885407527926,PA30,
20190320,534588276,1179,1553066570.3917599,85.48267004540531,2618.952837183762,115.3265116296126,1553066571.6850235,348.71434205596773,[40.53641037 60.72021235 80.86900191 101.36596991 121.80518009 142.40025379 161.76544723 182.00388252 202.00980574 222.93273997 242.8994822 264.0098193],[28.89286317 735.46477285 8.27468485 148.85351901 17.18906113 12.69069706 6.84201846 10.58925183 11.32450598 10.733315 8.66184428 11.46957854 15.9831559 15.10146417 14.6831178 16.43923009],__,-12.310000000000002,348.71434205596773,0.09892313405258052,PA30,
20190212,527980909,1263,1549931283.8849282,228.63043916320575,11467.489194489843,97.41429641557339,1549931281.9171154,355.934924911035,[104.7892243],[21.82177466 446.75190184 27.45593406 141.68676842 19.3579412],__,-69.81999999999996,355.934924911035,0.28262038377563103,B737,
20190212,527980909,1265,1549931291.2612562,231.7621879385556,11389.091530974141,95.86819494381388,1549931287.604157,312.01262913845454,[73.53920542 153.99577977],[23.65156397 488.97255893 7.88410568 47.21899592 7.44553217 16.4548],__,-69.81999999999996,312.01262913845454,0.21143439136413303,B737,
20190213,528304146,1161,1550089726.8663666,207.99753366816327,8374.343487238199,62.15025223883821,1550089755.1359591,308.62370414032796,[19.13125121],[21.70431591 446.74205547 13.77759046 99.86047084 13.18749255],00,-50.97999999999999,308.62370414032796,0.22731218280309656,B737,
20190213,528304146,1162,1550089730.5499878,209.07865120403486,8385.131958786611,63.80112030481349,1550089760.5011263,299.53297556190995,[71.36986173 55.21563588 54.50237739 53.85028726 54.40197664 53.57210676 47.08505977 44.59450533 42.78833625],[32.85472105 709.11949683 3.65423636 63.10163841 13.76150017 10.8616107 10.64665681 10.53010897 10.60652211 10.47478614 9.3538586 9.05893604 8.94703555],__,-50.97999999999999,299.53297556190995,0.27453627482351173,B737,
20190213,528304146,1163,1550089733.4752164,205.92109221689154,8460.721647938128,16.11092606302656,1550089715.8318071,362.89832276910863,[92.03535822],[21.19618502 446.18484104 9.07894472 61.1093038 9.87737299],00,-50.98999999999998,362.89832276910863,0.25141539415636677,B737,
20190213,528183869,1208,1550036055.066649,211.090240603532,9545.608020103797,20.71041994494606,1550036044.3365977,287.7885057632954,[94.16327696 107.56464334 133.93944643 156.47837052 184.53273672],[28.05552845 595.16134682 7.73168396 57.18347318 8.50963983 10.25423484 12.45777001 14.81991815 15.58757075],__,-50.66999999999999,287.7885057632954,0.2833141274529993,B737,
20190213,528198668,1199,1550042838.2921286,212.71044341749342,11084.538503601596,15.540508168172767,1550042825.1691017,302.6401770368855,[88.13800262 161.50842558 137.2658598 178.85098791],[26.43406701 562.37513471 8.40661111 57.01861571 7.07924632 12.97121625 11.15119934 13.41483251],__,-48.20999999999998,302.6401770368855,0.25923709848439325,B737,
20190213,528198668,1203,1550042821.4787526,213.49426,11011.250672068307,10.766893327773468,1550042803.377978,302.38,[147.47049532834586 208.4596871695298 229.43516110289033],[26.45751311 529.15026221 79.37253933 211.66010489 132.28756555 132.28756555 132.28756555],__,-48.19999999999999,302.38,Forward Model,B737,
20190213,528172165,1160,1550027635.137711,231.71481335023552,8577.316064547525,40.54241752045878,1550027642.3514328,355.37751762344936,[33.18208555 94.87478272 27.96825923],[25.22078917 526.37018915 6.06195465 55.77721736 5.70169032 13.09009169 5.68405079],__,-50.119999999999976,355.37751762344936,0.2700325846213155,B737,
20190213,528172165,1167,1550027659.73266,233.59356508567143,8595.184649316132,31.821510574882183,1550027658.2491667,304.7793380857655,[31.02081865 61.11766505 99.87003668 209.1533621],[26.09092269 555.72766563 4.45296242 44.5106544 4.48944439 6.71428889 10.29923462 16.66595305],__,-50.109999999999985,304.7793380857655,0.2625207924006646,B737,
20190213,528172165,1168,1550027663.9638882,234.329242,8597.27612252276,18.351235258199083,1550027649.0284116,301.24,[81.0726202285622 132.24093420550602],[24.49489743 489.89794856 73.48469228 195.95917942 122.47448714 122.47448714],00,-50.099999999999966,301.24,Forward Model,B737,
20190213,528172165,1170,1550027672.575858,232.26470427670907,8598.877197480273,46.51990167346941,1550027685.7715862,347.0890020061373,[45.59186459 72.83673529],[23.27672985 486.43004762 3.94124175 48.95438211 6.73238919 9.7632082],__,-50.099999999999966,347.0890020061373,0.2673153313996982,B737,
20190213,528172165,1174,1550027688.0682385,234.36971199476872,7916.89510212723,37.665687460109446,1550027691.1869836,347.4329041627144,[47.6166362 59.40476492 100.18374807 106.20759109 194.57076214 223.07982149 240.29320363 109.58585509],[32.84304778 686.9318854 5.53626423 70.19280246 7.66472479 9.12631652 14.35548077 15.60049054 26.54663567 27.32114934 27.67635935 17.04910242],__,-49.059999999999974,347.4329041627144,0.2761736050762461,B737,
20190213,528172165,1175,1550027690.9733796,236.58302262589996,7889.9377412132035,34.015527358051585,1550027690.4111438,295.1772770473936,[58.50974316 46.1483422],[23.1558048 482.88523663 2.79856538 34.62294094 6.8379136 5.51853149],__,-49.059999999999974,295.1772770473936,0.23242331572943428,B737,
20190213,528172165,1176,1550027695.4173825,233.6934315659405,7885.418635618021,44.22997251217575,1550027705.0708587,364.93818600297743,[53.4944557 61.73384167],[23.550788 488.90366159 7.91412076 60.1729138 12.5589349 14.82006416],__,-49.059999999999974,364.93818600297743,0.23977280113634508,B737,
20190214,528495868,1161,1550176158.4430768,202.7515543076277,9163.917081974858,24.469022134921335,1550176150.4450896,280.5562832849685,[15.58102054 55.10493735 87.76471611 225.0345538],[27.00552231 563.21558875 7.27933184 51.48068811 4.27526559 9.34262218 14.15686597 26.140583],__,-55.99999999999997,280.5562832849685,0.2388328754977948,B737,
20190214,528495868,1168,1550176195.0585308,201.5165097749408,9114.979755739321,38.441908923953875,1550176200.9276483,294.25329206696466,[61.73610732 69.50042602 108.83250796 131.53176124],[26.0210507 559.45545028 4.18261102 50.83929195 6.67477511 7.35587197 11.53780119 13.58661561],__,-55.98999999999998,294.25329206696466,0.2932404051227735,B737,
20190214,528495868,1178,1550176254.0078092,204.04783858531857,9239.678241942076,19.45050551848183,1550176241.160777,276.384141926144,[145.03258699 99.11229667 192.729682 205.58539626],[25.34541994 556.80367886 8.0464801 52.63746282 10.57053537 6.89642613 11.96133898 12.62487465],__,-55.96999999999997,276.384141926144,0.2791879775780493,B737,
20190214,528337729,1001,1550106838.5151415,195.3136040526576,6656.056069256885,23.29121129182071,1550106823.8271577,302.7460140839701,[111.9024995 149.14187915 159.19275138 170.64352445 210.42908572 93.86488348 237.05001266],[30.05835009 648.20274227 4.4424581 65.60046743 10.52086052 14.86613486 16.03789757 17.39915402 20.61953563 9.2381241 20.16964813],__,-48.65999999999997,302.7460140839701,0.27229437293329595,B737,
20190214,528337729,1056,1550106493.7658198,234.36804435896067,10999.300019651706,74.83534879095261,1550106538.6930702,295.3367295611148,[28.24560057],[21.78922052 446.6573127 4.73005368 40.15630536 8.44198343],__,-48.54999999999998,295.3367295611148,0.24105618131978052,B737,
20190214,528469247,1137,1550165342.9286964,219.90000881623388,9484.523134511515,115.22726393054582,1550165427.0517333,320.6808847235207,[28.20628677 42.87225864 55.95973968],[25.2520244 526.56355383 5.43250839 51.18276052 5.28640415 7.74775289 9.94685078],__,-54.22999999999999,320.6808847235207,0.2500711808559295,B737,
20190214,528469247,1189,1550165126.9352734,223.77910358505997,9675.09288155799,26.720858760514588,1550165122.6063,345.79405708047244,[38.83900058 108.34113708 137.6385987],[24.99658094 526.1733932 6.64723205 55.82361922 4.32349434 9.31207615 13.59940965],00,-54.14999999999998,345.79405708047244,0.28269361080726185,B737,
20190214,528469247,1190,1550165124.604092,223.34876524675562,9698.381833222782,27.378270557365767,1550165120.9590316,354.09928825871214,[38.75581982 84.43419029 122.72540421],[25.17524287 527.33958283 6.60012827 58.92733015 5.44228632 10.5142368 16.15518056],00,-54.14999999999998,354.09928825871214,0.26968961970932054,B737,
20190214,528469247,1194,1550165119.948667,226.35536000000002,9611.398813531807,12.770181440037263,1550165101.5358183,298.81,[51.98585684588816],[22.36067977 447.2135955 67.08203932 178.8854382 111.80339887],00,-54.14999999999998,298.81,Forward Model,B737,
20190214,528448317,1128,1550158058.7930987,216.00911201676558,9706.082483761791,17.91496074424298,1550158046.044453,298.9425736735764,[53.18407875 38.38778537 70.36429196],[25.63015882 528.45612405 7.77824589 52.04424577 14.44317845 10.66971289 18.96992388],00,-52.76999999999998,298.9425736735764,0.2828969761134348,B737,
20190214,528448317,1133,1550158038.581274,214.84014173363474,9675.070929044052,16.859594617362088,1550158024.7968857,312.0923064769386,[94.22586266 144.37348901 170.73170876],[24.92007797 525.78473805 6.04018984 52.16547648 7.44482913 10.68917102 11.90031025],00,-52.76999999999998,312.0923064769386,0.26904419440857025,B737,
20190214,528448317,1195,1550157824.9384236,211.60327736984217,9986.78628038497,22.616929885410958,1550157817.1647346,340.8752901516186,[54.50721472 42.22006815 83.76160044],[25.3125509 528.34265206 11.06619919 63.15737066 10.18888318 8.26660266 15.44797097],__,-52.76999999999998,340.8752901516186,0.2746399694854583,B737,
20190214,528448317,1197,1550157817.5505857,212.4208207884251,9940.618286610992,16.54747022856285,1550157803.5135992,322.6021666866633,[47.3565833 122.16676339],[23.29259962 488.24696481 9.87742373 56.51831747 5.30673241 11.26712997],00,-52.76999999999998,322.6021666866633,0.2603254750278053,B737,
20190214,528448920,1152,1550158609.9761715,195.48872,7885.162641550374,32.92454435045863,1550158608.8210075,299.84200000000004,[31.412218540960886, 65.48043451522054, 129.0420284585665, 183.46511076473666],[28.28427125 565.68542495 84.85281374 226.27416998 141.42135624 141.42135624 141.42135624 141.42135624],00,-52.42999999999998,299.84200000000004,Forward Model,B737,
20190214,528448920,1154,1550158617.6652567,197.1986648987846,7840.91789599586,41.33783980346263,1550158624.91271,399.4082899488479,[30.27401625 66.24062658 135.20533894 201.77405489 242.68920189],[26.91265038 588.85049931 3.38676013 57.70191506 5.32922456 7.14001558 13.97602074 19.98306188 24.70058557],00,-52.45999999999998,399.4082899488479,96.42974551185517,B737,
20190214,528448920,1156,1550158626.6581438,193.043188580615,7921.998069830859,29.098483864204287,1550158621.6962953,366.2163545961551,[64.54349111 127.30810085],[22.84807622 485.00805085 4.66821001 47.57532663 5.93700352 10.19843438],00,-52.49999999999997,366.2163545961551,9.99746172266798,B737,
20190214,528448920,1158,1550158636.0187695,193.5441339022612,7910.219676127404,48.43722387370647,1550158650.3740249,364.03671785263344,[57.3382139],[21.4192288 445.99289187 5.52787883 55.24735015 12.38883322],00,-52.539999999999964,364.03671785263344,15.191053576922506,B737,
20190214,528448920,1173,1550158686.838584,197.0792041086266,8712.012617231287,81.66182983092597,1550158665.8135812,347.38111358080545,[92.96629653 121.65296366 149.64260562 177.98035996],[25.97754656 560.72235276 5.2999604 67.41005761 8.22166254 10.0646154 13.14443087 15.64633387],00,-53.22999999999999,347.38111358080545,0.26743306578264364,B737,
20190214,528503446,1196,1550178505.8959,257.1375662465648,9117.764057042597,64.48591728508453,1550178467.492846,302.86400354212316,[67.97545339 225.84394622],[23.16069784 483.84003994 4.9552066 37.15259104 6.44634988 12.72157494],__,-56.21999999999997,302.86400354212316,0.18162562779893662,B737,
20190214,528503446,1197,1550178502.340332,258.9686534124846,9131.463521802036,70.19751364075127,1550178469.6283815,321.7202740035945,[63.04986334 200.48492538 224.64168372 282.56154308],[25.4221344 550.07494242 4.06978757 39.36932796 6.76465583 11.67804995 12.34454259 13.62469848],__,-56.21999999999997,321.7202740035945,0.32117949795177586,B737,
20190214,528486517,1177,1550172491.7496717,200.71445768344378,7568.8145036679025,72.1639635859572,1550172458.753748,346.3693768835418,[57.37264297 67.95452338 76.57767436 88.01694784 111.21628848 124.87245957 160.35290139],[30.32010319 653.84018793 4.43788198 74.7800662 7.94354566 8.5837575 9.14317516 10.09718313 12.02081671 13.57367878 18.05375113],__,-51.21999999999997,346.3693768835418,0.301552916827663,B737,
20190214,528486517,1178,1550172497.210585,201.71746924374233,7575.152521324022,52.38133914829839,1550172444.4331865,311.85247234059096,[34.47831755 48.41470514 74.4683047 135.15201629 122.14682139 94.00244249 222.24079764 185.98211161],[30.72354042 675.58880056 4.37907442 63.49715811 6.27157053 6.25101551 8.34678722 14.55028189 12.39498824 9.41007242 21.33972242 17.55165274],__,-51.23999999999998,311.85247234059096,0.2790769868838725,B737,
20190214,528391491,1183,1550134754.30926,201.77605805662495,7024.509157595589,70.43657868430623,1550134718.868649,288.2812764626992,[83.94999505],[20.89644619 440.59718702 3.08270744 37.59432181 6.71254273],__,-51.319999999999965,288.2812764626992,0.217620596545131,B737,
20190215,528548785,1150,1550200158.3967044,200.26933051887346,8424.368556893101,58.98284232807543,1550200113.9107957,325.6656969306272,[110.29298997 217.87514396],[22.33156854 483.41223142 4.47002686 50.72522193 8.15304972 12.83073138],__,-55.99999999999997,325.6656969306272,0.3424638492103098,B737,
20190215,528548785,1151,1550200161.070487,194.60681004716957,8353.753547111623,83.91478521505765,1550200141.315842,385.9929220557665,[163.43546046],[20.68570386 445.64129231 11.4723402 78.91046308 16.85211624],__,-55.99999999999997,385.9929220557665,0.19433583033412807,B737,
20190215,528548785,1153,1550200167.0449195,199.35444097176804,8315.129874605198,69.7000588123138,1550200133.0295227,312.21451908146327,[189.82232083 254.80680293],[22.74478146 486.45275533 18.35757233 114.01901106 25.1894931 33.05542227],__,-56.00999999999999,312.21451908146327,0.2398891491303516,B737,
20190215,528548785,1154,1550200170.4862952,197.92107090551144,8336.754373302194,146.4184791146419,1550200213.220389,356.38197403394025,[82.80041359],[22.18936989 447.01485474 12.22324678 161.64921054 48.04623051],00,-56.00999999999999,356.38197403394025,0.3616333581714406,B737,
20190215,528548785,1155,1550200174.4777792,194.47512147344133,8388.671576325905,89.50545298723297,1550200160.3365114,392.4800019055568,[164.00185538],[20.77726623 444.84643255 8.40923867 65.63681093 11.12877266],__,-56.00999999999999,392.4800019055568,0.3355120145064259,B737,
20190215,528548785,1166,1550200218.3557584,172.07536719465526,7515.516130933125,89.04713772608261,1550200202.1349387,297.95908629760925,[85.93111297 180.75544233],[22.71739618 486.33296115 7.9782723 62.07334973 6.59337186 14.18693981],__,-48.46999999999997,297.95908629760925,0.17454638881078402,B737,
20190215,528548785,1168,1550200227.9777317,169.43030849213773,7460.870399158328,104.05692053815058,1550200226.6608424,355.8746509893857,[162.37832224],[20.32577862 444.70952277 9.21913027 74.62061088 11.44234456],__,-48.47999999999999,355.8746509893857,0.1891237170138725,B737,
20190215,528526672,1238,1550189961.1408134,219.8846335118262,11267.340727188945,96.48943910658555,1550189958.1446283,294.1206387478603,[76.77035493 108.72569993],[23.63697342 488.92751754 7.25241121 43.75363416 8.77927172 13.63198638],__,-55.45999999999998,294.1206387478603,0.20928412743028973,B737,
20190215,528526672,1241,1550189973.5178044,218.49259062561177,11275.81078291479,112.33621202949314,1550189986.3267019,315.83360801434236,[61.31320948 76.83252945],[23.27923003 488.00595021 5.53719021 45.42439453 7.65430056 9.0797107],__,-55.43999999999997,315.83360801434236,0.24362705540989626,B737,
20190215,528560241,1113,1550206774.4106555,215.92566668208357,9537.302644530291,36.286827881530456,1550206709.1437535,298.8204424125832,[64.83760734],[21.72050812 446.91180087 15.2512527 47.39339742 21.89570729],__,-60.69999999999999,298.8204424125832,0.27317201404312286,B737,
20190215,528560241,1114,1550206769.6383061,216.30914021817955,9523.92458061643,39.95614224915168,1550206708.0560966,320.40415406394567,[65.69455732 198.3347973],[23.20280552 487.17085986 6.55714136 50.75399238 6.09681505 13.32764775],__,-60.69999999999999,320.40415406394567,0.21494751045545998,B737,
20190215,528563037,1151,1550208797.5529552,208.79146590378122,8792.067858147408,89.70733628880457,1550208784.64699,344.42472247720895,[48.5132811 65.82774753 84.65831598 122.47764868],[26.62854074 562.47343576 6.67928685 63.18419869 6.39538985 7.65437847 8.82444686 12.95847697],__,-59.15999999999997,344.42472247720895,0.27454856785217674,B737,
20190215,528563037,1178,1550208908.8712888,196.19135342748143,7360.671047297453,84.80711431943338,1550208888.4066212,300.86384211821934,[97.02880013 116.60029364 144.56801411 189.86672485],[26.51494648 560.34650876 4.67526797 58.61262471 9.81448801 11.84265955 15.15539045 17.27881301],00,-49.609999999999985,300.86384211821934,0.27401954427848524,B737,
20190215,528639816,1158,1550244933.6128209,210.1495269680879,7928.577031772202,111.54653673862744,1550244941.0480163,381.468859153671,[101.04244476 133.91228154 167.84029004],[24.76274561 526.19735268 5.61300664 69.18894489 9.20795267 12.07660234 15.70945882],__,-53.15999999999997,381.468859153671,0.32569975977763166,B737,
20190215,528575468,1122,1550215859.287613,226.14400455458068,10035.478163858497,93.48618768746714,1550215852.457932,309.64725292081334,[66.80613617 131.35152375],[23.08501575 486.20067805 4.2883618 41.72531992 5.97343397 10.62188816],__,-58.139999999999986,309.64725292081334,0.2482266500391298,B737,
20190215,528575468,1123,1550215855.2319307,225.54369052224266,10034.771304994989,92.23102166720312,1550215847.134614,309.79637813998824,[68.416501],[21.46343205 445.46391005 4.14392329 38.40691037 7.4372198],__,-58.14999999999998,309.79637813998824,0.23220304304460193,B737,
20190215,528575468,1126,1550215844.0229926,225.52305948305613,10136.130578801296,91.96669168259875,1550215835.850012,309.5348078513166,[68.93891552 134.50380033 146.02996346],[24.96673805 525.49586707 4.7264574 46.27140107 6.56559499 13.06776375 13.58872719],__,-58.14999999999998,309.5348078513166,0.2152468734663116,B737,
20190215,528666965,1227,1550253685.4580858,221.02321650447075,11310.782950133264,54.52757270148874,1550253641.4587944,307.95390450601593,[74.50601347],[21.67995094 446.83625523 7.24002536 44.20947894 16.05808407],__,-54.579999999999984,307.95390450601593,0.197170880756047,B737,
20190215,528666965,1232,1550253705.4198084,222.3893462289058,11272.269615037223,70.26651562483218,1550253676.9720035,301.8651893221999,[70.20398008 139.48190195 210.06521369 242.69935655],[24.74430945 556.35402493 4.52603876 41.84088085 6.49694434 10.94792881 13.37748354 13.28913019],__,-54.609999999999985,301.8651893221999,0.29316250548082806,B737,
20190216,528860451,1160,1550345112.283239,231.89591520154988,6722.587415213088,75.79536162780397,1550345081.330687,322.9529377411578,[142.13222799 60.86480252],[22.51003092 474.99871361 2.18042699 37.99154914 8.69891348 5.03341053],__,-38.89999999999998,322.9529377411578,0.26169333543681345,B737,
20190216,528753284,1125,1550292852.0062723,220.8838451522237,8791.976126399402,81.17911981297576,1550292830.486755,318.1476997847744,[68.96190386 81.77510426 89.24148556 193.31640563],[26.01590922 557.57739862 3.11234382 51.40751839 9.37573461 10.99236614 12.33440437 21.26133821],__,-57.829999999999984,318.1476997847744,0.24656455093996213,B737,
20190216,528753284,1126,1550292847.9992237,219.84915281099978,8824.850264232344,81.44280200672524,1550292826.764661,316.880512173811,[68.18337731 132.71408418 192.24444629],[24.7103309 523.50191879 4.02137642 47.97697515 6.43323056 12.45196956 15.79667712],__,-57.829999999999984,316.880512173811,0.26821171946372785,B737,
20190216,528753284,1127,1550292844.0976238,220.45739586826508,8833.819754725548,80.8123013669978,1550292822.2722151,317.1824017149729,[68.27254038 128.961237],[23.19270379 486.32648124 3.31472366 45.57194778 7.83469401 15.29359471],__,-57.829999999999984,317.1824017149729,0.15869110726492733,B737,
20190216,528753284,1128,1550292840.710086,219.6545970037612,8874.7899933711,80.93227039616063,1550292819.0759053,317.15846808375983,[68.11700105 84.52739167 104.41375059 124.40165859 153.56063824 172.29849746 201.59830004],[29.52514785 649.05242545 3.85565094 55.39166262 6.44330397 8.30668267 10.25603785 12.03985764 14.13387219 16.04471095 16.49125558],__,-57.829999999999984,317.15846808375983,0.22457100119757725,B737,
20190216,528843981,1126,1550337356.9288263,195.33371322163356,10414.52565889402,78.53968297812082,1550337335.9264812,299.0122021444643,[58.57179352],[21.61893045 446.86516009 32.02708688 90.38205206 16.05576985],__,-61.76999999999998,299.0122021444643,0.06730922285881673,B737,
20190216,528843981,1127,1550337352.1807237,194.98881211112115,10462.839917924954,73.754063205807,1550337326.4857557,296.422750648523,[62.96083675],[21.4515283 446.50263847 10.39453912 48.11238265 8.52417403],__,-61.76999999999998,296.422750648523,0.1477158899671958,B737,
20190216,528739741,1138,1550284288.821798,241.58497657676625,8841.060317249508,84.79825045882463,1550284270.7848084,312.23748280945017,[71.96293158 112.54102763 211.61161634],[24.15844794 518.25984977 4.39261643 42.01475184 5.97512569 8.57761355 12.19306254],__,-57.66999999999999,312.23748280945017,0.2104227067040918,B737,
20190217,528920047,1195,1550380042.6158087,176.3253361500091,8418.954286349386,105.14608144731241,1550380044.2373872,306.2677858200499,[65.46461964],[21.18912593 446.11118563 12.19555322 57.28106035 7.6685034],__,-53.45999999999998,306.2677858200499,0.12402984655858867,B737,
20190219,529269345,1151,1550545732.4636805,217.98605545717788,8539.443358487853,90.8133211143551,1550545719.9520018,313.21512888555714,[58.84929192 93.41470592],[23.70315667 488.50749614 24.21856323 136.5657952 13.31866555 19.41901812],__,-52.67999999999998,313.21512888555714,0.13269640701757326,B737,
20190219,529269345,1154,1550545743.2903342,218.2584030522777,8459.119620726025,91.83386783864951,1550545731.6481812,315.6430351632059,[57.96018394 92.61803463],[23.51461493 487.97341307 6.09510928 47.48583954 7.13418506 11.75232398],__,-52.69999999999999,315.6430351632059,0.16388092923253006,B737,
20190219,529269345,1155,1550545747.9466093,217.67773307577963,8490.245072864745,89.90127163421566,1550545734.3979728,301.55668591583293,[57.82206768 91.3374476 80.43580441],[25.25513172 525.9303055 5.8729929 47.56863126 6.56223637 10.97110926 9.39039842],__,-52.69999999999999,301.55668591583293,0.16807981374809264,B737,
20190222,529816185,1176,1550805801.2282557,165.79015623451258,7038.886527659995,95.9836991774174,1550805791.0795746,288.44967244109137,[118.97986886 195.54971381],[22.63167859 485.99712213 7.19159396 62.29057028 7.94643643 12.82318248],__,-54.51999999999998,288.44967244109137,0.260216097022702,B737,
20190222,529816185,1178,1550805815.4712985,163.43553524261523,7043.615117963674,100.46595515580813,1550805809.8202786,305.50605030453124,[116.48072153 186.84611573],[22.51663766 486.0853369 6.61106155 63.9309645 8.36377352 12.69031092],__,-54.52999999999997,305.50605030453124,0.24696522513518476,B737,
20190223,530104292,1128,1550942598.2816343,215.29871663620702,8920.046279189652,78.44141598413019,1550942574.3512726,314.48607961606825,[67.22476822 143.0003316],[22.50793079 483.0526616 4.18410348 42.42420937 5.68237745 9.32681609],__,-52.76999999999998,314.48607961606825,0.16188555926935627,B737,
20190223,530104292,1134,1550942573.668673,215.4120695308064,8931.162859409502,75.55190207143023,1550942546.9559433,304.5865099397817,[67.20027223 85.7654485],[23.43254219 487.63443102 5.10090697 45.00894348 7.52307866 9.57483829],__,-52.79999999999998,304.5865099397817,0.1763271301104629,B737,
20190223,530028730,1122,1550906857.226087,240.31789316851956,10604.59040416463,90.73783672044989,1550906848.5538888,310.8319410583159,[70.14322722 133.44877142 205.95491404],[25.25068544 526.40970525 6.55437909 47.62334527 6.81858613 12.44809285 15.67201889],__,-68.30999999999997,310.8319410583159,0.214315177344844,B737,
20190223,530028730,1123,1550906853.628171,240.3608582413438,10578.936861604545,92.32672731428232,1550906846.4998777,312.8516991875927,[66.32334603 8.52891199],[23.51253504 487.65073609 6.06594646 39.62492303 7.32315204 4.47899008],__,-68.30999999999997,312.8516991875927,0.18908206434149807,B737,
20190223,530028730,1128,1550906837.072644,239.79190504477165,10770.663011711236,91.41012088603084,1550906829.3993301,308.47477873104526,[64.77785544 202.43775429 272.21105581 234.00608508],[26.03907986 558.92228427 7.37761818 47.76128867 6.99879721 12.94076315 14.29564212 12.64359881],__,-68.48999999999998,308.47477873104526,0.3910198232958434,B737,
20190223,530028730,1131,1550906827.3212447,239.48936928646933,10711.148208201696,87.75628871080559,1550906815.939197,309.95309279067,[66.46358961 203.93532578 274.15408626 136.22665053],[26.132302 559.31049233 7.16845408 49.62736778 6.38423658 15.0152191 14.72499806 11.84288134],__,-68.46999999999997,309.95309279067,0.3386107767906649,B737,
20190224,530321400,1130,1551052290.485347,215.07880220598062,9555.192001450725,55.732561557180766,1551052244.104827,294.57249170754557,[74.0879715 112.45264218 160.10620102 220.02630658],[26.33137444 560.40067026 6.71431048 52.44980905 6.43970975 9.35460062 12.92549995 13.98598964],__,-57.92999999999998,294.57249170754557,0.21298446462098342,B737,
20190224,530265103,1113,1551028501.013506,218.07881909881988,11485.434304973514,95.05963499243936,1551028498.1922576,307.90587970904414,[74.14488813 91.37269687],[23.58598985 489.16989808 11.60103625 53.34012673 9.91807386 10.98543501],__,-71.80999999999997,307.90587970904414,0.2346457397685974,B737,
20190225,530339730,1124,1551061579.2886856,210.74277666614358,10025.544847874668,90.83231958885392,1551061569.2308726,298.63678066990053,[71.63082502],[21.59703465 446.66926674 14.42351516 57.52441152 11.1408125],__,-63.349999999999966,298.63678066990053,0.12459565145746007,B737,
20190225,530339730,1126,1551061570.9016998,211.6108856395841,10059.079286898195,89.79116315341473,1551061559.8770654,301.39758154546587,[73.13966814 214.11374673 291.35225951],[24.84842517 525.80324014 8.60736161 53.21735341 7.35841659 17.82059659 16.87164046],__,-63.359999999999985,301.39758154546587,0.23163685962962252,B737,
20190225,530339730,1128,1551061562.883211,211.20968274018776,10132.471056375567,96.25961354713291,1551061558.4793572,319.0975569256695,[68.62041493 208.52045596],[23.1324109 487.43378992 6.72338985 50.16453913 6.10504575 13.09060283],__,-63.369999999999976,319.0975569256695,0.22877969126853653,B737,
20190225,530446114,1085,1551113681.458237,230.92422187318596,10991.085546181084,69.80882548327767,1551113652.3690143,312.46346099859403,[77.09471844 210.01257667 288.06351063],[24.28320583 523.41528352 6.88585212 46.20141059 7.09615149 11.8508374 12.16616199],__,-68.19999999999999,312.46346099859403,0.30916959333228927,B737,
20190225,530446114,1086,1551113685.0407858,232.9941393807321,10973.854959338818,76.07418683968552,1551113662.2770646,317.96589864196665,[65.10877347 204.42720334 276.99862464],[24.89873195 525.66281254 7.56596961 50.31126576 6.5322823 13.13689256 14.63037406],__,-68.19999999999999,317.96589864196665,0.32090794622693875,B737,
20190225,530354564,1199,1551070661.032796,204.70353617362886,10009.14401707892,73.56125977510062,1551070633.7159152,325.4668903254222,[79.23772628 158.4642244 217.75477571],[24.81613428 526.82577584 10.59097195 69.65254229 7.53983005 14.3188966 18.10468439],__,-60.849999999999966,325.4668903254222,0.26458154905300724,B737,
20190226,530640983,1243,1551201404.1083965,207.44516829580863,8857.60022799257,76.51734783513527,1551201377.452732,327.0500165825239,[89.57666361 114.43536964 236.96443535 133.47490278 171.12822299],[27.27496878 592.52886441 9.36228566 72.51960213 8.40271018 8.59478692 14.88771009 11.24506898 14.42636784],__,-49.16999999999999,327.0500165825239,0.3244368723161932,B737,
20190226,530562271,1154,1551169692.7132752,239.2936477626662,8261.726401715005,73.07826749380017,1551169662.0188158,312.93918593549057,[67.22511323 109.39916192],[23.23018992 484.45344514 3.60387397 39.83324365 5.95204009 9.05676156],__,-48.339999999999975,312.93918593549057,0.24116251561851754,B737,
20190226,530562271,1156,1551169701.1058717,234.32294924716118,7397.782128334655,78.76357218453497,1551169674.4915974,328.67069883570036,[65.10852747 104.48759153],[23.24782797 484.24137316 3.98790181 44.40279175 6.09189728 10.36129433],__,-41.15999999999997,328.67069883570036,0.22264378097490656,B737,
20190226,530511885,1092,1551141170.7344222,235.11162302608054,10644.880623595565,59.15949990711157,1551141129.5501065,314.6135492233649,[81.11305999 161.83769504],[23.38144787 487.52999955 5.00309484 42.52392926 6.69409611 12.32547919],__,-65.98999999999998,314.6135492233649,0.2359438653801846,B737,
20190227,530718004,1122,1551234798.635038,194.66514097034323,10166.099199663608,36.58065109063526,1551234734.5364895,298.3368721965561,[72.74315548 144.79340768 216.93000909],[24.43491622 525.52420541 9.3427283 58.04516197 5.91258806 11.47379421 14.7808766],__,-63.539999999999964,298.3368721965561,0.1998155085904985,B737,
20190227,530718004,1124,1551234792.069138,195.314423799217,10044.53515110949,34.13487510584286,1551234725.3336804,293.6633062321092,[72.222118 216.54081618],[22.94554384 487.37535627 10.17721154 54.82483786 6.53322586 14.57017906],__,-63.52999999999997,293.6633062321092,0.14500310829950647,B737,
20190227,530718004,1126,1551234785.2459924,195.61374079954777,10029.196281160755,32.63844560698291,1551234716.9986262,298.42619718050753,[72.30518999 142.10935259 213.83933744],[24.1808807 524.57451059 9.70619796 58.00789143 5.46932949 11.40555308 13.99375388],__,-63.52999999999997,298.42619718050753,0.1922474616385792,B737,
20190227,530718004,1127,1551234781.7425458,195.4592982430284,10039.103118035004,32.42411457619199,1551234713.3084338,295.3041146300463,[70.8515769],[21.38825935 446.24650927 10.62778435 49.3889787 7.92066474],__,-63.52999999999997,295.3041146300463,0.1688844856881923,B737,
20190227,530718004,1128,1551234778.716842,195.61621981484333,10061.501869167492,31.34273784144868,1551234709.2560163,296.07605388003,[70.95684411],[21.40304357 446.25070437 9.22790701 46.74811826 8.16507091],__,-63.52999999999997,296.07605388003,0.09874573607192653,B737,
20190227,530718004,1131,1551234768.9782407,195.4785852445687,10015.402630517608,25.748433076646627,1551234693.8944356,292.8966323386797,[72.25495719 213.73249466 289.58254714],[24.2689173 524.87869596 11.78652139 61.13114091 6.69144752 15.19944509 16.90049722],__,-63.52999999999997,292.8966323386797,0.236984824554344,B737,
20190227,530718004,1132,1551234765.4012954,195.29620148692797,10060.937711937446,25.428419858835664,1551234690.0818474,293.4514556721221,[71.85800166 214.02934824],[23.26810861 488.63722491 17.171952 80.20338254 8.31544526 24.29387221],__,-63.52999999999997,293.4514556721221,0.12287347652292138,B737,
20190227,530718004,1134,1551234758.1494062,194.63744505147895,10059.059898113099,29.793303607923477,1551234687.2211983,320.4921208052333,[68.42200666],[21.46118731 446.67984538 25.60688403 97.19192817 13.60137005],__,-63.52999999999997,320.4921208052333,0.08036368911829699,B737,
20190227,530833126,1206,1551287447.161224,208.51174212313313,10084.335765082555,69.3036688220266,1551287415.8469574,303.40662144782823,[85.53980824 229.76459828],[23.30850709 488.2236775 8.80108464 54.11386208 8.36996509 17.13742815],__,-61.119999999999976,303.40662144782823,0.16158309366071985,B737,
20190228,530999321,1151,1551368541.4706867,203.54969169873291,7735.539936023216,103.9924015375379,1551368540.9814558,304.60058911690226,[98.05596987 54.7794031 98.93080189 176.98316219],[26.81777106 562.41246362 8.2011142 65.33228929 9.70442054 7.64216189 9.81891302 16.59124494],__,-47.14999999999998,304.60058911690226,0.21426338998187353,B737,
20190228,530999321,1154,1551368552.6349947,203.16953206984056,7785.245006973923,104.71606240435379,1551368552.9255385,305.3670353708236,[94.24811565],[21.37614777 445.49332048 7.23914707 49.38982855 10.54604814],__,-47.15999999999997,305.3670353708236,0.1749683126470051,B737,
20190228,531019266,1137,1551374302.4494817,221.57257522277388,10914.17062427928,62.15592941112267,1551374265.9600635,312.61672653145865,[75.38567576 149.46845303],[23.39083741 488.46090231 10.07537661 56.0530634 7.38636414 13.96181919],__,-63.079999999999984,312.61672653145865,0.17780626706160124,B737,
20190228,531039175,1162,1551382554.4262607,218.13485912949363,7024.5815497607355,115.50335654064992,1551382563.6290004,360.5220846446316,[98.74307611],[21.09174977 442.93377211 4.10780258 49.28121827 7.32553917],__,-40.97999999999999,360.5220846446316,0.20627266680886946,B737,
20190301,531137329,1151,1551429383.3813982,219.75707803524324,8491.575862417421,121.14446391053455,1551429401.2574327,364.45091964458015,[92.60808924 152.31638474],[21.6294152 477.7009916 1.78292789 38.69153718 7.91042695 12.68313301],__,-53.47999999999999,364.45091964458015,106.38477924144908,B737,
20190302,531307333,1092,1551502981.1317244,218.6846960050851,10125.172789596627,79.34724677614025,1551502959.9681714,341.3750461201229,[202.72562988 65.2539296 96.43799572 135.50864639],[26.69628366 563.43891645 10.89925314 74.59053621 17.36379048 7.57747167 9.51833975 13.05677934],__,-60.389999999999986,341.3750461201229,0.23153661624724678,B737,
20190302,531307333,1095,1551502956.936455,219.9150513892969,10110.138653311431,86.14344293406894,1551502942.5761418,316.4831048281395,[71.4442362 140.56530628 210.06915442],[24.54229502 524.27795804 6.08188497 50.53079346 6.37817279 11.12577321 12.58452269],__,-60.339999999999975,316.4831048281395,0.17792650807918184,B737,
20190302,531307333,1097,1551502947.002282,220.10250030104083,10130.172637220498,89.8997559520664,1551502936.4038374,323.7921896242807,[69.75186342 205.36545944],[22.89877656 486.03268829 6.24758127 47.95179061 5.63941679 11.66717578],__,-60.309999999999974,323.7921896242807,0.211186262472866,B737,
20190303,531540904,1148,1551633268.2083797,226.29128525767524,11557.002717882766,98.80005774996579,1551633269.4121609,304.6157195161691,[70.05179769],[21.53748117 446.13375207 5.60931735 38.72076338 8.43773415],__,-58.079999999999984,304.6157195161691,0.19950580075564112,B737,
20190303,531528173,1151,1551627050.1852336,217.52436438898096,7796.680228829696,89.14132517554262,1551627034.9061687,309.8542339948278,[91.92993085 106.08842802 169.19902525],[24.7718458 522.61797359 5.03116414 50.37652999 7.86418986 9.29564591 13.00473187],__,-51.589999999999975,309.8542339948278,0.1613575022991491,B737,
20190303,531528173,1152,1551627052.5793297,218.57639470299063,7722.162863352782,86.31897200351334,1551627034.3487701,298.5271676990184,[110.2133439 175.81062236],[23.10421353 484.97124543 6.78315254 52.65325379 8.51383615 12.03342837],__,-51.599999999999966,298.5271676990184,0.15924102614573163,B737,
20190303,531528173,1154,1551627059.6403978,218.17485422599935,7746.190059716158,89.67147900741652,1551627044.7966938,312.00917273273075,[91.63189644 107.31996655 170.17456052],[24.6500546 521.75141494 4.82721339 50.3437291 7.51686785 8.44839982 12.73752581],__,-51.609999999999985,312.00917273273075,0.18240198231010188,B737,
20190303,531528173,1155,1551627063.6859896,211.53916626869704,7054.187731053582,94.55826506814915,1551627052.4031599,315.2896626899025,[106.9382198 169.69368632],[22.65423885 481.47606766 5.55211815 52.88261729 6.8467982 11.00494692],__,-48.19999999999999,315.2896626899025,0.1744511051056987,B737,
20190304,531711629,1069,1551719796.157029,239.77426852315372,10786.81765527964,67.30541447598704,1551719763.968813,376.5773567023181,[88.03376922],[21.31704947 445.66126083 5.24982351 47.33899124 7.90604127],__,-65.67999999999998,376.5773567023181,0.2123866896484151,B737,
20190304,531711629,1072,1551719807.3910785,242.8038432993814,11248.09625698092,70.16843142699194,1551719778.7841277,377.52796954812413,[85.74698562 232.55439219],[22.5983524 485.09273426 4.72365644 46.72533386 7.05872987 11.8844761],__,-65.82999999999998,377.52796954812413,0.47396757854047816,B737,
20190304,531697514,1122,1551714047.0320563,235.5195979988127,10054.603013071539,67.12809288351392,1551714013.8693323,316.9377971155442,[67.11729618],[21.49192558 445.40790821 3.56480879 38.21171471 8.33657687],__,-63.039999999999964,316.9377971155442,0.11418832908454199,B737,
20190304,531627604,1116,1551677883.553639,250.4761801595104,10207.039762298795,99.67649613576411,1551677882.859171,319.5938216732502,[68.07525588 202.89416816],[22.94513586 484.48739641 4.449415 38.34310904 6.26619084 12.1242959],__,-60.89999999999998,319.5938216732502,0.20015145350479044,B737,
20190305,531930999,1088,1551820873.8677566,194.22512263123326,9608.511591559489,104.08452497937272,1551820875.6561716,313.5912201385422,[67.13305855 93.6687804],[23.28633054 488.69167753 10.30861857 58.47432298 7.92632451 10.14939776],__,-58.94999999999999,313.5912201385422,0.2918795512031539,B737,
20190306,532062223,1072,1551885266.7746506,206.5823746418606,11859.998212729648,102.29357267014515,1551885271.6048498,287.7163756207758,[61.32954792 94.43281084 123.4259165],[24.75657978 526.428364 5.93838632 45.89799538 6.4671937 10.22604809 13.10215826],__,-62.64999999999998,287.7163756207758,0.23930921214928952,B737,
20190307,532276963,1110,1551979717.938559,195.64056952109632,8511.001476101308,61.838471946744114,1551979676.3117552,302.29694026219283,[70.65318575 90.47123027],[23.10212871 486.91624998 7.02685166 50.4258216 6.37815313 8.32384461],__,-47.75999999999999,302.29694026219283,0.1488796587907617,B737,
20190308,532343150,1120,1552004727.124307,247.10567016336657,10916.653442103117,66.00359624913534,1552004693.3468397,320.7734459588517,[68.49020944],[21.43343377 445.09767702 3.66684644 35.7055607 7.83733559],__,-66.84999999999997,320.7734459588517,0.226187442023854,B737,
20190308,532343150,1242,1552005132.2590172,231.29641767598278,11298.53930254003,74.84155061222468,1552005107.4389107,313.5543496061082,[72.86133993 209.51063222],[23.02629616 486.78132254 7.13005963 45.41035079 6.24085529 12.6672968],__,-66.17999999999998,313.5543496061082,0.1853980586106413,B737,
20190309,532567373,1106,1552109853.1047552,204.05578561615098,11327.76296232122,41.279345040632855,1552109796.0783231,279.9779505905398,[75.7371095 219.1027673],[21.77185618 484.05259356 5.23334376 37.12331114 6.17385717 11.04411221],__,-55.829999999999984,279.9779505905398,0.2653871145669798,B737,
20190309,532550805,1125,1552099005.5515127,185.3716942492549,8854.357161552465,90.89772560375019,1552098993.4144666,284.2914353418754,[71.88648598],[21.41540427 446.39622092 11.75730786 52.1909773 10.05418946],__,-54.95999999999998,284.2914353418754,0.12591950353346776,B737,
20190310,532794693,1038,1552235042.0733743,234.05155902100233,10252.571107547448,93.7749746259234,1552235035.0409405,310.99526829449337,[84.01863449 171.63037067],[23.02552906 485.82327768 5.49789178 42.05668614 6.05347387 10.41281889],__,-50.67999999999998,310.99526829449337,0.23607653891858799,B737,
20190310,532794693,1043,1552235063.174668,233.50550200378382,10482.808361661135,95.76275104310697,1552235058.591972,318.7921948477438,[83.48441684 169.69904701],[22.75931905 485.0172931 5.21781121 42.24057988 6.08479845 9.93855589],__,-50.49999999999997,318.7921948477438,0.212680510821701,B737,
20190311,533031722,1139,1552343154.0894568,217.79760300351398,10687.263953937352,126.10455315303112,1552343180.0721774,380.1651833179047,[30.30068466 151.05645667 192.14494248],[22.68965089 518.9152006 2.94461534 39.54851962 3.94920403 9.02949504 11.97863882],00,-53.589999999999975,380.1651833179047,76.55569285422916,B737,
20190312,533206600,1103,1552424679.271606,217.49081955433763,9654.582904196424,91.27417674890219,1552424668.246626,277.9532066953446,[128.92702431 206.44483865 79.5005365 43.12284819],[26.04315924 558.5882337 4.87716161 42.83870027 12.36344903 16.7098412 8.13235448 5.14380367],__,-61.46999999999997,277.9532066953446,0.3077778816336059,B737,
20190312,533206600,1104,1552424673.7698083,215.37317676466833,9567.236649228675,97.96361355192956,1552424669.3863838,287.78876162662556,[116.15341841],[21.72885957 446.81040841 17.54154758 61.20628588 28.74109662],__,-61.45999999999998,287.78876162662556,0.15459530000311936,B737,
20190312,533206600,1105,1552424669.6083918,215.26845268467662,9536.923039918087,97.66080907891347,1552424664.885161,284.37366699873525,[69.66293081 114.18907512],[23.23774037 486.9901218 8.60940601 49.12915636 6.46857029 9.57987612],__,-61.44999999999999,284.37366699873525,0.17588939846082294,B737,
20190313,533383043,1121,1552508030.332149,214.40029223914144,11396.784316203295,108.18959984737715,1552508039.6547322,320.59182455908183,[69.52280778 137.63734318],[22.97035495 487.41717819 8.04587392 50.94995042 5.52760693 10.23896744],__,-56.29999999999998,320.59182455908183,0.2337653542948212,B737,
20190314,533595874,1294,1552606159.517212,239.56090252172314,11463.197953557812,99.17272635931039,1552606158.7960455,319.8101207542574,[73.48011019],[21.61318576 446.44002245 11.95132498 52.36536923 8.502588],__,-52.389999999999986,319.8101207542574,0.1608991194957717,B737,
20190315,533782805,1127,1552688937.6442528,208.0887304196583,11252.038563785303,94.05027621807315,1552688932.3213928,285.47296746042537,[74.48434352 220.45965333],[23.22671935 487.95863624 8.05798769 45.27334905 7.26546653 15.86818603],__,-56.21999999999997,285.47296746042537,0.14650495849065023,B737,
20190315,533782805,1128,1552688933.643068,208.2276469144854,11270.947320340014,101.01829107330656,1552688935.3366861,291.3829347643787,[69.29976671],[21.52451109 446.35191482 6.70975003 41.00130711 8.25798834],__,-56.21999999999997,291.3829347643787,0.22530317803342512,B737,
20190315,533782805,1131,1552688920.9799783,208.58555615775649,11215.882706428169,98.07746028763222,1552688919.6967268,288.0536316438561,[73.43269076 145.7779784 215.26031868],[24.41639331 525.06760369 6.90955105 45.98818376 5.81997871 11.04896723 13.53618077],__,-56.21999999999997,288.0536316438561,0.1918738051469385,B737,
20190315,533782805,1132,1552688916.245976,207.02948838196593,11260.78159191129,103.20134542941739,1552688920.1539073,298.9801429367467,[70.30441867],[21.54989149 446.55050437 7.89927005 43.50109577 7.77559235],__,-56.21999999999997,298.9801429367467,0.11329939055250454,B737,
20190316,533962126,1069,1552775378.7045567,213.9178698600608,7904.531746451177,120.69171091147422,1552775393.7872272,297.96711693870776,[107.89907685],[21.41626336 445.03274423 6.15505981 45.60000677 8.90002633],__,-52.01999999999998,297.96711693870776,0.2032746781544496,B737,
20190317,534111328,1160,1552850198.5418813,241.20926549019828,7021.4304944559835,105.18780052041178,1552850197.1590862,387.99201390620823,[79.59139293 160.98969807 207.58107071],[24.22616078 514.36424655 2.93841003 52.34213566 5.97611929 10.06955462 10.9735983],__,-41.68999999999997,387.99201390620823,0.3554048243806045,B737,
20190317,533982314,1153,1552785196.2415226,214.09655735695765,6549.83068754202,85.72382489351867,1552785174.6078718,314.402080923127,[45.11220799 109.9388404 186.86046155],[24.37906964 516.90630101 4.49734478 51.30227318 4.68084901 8.01391891 11.49970698],__,-44.349999999999966,314.402080923127,0.312936775471765,B737,
20190317,533982314,1154,1552785199.740355,215.00599403694653,6556.959489372731,87.56616804812448,1552785179.984284,329.9018397933368,[110.10051727 183.04643574],[23.15453331 485.19328639 5.52946727 59.30489174 7.62299617 12.76436696],__,-44.359999999999985,329.9018397933368,0.1966280862622496,B737,
20190317,533982314,1157,1552785212.0925095,214.7258304273901,6593.907751694224,91.16148527752898,1552785195.9591253,332.7770115448581,[41.26707747 104.43004717 177.54043704],[24.64745184 519.70907393 3.93711628 52.8614588 4.89391096 7.4067141 10.93915557],__,-44.359999999999985,332.7770115448581,0.26605699660799653,B737,
20190317,533982314,1178,1552785295.4574218,212.99574432985796,5915.0037611406015,91.48618747608928,1552785278.4658117,317.1412380646595,[170.13253069],[21.32370426 443.98329201 11.92535036 100.98144955 24.25209034],__,-38.66999999999999,317.1412380646595,0.05873639662016773,B737,
20190317,533982314,1183,1552785317.705045,204.00780705078253,5215.983312670871,97.33952906911934,1552785305.3269284,339.59381060682927,[164.81275344],[20.81072589 440.2706522 7.26020003 80.5368592 12.78192915],__,-32.97999999999999,339.59381060682927,0.19495848328654608,B737,
20190317,533982314,1184,1552785321.369962,203.00884542251663,5311.486978678118,101.45360273423044,1552785313.2334616,359.87957183081045,[152.31275519],[21.23037207 443.5745265 12.67632202 127.36350939 25.34819131],__,-32.97999999999999,359.87957183081045,0.12105976831164607,B737,
20190317,533990692,1110,1552790381.7018538,205.67203555863463,8334.528561246532,85.55648704008384,1552790363.0620003,282.90091128089836,[65.75000114 96.26086986],[23.40454804 487.26900343 5.84441483 44.11437712 7.26211656 11.09149881],__,-56.24999999999997,282.90091128089836,0.22011202269711447,B737,
20190318,534249559,1123,1552918490.0879457,175.67657061806926,8366.525942201552,106.16319783887403,1552918492.6575432,299.72132217032055,[65.84281032 90.32659298 97.4136796],[24.48078818 525.28892944 7.47385213 58.25901555 6.3310279 8.10818681 9.13582588],__,-51.29999999999998,299.72132217032055,0.22464754956615648,B737,
20190319,534455837,1174,1553007104.6372383,260.74255719306814,6105.47200803871,155.80266344737075,1553007152.965779,365.8038641713025,[61.193695 121.47468437],[21.90272258 461.03633524 0.7381596 32.69466174 7.60529889 15.18618317],00,-41.99999999999997,365.8038641713025,328.57484064853537,B737,
20190319,534372822,1121,1552967479.6534262,195.56748812382557,10750.151914388487,95.10996897078812,1552967475.216042,286.58735554804207,[76.3150297 98.81314004],[23.28363858 488.39811749 8.01287103 47.85489744 7.94508799 9.40822489],__,-53.579999999999984,286.58735554804207,0.23171865287519572,B737,
20190319,534508975,1069,1553026340.4186082,218.65409272895133,8480.49815704639,106.26167569821641,1553026342.2207496,333.17548314356634,[211.30377411],[21.25403078 444.01521498 20.4641924 142.92617212 33.45032184],__,-54.079999999999984,333.17548314356634,0.1896177820545392,B737,
20190319,534508975,1070,1553026335.975926,217.93314603950316,8469.165186407527,106.88438921844335,1553026338.3620768,346.15605649626525,[209.23324902],[21.27899416 444.47169059 19.66633928 142.22905771 31.84313689],__,-54.079999999999984,346.15605649626525,0.1905688365864266,B737,
20190320,534672720,1125,1553098550.6142292,201.83704156140055,11812.740468517599,95.11969544718025,1553098548.4659216,304.3329623828205,[55.4707438],[21.2996817 446.09437981 5.72898712 45.83177975 8.02940195],00,-58.00999999999999,304.3329623828205,0.33293735088883425,B737,
20190320,534672720,1126,1553098545.367995,202.0074372665777,11829.28218971776,123.43058730119974,1553098571.5506911,326.946646042853,[44.39115649],[21.62520591 446.96013658 21.91966711 108.46023856 27.91761132],__,-58.01999999999998,326.946646042853,0.1303897495661685,B737,
20190321,534784836,1106,1553149108.9757888,205.79820391397297,9569.127893566401,69.8394191389235,1553149077.1067383,311.2628155301805,[66.46958277 84.65530884],[23.03421074 486.72445353 5.47599627 45.93844637 5.96564253 7.81549587],__,-54.25999999999999,311.2628155301805,0.2958325132989084,B737,
20190323,535199340,1157,1553330721.9869807,232.5362800605832,7762.1608161512295,102.05188234666569,1553330719.026132,291.1971916620276,[32.82920927 102.58906172],[23.25053472 483.91461917 5.04454147 40.63900516 4.39889747 9.59223591],__,-44.95999999999998,291.1971916620276,0.23498475491095688,B737,
20190324,535447919,1114,1553443990.0127962,219.8520968245523,9179.550648842009,105.70184993683863,1553443993.3813176,342.0078595072273,[57.80314577 48.20621874 68.05621798 155.42249091 130.96237336],[28.05698411 595.1674956 7.84094488 66.0129955 6.69404399 6.24976102 7.15137689 14.47302502 12.26026818],__,-53.24999999999997,342.0078595072273,0.3181458594873759,B737,
20190214,528485724,1251,1550173007.4153903,96.49218503658813,2961.3471933984224,112.88172644757138,1550173006.1476014,322.0824172268126,[36.58023928 54.53335225 73.26845917 109.96797027 146.72066849 164.912404 183.16409866 219.8577374 237.49059011 256.40025089 274.68157094],[29.25805403 717.8464626 7.43209991 126.86436378 10.65096359 8.56798364 10.90622216 7.23327201 8.44199822 10.55461782 11.86230779 13.06601601 23.43949876 18.89190926 21.98751867],__,-21.339999999999975,322.0824172268126,0.0270624461236022,PA31,
20190214,528485724,1271,1550172830.8874078,96.39866037279478,2773.8923713573295,113.22833758653324,1550172829.4823804,315.07840792923514,[54.9439727 73.25773694 110.03609227 146.88610976 165.21340047 183.55416796 201.19677317 220.33179465 238.05584123 256.80708152 275.30203371],[28.85586895 703.16133083 6.13693856 120.12531767 11.50873007 12.46962609 6.59409288 8.03379345 8.98612211 11.45607574 25.17322272 12.59773377 32.28310587 17.71436214 21.45965107],__,-21.359999999999985,315.07840792923514,0.0344859216006077,PA31,
20190216,528853433,1246,1550349176.9275692,107.18956666238519,2092.325359793533,116.9527787008776,1550349178.1937041,319.81837335582514,[54.57090495 73.40935022 110.62535608 146.97686081 164.94530559 183.2481053 220.50373127 237.15144524 255.53964018 274.405034],[29.73251963 621.96861825 4.13832225 105.28904262 8.85705101 12.47568943 6.3592596 7.96700701 9.8648677 11.83285233 11.88570341 20.4720165 20.7229027 20.06751911],__,-13.259999999999991,319.81837335582514,0.10629883217917903,PA31,
20190216,528853433,1250,1550345751.0844882,82.95056427297496,1474.6133863855189,116.54319327182584,1550345750.7690425,330.24238947647336,[37.30526518 55.69958908 74.22863209 111.42198052 148.60455521 166.93590782 185.30443143 201.96015236 222.64316626 241.36358448 260.03943833 278.78480694],[30.68606368 640.16093006 4.89356129 146.13627624 13.93105479 10.64977721 10.33593133 7.28438853 8.54961172 9.11592785 10.56303824 22.41723247 12.73718994 22.35369485 16.92348413 19.52013044],__,-9.789999999999964,330.24238947647336,0.045573613877492904,PA31,
20190219,529392751,1280,1550605166.5785925,106.25383096160581,4415.983015825074,111.78140108566411,1550605166.6526341,320.91823483392614,[111.38573326 148.47066194 167.36582518 185.80866241 222.89654604 258.74168364 278.99750225],[25.38327803 639.09288774 8.22578547 109.58238285 6.57436923 9.29230938 10.37531605 10.87944021 10.60753487 19.31213692 21.70523005],__,-32.829999999999984,320.91823483392614,0.06947043300133407,PA31,
20190223,530109351,1238,1550953305.193578,99.27735056586252,1468.423077852341,117.35740849107812,1550953305.753709,318.713482049978,[36.59614042 55.01637287 73.88844002 92.35053374 111.13183556 128.96619241 147.88155679 166.82536783 185.81722056 222.04702248 258.31920819 276.24036265],[32.51500604 583.70071932 3.39278623 115.21916851 13.44199189 12.32935519 9.54062198 13.4793942 6.23782437 12.76870469 8.00639394 10.35851299 13.39083653 12.53589831 17.75154445 27.65672763],__,-7.560000000000002,318.713482049978,0.10357143134474599,PA31,
20190223,530115978,1244,1550950132.5207832,86.21422054762462,2603.3054328013177,116.28467654767144,1550950134.0537,328.4902603225118,[36.67042998 55.27128368 73.86652233 91.60482846 110.89047672 129.24884724 147.92632527 166.42643191 184.57996441 202.6988774 221.7344507 240.25100201 258.85595283 277.43237625],[30.57963128 772.93572637 7.4727961 145.10349461 12.68303366 9.41514658 9.63508946 19.86286772 7.64976962 12.92222608 8.84689367 9.73957301 11.3123532 21.3946938 13.18427189 21.98609445 20.25067666 21.80362097],__,-12.289999999999964,328.4902603225118,0.0544024082650727,PA31,
20190225,530463787,1235,1551123575.5906305,83.88999656788508,1732.1889900138358,116.30634655322474,1551123575.5312593,333.07959206929297,[37.52141836 56.1383101 74.61308168 92.8014633 111.75514308 129.81925436 149.0435074 167.71306161 185.8940363 223.28886067 241.76530556 259.88205965 203.76377713 278.35214904],[31.68332583 701.93214418 5.26277732 148.36447821 11.28645228 10.98527792 13.32017117 13.68480233 6.72347298 13.64497395 8.05195631 10.90457127 11.66218497 12.4462354 24.86593897 20.65972443 23.18650105 31.81639112],__,0.35000000000002274,333.07959206929297,0.05913041739737322,PA31,
20190305,531778247,1300,1551748679.2002864,95.69997103664824,2043.7840241276187,116.66208352147079,1551748679.6245806,323.959553814399,[55.45591959 74.35971001 92.0609089 110.81931334 129.52931968 147.79208381 166.00247283 184.53304714 221.73015177 258.43170314 275.67903813 238.78848577],[30.55433502 673.21025079 4.87929304 123.90511953 10.76678757 9.84190694 16.88760182 6.94079223 14.97657974 7.83789289 9.38842189 11.45598745 12.26235906 16.61502574 29.04979535 26.2486313],__,-8.039999999999964,323.959553814399,0.06093069725824492,PA31,
20190308,532471556,1302,1552067353.416024,85.78177461776586,1275.9158102061863,116.43497382745477,1552067352.5071206,338.80398905968235,[73.75196523 110.6995471 128.84751586 147.61525269 165.97662858 184.56822562 202.63037544 221.24193928 239.45279399 257.68917501 276.70660027],[30.47734046 562.47436775 3.70146821 134.37622401 11.90945461 6.44125176 10.65789705 8.40345648 8.67143459 10.50420372 18.57813447 11.59804927 21.59477456 14.66180357 21.68691096],__,-5.949999999999989,338.80398905968235,0.07149247651950341,PA31,
20190213,528334484,1187,1550102057.7973852,211.64607547884938,9400.02824242975,33.74689032030504,1550102059.0731912,374.10251441160466,[118.9073738 123.09969403 134.34753381 51.05420401 77.00898132 87.66070183 94.68554401 103.9510058],[32.11742906 688.21705473 6.40450097 84.4204176 14.22488818 15.09073954 16.58044664 7.86750157 10.23457537 11.46687958 11.74274094 12.57311501],__,-49.339999999999975,374.10251441160466,0.2801222458101743,B738,
20190213,528334484,1188,1550102055.0588543,216.18894287118692,9312.099986243604,65.63152249388996,1550102088.099619,299.4358569479415,[26.9333132 54.70702398 70.7712436],[25.41898076 527.79270633 4.77151653 65.67232897 11.16731997 22.77870163 28.92574868],00,-49.339999999999975,299.4358569479415,0.20898379745456475,B738,
20190213,528334484,1189,1550102051.0524852,216.21950020373953,9311.238599284166,11.277848259113751,1550102029.7460573,293.74378432938204,[83.68314927 166.27097011],[23.23288897 486.95154574 7.36326086 48.89792546 6.77877542 13.27312544],__,-49.349999999999966,293.74378432938204,0.23174320927596326,B738,
20190213,528334484,1190,1550102047.071473,216.69030981970073,9319.439635085211,16.930340665010565,1550102031.428817,296.87207449486186,[71.71690421 147.80414496],[23.15279093 486.31375053 4.45363297 42.39397782 6.38767069 11.54338172],__,-49.359999999999985,296.87207449486186,0.23688927368781834,B738,
20190213,528334484,1191,1550102044.5738313,216.58003114254885,9313.27183086284,13.321520753016364,1550102025.2805912,305.24923565676664,[83.38972189 165.25023749],[22.74104858 484.72847693 5.94047069 45.92387529 5.90812654 9.7576912],__,-49.359999999999985,305.24923565676664,0.22399727386165083,B738,
20190214,528524104,1137,1550188240.6399717,225.10871641953588,8924.14371873886,104.8888515974238,1550188242.469377,315.72903745153457,[59.90826206 79.72750725],[23.1488533 485.76909496 3.10989315 43.32991508 7.42784819 9.85709275],__,-57.49999999999997,315.72903745153457,0.3301189858470315,B738,
20190214,528524104,1142,1550188220.619814,224.8925354603065,8746.064353306483,95.92822765249653,1550188213.1914508,322.3530234447086,[81.7897793],[20.9175122 442.19277953 2.85514071 39.59445164 7.99468283],__,-57.48999999999998,322.3530234447086,0.27230590152142925,B738,
20190215,528662066,1078,1550251301.4021838,241.2672270456758,10092.329092854756,73.50564164898219,1550251274.2947943,334.89992492112196,[74.59791931 81.00611771 224.81436887],[24.35864767 521.9763801 4.51394059 43.60890962 6.67411139 7.23933936 12.56900172],__,-58.869999999999976,334.89992492112196,0.24974502892572276,B738,
20190215,528662066,1079,1550251303.6867604,242.35969979727162,9967.224504596868,74.30546430132821,1550251277.171579,336.39386080964397,[73.39820914 81.19324591],[23.12277109 485.77859948 4.01409599 41.48637179 6.78215769 7.37040789],__,-58.87999999999997,336.39386080964397,0.24812792031004904,B738,
20190215,528662066,1081,1550251308.4605026,243.11504567116893,9913.238487656861,77.68646903296802,1550251285.2985682,344.47326978864925,[71.14423425],[21.52370542 445.84900843 7.05789677 45.56177007 7.57275344],__,-58.889999999999986,344.47326978864925,0.169970355353306,B738,
20190215,528638127,1120,1550244149.966018,234.36735826813756,9466.776282387782,110.34256257308186,1550244159.1358018,313.13770272250724,[53.58099028],[21.7171199 446.40749892 4.83035744 40.81382377 10.95175981],__,-59.48999999999998,313.13770272250724,0.2060613467543195,B738,
20190215,528638127,1123,1550244138.8302903,234.8408373741741,9430.32453351716,104.06408950515093,1550244141.6578104,290.4924284146644,[49.64200419],[21.61400755 445.29909643 3.2206794 33.3501557 7.2962969],__,-59.51999999999998,290.4924284146644,0.26581738878320926,B738,
20190215,528638127,1126,1550244127.9022815,235.012195631134,9587.780721667832,104.88418485974445,1550244131.8420181,306.8883718780911,[57.26036862],[21.56305055 445.37383016 4.29114507 36.34257169 7.1451358],__,-59.54999999999998,306.8883718780911,0.2440237521689673,B738,
20190215,528580331,1149,1550219524.2013454,216.87417590244021,8424.202596245237,103.99855242009454,1550219524.9449112,302.0171602541566,[67.9565628],[21.68261617 446.52522045 6.39176675 42.90240951 11.38421909],__,-56.79999999999998,302.0171602541566,0.1578409495375956,B738,
20190215,528580331,1177,1550219635.049009,214.39831427229808,7982.920193650125,103.82333530415809,1550219634.6859887,347.18866811339126,[14.55186294 24.13392105 34.75356792 37.06305843 57.65738301 72.25663628 97.62194449 114.54387184 134.42253992 157.28347377],[35.31493089 743.82534462 9.38002688 89.88259083 6.2765872 7.61762037 7.95199921 9.60401134 10.15400588 11.07127254 12.99692441 15.86795827 17.63729691 22.15574964],__,-53.43999999999997,347.18866811339126,0.27151836011200015,B738,
20190215,528580331,1182,1550219657.6860824,212.10471640745138,7348.470003630637,112.02806608503398,1550219664.3319335,362.0269511635519,[75.67266379 165.18877781],[22.4389934 481.41336944 4.61281516 56.42851036 5.4343822 9.13681598],__,-48.359999999999985,362.0269511635519,0.2213703261583486,B738,
20190216,528774940,1150,1550307391.8307621,216.77188262466737,8605.654781655892,106.05269650423982,1550307394.8776236,396.3115555086157,[151.55958489 189.32471573],[23.07754563 486.58885152 4.12625339 53.6552441 11.34565624 14.29809483],__,-55.74999999999997,396.3115555086157,5.7024935751833175,B738,
20190216,528824358,1115,1550329800.842608,190.75467848668447,9651.761256497599,23.445960606925077,1550329723.2994144,293.3682561837361,[71.25461885],[21.29842516 446.07381436 17.52593049 71.15653855 8.06731325],__,-62.75999999999999,293.3682561837361,0.10200718394703764,B738,
20190216,528824358,1125,1550329694.6950753,189.8094705926001,9439.523347063645,84.47728092196057,1550329677.9672856,301.51129695546246,[69.76018503 163.44054106],[22.27373662 484.67543809 5.09704191 45.78397682 5.04525711 10.0510468],__,-62.829999999999984,301.51129695546246,0.17763748989543393,B738,
20190217,528987208,1115,1550416623.3992617,207.89069642953103,12087.902280830158,104.08610052632126,1550416631.0200894,282.781496961008,[61.43724787 118.36940159 210.66734263],[24.37936625 525.60387792 8.86590444 48.03622779 5.38965193 8.99193519 14.28008082],__,-54.389999999999986,282.781496961008,0.2795216490636505,B738,
20190217,528987208,1116,1550416619.3018746,210.10598916258778,12015.457147768411,84.19891715071401,1550416606.9520972,273.6532742294873,[86.95166727 236.08833585],[22.7632719 487.03512942 11.60115359 49.83878916 7.57485196 13.3013818],__,-54.389999999999986,273.6532742294873,0.33117175809228866,B738,
20190217,528987208,1119,1550416605.2716827,209.50081763899962,11901.463713956882,90.6869605886582,1550416599.3063958,294.2489610138279,[86.10812 227.54153891],[22.9167848 487.65162226 12.05137947 56.17096541 6.98580842 13.38120548],__,-54.369999999999976,294.2489610138279,0.23538172161747226,B738,
20190217,528987208,1125,1550416579.4921367,209.35896893233217,11956.900733009563,95.75310009795386,1550416578.72513,287.09717979733745,[74.51009487 218.32619429],[22.7280764 486.78057308 5.81973155 40.77278086 8.03832838 14.02920803],__,-54.349999999999966,287.09717979733745,0.2526633100197912,B738,
20190218,529094492,1178,1550468741.9107606,204.80920411414226,5730.251655115403,200.86921931142538,1550468834.4126425,376.5028849350093,[43.63869411 92.72295344],[23.14895128 484.31788773 3.1772588 76.56464059 17.68383349 37.02907788],00,-39.339999999999975,376.5028849350093,83.72897212851089,B738,
20190220,529532212,1115,1550676112.0706213,182.11068355902677,8445.667252280336,101.63968516439095,1550676110.423045,301.1410313512458,[68.3856659 138.4606106],[22.82455192 486.80218699 9.21252645 59.19163094 5.65513962 10.78666016],__,-50.869999999999976,301.1410313512458,0.15421897747464813,B738,
20190224,530182676,1160,1550986962.7569215,209.79716739603106,7874.180711486414,86.8586174007191,1550986945.159723,318.5531965238775,[36.84605226 184.35689906 75.7703173],[25.10205594 525.5217221 5.64575214 55.27910258 4.54009184 15.04972502 7.96300495],__,-43.569999999999965,318.5531965238775,0.2720453891662489,B738,
20190224,530179897,1113,1550984668.5270834,225.2747928558291,10138.891574269684,72.66877033734905,1550984640.7463102,316.30626333435487,[136.55309916 205.46128704],[23.42496727 488.60355081 12.66945786 71.64154801 14.12151618 21.32362218],__,-63.42999999999998,316.30626333435487,0.24996372153927587,B738,
20190224,530170896,1152,1550978126.762608,213.61988146490293,8569.299685039246,89.04427779138972,1550978112.5102339,299.82968234383657,[176.14717144],[21.82028234 446.33370773 24.30426425 136.75480437 35.98444478],__,-50.23999999999998,299.82968234383657,0.12107896948879564,B738,
20190225,530451317,1138,1551115892.2222235,225.71111058224886,10277.383817952026,73.22450086597053,1551115865.636279,321.6397504717492,[43.36669007 70.64846375 106.08330983 204.94147654 137.38821886],[27.41904569 592.64011206 5.72593111 53.07685894 5.75429524 6.73282473 9.61586617 14.48950383 12.17828179],__,-65.69999999999999,321.6397504717492,0.25731124126340915,B738,
20190225,530451317,1223,1551116179.8062184,224.56403741708118,10654.207075961745,80.14923149151807,1551116160.2760382,316.8357682284329,[72.61582381 210.66217497],[23.60283911 488.1116104 28.20061456 151.32055723 13.77485854 38.39018591],__,-65.76999999999998,316.8357682284329,0.18764499519205327,B738,
20190225,530451317,1230,1551116208.8952773,225.38854798969646,10618.757821430063,78.46640886415258,1551116187.531195,312.75305882277735,[73.07425769 212.49463163],[23.53343089 488.75728482 10.17781954 55.75739187 7.76904306 17.78770866],__,-65.77999999999997,312.75305882277735,0.11084713326190725,B738,
20190225,530451317,1274,1551116376.5131433,221.33797227463754,10883.727213170047,76.83604529750143,1551116353.5741725,338.18301939625417,[66.9810248 194.52542932],[22.92650069 486.94291973 7.79143829 54.45033084 5.49129984 11.99951981],__,-65.80999999999997,338.18301939625417,0.3594516915231119,B738,
20190226,530542299,1128,1551157696.2563736,205.29022168641524,10010.074073777128,81.23670858258272,1551157677.0258574,305.31178552888065,[72.07155389 213.57999362],[23.22195621 488.09917599 10.019139 56.87058662 7.09415465 15.46657404],__,-62.93999999999997,305.31178552888065,0.11507678127015018,B738,
20190227,530810421,1246,1551280346.1834395,200.6343564217033,9253.147611687225,100.4225976010111,1551280344.237115,304.7042372592367,[84.11138263 171.10135821 229.96183327 256.85109707],[25.58842697 558.53844996 9.03677349 62.3064776 6.36940439 12.35030579 14.23431054 15.31408211],__,-55.02999999999997,304.7042372592367,0.31504826989176987,B738,
20190302,531326239,1163,1551515882.9635725,200.6496101764374,7353.69996169578,41.08989054370328,1551515818.4951792,315.1326259184937,[167.53469538],[20.7348431 443.26287248 13.07924257 91.55549414 17.87238539],__,-45.889999999999986,315.1326259184937,0.1961704056905494,B738,
20190302,531374790,1120,1551540612.4334652,200.0441262616881,8813.981502714674,55.88290426025227,1551540565.7635992,307.0424335308287,[63.12748198],[21.24483456 444.96654141 5.31675205 43.96430723 6.73683745],__,-55.39999999999998,307.0424335308287,0.18252598100660647,B738,
20190302,531374790,1121,1551540608.368961,200.15979451707338,8823.53951156781,54.25359686111084,1551540560.0876641,313.9712017243316,[66.38137002],[21.24764599 445.33045502 6.18176553 47.84195733 8.35916371],__,-55.389999999999986,313.9712017243316,0.15373352234517806,B738,
20190302,531390184,1218,1551547809.3425,223.1046422564069,11156.324578141493,72.29279683786069,1551547782.8495965,300.70004754777295,[24.9443707 73.57954248 113.00910215],[25.55678316 528.18743012 8.30670536 48.70039792 4.59424707 10.30086277 15.78963782],00,-60.27999999999997,300.70004754777295,0.2493950210763896,B738,
20190302,531390184,1278,1551548018.779305,225.46111781395646,11601.990437723423,87.12957233039603,1551548007.410286,310.77143305474516,[69.3405705 205.2351354],[22.66381514 485.82700252 5.54649672 40.70693793 6.1418999 12.07659482],__,-59.51999999999998,310.77143305474516,0.3300086331440296,B738,
20190302,531390184,1282,1551548034.3967364,223.90824284472578,11569.111373855576,89.17730329122459,1551548024.99254,340.66287809793766,[83.53088631 207.15458856],[23.10435786 488.21405767 14.06971695 78.21961458 7.28864703 17.52758283],__,-59.46999999999997,340.66287809793766,0.2802883582303984,B738,
20190303,531449653,1248,1551579055.1956022,211.97472818117828,8786.838985741002,96.94708027195252,1551579048.3056123,301.6477071356472,[88.12479311 175.93958282],[23.33793246 487.46978688 6.26125693 49.97633058 7.90806132 13.85589453],__,-53.64999999999998,301.6477071356472,0.2378146885215951,B738,
20190303,531449653,1252,1551579047.24249,211.85420468005447,8740.443632104449,106.28624812279934,1551579049.610672,312.66704694008007,[75.19041354 154.27271858],[22.44972534 482.79477292 3.21375476 42.47116765 6.21084373 10.60375153],__,-53.639999999999986,312.66704694008007,0.219368016005023,B738,
20190303,531464500,1121,1551589500.7898324,209.7945848505042,11392.886726417317,78.19139733705615,1551589480.9111278,294.2963354843689,[74.06715724 216.03687873],[22.71771655 486.47240559 4.96931425 41.73790117 8.20447083 14.81272438],__,-59.309999999999974,294.2963354843689,0.16827004836126222,B738,
20190303,531464500,1126,1551589480.3669498,207.8805308289552,11267.659149024126,87.24994083597238,1551589469.3407335,351.2523231206109,[83.49054232 136.78134179 205.62440068],[24.65429783 526.9606119 8.67958193 64.12559321 7.3763652 11.36457191 14.63554628],00,-59.309999999999974,351.2523231206109,0.25834324400427316,B738,
20190304,531744291,1127,1551734006.9783084,233.51814606195464,10153.261842999142,100.9880059687738,1551734006.9055178,312.4231020991475,[66.77679078],[21.67991398 446.37627951 4.32787054 39.90800703 11.35638294],__,-64.25999999999999,312.4231020991475,0.16087327418661737,B738,
20190304,531744291,1130,1551733996.4711094,233.68426355288375,10094.15331023194,97.97696562747402,1551733993.3354897,329.28983532304034,[79.91340014],[21.35921615 445.18214637 3.65662423 41.61497759 10.01943519],__,-64.24999999999997,329.28983532304034,0.1866537793197811,B738,
20190304,531728388,1179,1551728298.6137395,196.80542557135723,6511.840874146342,97.18607505220497,1551728288.609722,287.5997247520606,[59.18695813],[21.34144804 443.70220477 5.21031541 42.73030762 6.78924189],__,-37.48999999999998,287.5997247520606,0.23273315408569012,B738,
20190306,532005225,1130,1551858160.0920649,188.07501190793997,9411.606681190622,105.24622419625369,1551858163.679829,288.13001316043506,[61.57071537],[21.22451365 445.5195507 6.53019454 45.18759529 7.7183473],__,-59.099999999999966,288.13001316043506,0.192373810781349,B738,
20190306,532063971,1154,1551886023.475917,242.16312674505133,7596.07455587671,108.13340782008446,1551886026.7955441,332.019535349634,[58.85122458],[21.4338349 443.42590058 3.12024685 38.81747716 7.03357369],__,-43.789999999999964,332.019535349634,0.1677186429159733,B738,
20190308,532390817,1148,1552030566.1711402,204.6080984777926,8939.519091726881,110.85998151383627,1552030574.448606,323.45347400077,[61.83101409 189.5781193],[22.76299965 485.312633 5.67216161 50.34632578 5.00087108 10.21649036],__,-53.23999999999998,323.45347400077,0.26041412481262444,B738,
20190310,532831995,1111,1552249891.6062372,216.50641217424507,9602.380441326195,78.71502723534383,1552249868.1820989,304.5882907529446,[72.21782968 171.19565101],[22.97468589 485.86838557 5.00422133 43.4230186 5.65110431 10.96280893],__,-51.92999999999998,304.5882907529446,0.19761962791187657,B738,
20190310,532856574,1133,1552261586.575213,246.2253643106371,7697.68405248648,158.45025612969857,1552261639.8672316,369.84024177993837,[85.95909768 111.22067491 94.58504684],[23.55221619 511.55795928 1.04109776 39.10484118 11.82736854 15.34117417 13.17638438],00,-53.069999999999965,369.84024177993837,532.3371426870383,B738,
20190311,532868797,1111,1552267469.234787,221.42701598441087,9092.371618556659,101.11287353457132,1552267467.3015776,306.49673651520976,[71.71364983 198.31548773],[23.4132168 487.8026369 8.70928439 56.51027661 6.23569576 16.73740149],__,-56.059999999999974,306.49673651520976,0.2197598057950994,B738,
20190312,533194266,1151,1552419414.716298,215.55203600000002,6989.1481741673115,104.52251276360681,1552419412.8496292,299.302,[133.19456786948444],[22.36067977 447.2135955 67.08203932 178.8854382 111.80339887],00,-53.329999999999984,299.302,Forward Model,B738,
20190313,533346695,1117,1552493087.1343977,240.98156161452235,10241.773698175899,61.41738058958052,1552493048.4529748,311.59446398713226,[73.09598432 201.71791128 277.5710921],[24.71657809 523.65783824 5.61902004 44.63757035 7.18405781 12.485554 13.41053188],__,-58.95999999999998,311.59446398713226,0.3971080814305568,B738,
20190313,533346695,1118,1552493091.6441648,241.7291934280498,10211.594384342317,49.769404726146426,1552493041.2938445,302.2025218059076,[100.51781169 225.10170419],[23.36281921 487.20079573 8.19857179 49.47517673 8.87755837 15.18158186],__,-58.96999999999997,302.2025218059076,0.19864094134036014,B738,
20190313,533257731,1110,1552449717.4947624,208.9435646485375,10299.501397407048,98.46822021244336,1552449715.6130652,298.0076267744228,[72.75448692 215.02310172],[22.91979137 486.71823353 8.19696147 48.94273711 6.37451513 13.5864933],__,-60.45999999999998,298.0076267744228,0.15088532490388853,B738,
20190313,533257731,1112,1552449708.1207361,208.90077297824902,10225.14744060293,101.42413613451797,1552449709.0295045,301.11788109035575,[71.00068353 139.6780392 213.32682715],[23.23370477 520.13511654 4.14059072 40.34669262 5.71585654 9.99963377 12.07350458],__,-60.45999999999998,301.11788109035575,0.22416697236688293,B738,
20190315,533724349,1112,1552667226.9814253,209.41479336955712,10307.997170237335,99.2569405625202,1552667226.0585115,297.6803742029656,[72.02751065 118.53797171],[22.82226374 486.17895207 4.53574802 42.88904292 6.37191314 10.77221801],__,-58.349999999999966,297.6803742029656,0.2487563610181018,B738,
20190315,533724349,1114,1552667219.2946203,208.7763216911796,10181.983018493138,104.51126345188176,1552667223.4350128,291.85989251157537,[65.39990472 78.67833361],[22.82982553 485.99650616 4.6963535 40.96354597 6.80157514 7.72319547],__,-58.349999999999966,291.85989251157537,0.26220571362274564,B738,
20190315,533644711,1100,1552631417.8798895,219.4455316059455,10951.777934533438,97.69696292432465,1552631416.2809517,288.5939704512378,[74.96020352],[21.55206189 446.05594743 6.35926222 38.13758753 7.73707],__,-51.65999999999997,288.5939704512378,0.15733635282606673,B738,
20190315,533633771,1183,1552625267.7826202,195.6178424150153,6005.300664294737,104.6429043841766,1552625264.4465308,303.9267502403197,[179.92472182],[20.90544132 441.22497037 14.7759726 119.69418402 25.05933125],__,-46.839999999999975,303.9267502403197,0.09810113576671801,B738,
20190315,533633771,1184,1552625271.8452675,196.45503006273796,6142.944324488946,101.73379167466403,1552625265.8234026,292.25252479107104,[183.52052462],[21.12444531 441.48017929 17.9730991 134.98763046 31.00846563],__,-46.839999999999975,292.25252479107104,0.09971100124584023,B738,
20190317,534079512,1195,1552839112.6075866,176.6406438142165,8509.145582145431,99.94911693174079,1552839109.0653024,293.2028140995899,[71.54332052],[21.10312187 445.53156793 10.66636213 53.99797536 7.53828324],__,-55.49999999999997,293.2028140995899,0.15117589806480025,B738,
20190319,534535887,1128,1553036220.2143233,207.16029655713083,8987.32289649766,100.97888361560625,1553036217.830987,296.9963044866245,[72.31017146 174.26499593 156.71032102 218.76410234 110.94509852],[27.46548158 592.63910144 8.30142871 62.59939946 6.85103256 13.52943895 12.40191534 14.69413502 8.93708127],__,-56.309999999999974,296.9963044866245,0.24741510534674413,B738,
20190320,534573292,1128,1553054544.2076008,195.95882960006261,10099.275893590626,56.81123102082954,1553054500.455591,298.3992133891147,[72.10862728 143.639966],[22.86012751 486.97102201 7.5192494 49.89956172 5.58122749 10.89566831],__,-60.389999999999986,298.3992133891147,0.18309478506015142,B738,
20190320,534573292,1131,1553054534.2796428,195.79842297403866,10038.966688428565,54.22922103413417,1553054487.8925765,298.5990676303679,[72.04973723 215.36017186],[22.62583208 486.16008989 7.57031276 48.95144337 5.89863472 12.05997183],__,-60.359999999999985,298.5990676303679,0.14560161801170154,B738,
20190320,534573292,1132,1553054530.5741374,195.7645181390975,10094.478644747975,50.23345019882519,1553054480.2930486,292.88490960914976,[73.02126153],[21.43660416 446.44221343 12.77502563 54.31657155 8.93459414],__,-60.349999999999966,292.88490960914976,0.07131108781006251,B738,
20190320,534573292,1133,1553054526.5889711,195.78479663416078,10109.008186733618,50.32606138401542,1553054476.4483068,294.18802238637636,[71.62906053],[21.44293941 446.34245492 9.27835335 48.13515074 8.08592323],__,-60.339999999999975,294.18802238637636,0.11487749041685945,B738,
20190320,534573292,1134,1553054523.151474,195.76839209285268,10087.530023671008,50.133036458682774,1553054472.788168,296.5887002144116,[72.02055781],[21.46004592 446.49405942 10.04605283 49.38494893 8.61115915],__,-60.329999999999984,296.5887002144116,0.11628044245687888,B738,
20190320,534573292,1135,1553054519.5508413,195.74373880821102,10097.288134634837,50.01401034034575,1553054469.0949626,297.8248514542599,[70.50906119],[21.45848919 446.42979999 7.05474077 46.65661991 8.98941272],__,-60.319999999999965,297.8248514542599,0.09095494408798045,B738,
20190321,534756696,1094,1553131573.1811078,213.00661087373854,11172.078873301192,83.78891105566409,1553131557.6272392,272.91302814322404,[62.70134152],[21.47607171 445.79333154 3.85911163 34.85004013 8.07801809],__,-55.71999999999997,272.91302814322404,0.28236515964253744,B738,
20190321,534756696,1097,1553131557.4699712,211.94023478729892,11268.447009560834,82.05907688582701,1553131540.307274,268.23105310758524,[70.01273735 137.16143429],[23.64449539 488.95709145 11.54573667 49.25612324 8.00041035 16.04074767],__,-55.54999999999998,268.23105310758524,0.23557644297775773,B738,
20190321,534756696,1109,1553131497.7379549,207.9196518587427,11091.246840401836,91.76902509954232,1553131489.9474971,302.4081160227033,[82.86357106 167.47792282],[23.20728301 488.35211324 13.85081516 66.38398856 7.70760894 15.49695169],__,-56.20999999999998,302.4081160227033,0.20953870025799484,B738,
20190321,534871684,1120,1553185003.715932,199.84511170838024,9430.042497491871,92.23521367940522,1553184994.294151,285.2050941912212,[60.52679092],[21.28427656 445.16953796 5.33628579 40.76594646 7.48037854],__,-61.099999999999966,285.2050941912212,0.1873272521916672,B738,
20190321,534871684,1121,1553184999.856082,200.93342642426992,9424.473415622451,84.45293887484078,1553184982.6575668,293.21605843717117,[73.06403292],[21.38924846 445.86379467 8.52658493 46.4322641 9.23993862],__,-61.099999999999966,293.21605843717117,0.13655991704602058,B738,
20190321,534871684,1122,1553184996.1677809,200.87303321508168,9448.639875017308,85.05283097587902,1553184979.613845,291.85860028122204,[71.46384826 53.91505602],[23.60735796 489.11025091 7.40864116 50.10879441 13.89732237 10.59109411],__,-61.089999999999975,291.85860028122204,0.17947337804580737,B738,
20190321,534871684,1123,1553184992.0934947,200.71348381025155,9500.101882012937,86.61763125157348,1553184977.1905024,299.73062967783414,[69.52234339],[21.31673092 445.55100031 6.61853606 43.78937996 7.05251043],__,-61.089999999999975,299.73062967783414,0.2754113257590751,B738,
20190323,535331684,1157,1553384477.029939,202.59628917845905,5669.814543093953,84.02664948203825,1553384451.9301784,323.71771314274497,[53.05239648],[21.37551042 443.98302998 5.86263408 50.75547598 6.93664194],__,-32.099999999999966,323.71771314274497,0.14125768359276764,B738,
20190323,535324109,1114,1553380402.8054247,210.19450640261437,10127.756262679633,82.61747406676699,1553380383.8103464,292.5498427999424,[72.64256642 145.92191949],[22.95644826 486.68339916 8.92559811 50.29208148 5.71586517 11.4941198],__,-59.589999999999975,292.5498427999424,0.1813490108572932,B738,
20190323,535324109,1116,1553380394.8947344,210.45907076689468,10147.3736149841,81.73443363904747,1553380375.0885851,295.19934553971626,[75.19435011 146.9085536 166.42560269],[22.98876982 518.97147923 3.60740573 38.38121832 5.77469754 9.58330372 10.20689275],__,-59.609999999999985,295.19934553971626,0.2323848152243204,B738,
20190303,531442120,1003,1551573609.5665557,58.92268942341887,1520.7310299923054,115.36141224350906,1551573607.650739,321.9260561277975,[40.38930405 59.99523625 80.12894816 99.82902243 120.5578704 160.73141343 180.8524324 200.51842922 220.309648 240.9491393],[25.58357207 675.38559424 9.41636064 181.94533158 15.12756845 8.1770352 9.72229025 15.61626668 6.97345315 10.50867183 8.86460422 14.1260855 16.26861456 13.77116179],__,-3.5499999999999545,321.9260561277975,0.04682763494378871,PA32,
20190303,531442120,1005,1551573639.6548305,59.32885432248585,797.7051500119004,116.31370791057321,1551573637.4795372,324.6947619655367,[38.12967224 60.23402356 79.98473227 96.93722542 120.12215222 139.50817124 160.21184622 180.15601494 200.14870602 220.63348513 240.85535818 260.49574794],[29.7283362 544.93728428 4.78204053 177.4639391 10.31403603 10.1157615 9.3060561 12.92939207 6.90644987 14.40759896 10.39002086 7.93202022 13.07486265 16.83517365 14.68720492 26.26460734],__,-4.0499999999999545,324.6947619655367,0.1067859478767622,PA32,
20190303,531442120,1010,1551573709.4634714,59.76912506949163,1947.8855503269515,115.87518544365363,1551573708.8387508,334.9319900378541,[39.92712046 60.18417925 80.13483833 100.24816496 120.39527297 140.13887888 160.49554662 180.6226562 200.018563 219.58247306 240.39274584],[26.03459363 728.76187183 12.87941111 194.3156787 10.03165191 9.13067139 8.99417236 12.22621436 7.83618379 12.8204068 11.29835592 9.36860161 14.81809868 21.21368511 16.18710315],__,-4.5499999999999545,334.9319900378541,0.058116671135233125,PA32,
20190304,531754233,1008,1551736854.3160944,67.1545191953168,1620.9463325799902,52.467102627611,1551736789.7192225,315.59688113210495,[39.35916525 59.81817583 80.39768568 99.93853277 120.87058973 141.16350621 161.05569548 181.29497058 201.1405686 221.08942438 241.33549357 261.44117237],[28.54539152 720.57897356 10.25227092 190.58459006 14.78026346 13.44056073 10.01022846 15.52758222 8.27462378 16.46846151 13.09333952 10.28709921 15.45302922 16.61018865 15.39660824 22.76897056],__,-4.5499999999999545,315.59688113210495,0.06781442621103331,PA32,
20190304,531754233,1009,1551736865.717862,65.91354813453593,1046.254689492471,64.03981649311662,1551736811.6936784,319.15346658897107,[59.86301823 79.97041139 100.38564121 120.69025743 140.62296614 160.4945569 180.85160374 200.4165693 220.69955591 240.59363502 260.24952453],[28.86899106 577.9397392 4.95332128 160.00602654 10.43918014 9.54587465 13.78620186 6.14139385 13.69296948 10.64647846 8.36204578 14.225862 15.65399183 15.03783696 20.15955337],__,-4.5499999999999545,319.15346658897107,0.09133361132144294,PA32,
20190305,531772828,1020,1551744778.8067374,65.66203326129862,1366.0398103698728,118.56003694388085,1551744779.969174,330.25396891675587,[40.05063337 60.54794844 80.76716476 100.89958584 121.25050221 141.1664727 161.50846237 181.78238296 200.69281512 221.89018253 241.93903218],[27.91234019 656.79327316 6.9210396 167.76950619 9.73324758 9.24753658 7.7738796 13.20393873 6.71543366 14.16052326 11.28722908 9.04718524 14.0712763 18.26408147 18.51866812],__,-5.859999999999957,330.25396891675587,0.06791497719230011,PA32,
20190312,533223903,1001,1552432060.7689898,70.48318197450534,1362.8901597407141,115.66021313979725,1552432058.9387805,330.17723062892895,[36.72371615 55.49385804 73.82009733 92.78230575 110.86742942 130.34184132 148.09861024 166.62777442 185.82678312 203.61800974 221.9004632 239.86736961 259.25096959],[30.10366667 678.88396978 5.814509 174.51910434 19.96233846 13.35574169 8.9041501 12.04311765 6.49614171 17.44760092 13.37127656 9.6158649 12.70540673 16.14354811 14.73474687 23.72592175 16.25420057],__,-4.399999999999977,330.17723062892895,0.06042080215117165,PA32,
20190312,533223903,1002,1552432070.0215628,69.96241440587897,618.5815204539974,117.31349779873977,1552432068.6815891,334.98056588726854,[37.02286352 55.52917184 74.40238511 92.51195669 111.30956776 129.76381748 148.4036459 167.01893873 185.77312944 203.57249956 222.52224584 240.93859167 259.80249166 277.90675404],[34.29681117 440.1936184 3.02147357 173.6973459 13.65606087 13.33403138 10.53413662 15.26333602 6.88852033 15.54129613 12.4789017 7.92279785 10.6569286 15.49055186 12.91830785 16.98454359 14.73109827 25.61514713],__,-4.399999999999977,334.98056588726854,0.05380835733100519,PA32,
20190313,533370431,1011,1552504769.5635824,70.44375890657284,453.3051511083816,118.62483868262069,1552504769.4366076,326.9069485441742,[54.44142462 73.03827956 110.43919281 128.00904642 146.47404147 165.4678337 183.09165597 199.97974507 220.01116096 237.29856799 256.54295382 275.39849896],[33.4175527 319.05928813 2.06326849 162.97279151 11.89281099 9.80936124 6.03690171 13.1033882 11.83101813 7.98006044 9.99644872 15.83894499 15.30707301 20.25667496 18.28688202 24.53648195],__,-5.099999999999966,326.9069485441742,0.13148440779928067,PA32,
20190313,533387818,1023,1552508659.5953188,64.39995031602406,1645.6074753739501,117.21595955916753,1552508660.00269,329.6191896941379,[37.55331301 55.85263596 75.04837635 112.92903973 151.76586168 169.50857856 187.92523406 204.88599625 225.43038644 244.86269704 262.34911341],[27.15762609 701.11138597 9.2424987 182.06343152 9.20979093 11.70766396 9.76301036 6.77239206 11.5774395 9.67148944 11.79142256 15.9108802 15.78543187 20.95923012 17.77687389],__,-7.3799999999999955,329.6191896941379,0.1102912814596821,PA32,
20190213,528256659,1217,1550071796.3698633,211.47424596719517,9191.084841625348,101.14451063084857,1550071795.4310837,332.0359220391574,[85.25749489 215.01594345],[23.2480754 488.01376772 19.97970817 120.32384206 11.9763535 31.88797356],__,-49.96999999999997,332.0359220391574,0.26866847904039076,B739,
20190213,528256659,1219,1550071791.4592648,215.91052084539893,8973.193127071689,141.5500600970588,1550071830.5929897,376.33176830355853,[91.0169291 125.33464158 109.01719976 159.58915661],[24.47979749 551.55450623 1.84482619 46.39455357 9.95636977 13.34091537 11.70329519 16.92940897],__,-49.97999999999999,376.33176830355853,203.41045375313442,B739,
20190213,528256659,1221,1550071787.2267447,209.78189561713944,9166.920854217975,110.58391968481665,1550071795.6272318,356.48948118742527,[198.16340839 111.05048196],[22.85535855 486.05347986 10.8107729 64.79588332 14.69414597 8.21503831],__,-49.97999999999999,356.48948118742527,3.3037792251809077,B739,
20190213,528155836,1175,1550018911.9938073,230.8775868319654,8399.127666530852,182.60578565662638,1550018990.5054665,352.62680181125205,[8.0180108 12.00957146 13.99506433 18.44759855 20.90490081 26.25608434 28.05490214 30.778172 32.39068167 35.41643712 53.51735832 60.64557644 81.2785968 70.19242002 93.01656126 97.66391818 106.87885419 117.04304655],[42.15454214 915.41121767 2.49397279 79.3948345 4.25323967 5.06626068 5.61951726 7.06751387 7.97953267 9.47415175 10.09641713 11.09795727 11.54359669 12.54866787 18.64732186 20.83646401 27.74250084 24.09788824 31.73636852 33.24035738 36.41446158 39.76625964],00,-49.26999999999998,352.62680181125205,123.47373318430536,B739,
20190213,528155836,1183,1550018946.8168647,225.05475768887683,7909.539206694038,19.073397009920818,1550018930.977849,326.09544886048155,[155.84371617 163.56027012 168.67017479 173.52697015 220.19576503 249.06259001 261.66907264 286.03927998],[31.98187554 684.20762264 14.02037472 114.33961685 18.77622481 18.22177626 19.90589212 21.25868241 27.01171026 28.47514079 27.98016048 30.18038428],00,-48.079999999999984,326.09544886048155,0.3603351881059447,B739,
20190213,528168791,1193,1550025766.8501356,206.0753532918798,8381.528221645887,35.591012903836216,1550025768.5045228,305.41761981215683,[54.7145897 72.14736257 64.83979538 60.49149937],[27.26891849 564.8464269 11.4104078 61.08879209 14.60548408 19.62306053 17.75671082 17.11828221],__,-49.44999999999999,305.41761981215683,0.23161257929882925,B739,
20190213,528168791,1194,1550025764.6667705,206.36276598721466,8286.464530217243,36.98800314924352,1550025767.5574925,301.5103180443377,[35.15530891 69.28019301 96.09405506 111.2241433],[26.89896671 562.68829229 4.53623133 58.25770669 7.26256572 13.25485949 19.33848151 22.90427714],__,-49.44999999999999,301.5103180443377,0.26436892040283216,B739,
20190213,528168791,1195,1550025761.3430488,205.4060101106031,8300.335798867318,57.72492983349904,1550025784.9714627,313.59759547889496,[46.14499578],[21.47348574 446.12982418 6.82201455 54.78430881 11.00149332],__,-49.44999999999999,313.59759547889496,0.16601499669340122,B739,
20190213,528168791,1199,1550025745.2250855,206.08387870354565,8555.968078117972,30.86188281156725,1550025742.3244677,304.3948014354492,[77.21198561 114.2909014 193.08398955],[24.52924159 523.37800264 5.60708011 51.4018101 6.377869 9.69795161 14.41581899],__,-49.44999999999999,304.3948014354492,0.21444281321016448,B739,
20190213,528256183,1163,1550071804.5902722,213.02560567375218,8366.595462346777,39.6935353728312,1550071810.9981816,349.9038226788758,[71.00736073],[21.21621089 444.96244599 6.73702709 51.30793829 6.64704435],00,-50.68999999999997,349.9038226788758,0.22846702181109177,B739,
20190213,528293492,1189,1550085842.7259898,183.542185916757,5700.4783998682005,45.68230013043763,1550085849.729704,359.3128319153494,[129.06179863 157.72211281],[22.03036877 478.07763374 3.5279871 61.80636658 7.14452592 9.22830354],__,-46.66999999999999,359.3128319153494,0.29850792936015286,B739,
20190213,528293492,1190,1550085847.7176764,186.3803904245994,5706.1704886701655,38.24539216096328,1550085847.3123617,313.06821256869927,[169.86942856 44.12328853],[22.7252836 481.01828682 5.15935024 56.61853046 11.71315257 4.27831044],__,-46.66999999999999,313.06821256869927,0.19471672437025694,B739,
20190213,528293492,1191,1550085850.7894835,186.70451292167766,5618.80820048956,42.19073077670713,1550085854.15886,311.7623570629985,[76.64711736 99.25928298 159.11665915],[24.68601765 521.55716317 4.81417497 61.50171784 6.68478758 8.46851691 12.58025872],__,-46.66999999999999,311.7623570629985,0.2592968733536104,B739,
20190213,528293492,1192,1550085853.7230594,184.89526132249296,5634.85537517331,42.75662455322181,1550085857.6641834,351.5001486569599,[164.57026504 130.03917118 190.04904605 199.40038318 49.57327889 6.90490217 12.26471444 18.23502437 106.22692756],[33.32825161 712.24579783 6.9529725 99.67612523 18.71911861 13.93210195 22.26833039 23.71034261 8.61857807 5.54635925 6.43801643 6.66293804 12.16234013],__,-46.66999999999999,351.5001486569599,0.2807418144834484,B739,
20190213,528275677,1185,1550078564.531025,205.8272183383943,8913.66261135731,12.451722383035001,1550078544.643728,330.6015633967341,[110.9469796],[21.0764927 445.35195822 16.64592328 90.58811315 13.02498198],__,-50.12999999999997,330.6015633967341,0.23828883376615717,B739,
20190213,528275677,1189,1550078554.4683516,206.49114102990396,8968.96349575349,30.22607278829569,1550078552.3777246,305.471929047861,[70.27825847],[21.11523404 444.23208059 4.98547047 42.35745775 7.3255899],__,-50.139999999999986,305.471929047861,0.19347569870637837,B739,
20190213,528275677,1190,1550078550.0105352,207.4784713264871,8959.7789400337,36.086643469230026,1550078553.7622168,285.75615711005713,[54.38367184],[21.45307821 445.36892931 4.8318657 39.5147667 7.7957751],__,-50.139999999999986,285.75615711005713,0.19143331873387945,B739,
20190214,528338424,1155,1550104479.1322248,216.06648,8523.197869262594,48.34045527492687,1550104493.658166,300.844,[35.38824317793531],[22.36067977 447.2135955 67.08203932 178.8854382 111.80339887],00,-50.75999999999999,300.844,Forward Model,B739,
20190214,528338424,1156,1550104483.494027,215.18472903583634,8536.394819035093,36.221986630382055,1550104485.8970213,304.6069165811014,[89.48658833],[20.83767365 441.85881784 4.07696284 38.04917988 6.22542285],__,-50.76999999999998,304.6069165811014,0.288438742854028,B739,
20190214,528384304,1070,1550130369.21571,215.62305301675525,9758.563371062613,52.000400311070905,1550130319.9111743,365.5354805260152,[82.52565343 109.63595964 159.70401976 218.15257117],[26.72694311 562.23800441 26.45362561 182.21419695 15.80138255 19.80242188 27.57906637 37.18675107],00,-50.119999999999976,365.5354805260152,0.3502973202380966,B739,
20190214,528384304,1075,1550130349.276226,220.37557260707743,9702.50351731777,96.85155773175435,1550130344.7334123,327.08598710189136,[56.43884645 72.19993096 34.0012637],[25.42146038 527.77770064 8.28001402 53.71199724 8.92762272 11.04892959 5.26095534],__,-50.139999999999986,327.08598710189136,0.25660533687986065,B739,
20190214,528384304,1245,1550129717.3419433,218.8164313732543,9490.695565999275,114.30530711065781,1550129729.7041094,299.96104064911214,[72.67266972 83.09225032 101.572815 106.23315265 116.81591291 140.43252624],[28.9354057 623.79950361 4.35417933 52.02074303 7.24701031 8.16796858 10.3518276 10.66291838 12.80630235 14.10658374],__,-51.389999999999986,299.96104064911214,0.27890431077335737,B739,
20190214,528384304,1247,1550129711.9183512,214.8633528315371,8791.758537772736,95.57618235758277,1550129704.1718843,355.02272628469984,[145.0431444 199.61880905],[22.67052836 485.83451588 8.5508686 69.44716319 8.4853769 13.2863154],__,-53.059999999999974,355.02272628469984,0.3454432305123307,B739,
20190214,528384304,1248,1550129708.2341928,213.6110563531567,8875.469267854642,107.06204249468925,1550129712.1023633,388.82598761584194,[132.5020919 174.79358632],[22.6398575 484.51479008 3.97912209 51.88097427 8.20225403 11.08780508],00,-53.059999999999974,388.82598761584194,1.8161741986226456,B739,
20190215,528545489,1121,1550197956.6303124,243.65762279538876,9028.323559596938,81.27486923828995,1550197935.2394173,320.3829203723673,[44.51083237 64.76017081 80.92431282 64.53219724],[26.73384916 559.67405259 2.81302578 44.81626891 6.15405348 8.26792505 10.65682158 8.30410824],__,-58.76999999999998,320.3829203723673,0.2782081215109264,B739,
20190215,528545489,1126,1550197938.6069014,246.566215350687,8791.243607779432,68.01670919786861,1550197903.610139,383.5550195314524,[109.91417121 116.94503188 94.01241768],[24.14029308 516.04073591 1.77834851 40.74190833 8.67189757 8.88708333 7.68458882],00,-58.75999999999999,383.5550195314524,48.17449367868272,B739,
20190215,528545489,1133,1550197912.9059846,244.3948269230002,8848.772974288937,83.6675727574295,1550197893.728793,390.6065714205244,[62.76085452 104.92706574],[22.19667352 476.68472727 2.34925976 35.33973887 4.81527227 6.56371546],__,-58.75999999999999,390.6065714205244,22.860591797819524,B739,
20190215,528545489,1199,1550197688.9072065,243.60507582197224,8480.670743874054,84.99105474231304,1550197669.993628,316.4042097004213,[81.35521458 221.55578703],[22.81593328 481.97351164 5.1921602 42.46479481 6.30387374 10.03019927],__,-55.92999999999998,316.4042097004213,0.2874880296092685,B739,
20190215,528545489,1200,1550197685.6960132,241.1502759938836,8428.2228725243,101.49081756735477,1550197683.1628695,396.4138952641509,[93.65921133 135.16434187],[21.5948793 471.18873134 1.92969765 37.13431323 5.96145064 8.09399232],__,-55.92999999999998,396.4138952641509,38.98037129399928,B739,
20190215,528545489,1201,1550197682.1518075,242.5225507510271,8431.036216808076,88.59908615368508,1550197666.6754487,325.88372378923845,[209.13746767 153.74925436 177.45447874 102.56678856],[26.26105736 556.63976385 6.22963169 56.47913796 13.80379877 11.02438758 12.84355503 6.99501306],00,-55.93999999999997,325.88372378923845,0.2741970516734674,B739,
20190215,528545489,1204,1550197672.4111884,244.61053395404332,8467.310357733848,82.41912204124644,1550197650.8427303,301.05062518375115,[226.40341816 163.5682738 78.56715747 223.97438477 249.25831143],[27.1095977 584.53521745 6.91350467 52.76377263 14.29186382 13.11483773 7.83841457 14.69428946 13.88612607],__,-55.94999999999999,301.05062518375115,0.3966939829504344,B739,
20190217,529041533,1117,1550439685.386808,185.122256805294,8212.614621283312,103.72753858223155,1550439684.773161,288.85988600485075,[68.28908474 108.91871932],[23.36956277 488.50157093 6.84278455 53.37057183 9.66951578 14.51849013],__,-53.29999999999998,288.85988600485075,0.22250619179908918,B739,
20190217,529041533,1121,1550439664.0728643,186.5815493518121,8277.807081298963,106.91030823688803,1550439666.767959,295.4956036882345,[67.207165 104.27627178],[23.31627899 488.32470718 5.83903621 54.07386545 9.23805737 14.23956729],__,-53.329999999999984,295.4956036882345,0.20133472602914035,B739,
20190218,529085701,1157,1550464032.172339,234.94753758322477,6689.460157870813,103.41394431169145,1550464028.9715064,315.57705012089235,[41.8173816 195.42804295],[22.89092432 477.93398355 3.24531712 39.12120105 4.73868506 9.96075078],__,-44.70999999999998,315.57705012089235,0.3287202992191371,B739,
20190218,529094053,1094,1550468920.3319492,214.11726176063664,10014.64200963769,107.83377238683833,1550468927.6310863,294.25418713175793,[59.46235972 136.87055425],[23.47742888 488.15286857 4.61868207 43.61261641 6.89900801 15.24161579],__,-51.48999999999998,294.25418713175793,0.3397294475594361,B739,
20190218,529094053,1095,1550468915.2594728,214.45109699818923,9993.013021673156,97.35155229489193,1550468912.0369084,276.40588909807406,[68.59959948],[21.75146334 446.69556813 10.15514591 42.46982752 10.46412513],__,-51.48999999999998,276.40588909807406,0.19006190838807593,B739,
20190218,529094053,1098,1550468901.7112613,214.20852502304672,10023.665723097516,102.66405670212686,1550468903.7995906,292.22433606252474,[66.69717521 87.15632043],[23.45151007 488.00601069 5.77263078 42.62830187 7.3343988 9.55733858],__,-51.49999999999997,292.22433606252474,0.23885364969959583,B739,
20190218,529094053,1104,1550468875.6208699,214.73660762021163,10172.22736344531,102.28763764091045,1550468877.6523576,287.93942791526575,[64.10431344 99.01307392 155.99879691],[25.17279764 526.54014635 4.89878639 45.33555237 7.93682889 12.31536787 16.53367057],__,-51.46999999999997,287.93942791526575,0.25870055516453777,B739,
20190218,529094053,1106,1550468866.5971327,213.89832750186636,10238.299162975494,99.70538193937423,1550468866.1822531,296.86231338029677,[73.04151103],[21.41209937 445.63666266 5.2219439 39.76677885 8.80844679],__,-51.47999999999999,296.86231338029677,0.17419290241335905,B739,
20190218,529094053,1223,1550468420.1838455,211.950928,8578.760503510028,99.3080033848491,1550468416.0141113,299.752,[63.91087918464314 129.0395246088229],[24.49489743 489.89794856 73.48469228 195.95917942 122.47448714 122.47448714],00,-52.579999999999984,299.752,Forward Model,B739,
20190218,529219110,1120,1550524931.1418397,214.41169979943103,10171.396517600888,101.57506611600452,1550524931.859367,304.60281098736596,[75.07834529 217.53103068 140.11202638 149.59150847 166.33617687 186.44391079],[28.22925904 622.78987605 5.37275793 52.42222566 6.53103155 16.15914199 11.28046678 11.07384138 14.01116534 14.45831376],__,-49.99999999999997,304.60281098736596,0.24135470052613892,B739,
20190218,529219110,1128,1550524897.8810604,212.8447633058952,10152.749069192489,99.1474216335602,1550524896.1618073,293.85110552038554,[73.63958399],[21.53519246 446.09796626 5.37116247 40.46826508 9.28217493],__,-50.059999999999974,293.85110552038554,0.13583413090644955,B739,
20190225,530446687,1122,1551115125.851503,215.0152068618008,10144.666587599915,95.45108572754899,1551115121.126893,286.27568399626665,[75.33580872],[21.61931517 446.31395819 7.55580987 40.71367323 9.49928111],__,-63.26999999999998,286.27568399626665,0.17722232028400714,B739,
20190225,530446687,1123,1551115121.5056863,215.57844723889139,10220.887335914898,95.21288683548923,1551115116.6820698,288.98349841451164,[76.08160323 114.41041539],[23.07793463 486.65761583 5.79128278 42.18722481 6.76324424 9.51918399],__,-63.26999999999998,288.98349841451164,0.2076950821239603,B739,
20190228,530894868,1160,1551314252.3734052,184.14714880558816,2724.2541206072224,103.0085965760253,1551314241.1312542,337.3400868376615,[59.73842801],[21.10855646 429.7033344 2.79011129 59.01242639 7.81651438],__,-7.849999999999966,337.3400868376615,0.06431359731931262,B739,
20190304,531695133,1150,1551714404.618281,188.3961470563601,7407.038794740202,105.47300636201417,1551714404.9806995,311.3180245812092,[68.38205118 212.78636702],[22.22504451 481.51815865 5.04511915 49.21048065 5.81335673 11.0946764],__,-43.609999999999985,311.3180245812092,0.23812100117033771,B739,
20190305,531817181,1119,1551770526.9599974,232.53415247910988,10189.985865994477,102.4956239701267,1551770529.1203163,313.72572283173446,[69.28515748],[21.1059942 443.72542436 3.10404506 35.8583331 6.81747791],__,-64.60999999999999,313.72572283173446,0.17683847722056753,B739,
20190305,531817181,1124,1551770507.889029,232.55812815918765,10040.792987696952,100.48035025167529,1551770507.7934256,309.6117072180951,[70.87978243],[21.09327539 443.4932836 3.41380348 35.00910676 6.27439603],__,-64.60999999999999,309.6117072180951,0.16555102919574313,B739,
20190307,532148675,1159,1551918761.1461904,212.00391302287542,6883.497370553245,106.24020459152916,1551918760.5122204,319.02200050163214,[49.68702422],[21.5313855 445.6693714 5.32334418 49.43731238 9.40042582],__,-40.76999999999998,319.02200050163214,0.15735050682908605,B739,
20190307,532193985,1130,1551944367.7148924,230.88282598781942,8200.433632419988,104.87552548695844,1551944368.7275915,310.47842207921656,[72.0372658],[21.28655645 443.17815624 2.50786872 37.09660789 7.89443548],__,-47.839999999999975,310.47842207921656,0.17219705657452633,B739,
20190307,532193985,1195,1551944135.8179433,227.70042450740564,8320.410732714223,104.17867432396736,1551944136.1184342,315.6962795540478,[72.15532573 217.30925228],[21.8987641 477.01789636 3.28197754 37.44138005 6.7278971 9.74440229],__,-48.339999999999975,315.6962795540478,0.1672535605395649,B739,
20190309,532576769,1121,1552116606.5031133,191.5987369398154,7223.218372435065,106.17976499169107,1552116606.912903,298.0633625496155,[70.4790288],[21.10641397 443.65958198 5.28917297 45.8523853 7.27905088],__,-45.849999999999966,298.0633625496155,0.18177932133886376,B739,
20190310,532710347,1108,1552184854.0323083,200.26288099879585,9759.273665484725,108.33456223861566,1552184860.7288275,287.84061855015534,[58.29414658],[21.36427837 445.58015598 6.0177692 40.81151322 6.83951525],__,-61.51999999999998,287.84061855015534,0.1586097453066701,B739,
20190311,532975070,1107,1552321116.504641,204.24804288872298,9683.650706590432,99.17886777439021,1552321114.4789734,295.9947509363906,[72.55564422 105.97094137 155.49567359 214.99546157],[25.77075416 559.23501008 7.22768769 53.71333978 5.85677595 8.22755818 11.82996793 13.90565874],__,-56.20999999999998,295.9947509363906,0.25439490508069573,B739,
20190312,533226230,1156,1552433340.79164,212.4016402500358,7244.476667595241,112.4653723651374,1552433346.9239085,302.5922790537975,[43.45285486],[21.63607498 445.74195122 7.34672249 46.02987396 6.31877901],__,-55.12999999999997,302.5922790537975,0.20132394997384098,B739,
20190313,533326405,1119,1552486418.107416,215.08662474598458,10539.206172944603,89.0917311724285,1552486407.623256,283.68859494318804,[78.78104745 64.00425105 105.14743457],[25.41522361 527.54686736 8.02674119 47.46524859 8.63275188 7.4363104 12.02474092],00,-58.859999999999985,283.68859494318804,0.24222731684300283,B739,
20190313,533326405,1125,1552486393.1091373,216.4517309410576,10389.835563025681,99.91269638649935,1552486393.2447782,281.8646228159968,[61.80459689 85.09510992 153.77806921],[24.83494398 525.22880908 4.99946326 42.13708611 6.30758023 8.80547153 13.3728848],__,-58.90999999999997,281.8646228159968,0.28280874159448927,B739,
20190313,533326405,1131,1552486369.106325,218.86887776214562,10664.66676982826,103.06333362954423,1552486372.9336495,291.5718451523988,[62.09500911],[21.704957 446.59242965 6.77814831 39.03722707 8.60021555],__,-58.14999999999998,291.5718451523988,0.14448731598746842,B739,
20190313,533347658,1110,1552493977.699669,205.3702322665322,9509.024650213234,106.22556327624564,1552493982.3254335,304.99590907047923,[57.92121863],[21.45908064 446.15586998 11.18188166 49.58085395 7.49680561],__,-62.77999999999997,304.99590907047923,0.15522232487561421,B739,
20190314,533454182,1145,1552544872.3650076,208.07597761219677,8217.099564446013,95.40970110110179,1552544863.9266002,259.95891601212475,[57.6325119],[21.63078976 445.42101255 2.35248434 34.45184622 10.27894776],__,-56.74999999999997,259.95891601212475,2.4607767492976875,B739,
20190314,533440708,1197,1552535815.4605765,204.2793652421805,8550.146922258235,87.3412570578036,1552535798.9942489,333.11714831165875,[113.3976474 182.97733159 219.2130122 249.52273959 277.30890906],[27.04309596 592.77853127 17.81774254 122.38240242 13.10858169 21.62023898 26.53460127 28.85569808 31.32324085],__,-58.289999999999964,333.11714831165875,0.3864551949546225,B739,
20190315,533701703,1135,1552660098.6976173,194.49326077478042,9532.083280448862,103.08574536781761,1552660100.4919913,302.58393487709566,[67.96280714],[21.35114755 445.95827868 7.11435922 46.53307957 6.84097062],__,-59.059999999999974,302.58393487709566,0.1588444777872879,B739,
20190317,534059266,1119,1552832280.8212323,183.3892148491057,9459.874129714222,103.69683780390326,1552832282.9335313,329.56118516172296,[71.94017274 138.13279045 211.33268378],[24.16905583 525.48501092 9.11752215 67.68851631 6.19771276 8.52342242 11.81821712],__,-60.639999999999986,329.56118516172296,0.2202399762344483,B739,
20190317,534059266,1120,1552832275.4322376,183.57480182635655,9490.08601611719,99.36760331230522,1552832273.268668,307.33738184832106,[216.02949834],[21.16288868 444.96857931 28.05044808 143.22824426 34.76698523],__,-60.64999999999998,307.33738184832106,0.2299056793521969,B739,
20190318,534256491,1186,1552921054.743011,217.37963779705146,6377.202139422498,114.24494647251595,1552921061.6019669,389.3646995640815,[57.75741443 87.88311673 96.37263768],[24.65454633 520.68228781 3.97972515 60.28156076 5.56044556 7.79977977 7.98902788],__,-42.42999999999998,389.3646995640815,0.310060653427429,B739,
20190318,534163902,1120,1552872942.505519,193.31494105630625,10079.256754996983,98.7047523330283,1552872940.072957,290.7892657569421,[77.45034837],[21.36342124 446.15090332 8.7130861 47.18389103 8.30611091],__,-59.22999999999999,290.7892657569421,0.17180257051846337,B739,
20190318,534163902,1121,1552872937.8979497,192.91012460500923,10137.566965355249,101.4349529603843,1552872938.2877765,302.5010881146631,[77.8925584],[21.38045854 446.4307121 8.22668331 49.19499283 10.12563372],__,-59.25999999999999,302.5010881146631,0.21347750027351386,B739,
20190320,534555830,1121,1553045118.7415075,208.53220840028214,8928.620604572898,102.52500086326636,1553045118.0574062,306.3856664821953,[71.34400929 119.26302795],[23.08167821 486.44252792 5.51245025 47.24502007 6.12048135 10.35070266],__,-58.139999999999986,306.3856664821953,0.21683642668706296,B739,
20190302,531295348,1025,1551496266.029263,66.58611419426154,1850.4865095594985,114.64655584075985,1551496264.201031,320.0519948033536,[40.97461827 61.81231841 82.30134372 103.17611474 123.49874555 144.37389634 164.43030845 185.53075652 205.28988579 225.50791404 246.62694311],[27.35027473 706.88094166 9.55377217 170.3172488 12.08114003 7.53451076 11.06830614 12.99762472 7.64730227 10.99409334 12.03551084 9.69906102 15.65272545 19.00153167 16.05957255],__,-2.2899999999999636,320.0519948033536,0.08839068660339788,PA46,
20190302,531295348,1026,1551496278.4389184,65.23528969115391,1462.8540415092343,115.37037932817334,1551496276.6335707,315.636054353334,[40.71245069 61.74228788 82.31597195 102.95353335 123.4569215 144.44529654 165.17701984 185.68334604 205.83264351 226.96482231 247.15688208 268.5791549],[28.71119024 686.61657242 7.59018595 166.11949442 10.29882353 7.57712077 11.74470267 12.53765057 7.37355256 10.7223864 11.65865449 9.89335312 15.93540292 18.69497426 14.27312472 26.24250759],__,-2.2899999999999636,315.636054353334,0.0812861022334492,PA46,
20190302,531295348,1027,1551496291.6274226,63.58060398317438,1306.828866939662,116.44761012020811,1551496290.5554783,303.54627776567526,[40.92595806 61.80837026 82.27529515 102.57574372 123.21758133 144.24089694 164.32578848 184.57564797 205.21635757 226.79464658 247.86341701 267.66296921],[28.94029183 667.43549101 7.3848063 166.02114937 9.66650692 7.81191758 12.29200316 13.57625474 7.62609579 11.89877196 12.04761908 9.11961719 16.22931256 19.19667215 15.10603154 29.30831739],__,-2.2999999999999545,303.54627776567526,0.11075164717887911,PA46,
20190302,531295348,1028,1551496304.7401104,66.4036724054177,1400.2121950158757,117.38783238214958,1551496304.8957949,307.8324506753557,[41.39548367 61.72251513 82.5494286 101.63965293 19.75080441 122.88726664 143.11228733 163.75081314 183.96322703 204.49517733 225.80169073 245.9124488 267.8100497],[30.0205634 695.31038328 7.4340364 167.34253607 10.48121473 7.84761979 10.94392786 12.54766866 17.93942692 7.81917549 11.8566727 11.8724827 10.35028515 15.82051484 19.1101712 17.75251359 26.89159709],__,-2.5499999999999545,307.8324506753557,0.11827066652871042,PA46,
20190302,531295348,1029,1551496318.8844244,69.03791474099722,1377.4743859306905,117.21599274103464,1551496318.904022,329.4072252114047,[41.1770018 61.6098577 82.33953485 102.50715232 123.59067029 143.02493369 164.2887164 184.81291825 205.45887536 226.55072587 247.62283011 259.80896533],[29.10563947 661.80751482 7.10671376 166.53009634 9.96586293 7.76518229 9.44474271 12.55012512 7.73423341 12.37363504 11.82760695 10.38469779 17.04208986 18.05272196 15.33613673 18.48160668],__,-2.5499999999999545,329.4072252114047,0.17959912124786734,PA46,
20190302,531295348,1030,1551496327.5486658,72.95255664981742,1295.053294197916,117.61031553503693,1551496327.7752764,338.85066034139646,[40.9158594 60.91464926 81.05674029 100.94828882 121.76734562 141.73003812 162.17613137 182.16158681 202.04500114 224.77162692 243.33625588 260.65214259],[30.01686588 659.25534315 6.52255225 173.18284166 10.47389021 7.55956511 13.76939786 10.4410963 7.36668792 12.2821632 14.56369628 10.28654305 16.36152072 22.35240638 16.05930937 20.9575358],__,-2.5499999999999545,338.85066034139646,0.13455056353692177,PA46,
20190302,531295348,1031,1551496341.130276,78.8954114454068,1168.598137057793,118.96522094826962,1551496342.7303138,364.08165017745984,[40.376982 60.87417114 81.33991287 101.08340621 121.82709652 142.41562404 162.67234587 182.41187524 202.75718757 222.54089824 242.75839577 259.72226057],[30.93995717 613.04929138 4.87754347 163.49517295 11.3257123 7.18113234 12.27031916 10.90111385 6.84638061 13.34938488 10.65605919 9.58123277 14.49963478 19.93959724 15.39376695 25.36704482],__,-2.5600000000000023,364.08165017745984,0.10943581852519856,PA46,
20190309,532487147,1001,1552093023.4283543,245.60252417618344,10275.842733105586,156.113847182947,1552093077.6541193,376.73877221299097,[62.51290973],[21.34564029 445.32597743 4.23037861 47.50433656 8.16191198],00,-59.569999999999965,376.73877221299097,0.6462261710904619,B744,
20190309,532487147,1002,1552093025.2477682,247.2136391003513,10299.805390806807,81.17843727693973,1552093004.604931,350.93555363329494,[89.24873994 232.91802992],[23.24717339 487.65613392 15.46468262 103.43549294 9.81023436 26.12957069],__,-59.559999999999974,350.93555363329494,0.44796794306515125,B744,
20190309,532487147,1003,1552093026.5927148,247.31451005428715,10404.946442801582,107.15379670787199,1552093032.1082048,335.98283234342875,[43.76913275 108.48590475],[23.20050917 486.26236986 5.27463196 42.56105793 4.51074802 10.53829482],__,-59.559999999999974,335.98283234342875,0.26407639657298526,B744,
20190320,534685121,1146,1553104429.6026008,267.51088,11237.958694695013,141.31181573579786,1553104472.518795,294.72400000000005,[114.31247569125748],[22.36067977 447.2135955 67.08203932 178.8854382 111.80339887],00,-60.95999999999998,294.72400000000005,Forward Model,B744,
20190212,528149263,1194,1550015146.1798296,106.28685131347054,7177.087359005285,95.13930320061455,1550015134.9180129,286.0580248822149,[116.28502344 233.81751016],[21.09577121 487.57155471 13.76203567 87.93484879 8.40912724 15.25445231],__,-45.48999999999998,286.0580248822149,0.09151590289352181,PC12,
20190212,528149263,1197,1550015123.0176537,107.60231316529901,7137.909878344565,95.58908706150827,1550015112.035861,288.0420531145127,[117.41167949 234.86078591],[21.29694065 488.06071932 14.85979348 91.22110592 9.48157596 16.96469323],__,-45.51999999999998,288.0420531145127,0.06339807943584659,PC12,
20190215,528525050,1113,1550189300.6606317,159.34621996690024,7249.494044221663,105.48063275966254,1550189299.8664157,317.41016262773246,[110.52681165 220.3683247],[21.9203353 484.06342881 6.07884001 61.92364512 7.04367817 14.88643124],__,-45.309999999999974,317.41016262773246,0.021184661055524225,PC12,
20190215,528525050,1116,1550189284.3239753,161.19755916903804,7064.741627763643,106.84955619409538,1550189284.6771517,323.0002303634104,[82.51313986 110.20904834 129.66672786 136.72837946 220.30124327],[24.98992449 584.03994369 4.8619596 67.73542706 10.10493197 7.12979579 10.96701629 12.10286206 12.58083495],__,-45.329999999999984,323.0002303634104,0.07735952763824896,PC12,
20190219,529424542,1114,1550619675.8679338,133.0042462786733,6513.506824999285,102.91735381399617,1550619671.1607316,315.4681204508284,[28.12775611 58.94065088 111.46004349 138.9782533 167.23702894 183.83608486],[27.22477941 624.48669072 8.15961457 95.73602019 7.61214965 6.98641919 10.29633066 10.2686133 16.47048132 18.96932527],__,-46.50999999999999,315.4681204508284,0.14068399360429004,PC12,
20190220,529553357,1130,1550704466.507085,102.36348100665295,7001.129184161801,106.66541793905193,1550704466.6500943,299.6257065985683,[28.59076748 60.54813917 61.14249954 85.62071075 114.24122358 142.97012176 171.10564732 200.39626968],[29.10459944 689.30247655 19.90744624 133.25320482 6.47178777 10.13032376 8.1345439 11.86898828 14.1912675 12.60399744 19.57457182 26.8453472],__,-46.589999999999975,299.6257065985683,0.04081185692790891,PC12,
20190220,529553357,1131,1550704457.5506186,103.5654281640634,7040.076969670219,105.38815336566897,1550704456.493193,305.9425526156328,[28.66530571 60.41437615 61.3179123 86.00430415 114.75476609 143.40190356 171.81173688 200.4849816],[28.82590867 688.31461693 17.9363624 127.0284625 5.78274445 9.20599109 7.33779507 13.08518201 13.48632801 11.19181409 19.04601164 24.76846467],__,-46.599999999999966,305.9425526156328,0.04745939175386941,PC12,
20190226,530691012,1122,1551223966.129258,115.07727549143328,7052.642229911687,109.33455585235104,1551223968.9030292,315.93269980106265,[28.0856898 60.06747696 113.42695949 142.03133088 168.99530427 199.13686515],[26.63683009 627.59201853 12.44684459 111.28599381 6.30836853 7.96955198 11.48749248 10.2286075 15.53695248 21.19906211],__,-37.44999999999999,315.93269980106265,0.08383353297965022,PC12,
20190228,531051334,1110,1551397440.2351186,126.72007912120402,7178.143372943274,107.4928343498073,1551397441.2034101,318.9820859982294,[27.26070176 58.37614525 112.43774961 140.63856104 167.81073808 195.87782026],[26.95370398 626.43993301 10.7805715 101.38990754 7.31258515 8.79576732 10.92500204 9.02531945 15.88659062 18.63726827],__,-41.04999999999998,318.9820859982294,0.09237732037146823,PC12,
20190303,531456648,1238,1551586695.2805278,145.28494086314225,4037.3899492060773,112.14942872660436,1551586695.3715503,323.10597804753854,[112.71419638 225.28520949],[20.88922049 462.27793422 3.53513249 58.76503524 5.44011697 9.93769263],__,-21.75999999999999,323.10597804753854,0.028437045252439213,PC12,
20190303,531437440,1241,1551572449.6300907,119.56866042955843,7062.556327951403,119.62719757909873,1551572462.2128668,346.43717920724976,[53.91713244 107.64509105 212.03417146],[22.82232977 525.90047003 12.18795875 95.39949647 6.55938131 6.22031394 16.17341718],__,-41.099999999999966,346.43717920724976,0.16684893135834225,PC12,
20190308,532310999,1014,1552016252.4839506,125.62245615332307,7391.296569871175,112.07352474254687,1552016258.2385252,325.1991331519051,[27.95541175 55.79537952 64.21691564 82.430702 111.98417578 140.38623328 167.38139474 195.29530537],[29.65060562 687.17694511 12.33277875 113.13569103 8.83986394 8.6659238 6.70062487 10.97132619 12.05050982 10.04041507 16.02237297 21.6067555],__,-35.619999999999976,325.1991331519051,0.15763359331985155,PC12,
20190308,532310999,1017,1552016229.136804,124.7050897605601,7375.290572871706,112.7937469291579,1552016235.5855775,330.64179208381836,[27.92305293 56.06965929 64.57564284 84.41698583 112.73984483 141.08217655 169.37502311 195.43948297 283.1479355],[30.59752344 714.99050107 15.04584366 121.77975305 6.27319035 7.58097408 8.09620599 11.72757502 12.86047514 10.86120536 18.57571794 25.12149298 28.67301527],__,-35.639999999999986,330.64179208381836,0.08412143173630976,PC12,
20190312,533006429,1086,1552363423.3838625,138.1328271242925,7409.557631127594,103.93393753840758,1552363421.5717595,310.982447675246,[28.19488493 84.7413422 113.39804234 140.9258867 167.80994337 196.09421597 226.60642411],[27.75284131 652.92800454 8.57073473 86.91908289 7.22572564 10.11983727 7.00369974 11.22179377 18.24081113 19.81741507 13.1807621],__,-54.039999999999964,310.982447675246,0.09682479526784776,PC12,
20190312,533006429,1087,1552363416.2156537,137.59407336830355,7347.744901026796,102.6758979555327,1552363413.0773797,310.49370954179244,[28.543725 85.26681234 114.17188344 142.90774976 227.4300246],[25.64491089 592.1984232 9.25666869 82.0445153 7.08336873 11.73071495 6.85588733 11.28032128 12.38787382],__,-54.039999999999964,310.49370954179244,0.06924253094166138,PC12,
20190319,534507164,1034,1553032360.0491936,123.1874459370149,6735.206061131988,108.04062835264925,1553032360.1184883,319.5461238076975,[55.99232524 84.345021 140.83564313],[22.78443865 524.70216761 10.0245867 89.02446438 7.07650255 9.3731872 9.80881107],__,-41.14999999999998,319.5461238076975,0.07410397609536706,PC12,
20190320,534482097,1130,1553040570.406846,118.52498086746994,6950.011175513179,107.43110251857453,1553040571.131508,307.8818663693895,[85.64213514 114.04590313 227.69035818],[22.81119476 525.45476434 12.85931136 91.89779112 10.27871164 6.8300281 14.64072209],__,-47.079999999999984,307.8818663693895,0.05004831885259537,PC12,
20190214,528407493,1281,1550165562.484344,138.56029429615768,3283.006005855786,111.10945514256302,1550165559.9179673,307.12029076603113,[34.62026278 71.64262663 121.43315136 142.87220758 139.52761771],[26.79176799 577.79455207 4.80911606 87.50768091 6.37318349 7.3403862 9.87048454 11.31799818 11.1561082],__,-22.019999999999982,307.12029076603113,0.19908229382909598,B763,
20190214,528407493,1282,1550165569.9014955,137.3995007074798,3135.165548893152,113.9026616771664,1550165569.8535924,327.344882559179,[35.61007488 70.04825525 117.35931116 141.09594163 135.75559988],[26.98633113 589.76808271 8.93170903 116.71744972 7.21088903 9.86835746 15.1123744 19.23416439 17.56587979],__,-22.019999999999982,327.344882559179,0.1487849705386584,B763,
20190214,528407493,1283,1550165574.99021,137.44874544715532,2946.059912366229,113.4056969641873,1550165574.0867896,314.53763477911554,[35.53557889 70.23267848 105.27445515 118.97832713 134.11180049 139.95856642],[28.07175984 602.14848605 4.1720506 95.30606623 5.61240138 8.92722437 12.07173899 11.76501383 12.6741159 13.88105542],__,-22.019999999999982,314.53763477911554,0.16173791020753908,B763,
20190214,528407493,1284,1550165581.4383187,137.50635675499734,2836.4353918939732,113.893906162364,1550165580.803321,308.637810902294,[35.22212532 60.78077515 70.0090862 117.79521971 132.80545931 139.83007334],[27.76869334 590.69732869 3.36146809 91.7700166 5.55303741 8.70530452 9.28086727 12.62567794 13.93464185 14.83471489],__,-22.00999999999999,308.637810902294,0.18084918402578298,B763,
20190218,529220232,1304,1550526823.8931386,186.68168205658446,6853.9381087089805,110.2182879489426,1550526826.4057004,294.8648204359481,[47.22734009 142.47287206],[22.55108822 482.49770101 5.79574059 52.4739604 4.34346379 10.41812258],__,-48.01999999999998,294.8648204359481,0.3129161523519465,B763,
20190218,529220232,1305,1550526825.8810856,188.8943147122066,6751.272553839651,100.63435446211099,1550526818.6723006,294.31456346008383,[179.71638219 205.38563609],[22.88506841 486.00258059 15.93154622 107.04285356 23.12841587 28.50978574],00,-48.01999999999998,294.31456346008383,0.2374700166510322,B763,
20190218,529220232,1306,1550526825.1443758,191.23223113568272,6764.728798913992,113.53742665760986,1550526830.8944595,270.56793759901575,[36.28861253 110.05089449],[22.75011803 481.96097779 4.72146156 42.71749596 4.15372013 10.30635602],__,-48.01999999999998,270.56793759901575,0.2723336054783806,B763,
20190222,529864457,1281,1550857379.376092,173.5631726850317,3738.562094864893,111.70615312697785,1550857378.273134,281.7678455142858,[58.23418414 108.56251979],[22.85417977 473.89579957 3.02249328 51.3096453 5.66283407 9.95077042],__,-25.339999999999975,281.7678455142858,0.24758240102911178,B763,
20190222,529864457,1283,1550857390.0685062,170.91687248362723,3598.416925213815,113.92037297707154,1550857390.8586006,310.2870340902677,[109.80540993 122.0586467 146.95892409],[23.72680595 495.71715424 2.10205367 59.63997208 8.52355053 9.31437163 11.94926346],__,-25.349999999999966,310.2870340902677,0.24865167979517858,B763,
20190226,530580050,1303,1551201672.7529557,139.34781138770646,3322.969245824666,112.76557917329752,1551201671.7321649,322.1590675994206,[119.75560965 161.69252114],[21.75419289 471.44233541 3.80822221 73.61688657 6.56508278 9.35125965],__,-4.259999999999991,322.1590675994206,0.2602649917661325,B763,
20190226,530580050,1304,1551201675.669611,139.438915484117,2678.4485731542804,113.33952582986382,1551201674.087912,339.26342977041753,[124.74833695],[19.72203565 418.20324224 2.64815626 70.01558629 7.79377488],__,-3.669999999999959,339.26342977041753,0.21715169400691142,B763,
20190213,528293430,1002,1550089092.8095207,58.6300794509952,1348.9323469782632,115.0489597735648,1550089090.3805616,316.9870625718775,[80.19985009 93.26928727 106.40124772 120.45983259 134.89693296 146.75382384 159.35076402 174.07850986 187.65075415 202.133666],[25.95653565 672.10038481 8.66100886 190.35430019 11.87684767 10.45407341 9.8464963 10.57412128 8.52389841 14.1623484 10.34357253 12.5256436 13.82392567 12.71340414],__,-11.569999999999993,316.9870625718775,0.1404441402859252,R44,
20190213,528293430,1003,1550089080.1084971,58.18106464729641,1000.2218480449991,115.70599767361897,1550089077.7050922,316.2997054989469,[13.49117942 26.72909351 40.24848084 53.64734266 67.27457994 80.42531819 94.09533716 107.65465248 121.21796165 134.89456144 148.03025529 159.97114469 175.65080856 188.82721156 201.91058997 224.93911929 239.54063965 246.54483684 269.68240629],[34.31741465 743.08721573 6.70962679 218.53919794 9.4251367 10.69580952 11.30037249 11.61083222 9.96607361 9.98231285 12.06115047 14.87369023 14.79936874 10.23939864 18.45819389 13.35213885 16.13882572 19.90343379 14.47234457 18.72940125 19.16328767 27.10049111 30.84252749],__,-11.579999999999984,316.2997054989469,0.0694589876946819,R44,
20190213,528293430,1004,1550089066.4314022,59.21146089700515,483.3026296973082,116.70693375628089,1550089064.3147492,325.5823052644824,[13.41461071 26.64820734 40.29515424 42.13277071 53.77079594 57.20180292 67.49561084 68.42067878 80.66527219 94.16072735 100.70137495 107.63956441 109.64432926 121.35219536 128.56182485 135.17789397 148.04436511 160.74414935 175.57773317 188.46972721 203.20367815 225.82322641 240.51054162 245.87949653 271.00038235],[42.29323539 495.62698408 3.76078163 241.45155588 14.19772612 13.36755998 13.06865546 23.23197833 14.64571186 27.54047005 11.89869949 19.23799257 11.68690961 13.89213696 22.13170305 13.24781456 17.78191973 12.95615161 30.07857174 10.23607602 14.94224899 12.21077811 14.20742188 16.07751513 13.33465844 16.36859277 18.77528613 21.35698401 18.5429071],__,-11.589999999999975,325.5823052644824,0.096902588642966,R44,
20190213,528293430,1007,1550089022.9259548,60.803433576756234,1342.9629079268077,115.20184312007495,1550089020.6744838,328.62028459930156,[13.37955789 26.76347402 40.42996602 53.88049337 67.49280915 80.78759443 94.46810049 107.87182667 121.3638553 135.47828123 148.33813789 160.80203656 175.67505767 189.22537075 202.93689093 225.45826981 240.4013242 248.05772448 270.8562253],[33.39229122 821.74402589 9.23305057 223.25916987 11.37577455 10.78281123 10.70784694 10.02563625 9.91389867 10.05548084 11.80595812 11.82875034 12.25868495 11.90880574 14.02956626 13.36954758 15.45986399 19.38295545 17.10540136 28.64501965 29.65863826 38.92639183 43.92822357],__,-11.620000000000005,328.62028459930156,0.04503646553481705,R44,
20190310,532812123,1019,1552245234.3700957,46.21064563447831,2007.3575727603336,119.57763842340283,1552245237.6564765,325.8284200067019,[13.35947511 26.80821403 40.14580473 53.14248136 66.87103611 80.11406817 93.76363054 107.33648239 120.23832568 134.581386 145.21940417 159.16985398 201.35548038 223.55758832 238.78725821],[26.25143243 855.28130692 31.1081582 280.97190657 10.89002096 10.02433873 11.11306024 11.4888012 11.30652966 10.4584534 12.78220858 14.89321233 16.56657596 13.34197901 17.75002738 16.55981365 18.80473352 26.08480937 27.64185973],__,-3.769999999999982,325.8284200067019,0.07600151215530523,R44,
20190310,532812123,1020,1552245254.5319285,47.11514095399399,1531.0850750498676,116.41571760745823,1552245253.8608906,326.55186358680726,[13.40262403 26.88751724 40.4298134 53.83929972 67.41674638 80.4247895 94.21098344 107.6544046 121.02229308 135.32052607 148.08029232 160.31339899 174.79797095 188.69592963 203.01102713 225.42488585 240.35461398],[28.29075603 870.82680236 19.16121893 272.13899947 10.42982169 9.97341194 10.31547829 10.97712759 10.96826958 10.98681466 12.18327066 13.38470573 14.43985542 11.80532452 14.65007192 14.22163637 19.70155214 21.70828573 17.27455382 23.94080576 25.74277546],__,-3.769999999999982,326.55186358680726,0.03571847485323627,R44,
20190313,533392212,1016,1552510766.0007217,61.04638954058737,577.0092105554884,117.78394219806528,1552510765.171245,327.611320473036,[13.43739764 26.53952819 39.9009179 53.21500076 66.82883214 79.73418956 93.36755092 111.26037868 134.36480238 158.29128397 202.04460946 267.22997484],[31.33895448 585.20613439 5.1907838 205.51945936 7.95884465 9.74197534 7.7200312 8.15102276 8.71960948 10.63037599 10.99556242 19.18678933 10.51716747 13.04799196 17.0198019 23.84522524],__,-4.659999999999968,327.611320473036,0.09805854684817258,R44,
20190313,533392212,1017,1552510750.469181,60.35516016956736,420.7941601042311,118.3871898308059,1552510750.0758297,339.1592795183354,[13.38039073 26.66916947 40.19315503 53.49350697 67.01832192 80.01778434 93.59018793 107.02392782 120.41928801 134.30160326 147.3308168 159.33933252 174.37462203 187.67232456 200.86885239 223.48642259 238.58855458 242.36577207 269.00344114],[37.95992988 455.63612426 3.65659574 225.47476114 11.44954148 9.8222996 8.75057724 9.40211143 10.37046098 10.34696221 11.67763658 12.78232177 14.0695021 11.17155318 15.44536699 12.04834519 17.15384042 19.40565657 14.46766242 20.84098666 21.54137372 27.1983581 22.86556773],__,-4.659999999999968,339.1592795183354,0.06316110032729849,R44,
20190214,528286790,1305,1550103497.4851034,243.73561606387162,10330.08840366237,112.07058749859162,1550103507.995898,309.09292786037145,[37.44305532 49.82692197 55.78588936 73.93482759 84.25799862 117.11182533 124.3694068 156.85410867 172.00190723 93.66210736],[32.95711041 731.29191884 2.66784127 50.65575577 5.47450015 7.14556853 7.67157121 10.86473193 12.05120384 15.78641399 16.29218454 20.79807783 21.65657675 13.59909056],00,-49.20999999999998,309.09292786037145,0.2832870464959978,B772,
20190214,528286790,1306,1550103497.43476,243.5053256238704,10266.330364098952,99.49074432175976,1550103495.2501771,319.40282121356364,[46.65128673 73.48986747 88.3262564 125.5803008 159.55411633 113.010924 160.43663635],[31.82931233 660.40415251 6.07743442 57.48390763 7.23574911 9.8817212 11.71145 17.16113274 20.29316229 15.39823164 20.15801353],__,-49.20999999999998,319.40282121356364,0.2848185300758132,B772,
20190216,528677905,1225,1550278548.4315393,222.38302916654408,9959.431398889681,101.12450621438347,1550278547.8971982,302.4967781271251,[76.45615526 123.08278389 141.16215822 152.76936192 166.09503869 230.03199367 192.00733477],[30.37510824 654.88671254 4.93806515 54.79118032 7.79615503 12.45483689 14.68433067 15.01667429 17.75517092 19.51917154 18.40095117],__,-58.329999999999984,302.4967781271251,0.2636298462354678,B772,
20190217,528922146,1100,1550402423.7240794,277.9200006170112,11523.177204294963,95.80358737773808,1550402421.4718435,336.7217619518319,[34.48619958],[21.81481982 446.1647815 4.49388541 31.84559878 5.80260865],__,-56.329999999999984,336.7217619518319,0.5614759361520627,B772,
20190217,528922146,1101,1550402426.4581027,277.80781399605553,11490.754650400439,95.46116084055913,1550402423.752334,331.9867107239277,[34.82577167 68.09157678],[23.68015193 487.71837342 4.51108584 34.65040939 4.49575507 8.23861149],__,-56.329999999999984,331.9867107239277,0.3920231289130582,B772,
20190217,528922146,1105,1550402436.6481924,277.41282781765756,11432.722415030834,105.15963001213458,1550402443.727149,360.4613850626655,[39.66271369 60.71931864 90.30028968],[25.43591601 526.38289714 2.76494767 40.50910137 5.70853895 8.12358211 12.8327361],__,-56.349999999999966,360.4613850626655,11.475885682977284,B772,
20190218,529064323,1071,1550491985.9082983,280.3099858678764,11012.235285531338,118.55788004272766,1550492005.27461,346.56509768852465,[48.67971389],[21.49478163 444.39709295 2.0192454 31.87991731 6.99088914],00,-50.79999999999998,346.56509768852465,10.72779141452678,B772,
20190218,529064323,1075,1550491995.005604,280.3724225773961,11032.987671128994,117.47419806855974,1550492013.336915,372.8828051731042,[31.59130985 44.82257242 79.02240281 146.28123359],[26.60022748 558.6699485 2.53011944 40.97055743 4.34031586 5.28327666 9.19270554 15.29587313],__,-50.829999999999984,372.8828051731042,22.334939412584994,B772,
20190224,530269384,1029,1551048598.0100482,224.87928948247605,10804.210830692615,101.20377312220639,1551048598.4650726,308.99736337557863,[42.38986226 83.4824854 126.60422559 147.30825427 172.83025632 215.13553228],[29.00450977 625.60510653 5.63427204 52.62930298 4.99476674 8.88026781 13.50646898 13.48453929 14.18188321 15.33023911],__,-66.01999999999998,308.99736337557863,0.3497128952822423,B772,
20190225,530447143,1036,1551134769.6088426,229.38070593262762,10223.506006379625,102.9528808252139,1551134770.8100784,314.0438637113082,[44.03768573 86.69438288 99.85179269 173.94855871],[26.51950037 560.95452534 6.68209062 49.59457076 4.67309832 9.0452969 10.94201014 14.60306099],__,-60.109999999999985,314.0438637113082,0.1204299764603561,B772,
20190225,530447143,1038,1551134771.7477942,228.87349681267895,10198.725484694476,106.28444670353599,1551134776.2243207,317.23085883625595,[41.76723201 80.88610876 92.674159 103.29372734 122.49509229 142.32645521 165.28138684 208.88315871],[30.73946478 680.0081492 5.08365062 55.67642745 4.87902114 8.75211742 10.51017538 11.42454805 14.04807354 15.19209157 14.64513187 19.63597701],__,-60.109999999999985,317.23085883625595,0.21095747666909276,B772,
20190227,530762107,1054,1551286916.8853014,253.23836806696357,10748.128662156483,99.30992957455008,1551286916.4402652,319.94129878176665,[38.00084674 58.87106714 74.60328261 113.69827871 152.64141021],[27.73844078 592.12102554 4.16990454 43.83510371 4.65199106 6.98728602 8.50049756 11.36683536 12.55677293],__,-64.08999999999997,319.94129878176665,0.21337619472661604,B772,
20190304,531650363,1094,1551717247.733356,248.20289685340532,11390.110957127554,96.95365253492211,1551717246.7139735,312.9552967966102,[33.59603067 67.40142195],[23.63920237 488.20974726 5.49720136 37.74517232 4.84629352 8.25464093],__,-64.44999999999999,312.9552967966102,0.19206853888961756,B772,
20190306,532014828,1279,1551889705.6407077,258.6295962304036,11144.350973817665,100.35708388889769,1551889706.7105072,321.7993569727149,[31.31233674 61.0650028 122.99055765 193.18837506 254.67021285],[28.2584503 594.53684448 3.7383757 43.75193644 4.7470142 8.43572096 15.08759614 19.19192088 22.50714453],__,-64.68999999999997,321.7993569727149,0.22673271096502914,B772,
20190306,532014828,1280,1551889707.5502067,258.65122211861416,11153.238029072396,98.88725167969481,1551889707.1685448,323.6808554323361,[33.09937119 97.10845084 128.15809714],[24.94938144 524.40841006 3.65878738 38.79721784 4.47090358 10.12106195 11.8368273],__,-64.69999999999999,323.6808554323361,0.20527674247913355,B772,
20190315,533556963,1282,1552611410.5125132,235.29779487199397,10235.578825518603,99.2306706776757,1552611407.8708458,297.1396075875495,[38.20309889 77.62087683],[23.82979455 488.97702185 5.65337429 39.21045219 6.32759617 12.87549657],__,-52.059999999999974,297.1396075875495,0.21190707287745122,B772,
20190318,534202964,1100,1552918711.7407713,269.05148673858855,10316.31188657922,102.03742156394428,1552918713.4667752,319.1304915640443,[36.3637168 57.01435725 71.46456458 118.89528832 141.32198261],[26.2853841 582.10276891 2.42031897 35.69252276 4.71935492 6.93450697 8.10446075 11.68975106 13.42234534],__,-52.04999999999998,319.1304915640443,0.2784381767103307,B772,
20190324,535376994,1105,1553436990.8775496,253.51577624210546,10900.980222706403,110.93027814231462,1553437002.613713,361.7946928226564,[42.85853249 70.42977222 173.55624804 105.03843849],[26.74695742 561.82691242 5.27480753 51.80058141 4.86827972 7.17678062 15.3170212 10.72233583],__,-49.789999999999964,361.7946928226564,0.3035764025156962,B772,
20190324,535376994,1106,1553436994.44179,255.0916811309013,10797.707324349052,97.05328320452882,1553436992.1578624,316.950911638619,[42.49902592 84.66065247 125.2067742 150.88645419],[26.45674685 559.52590101 4.35850297 41.95536068 4.98562283 8.52598384 11.9082598 12.76094533],__,-49.789999999999964,316.950911638619,0.22531059819358049,B772,
20190212,528121421,1212,1550001733.105328,124.12967593579654,5584.00876494101,90.73003753466782,1550001714.7768128,310.77881483927416,[25.49921192 128.97958572 144.0525856 257.56794159],[24.08031555 556.33557918 7.79980724 86.84686058 5.58300179 8.37228941 10.04598199 15.30300254],__,-38.42999999999998,310.77881483927416,0.15710442099751115,SW4,
20190212,528121421,1214,1550001719.206227,124.13616382055072,5434.449478257563,92.39527438820708,1550001702.254452,310.2686956816067,[25.65433626 51.30502779 77.62117963 102.04498198 128.81591957 257.15525439],[27.03522318 621.77910189 8.75649163 96.73657219 6.34992514 7.32615141 10.68743567 11.81279776 9.2814882 18.23886297],__,-38.46999999999997,310.2686956816067,0.09470212312070085,SW4,
20190212,528135910,1214,1550008321.5828872,119.06996245475061,5312.6953478801215,107.82522538435657,1550008319.7955341,304.03952286934685,[24.98570175 51.2765609 76.2916418 101.35435485 127.33652113 254.1496964],[26.87523418 621.16183616 9.69415628 94.37853913 6.53057901 7.61804275 10.8834669 9.97574731 7.48204884 14.93106225],__,-38.90999999999997,304.03952286934685,0.18430361182517466,SW4,
20190213,528297736,1218,1550086618.8813074,138.47579340742536,4951.091932975387,91.66962338995883,1550086600.2803938,308.44220084221644,[25.78577246 51.60889248 129.04305361 256.45529866],[24.34528886 549.2995816 6.97204518 73.77933667 5.81472824 7.47038361 6.64123507 15.14092066],__,-39.96999999999997,308.44220084221644,0.07125868277923568,SW4,
20190213,528297736,1220,1550086610.9493272,140.14126984940899,4719.185675961991,92.13596271166861,1550086592.4924793,310.4338754410386,[25.62660428 51.05523959 76.10169105 102.12252367 128.14674788 255.90235874],[26.66076756 606.79894963 5.66785663 76.77986718 4.59857006 9.3773036 11.73541756 11.49224112 7.93519143 15.60580958],__,-39.96999999999997,310.4338754410386,0.07996707563260483,SW4,
20190213,528280389,1160,1550080312.73829,135.67398038380392,4264.045069225029,73.64622852499043,1550080275.4767356,309.3780481453669,[129.95614483],[19.50769606 432.68934955 4.96219133 58.56857907 5.07091917],__,-37.69999999999999,309.3780481453669,0.07542892622208885,SW4,
20190213,528280389,1161,1550080319.9150007,134.67191800997523,4394.308233166159,71.74979987321777,1550080280.9381342,306.47535349548053,[130.68384172 261.32663404],[20.5629909 468.41469224 5.03355939 61.28426036 5.42735678 10.58726392],__,-37.69999999999999,306.47535349548053,0.11965844299341281,SW4,
20190213,528280389,1162,1550080324.9924319,133.03845017088608,4571.4077965330225,73.09534716627357,1550080287.611764,308.4005821258503,[25.97179676 51.20828645 77.97939249 103.44140303 130.11652733 259.11691986],[27.40961888 616.73379777 11.36533106 102.32957534 8.96998106 8.57051119 10.40970794 11.33521344 9.03975171 18.98389976],__,-37.039999999999964,308.4005821258503,0.16530243133237094,SW4,
20190213,528280389,1168,1550080362.3453329,133.78731136018553,4278.577739269976,73.41940058354534,1550080324.815848,306.8214069138762,[25.71665669 51.22215577 77.09842337 103.35250176 129.5728435 257.8198726],[26.48461671 603.41250287 5.82427445 79.90985443 6.82711402 7.53732575 8.76950318 10.52958406 7.51390544 14.29882406],__,-37.059999999999974,306.8214069138762,0.1591986566995287,SW4,
20190214,528489908,1091,1550174171.857048,146.08146106701523,5279.0495579115695,94.49407559558193,1550174156.8783264,314.17691840994905,[126.90542125],[20.29818667 442.75989644 5.8499961 68.14765326 9.93752774],__,-36.71999999999997,314.17691840994905,0.030138155113044355,SW4,
20190214,528489908,1092,1550174165.8159997,146.05962465987218,5253.369791287883,92.96878123605836,1550174149.3113868,309.37031898790434,[24.91964704 50.02787067 76.29641291 100.91418553 115.42152922 127.30443309 255.29833481],[28.05794603 640.78897018 6.64037225 82.63257683 6.82541512 10.20196616 10.6706498 11.4669695 11.79848513 7.63746534 15.60436257],__,-36.73999999999998,309.37031898790434,0.12397674654695223,SW4,
20190214,528489908,1214,1550173493.1367795,144.59364206637866,5274.009180104659,71.94479592066367,1550173455.5782413,311.00052392440824,[25.95097694 51.34105454 76.41599872 102.08566731 117.33941122 127.75023162 255.31154541],[28.48720342 644.20466993 6.24693491 83.96761458 5.35623479 7.4949931 10.85519588 12.05943089 13.65004869 9.23286707 16.93114771],__,-38.40999999999997,311.00052392440824,0.085626563257004,SW4,
20190214,528473220,1180,1550168132.928669,131.13852560815383,4021.704192283172,75.07477718447167,1550168096.5801554,326.38519153895754,[25.92839746 51.75501804 77.30995556 103.8088426 119.33793085 129.54490388 258.95791152],[27.77623176 630.99881022 6.25095221 87.58791016 5.14739021 7.83870825 11.76528695 13.20173573 10.98769644 6.9341726 15.35728698],__,-32.609999999999985,326.38519153895754,0.06832211533482926,SW4,
20190215,528682603,1101,1550259945.7528808,141.16944008853102,5326.953773860384,91.08507085859868,1550259927.3384042,330.8866122398339,[25.39105172 51.14736204 102.47113728 116.29934259 127.84680862 254.44786644],[26.82962641 614.51779989 6.5535979 84.79541723 6.61338038 7.39182169 10.25648256 11.52298645 7.3387888 15.65932169],__,-33.51999999999998,330.8866122398339,0.08538553509786494,SW4,
20190220,529566557,1156,1550689783.2427197,143.79828352115422,4335.536951159387,71.32771640686924,1550689743.5230594,322.25617821187456,[24.99774267 50.58828806 76.34902475 127.35667499 254.97105455],[25.47221695 571.05049019 5.07413357 73.1417675 7.34665989 7.36461649 7.82442846 6.45556021 14.23893206],__,-27.24999999999997,322.25617821187456,0.14043838721082025,SW4,
20190220,529566557,1159,1550689802.7857838,144.4078035434134,4373.327810046749,72.70148220800937,1550689764.4951968,322.22390171338293,[25.34679101 50.96113623 76.33023107 127.89891328 255.44808371],[25.91667372 576.71936778 6.08625995 80.18896391 6.43182443 7.12273586 8.87459519 7.71726146 14.92909648],__,-27.299999999999983,322.22390171338293,0.1315863111027248,SW4,
20190220,529579639,1092,1550695767.6829271,123.65625642458357,4269.951187629281,100.60087916225798,1550695756.8976197,315.8699490175149,[25.79432907 51.18428642 76.67726125 102.18679945 116.69165611 129.00156942 256.58202552],[28.08082925 642.46305791 7.54489386 97.75091843 5.55437249 8.63727948 10.45453497 13.3941837 12.51041545 7.842076 17.5614908],__,-25.359999999999985,315.8699490175149,0.08852539625232887,SW4,
20190220,529579639,1097,1550695730.5853906,125.52073564182645,4209.799986781202,98.76817421733885,1550695717.855123,320.7112929271274,[25.45167335 51.42550049 77.41776816 104.16358917 116.30427543 129.37905951 257.54446849],[27.56344028 637.00457717 6.90336731 95.33653545 9.5723165 9.61203139 10.76556843 11.7160046 10.20908803 6.79360242 14.68971892],__,-25.419999999999987,320.7112929271274,0.11908905810840975,SW4,
20190227,530839854,1155,1551291169.2754433,138.607000174613,4385.032439105875,49.33284969088916,1551291107.713485,321.6659863685075,[25.45534853 50.59682982 76.65706945 114.66577643 128.15729012 256.27186677],[26.63021952 603.64667499 5.83317345 79.11112468 5.88849161 8.99457374 9.32558078 9.01090643 6.58207251 14.91148431],__,-19.649999999999977,321.6659863685075,0.12168408093114305,SW4,
20190306,532113754,1114,1551904126.7593877,116.32390312977866,5527.792141837962,88.77670203719457,1551904106.2725182,312.84270681712087,[25.99884782 76.76885178 104.43634825 130.34390008 260.13416579],[24.92483889 589.00007547 9.68473948 92.1170748 6.08441722 11.48161538 10.99251804 7.3358371 13.94366541],__,-31.349999999999966,312.84270681712087,0.08001521223541357,SW4,
20190307,532278142,1151,1551980760.8557143,141.0699460133319,4334.48703705083,96.02570106436889,1551980746.0318477,325.4119934912754,[25.09635722 49.81550734 101.41088727 126.96913086 253.73931524],[24.95504399 567.54200465 4.8026809 71.89532224 6.45990574 9.08085928 9.59389777 6.4015311 12.68776625],__,-19.97999999999999,325.4119934912754,0.11681473303899774,SW4,
20190308,532471895,1153,1552066261.265612,148.95425707629386,4251.2761787006,76.76785226235721,1552066226.980414,324.8323637167139,[25.50658958 126.78069794 252.57039041 50.69933948],[24.39298112 538.27316615 4.57576916 67.03276863 5.76316983 6.32506375 13.06683398 7.71214169],__,-24.43999999999997,324.8323637167139,0.10709991604375335,SW4,
20190311,533032439,1105,1552343446.1188278,133.85582162550256,4177.336372840917,90.58277457978872,1552343424.9609418,322.80912874898314,[25.7567338 52.08622106 78.07351929 103.00363856 130.20894034 259.54277333],[26.46388621 602.12637435 5.86123809 81.66029488 5.88769602 9.75415217 10.83663135 12.32962639 6.44821756 14.01305205],__,-30.119999999999976,322.80912874898314,0.10361437507289474,SW4,
20190311,533032439,1107,1552343429.4027479,133.4950475702641,4021.0741279727863,92.53821637279668,1552343409.9650743,323.8704029468614,[25.94859984 51.39652323 103.62681713 130.32986826 260.10821035 77.3526324],[26.19070656 597.7468807 5.31101274 83.00663838 6.09010421 9.1161372 10.50755254 6.99589223 13.3883359 10.80643869],__,-30.109999999999985,323.8704029468614,0.09596255522328585,SW4,
20190319,534474064,1157,1553013730.2984598,154.74090105882294,4396.849735692537,83.86675609657756,1553013703.332052,322.4377255253911,[24.96953757 49.52590589 73.45451301 98.66724037 125.12340322 249.80693197],[26.95049162 597.43481019 4.52077616 71.6956677 5.38356762 8.23474936 9.27169003 9.75629425 7.0568918 14.00101535],__,-29.379999999999967,322.4377255253911,0.12223001424629235,SW4,
20190320,534674516,1166,1553099932.1922252,144.1040979882929,4477.417660823704,96.2558235257136,1553099917.6855905,328.3016676765381,[25.0866951 49.8264455 75.54699674 126.13735825 252.34315468],[25.62511908 574.06239417 5.09646075 73.50856221 5.32246497 7.59221652 8.4372424 7.11062038 15.84944742],__,-20.419999999999987,328.3016676765381,0.10841727009420501,SW4,
20190321,534873038,1157,1553186209.3304262,144.6433211378875,4324.098390617653,80.54801494696665,1553186178.9131382,328.64723183841784,[25.62744113 51.01533996 76.25013417 102.6514904 116.45340231 127.97455205 212.80811586 256.58494822],[28.43604106 649.18431936 4.81011742 79.73555143 6.46859583 8.05847226 9.59595197 11.44814625 10.92960969 6.63330737 18.6614626 16.63636747],__,-22.19999999999999,328.64723183841784,0.1444559496795554,SW4,
20190220,529495499,1306,1550684441.7767286,288.603084,11168.386364117323,107.7079999921018,1550684450.2567635,295.48,[36.77574337718598 74.46825035850915 106.97705326966248 117.19729547454126 172.7969514624826 200.58009366014414],[31.6227766 632.45553203 94.86832981 252.98221281 158.11388301 158.11388301 158.11388301 158.11388301 158.11388301 158.11388301],00,-59.69999999999999,295.48,Forward Model,B788,
20190222,529879540,1027,1550875431.7211685,188.49713095916232,7743.1393894993,102.80156619258997,1550875428.4668047,294.1500402195515,[31.41842814 125.71573178 215.52783881],[25.11316919 527.03708601 10.53810174 69.17814778 4.93798552 12.20940768 21.40221017],__,-47.72999999999999,294.1500402195515,0.13527476065905397,B788,
20190222,529879540,1028,1550875436.6975389,188.81956314162903,7683.6318589092025,102.52982577099768,1550875433.0878618,295.46797752353433,[31.24609001 215.95364944],[23.53019159 488.85558181 16.79020393 94.74326288 4.98882238 33.67977644],__,-47.72999999999999,295.46797752353433,0.146404350408224,B788,
20190222,529879540,1029,1550875441.7377086,188.7500022845095,7702.075709886433,105.79066065507972,1550875441.3692214,300.6886421690684,[30.01653334 207.97655164],[23.2499548 486.86166017 7.23405095 57.51495358 4.37687792 17.37198207],__,-47.73999999999998,300.6886421690684,0.14171176419413642,B788,
20190222,529879540,1038,1550875483.2033768,188.22235112003366,7623.769744924426,109.78756423856369,1550875486.7032096,304.6667590444064,[29.32888058 116.92232969],[23.34750372 488.33872512 8.22496954 57.08470692 4.74390562 16.77925877],__,-46.99999999999997,304.6667590444064,0.13280267076779945,B788,
20190222,529879540,1242,1550876922.3387156,170.34680440809237,4025.8057828378355,112.33885694487356,1550876922.278999,317.8503277578188,[120.88630357 153.35814538],[22.4002761 474.13109623 2.60279781 61.03446764 8.66497168 11.10969225],__,-26.49999999999997,317.8503277578188,0.24458435884959256,B788,
20190312,533092600,1209,1552391544.708932,244.00178947653237,11078.973808881909,100.46152995351036,1552391546.0811248,306.29167826339864,[68.25011835 141.9342148],[23.39959598 487.33356611 5.10791772 39.44628347 5.87242888 11.00041921],__,-54.41999999999999,306.29167826339864,0.30728271019822406,B788,
20190312,533092600,1214,1552391563.1620772,243.81287041492217,11090.678348039271,92.93054082692647,1552391557.0004025,301.8748100306593,[42.21738535],[21.8273366 446.60143824 5.80765883 34.59018521 7.19316342],__,-54.41999999999999,301.8748100306593,0.19285390350486306,B788,
20190214,528497758,1103,1550184838.5681763,232.80064224541135,9803.054004743655,122.51868835702852,1550184859.4073508,385.08917251556403,[116.25482912],[19.84423857 438.99718938 1.55964837 35.91241709 12.73431529],00,-58.539999999999964,385.08917251556403,491.2740084743712,B789,
20190214,528497758,1104,1550184839.143446,220.52837593073107,9817.735574695846,168.54071512671635,1550184905.960252,343.8122123746405,[79.70880508],[21.40950171 445.75550524 2.38374506 53.21893604 32.97883647],00,-58.539999999999964,343.8122123746405,342.02298303027317,B789,
20190214,528497758,1105,1550184839.4582162,222.8061639709556,9862.408766323711,165.09346366974236,1550184902.9562814,356.7955796694053,[92.39949645],[21.13827956 444.33537047 2.01326815 42.23017541 18.82052944],00,-58.54999999999998,356.7955796694053,433.63197979697696,B789,
20190214,528399131,1242,1550160318.882627,259.404034071248,11704.315367137944,97.82571327219338,1550160319.0777872,312.19770392502124,[36.69985756 107.98553984 189.73675806],[24.8397471 524.34789415 4.79700092 38.38239731 4.51221385 9.93348568 12.57048648],__,-52.41999999999999,312.19770392502124,0.26279346188272357,B789,
20190214,528399131,1245,1550160317.2214425,260.0571548109378,11627.820234738996,96.00342520512915,1550160315.425583,301.28544071742016,[20.21385275 36.62471607],[24.00943302 489.31049424 4.91207327 33.68279747 5.18467147 8.87451097],__,-52.41999999999999,301.28544071742016,0.15179489842769853,B789,
20190215,528515744,1105,1550192615.089073,225.45331181241124,11093.106070362515,106.55274591454878,1550192622.3636775,311.7705563615084,[80.81536975],[21.67641952 446.7575899 6.61655907 42.53469103 14.66749131],__,-56.16999999999999,311.7705563615084,0.119691959710349,B789,
20190215,528515744,1106,1550192614.9770029,225.57910434504976,11002.462129079482,103.79420943600736,1550192619.3552072,310.6496664107431,[85.24699588],[21.62840637 446.53515985 6.43656585 41.4859353 12.15619399],__,-56.16999999999999,310.6496664107431,0.1278238335298999,B789,
20190223,530043578,1262,1550938255.0072894,261.4646394453452,11182.188427314128,100.79491798236832,1550938256.8746712,320.0181885128868,[32.37917121],[21.90581634 446.83659365 4.57552501 35.08298213 7.78277122],__,-70.07999999999998,320.0181885128868,0.1975707720150176,B789,
20190223,530043578,1263,1550938257.8579504,261.31199823564157,11121.083185789867,97.62527375721636,1550938256.4374192,326.08272893995917,[39.46524409],[21.87868496 446.79795089 5.7853884 35.62795936 8.36378136],__,-70.06999999999996,326.08272893995917,0.3513502492520745,B789,
20190223,530043578,1265,1550938264.4074035,261.2022128503922,11076.830170541089,98.11961399391757,1550938263.3806455,322.3136918048171,[19.57516446 37.66291103 55.45995046],[25.66378986 527.53267972 3.85941027 39.83910831 4.49205469 7.05369826 10.13977512],00,-70.05999999999997,322.3136918048171,0.32345002590090594,B789,
20190223,530043578,1267,1550938271.2434933,262.109218,11111.588270459746,97.15502709173556,1550938269.306674,289.27000000000004,[36.618619506229436 4.529354148115423 137.81116708551014 180.6281197573225 10.754041918539334 61.73511438325519],[31.6227766 632.45553203 94.86832981 252.98221281 158.11388301 158.11388301 158.11388301 158.11388301 158.11388301 158.11388301],00,-70.04999999999998,289.27000000000004,Forward Model,B789,
20190223,530043578,1268,1550938275.1260438,258.23380082486597,11134.306889110325,88.7472790912091,1550938264.7894487,395.3272576596992,[9.91882589 160.57848289 200.69896439],[25.1756333 525.39716644 3.64814947 44.06520762 1.94014631 11.4317393 15.61532279],__,-70.03999999999996,395.3272576596992,13.561333171787398,B789,
20190228,530828842,1004,1551313918.5824711,239.3184481243063,10411.541289176688,96.7318628264805,1551313913.8062086,300.6622318887816,[36.72112535 73.10865367 145.14807952],[25.34913721 526.62483341 7.25093129 46.65520994 5.04928952 7.39612006 13.56900357],__,-59.87999999999997,300.6622318887816,0.2573545078686663,B789,
20190228,530828842,1007,1551313925.3745983,238.53103889822287,10233.633153764013,96.83982844348245,1551313920.4055786,314.25236364468583,[40.70362188 76.99727594 115.68843292],[25.44401414 527.02101547 4.72464566 44.41974239 5.11916169 8.92946561 13.31854765],__,-59.859999999999985,314.25236364468583,0.21753342390153593,B789,
20190310,532832630,1299,1552259287.1762497,254.12998792601226,11005.592919326215,101.80369049176377,1552259288.3140724,361.7878684827954,[86.76295745],[21.56059907 446.17256729 5.52888648 42.92743587 9.42076059],__,-52.73999999999998,361.7878684827954,0.2596626131991156,B789,
20190310,532832630,1300,1552259288.7933533,281.52490898712773,10640.418061158854,117.09822804502322,1552259305.030444,368.8745536222278,[68.2267536 131.56983971 157.44119976],[22.42087407 513.29817105 0.77262681 31.09736654 6.87055128 13.05690663 15.64953655],__,-52.73999999999998,368.8745536222278,1074.7532965018404,B789,
20190211,527958214,1009,1549922462.904435,60.86842530030641,1766.0127835517394,65.40273457231159,1549922413.4493053,337.5940518422568,[56.64235791 75.5197279 94.29511578 113.52025746 132.60979606 150.90395993 170.27801524 206.96589415 227.02655161],[24.69604026 681.83410681 10.90399706 194.16028302 12.81256082 10.32570631 10.74717077 7.40536343 11.53247026 10.02535923 9.15804955 14.41012177 12.8403206],__,-2.9899999999999523,337.5940518422568,0.07737796611868368,C185,
20190214,528502194,1023,1550177789.2386246,56.013617788626085,1803.1275722278315,118.36595389392063,1550177792.9092646,339.25918003609746,[38.71790147 58.16174066 76.52316715 115.79457427 134.69531411 154.90344611 173.91536282 193.16685741 210.9576977 231.25301063],[24.40113518 704.77135001 12.60607249 202.73143953 13.77626185 7.96032887 16.71251441 6.96523286 14.81860955 13.46641589 10.80665232 14.07587616 16.2893478 16.94772552],__,-15.549999999999955,339.25918003609746,0.10581483513395176,C185,
20190214,528502194,1024,1550177797.1981785,56.854763588886435,1126.9425605962952,117.06810990885224,1550177797.6319466,331.18253004680906,[58.27012292 77.24075292 116.75935866 135.66193697 155.72109173 175.49579494 194.87090814 233.6664741],[24.10071126 587.21195965 6.91465061 172.28246567 10.17776932 16.02222359 5.58137336 12.35861075 11.09642711 8.50377944 12.77700805 11.84228055],__,-15.549999999999955,331.18253004680906,0.05629445459840117,C185,
20190214,528502194,1025,1550177805.5084739,58.374030895904106,950.018927183813,118.29860539058178,1550177806.6913197,334.24694575231024,[58.38590253 116.64871812 135.67305398 153.6656321 174.93284129 196.16520571 233.28451494],[23.7682226 541.49011421 5.68702683 171.38813713 9.21545356 6.74275274 11.71039292 16.37573472 9.47309081 12.08464368 13.59087304],__,-15.560000000000002,334.24694575231024,0.10639075328879286,C185,
20190214,528502194,1026,1550177820.3312578,58.965715126135734,1255.2945082107155,115.1100345749114,1550177819.1774275,334.10377445083833,[58.64804842 117.45712618 137.23113935 156.86205689 97.75678215 176.18253986 195.88662437 234.67697312],[24.16852729 606.43517253 7.56403855 174.52714854 8.60373636 5.7412776 14.52020094 12.26858637 13.32275782 9.56144205 13.89731805 12.04377781],__,-15.569999999999993,334.10377445083833,0.04843098078553709,C185,
20190214,528502194,1027,1550177833.0654209,59.07489692248843,1595.9504772249654,116.44931172077109,1550177834.1984713,328.2125244424968,[58.88953425 117.93383807 176.65975893 235.82712431],[20.18024084 538.29074123 10.65466669 153.7720625 7.47561643 5.85813938 8.88885608 12.27180131],__,-15.569999999999993,328.2125244424968,0.040230868095085706,C185,
20190214,528502194,1028,1550177847.3778443,58.82844222421129,1937.8663459275685,115.6111020717298,1550177848.631359,323.40942750247336,[58.50822677 118.01654429 176.82698916 215.61650352 235.89976988],[20.54159712 576.86720093 12.95754707 168.35624299 10.01115987 6.86766006 9.54688454 16.5659136 13.74618421],__,-15.579999999999984,323.40942750247336,0.05514475885758657,C185,
20190214,528502194,1029,1550177867.311236,59.48074026291541,2133.9240592169217,111.18590491025576,1550177864.7045681,322.2245910414362,[117.98986138 176.85824447 235.94544184],[18.59358662 519.95601239 15.39742773 155.38255484 7.35118897 9.94597718 15.79396656],__,-15.589999999999975,322.2245910414362,0.04117056193907482,C185,
20190214,528518474,1006,1550187776.9446495,68.6494017898568,2028.1839456929977,116.85523766261353,1550187779.7739975,317.31278348082947,[113.25172387],[20.10812539 438.8139043 15.35238343 168.67588209 19.13761019],__,-12.169999999999959,317.31278348082947,0.10560091928684606,C185,
20190214,528518474,1007,1550187764.1925879,68.15632253336668,1812.1855288729212,115.19108376218512,1550187764.7984037,336.2566452583053,[57.38328991 115.05991333 132.48523291 172.47499244 229.65118422 209.25121293],[22.80310497 591.80100817 8.3944879 157.76471451 7.94032633 6.41024493 12.46107557 8.74783377 12.47685527 16.6275743],__,-12.17999999999995,336.2566452583053,0.08707305238423486,C185,
20190214,528518474,1008,1550187750.9849875,65.6781331931559,1784.1736625775943,116.56949041534428,1550187752.7697673,323.4309906764689,[113.61028222 170.2918163 227.19014766],[19.3032926 506.95202409 8.68402641 144.02663976 6.96031438 9.37237054 13.22643447],__,-12.539999999999964,323.4309906764689,0.050353022196390006,C185,
20190214,528518474,1009,1550187737.5347757,64.22645222126249,1290.7942675052877,116.84953782199844,1550187738.1229992,329.10817639319134,[114.73935834 172.01783213 229.52243107],[19.52078208 499.31163161 9.90356946 161.83868139 8.35483634 12.95064895 18.61731073],__,-12.549999999999955,329.10817639319134,0.040320375696155576,C185,
20190214,528518474,1010,1550187724.813791,63.8190784239045,857.3255708602119,116.13234977455535,1550187723.4239085,323.49229749251043,[115.67544688 172.58590107 231.10837003],[20.22815443 441.86281928 5.05572153 142.34143564 6.01789869 9.20934552 13.08264003],__,-12.569999999999993,323.49229749251043,0.11476382869536979,C185,
20190214,528518474,1011,1550187712.615097,64.70303994413105,546.7761849534007,117.26513042627204,1550187711.6150854,334.63742738986303,[57.2216108 77.03795031 95.85876816 115.64943932 135.15703983 173.6079805 211.51146657 231.17888022],[27.64030264 383.71170868 2.86210181 154.85781857 10.65098972 12.18203119 11.01361039 5.76140245 10.58430106 7.32777788 17.49465802 11.13485915],__,-12.579999999999984,334.63742738986303,0.08878701334929914,C185,
20190214,528518474,1012,1550187698.8012464,63.40791259834893,804.1431358736994,116.84194241284455,1550187698.0102534,331.2851502211131,[114.98482762 172.51003125 192.25696207 210.93069219 230.35652021 249.01882692],[24.03745522 448.49834653 3.62482686 145.38703665 5.32017633 7.51998483 12.55752176 13.01997047 10.39524775 15.84428195],__,-12.870000000000005,331.2851502211131,0.05682756071152624,C185,
20190214,528518474,1013,1550187682.3631432,61.180496669660485,1026.491985738241,117.10501239812302,1550187682.4250166,333.08218858383964,[115.1782426 172.61664801 230.09242185],[19.5131797 470.70416944 5.99232899 146.29941196 5.39648862 9.4490641 11.81287551],__,-12.879999999999995,333.08218858383964,0.0588705455791255,C185,
20190214,528518474,1014,1550187666.5771613,60.55611688795806,1240.8050425616902,113.95529947996839,1550187664.0690923,323.5761056782502,[116.32829824 174.45294432 232.45598383],[19.29119867 488.02819581 7.02012673 143.79597755 5.39079014 10.26829105 12.29464774],__,-13.139999999999986,323.5761056782502,0.05935078581441758,C185,
20190214,528518474,1015,1550187649.9155543,60.3154275862809,1448.2711691743866,113.62245489144625,1550187647.7527606,323.1111176761747,[116.39178178 174.28583264 232.30256831],[19.11826724 505.9787786 8.97624017 152.78871274 6.35300022 10.97614921 13.21699235],__,-13.149999999999977,323.1111176761747,0.05570972766990851,C185,
20190214,528518474,1016,1550187631.6712945,63.00988342457797,1437.7098605684553,115.06231703173307,1550187630.9327717,322.16120969729224,[117.33852441 175.83222591 234.3378474],[21.74294505 507.36133736 16.08035327 190.36404627 14.05858163 21.70981132 28.30914116],__,-13.159999999999968,322.16120969729224,0.054516880684255226,C185,
20190214,528518474,1017,1550187618.350744,61.53609680915841,1572.815393622952,113.57995905396126,1550187616.483728,323.39899511876126,[116.17896055 231.47220813],[18.07429728 469.69887535 9.7932566 135.31896372 5.67024935 11.77402616],__,-13.17999999999995,323.39899511876126,0.0828355738443895,C185,
20190214,528518474,1018,1550187603.6608558,60.63435286636501,1854.1279906703226,110.89793192973346,1550187599.934782,333.13056833704303,[115.58572814 231.68137043],[17.53988866 476.87641432 11.42697344 142.58210588 5.90515811 14.13872068],__,-13.189999999999998,333.13056833704303,0.29618790544502577,C185,
20190214,528518474,1019,1550187585.7634544,63.13613691499573,2045.808311760767,112.2937556429865,1550187584.0067542,319.9151029551329,[116.85205103 175.05267869 232.59657341],[19.07850615 507.36868406 10.59583328 134.48557958 5.06656461 9.11618684 12.0760552],__,-13.20999999999998,319.9151029551329,0.10185791728491388,C185,
20190214,528518474,1020,1550187572.0660422,63.327358676713544,2067.0947013084997,111.80367920718321,1550187569.9001238,324.0940676549882,[115.58390788 230.74339357],[18.92461715 479.74488964 20.64979643 165.23524263 11.5805389 24.49042223],__,-13.21999999999997,324.0940676549882,0.06265740200327548,C185,
20190214,528518474,1023,1550184643.6806734,54.41101558675957,1917.5642684418103,114.851368386609,1550184644.089093,329.66972130780204,[117.09445905 135.46059943 156.90431358 175.41397621 213.20772522 233.1315962],[20.79554782 607.79523336 13.40221248 178.68634318 6.45702462 11.5346754 11.59647798 10.28689708 16.36781945 15.76908004],__,-14.169999999999959,329.66972130780204,0.11600134583966594,C185,
20190214,528518474,1024,1550184650.8730202,56.873034813152024,1114.2728119347296,114.96018192770757,1550184649.1424038,330.87030731212906,[117.31123565 155.89015889 176.48435097 196.7677049 235.00657387 58.63314857 78.23585516],[23.19283066 579.89148054 7.20202322 174.17917378 5.7473055 12.69892327 9.5850259 12.41451565 13.82259375 11.14683192 13.67495673],__,-14.169999999999959,330.87030731212906,0.10998603570295784,C185,
20190214,528518474,1026,1550184671.6801171,59.72350833730656,1056.3745756489618,114.97591704760268,1550184669.8822908,332.9751557691601,[58.60871762 117.70665133 176.68560926 234.73791283 254.33657346],[21.81271254 511.56194932 6.30533124 149.56787327 7.20017027 5.4674092 7.74977787 11.91263746 15.73842955],__,-14.17999999999995,332.9751557691601,0.06698655119433045,C185,
20190214,528518474,1027,1550184682.1097648,60.840608465611766,1511.0825337356628,114.42441917923847,1550184681.0144484,321.7329850543124,[118.64961598 236.21743053 58.91490462 177.6879942],[20.36649991 537.92024944 10.29456666 159.3081654 7.24507512 15.31424346 8.02450326 9.8879651],__,-14.189999999999998,321.7329850543124,0.08194245547523563,C185,
20190214,528518474,1028,1550184693.9626846,59.9173364094412,2042.1462795506961,110.20845356931187,1550184690.1445656,307.56197284447114,[120.12191404 180.45746322 240.2523435],[19.74835667 516.81790816 18.56751106 171.37709645 10.98549 14.95407478 21.36600231],__,-14.399999999999977,307.56197284447114,0.09875421060054695,C185,
20190214,528510459,1006,1550181899.3713295,66.55004964366972,1983.114297212103,100.37658240953343,1550181885.5924866,304.1281095347915,[126.40239977 247.89850836],[18.73385874 471.123497 8.34246074 118.8241846 6.27619954 10.59453274],__,-12.399999999999977,304.1281095347915,0.2692569418416766,C185,
20190214,528510459,1007,1550181884.3150985,62.759652173119804,1853.8828331783268,113.63727703386414,1550181883.3375518,320.84310649691963,[58.00474809 116.49098464 174.77449944 232.35623061],[20.62112514 536.79686319 9.09045125 137.27270024 7.14918304 5.60052849 7.59773808 11.04186169],__,-12.419999999999959,320.84310649691963,0.10140872319735067,C185,
20190214,528510459,1008,1550181870.0039585,63.5861581037313,1741.500666573975,112.22983698587262,1550181867.3048105,327.75244808487594,[116.49023906 174.64894017 232.85720513],[19.25032182 500.16883575 7.5198669 133.93312927 5.45770604 7.90854723 9.96121661],__,-12.439999999999998,327.75244808487594,0.09025440474999497,C185,
20190214,528510459,1009,1550181856.345989,64.84463033510946,1134.039783837378,115.68994700038033,1550181855.3437674,330.278151567872,[58.4087377 76.34125229 116.38836373 174.73931671 232.2689563],[22.40001413 540.31494711 6.30335069 161.55874796 8.60859008 10.29810442 6.97200116 12.75259639 16.42105148],__,-12.45999999999998,330.278151567872,0.0854050969256011,C185,
20190214,528510459,1010,1550181842.8943968,65.01578325996178,612.7297797035467,118.09736298050173,1550181842.792812,332.5073232153236,[57.93542134 76.71578591 96.47888742 116.5753761 174.7701271 232.58322028 251.52706155],[26.31114176 432.96822659 3.45678311 156.50839084 7.38991461 12.95428978 10.70941591 6.21829449 8.65806852 11.69185518 14.8447474],__,-12.46999999999997,332.5073232153236,0.07344422401798799,C185,
20190214,528510459,1011,1550181832.4984717,65.94411133736321,389.6055274162507,117.60709558276119,1550181831.3759634,328.0388521118945,[38.85404517 58.4693586 78.01502732 97.3377615 116.98491721 136.40149893 175.39005367 214.05233628 233.51574049],[29.81550375 308.71737108 2.39297586 158.44297258 15.65670947 7.61628609 17.4445021 9.39187173 6.23851634 11.1486422 7.76293773 19.42481013 10.55909964],__,-12.489999999999952,328.0388521118945,0.03570552300958773,C185,
20190214,528510459,1012,1550181820.0,65.82192798537521,859.7359309510136,117.0831046866611,1550181819.6383507,327.8531468040188,[115.87946521 173.92936976 211.94795692 231.64521652 249.98472072],[23.00636475 461.48382843 3.83891567 144.19183494 5.47980282 7.69076674 14.25915074 11.18189482 16.4072414],__,-12.5,327.8531468040188,0.047506136345387896,C185,
20190214,528510459,1013,1550181805.205245,64.73050448215112,1286.4272990978184,118.29878075829464,1550181807.2116845,331.61401859932045,[115.55062876 173.7070719 231.1571884],[19.55782358 494.73473651 7.13607597 148.17062319 6.05047841 10.6412043 13.33739435],__,-12.909999999999968,331.61401859932045,0.03982443729443188,C185,
20190214,528510459,1014,1550181792.9943023,63.25207931255062,1742.3579769520275,116.57379843674993,1550181794.6068516,333.92976650366967,[113.73597885 228.53645731],[17.71899154 476.44053521 12.13233318 149.3664309 7.4423929 17.17813545],__,-12.919999999999959,333.92976650366967,0.1152356121248514,C185,
20190215,528711629,1007,1550273562.8316312,63.01715894997269,1890.9608333735696,111.89310567730428,1550273560.2213242,327.1515617137939,[59.06993019 118.11995075 177.10462611 218.07186225 236.54302658],[21.42516939 568.21131445 10.71264252 149.44587896 7.41945292 6.0782701 7.31457385 18.58783547 10.99335038],__,-8.849999999999966,327.1515617137939,0.052292436520848654,C185,
20190215,528711629,1008,1550273546.1621952,62.31913175576258,1713.4162837628214,113.14512110183733,1550273544.2843568,319.6920663392331,[59.19894399 118.34340378 157.52844837 177.39751831 216.95235266 236.45758491 255.81630543],[23.12324818 606.6375833 8.87308329 156.31974641 8.18762916 6.32939928 12.49352895 8.30060751 15.74143462 10.5475304 17.4223631],__,-8.870000000000005,319.6920663392331,0.06668065133786985,C185,
20190215,528711629,1009,1550273534.900063,62.08097981790323,1046.4159484941295,115.89427589410278,1550273533.8934886,320.7736077083389,[58.96723471 78.65532852 98.2651702 117.95460163 137.26727247 157.78615189 176.92311315 235.55721425 254.64299176],[26.42238796 574.32144731 5.90456955 164.6653167 8.12666384 14.06878375 11.69883106 5.68972437 15.40438321 13.34426308 9.76582514 13.52860512 17.54223411],__,-8.870000000000005,320.7736077083389,0.09538360537070904,C185,
20190215,528711629,1010,1550273523.4652627,62.470535637872366,613.4208095162618,115.40198966412493,1550273520.6875644,323.1837387084776,[38.54848034 59.02620477 78.29671079 98.04666103 117.98077181 137.67993319 157.23913552 177.10990269 196.27865816 235.82930153 255.5752339],[30.37938471 459.88361868 3.70222918 172.49083742 16.5651726 8.18434153 14.29970525 11.8578937 6.68506184 15.06442774 12.89979965 8.05589117 16.80742581 11.02037786 18.95981023],__,-9.169999999999959,323.1837387084776,0.07759779178212221,C185,
20190215,528711629,1011,1550273509.2727926,63.04032921802756,561.0729081064906,117.23598488362323,1550273508.2361355,330.9276538397144,[39.32116859 59.20498219 78.50531843 98.81691666 118.27117502 138.16966684 156.80223567 177.48276167 216.28888674 236.24829476 256.07913605],[30.66424971 429.45325267 3.57754325 170.02082073 13.5379967 8.99293254 14.82255763 10.08913115 6.14063055 11.09045468 12.39305319 7.56749972 22.74205975 11.06003239 23.90984603],__,-9.169999999999959,330.9276538397144,0.05151873208169601,C185,
20190215,528711629,1012,1550273496.0302122,63.46539569975558,920.1835892998708,116.41764773524487,1550273495.262281,337.0454719412893,[39.12638801 59.06159558 78.84531293 98.29902575 118.28858577 137.74778639 157.68873199 177.48080319 196.84227362 216.23847669 236.22589467 255.87842221],[29.70301819 588.11280525 5.07020811 179.74146491 12.88865678 8.48899214 14.04363374 11.27216872 6.8820639 15.54775238 12.65115811 8.20547269 15.43536741 17.19717215 12.01864503 16.9943815],__,-9.17999999999995,337.0454719412893,0.06470220085900023,C185,
20190215,528711629,1013,1550273480.420813,62.54348327365075,1238.9734768657474,116.8544658650368,1550273480.931683,328.2063943650908,[97.7309458 117.5129808 137.01962522 156.7248951 176.3615576 195.57641872 215.53630224 234.55570561 253.74024036],[25.65407462 597.94883972 6.33749314 162.14495262 12.3162284 5.4103831 13.2177062 12.14176361 8.10244547 14.32630458 15.41860653 12.91570705 16.76062375],__,-9.189999999999998,328.2063943650908,0.09089343041550807,C185,
20190215,528711629,1014,1550273467.4769297,61.905449172470746,1648.3315026543846,115.30527864796314,1550273467.576455,329.8585674109448,[58.83129022 117.13388497 155.33199238 175.82273977 214.04778189 234.02636465 252.80215653],[23.12488188 617.39172728 8.69950411 171.53818364 12.10610294 5.98550653 14.05963873 8.70260972 13.95464328 12.65587529 20.17333237],__,-9.199999999999989,329.8585674109448,0.06449256486947903,C185,
20190215,528711629,1023,1550270437.062451,59.46616472082101,1495.9520607285228,114.952128569981,1550270436.4230573,339.1009870637042,[39.06343912 58.79244767 78.414325 97.908396 117.63403663 137.12131265 156.76765361 176.2930212 196.17362276 215.02127021 234.8583398],[26.53330671 698.34578841 9.47657615 192.61354777 11.36741241 7.66222262 12.82653112 10.01924851 7.0238648 15.57298431 12.23384233 10.08233189 14.93852481 18.87840971 17.15503418],__,-9.919999999999959,339.1009870637042,0.052064317963843025,C185,
20190215,528711629,1024,1550270443.6911802,60.122781192950534,877.5648163439067,115.42808933994127,1550270441.8667724,343.93250991607647,[38.54497187 59.05630832 78.79660812 98.49734157 118.38139407 137.84679272 157.97231705 177.6489608 216.49093241 236.6278867 256.27228958],[28.35049896 568.40909198 6.02290782 178.31947349 16.06341773 9.05037603 13.07213128 11.37445331 6.35489299 11.395176 10.62679084 7.62908209 16.85067294 11.86889253 18.75711863],__,-9.919999999999959,343.93250991607647,0.07482721288622522,C185,
20190215,528711629,1025,1550270451.6918297,59.884963829506944,1040.126267634465,114.81472192967773,1550270449.6830015,338.5235038376951,[38.91663865 59.190252 78.13104276 98.90378837 118.75778813 138.56970272 158.17057751 177.96251998 197.41304627 216.64825558 237.52986242 257.25449903],[28.42703263 623.12444713 6.61256378 184.10579157 18.23314964 8.73376367 15.58242816 11.01851366 6.80503373 10.68902052 11.08693767 8.8847256 15.23838203 23.88546198 11.75275652 14.93250161],__,-9.919999999999959,338.5235038376951,0.06634980372746567,C185,
20190215,528711629,1026,1550270464.242879,58.53279263279707,1555.2697525458789,113.11895634773148,1550270461.9507616,331.9601892220833,[21.3906265 39.97207619 59.44089131 78.55303055 98.98079861 118.8165914 138.37767067 158.6375288 178.33246516 198.51639213 216.72288755 237.31396527 256.59522329],[27.72006785 739.30288277 10.10341564 196.93099751 15.2321088 12.55744623 7.90601927 14.24670981 13.70754753 6.79549972 13.49257223 12.92884706 8.87451418 17.97770372 19.80692807 14.51931707 20.66468823],__,-9.92999999999995,331.9601892220833,0.07438441656868815,C185,
20190215,528711629,1027,1550270478.3929179,57.012848494239094,1997.4577973109451,110.6644470666384,1550270474.8765576,319.0148573650552,[38.30291369 59.5547022 79.03357543 99.31432183 119.0733282 138.26750318 157.67520352 178.62541926 218.04718277 238.12053861 258.08594816],[25.93365528 737.51136006 13.39030527 198.54290613 14.11630077 7.60841156 13.48497839 12.13992627 7.31477176 14.08107588 13.55762801 9.39569711 17.66163356 13.96927509 25.47993681],__,-9.92999999999995,319.0148573650552,0.0769370117734086,C185,
20190215,528698927,1007,1550267767.279297,61.25692187172865,2040.9221534546023,110.5349705915037,1550267763.7445042,318.0239092461447,[59.66193921 119.35487725 179.09841612 238.62562718],[20.08143732 549.06127841 12.92535966 157.73101957 7.37461323 7.19800978 9.74773442 13.33132804],__,-9.620000000000005,318.0239092461447,0.039341644193636824,C185,
20190215,528698927,1008,1550267751.7461042,63.3803534649465,1860.4614311531818,112.23288640640436,1550267749.4387243,328.95763846488364,[59.49379594 118.88143889 178.24116712 237.47911201 158.16941293 137.92450408 79.32825044 98.34450643 217.53475801 197.38866934],[25.73053393 690.00315815 9.19333745 175.27090566 7.96541526 6.64723098 9.25985224 13.42100275 13.52183524 14.01566416 14.3924342 12.52016698 18.74188174 14.33934063],__,-9.639999999999986,328.95763846488364,0.09355497524251527,C185,
20190215,528698927,1009,1550267741.7506626,64.57191692602049,1220.6715255953425,113.9113984647158,1550267739.2864609,335.3300482498026,[59.14705249 78.47104721 118.00991437 177.20743948 234.78277629],[22.25350563 529.68363372 6.40729566 146.52373475 8.49541255 13.27164309 5.01763347 8.74517498 14.12119774],__,-9.649999999999977,335.3300482498026,0.05960961374042821,C185,
20190215,528698927,1010,1550267727.8378446,65.45564851844073,754.3411345418048,116.70811048022298,1550267726.770849,330.4350238838085,[38.78481836 58.88361747 77.62604062 97.67760895 117.71499386 157.66248739 176.79176218 214.18423763 235.44481256 254.47199765],[29.09542913 495.39431281 3.67065461 163.61103308 11.08261152 7.31673681 11.15904058 11.73081077 6.76116076 11.60600502 8.68968207 20.20085698 12.39014342 16.89805011],__,-9.669999999999959,330.4350238838085,0.1210543420035555,C185,
20190215,528698927,1011,1550267716.3604326,65.50302780817529,456.70274665859284,118.29671629273732,1550267716.110321,332.53698877586936,[38.5972241 58.94808307 77.35915975 97.93348388 118.04808964 136.70077229 157.33540088 177.04093407 214.4935697 235.71399969 253.98884126],[31.53534374 366.33318769 2.96110849 167.41155551 13.77353781 8.83575951 15.27106551 10.89700144 6.04029977 11.26591684 11.65911986 7.54485027 19.90956139 10.8617694 24.86736651],__,-9.67999999999995,332.53698877586936,0.07381055897996594,C185,
20190215,528698927,1012,1550267702.975742,66.33835822630252,768.3661720655585,117.73112775304371,1550267703.0814013,329.6155938495857,[18.71800587 38.777021 58.62666667 78.12099159 97.8770497 117.37647357 136.59838346 156.11568445 176.16073548 195.68721325 214.74876431 234.7038907 253.95534014],[32.08192739 533.73795318 3.99648165 174.60717414 10.93752725 15.00658494 7.70149763 12.98699813 11.82249221 6.94183579 15.60420053 10.53681521 8.55214906 16.34754497 18.61258295 14.24209766 22.62682154],__,-9.909999999999968,329.6155938495857,0.09207314650129231,C185,
20190215,528698927,1013,1550267691.2086492,65.81667116964813,1135.0201129443024,116.22431271031,1550267690.787039,327.6987326001943,[58.55344936 77.45962654 97.73142997 116.71592502 136.57948311 155.74976497 175.09123409 196.09118078 213.60765591 233.3678698 252.14054566],[28.39568945 611.66878828 4.97698685 168.29905438 12.06070979 17.14264429 13.65709119 6.31025715 12.65971425 11.00194024 8.02729421 12.48942497 16.13636943 12.98996432 24.82032305],__,-9.919999999999959,327.6987326001943,0.06565108205251435,C185,
20190215,528698927,1014,1550267678.8264968,61.58973066627898,1685.6423031565685,112.01602107882155,1550267675.5347252,306.42777502323753,[58.67316713 97.8655246 117.47659098 136.92753671 156.44916404 176.25423688 196.00887619 216.21699719 233.02643116 252.7453646],[26.00422304 684.26372927 8.6031185 175.7742093 9.21498899 11.65573191 6.76485612 15.0145893 12.68405554 10.4341517 14.78416284 19.03506015 15.1584237 23.99529641],__,-9.92999999999995,306.42777502323753,0.1192673766456193,C185,
20190215,528698927,1022,1550265032.9180806,56.225032894118755,1885.540236411685,113.0548581484476,1550265031.4359326,326.7970512667392,[59.21194359 78.11647914 98.25077494 118.15060951 137.68915258 157.19705186 177.15901463 196.6268598 217.04784559 236.24401405 255.71718222],[25.44321244 730.77105865 12.55800273 200.59303018 9.65708553 14.47551911 10.66819502 6.53224612 16.28067515 11.73028584 9.08286661 16.65484261 18.17204865 15.12470791 25.81056305],__,-10.289999999999964,326.7970512667392,0.07184397429928685,C185,
20190215,528698927,1023,1550265040.382296,57.3360068145184,1134.0058107453906,115.2422239701582,1550265038.9601545,333.72404861003986,[38.95025591 59.33455545 78.88212451 98.66053244 118.33859747 137.44180196 157.89913283 177.58525095 197.30429275 215.69924494 236.45798771 255.23791221],[27.86999588 673.86865385 7.41100004 196.0957272 10.33816819 8.80261446 12.52510396 8.79781574 7.13105236 13.8752967 12.39616605 9.90790133 15.32828645 20.67265064 12.72029289 29.75146057],__,-10.289999999999964,333.72404861003986,0.045933164174926155,C185,
20190215,528698927,1024,1550265046.326273,57.82294661120793,849.6487270744906,114.79913865727819,1550265043.7410111,336.4051569572475,[38.32695455 59.44214413 78.79372709 99.03918239 118.91162919 138.8325137 158.48677788 178.3788122 198.05757498 217.22805727 237.58487694 257.41750379],[28.93793198 590.20590929 5.78822115 189.26859836 18.37755148 8.58377803 13.19786003 11.15301867 7.26693829 11.61985536 10.47469332 7.93477624 13.51106471 17.15117295 12.80420408 16.25113042],__,-10.289999999999964,336.4051569572475,0.04533023058899066,C185,
20190215,528698927,1025,1550265051.923145,56.81055023937536,1430.3143196441642,113.25753159343655,1550265049.3536026,329.0554938168315,[59.4731587 78.75746945 98.97937226 119.19039174 138.94050229 158.65733964 178.74307365 198.13439412 217.64093148 238.28232454 258.21707757],[25.90415838 680.63858715 9.13183654 184.41447627 9.61272224 13.132576 12.07354942 6.71735199 12.40832266 10.73984121 8.54847659 15.20309686 18.40959298 12.0585864 15.46529316],__,-10.289999999999964,329.0554938168315,0.06709299313057959,C185,
20190215,528698927,1026,1550265065.453507,55.199373744766895,2067.977358221231,110.08469102660618,1550265061.5552554,322.019738023589,[39.61191108 59.71172199 99.04162045 119.41687494 139.36114232 159.23685264 179.18534818 199.01302281 218.83098449 238.72589698 257.48665907],[25.21230589 742.55251614 14.58046124 207.54999683 15.37577639 8.09217314 13.37053955 7.80355491 14.2792371 10.90717631 9.63792008 16.94249275 17.48735764 14.84538706 26.10511711],__,-10.289999999999964,322.019738023589,0.051876543633626176,C185,
20190219,529409728,1020,1550610910.7345736,54.669892256090534,2090.7906701461466,116.03195045358177,1550610912.8575742,323.19056749211575,[14.20865516 25.94541926 38.99646851 58.56885506 78.35804964 97.64037827 117.11644859 136.58667791 156.34513231 175.78205642 195.1790673 214.29744797 234.07191235],[26.81089355 793.9969949 17.01972745 226.68603119 18.95000014 17.43232238 10.46626564 7.82710144 13.13397783 10.67660986 8.95232067 15.33160149 13.03949698 11.6172015 17.31463323 20.97994348 19.23857105],__,-12.95999999999998,323.19056749211575,0.04526943533201477,C185,
20190219,529409728,1021,1550610926.1353552,56.65192167746886,1667.7382113799795,115.48853082563672,1550610926.524002,330.1428707153729,[18.26455376 38.88616408 58.48581175 77.69846041 97.62348697 117.00999362 136.67508522 156.09888608 175.61907344 195.17236401 214.26429495 234.28495205],[26.50536066 734.0526412 11.20522146 197.73767258 13.8370178 12.14651486 8.59084292 14.55674514 10.35906705 7.43782234 14.54684264 11.81145816 9.01596318 13.83810427 20.56540846 13.59489302],__,-13.579999999999984,330.1428707153729,0.040841956407290235,C185,
20190219,529409728,1022,1550610937.1678772,57.60363666871994,1248.3919877868775,116.46428734250034,1550610937.316302,332.4802540646072,[18.75505862 38.94737647 58.78052771 78.39856237 98.02003612 117.48296366 137.13296957 156.78672258 176.25791313 195.80187923 215.46877732 235.04730614],[27.54526789 685.77369124 8.42123448 192.38189694 14.18488252 16.52335354 7.75501868 13.0397403 10.29068723 7.38353569 13.60927431 11.28251297 8.52134828 15.01300738 19.58478818 13.49386881],__,-13.579999999999984,332.4802540646072,0.0363425128190729,C185,
20190219,529409728,1023,1550610944.856022,57.924779020656,1245.647614594388,116.33973844053347,1550610944.8859155,337.2881886496359,[39.13050596 58.74257672 78.25312044 98.10664442 117.60723251 137.41937061 157.13503537 176.46535124 196.14863768 215.79804401 235.2875622 254.21923823],[27.57546871 682.69346269 8.30110556 191.96270154 11.80384006 8.00501139 13.22064014 9.46846695 7.30572336 10.92777589 11.54783631 9.42110507 14.16249125 19.33311039 15.55105258 27.23229695],__,-13.589999999999975,337.2881886496359,0.05408323554357374,C185,
20190219,529409728,1024,1550610951.4918563,56.43572490699572,1829.6514405978085,115.17679226553821,1550610951.9479485,322.14542153334384,[19.062626 39.06775654 58.84549172 78.01096057 98.05400313 117.7047698 137.38715805 156.98337637 176.49780648 195.85506217 213.93625073 235.1542066 254.18601647],[27.32650375 774.84186832 13.49839401 210.43586488 20.82672912 10.91636132 8.82685914 17.81046567 9.45611933 8.56724158 10.57208202 11.7401141 10.15847265 15.61202573 18.87091353 14.16156321 18.33284954],__,-13.599999999999966,322.14542153334384,0.04655169720957752,C185,
20190219,529416700,1021,1550614687.799907,55.572566589282175,2003.960742487783,111.12824645172866,1550614684.687476,317.06759837026215,[58.04690168 116.24785894 174.35630995 233.16073208 78.0719832 97.19954211],[21.62089189 612.48827481 14.6743372 175.78217734 7.33064968 6.62214869 9.64011548 13.48833928 13.34876039 13.05351884],__,-9.089999999999975,317.06759837026215,0.06956033742144734,C185,
20190219,529416700,1022,1550614671.9093153,55.244372012634486,1291.4379174774822,115.62922253660504,1550614671.2443678,319.00888917188416,[58.63130793 77.39079952 97.75416421 116.90163046 136.88846944 155.86909094 175.51983424 233.9600686 252.73053875],[24.84141646 641.3612496 9.1374113 179.40645325 9.09901414 11.83235185 9.97048691 6.04801229 14.30003031 15.35279581 9.111865 12.519474 17.81237978],__,-9.109999999999957,319.00888917188416,0.0733134068143654,C185,
20190219,529416700,1023,1550614666.2139783,55.192074184099674,601.8440057409538,116.38254641118401,1550614664.3241723,321.4491915889036,[38.60865455 58.30787785 77.04278949 97.04487608 116.6604988 136.24644335 155.65548176 174.97471907 194.64583956 233.27734232 253.05138383],[29.05191901 510.46211921 4.85088341 191.68329668 12.86854824 7.93427775 16.7650048 13.26958508 7.04927078 11.32368412 20.49433838 8.3734139 18.99798193 11.78693788 19.44968598],__,-9.109999999999957,321.4491915889036,0.03426322887146213,C185,
20190219,529416700,1024,1550614658.503937,54.24422663747441,941.0195629787904,116.7874229293103,1550614657.8846698,315.7293597332555,[38.65831307 57.62021337 77.1923427 96.56004211 116.0519891 135.50604424 154.58043471 174.0739615 194.44870845 213.11618754 231.92823639 250.65945593],[28.06568154 636.37287659 6.1435762 194.95800855 15.05802418 9.84321016 15.60973253 10.75819293 6.93354862 14.53194002 11.95540729 8.44166107 14.88509373 17.66403522 13.5096913 22.6331982],__,-9.120000000000005,315.7293597332555,0.0728988949901784,C185,
20190219,529416700,1025,1550614649.2902114,53.84904080918552,1712.0201174471636,115.35180005427688,1550614649.5588484,327.87146988542065,[58.1546899 116.1630967 156.24883666 174.3578792 213.19376366 232.60823544],[21.1291926 605.38100468 11.96964129 178.53233676 9.1878914 5.84964151 10.68518588 9.24743686 14.34806903 12.20569572],__,-9.129999999999995,327.87146988542065,0.0953110383901086,C185,
20190221,529754214,1009,1550781360.0,66.45770661655473,1479.8247666217908,119.06945821639155,1550781363.6186461,317.4971034264694,[55.35337205 74.70742905 91.66087122 110.8189397 129.03637961 148.2863978 166.23687661 199.43557003 219.85814342],[26.27153779 659.22258469 8.00228054 188.93892888 11.49683052 13.52170324 14.01438629 9.64892647 15.01478155 14.48696219 15.2800589 20.48281421 20.03272995],__,-6.149999999999977,317.4971034264694,0.1564924856279331,C185,
20190221,529754214,1010,1550781346.7704425,66.75629992625387,1357.3733178426717,117.91328813164321,1550781348.555035,329.73337536456415,[111.86134651 150.10952768 167.79900711 205.12260886 223.65637083],[22.07317209 534.32872778 5.76316294 147.47721233 6.03083466 10.47381252 9.45831994 14.95655284 12.16965625],__,-6.159999999999968,329.73337536456415,0.12207920776148448,C185,
20190221,529754214,1011,1550781331.5739982,65.32869529458453,1057.3540236064332,116.52472261652387,1550781330.8747647,325.86913126215984,[75.43513748 95.17236306 113.96404825 132.74019747 151.72968467 171.0125262 208.73453761 227.67114478],[25.7731613 531.50021306 4.66668538 148.23682498 9.87455022 10.21247995 5.7749914 11.7854639 8.93482405 8.78006707 15.89640077 10.63977946],__,-6.17999999999995,325.86913126215984,0.10106298685058829,C185,
20190221,529754214,1012,1550781316.6564536,68.5580930704285,560.3700657331387,116.2070258088732,1550781314.5364847,332.6046888380357,[58.25615279 76.74068317 96.01115419 115.12208139 134.32520254 153.36074891 172.73159226 209.25789212 230.23970871 248.58656628],[30.35728722 404.98394385 2.81025986 164.5764924 20.1080543 12.01635749 10.07517665 6.99791665 11.68173532 9.78271264 7.49571222 20.35625898 10.64121554 17.6392243],__,-6.519999999999982,332.6046888380357,0.057718941716230314,C185,
20190221,529754214,1013,1550781302.9622304,68.03917726473637,286.29680925257924,118.40580242889169,1550781302.362824,329.8565770762064,[56.90557268 19.11358049 75.96798647 94.91419355 113.83322279 133.00322106 151.91038311 170.90534813 208.49771433 227.79073214 246.86886405 265.3287463],[33.77955368 250.02151351 2.04065965 170.3968364 12.34405669 15.89109384 8.33469997 10.11148819 6.41342477 16.88711023 10.14078117 8.74606467 22.32307259 12.52749677 14.29490163 23.32557056],__,-6.539999999999964,329.8565770762064,0.03755963168018433,C185,
20190221,529754214,1014,1550781289.7365599,67.457829652588,310.7367805663596,117.85562650699353,1550781288.7013717,333.58139872402126,[56.93446341 75.32193812 95.52932753 114.1444037 133.01801156 152.19142634 171.39575334 209.14486459 190.43705736 228.61423143],[31.34301802 256.1827366 1.86603396 162.07535562 12.40754571 15.77083073 11.96595068 5.9476971 11.26307586 8.90526377 8.29772954 24.04907325 12.56884906 12.94067864],__,-6.5499999999999545,333.58139872402126,0.06904886706532164,C185,
20190221,529754214,1015,1550781276.6575217,66.24405011555145,751.2339673111615,116.61972265869248,1550781275.430922,327.63521542276345,[56.62222702 113.90186252 132.210168 151.72988828 170.86724249 189.569244 207.68700669 227.65351423],[26.92438854 489.08595034 3.42467422 167.98765494 11.0885436 6.74263159 13.6640891 10.85081273 10.14827056 16.34480702 16.90600732 12.71780916],__,-6.569999999999993,327.63521542276345,0.04300456149129316,C185,
20190221,529754214,1016,1550781262.2865407,65.71100685114342,921.4701902203548,114.13175368805237,1550781259.1321023,330.01471538393497,[114.74109582 171.54599504 229.10085228],[20.37207373 463.74199787 4.94536008 139.25547045 5.55882272 10.46480639 13.88843789],__,-6.579999999999984,330.01471538393497,0.0417586823638268,C185,
20190221,529754214,1017,1550781246.0304034,65.63608412105309,1230.858318218892,115.48752953711455,1550781245.097527,331.4791986019487,[58.17853432 114.88785483 153.31943171 172.15399255 209.88501892 229.27766132],[23.38582892 571.79467077 6.58204432 165.89860297 8.08117647 6.29008114 11.47250398 10.80252114 17.02886522 12.94948424],__,-6.599999999999966,331.4791986019487,0.0683172072802863,C185,
20190221,529754214,1018,1550781233.9071,65.76877756811862,1701.8613486903967,113.23495311730724,1550781232.0872114,330.2286096258764,[114.63262238 228.83382588],[18.19613154 476.06872996 10.15331157 140.08094705 6.23646423 16.18662706],__,-6.6200000000000045,330.2286096258764,0.048130121488707836,C185,
20190221,529754214,1019,1550777698.7094731,60.3131406509542,1397.8893850469453,114.45880790189945,1550777697.34665,330.30346335242217,[40.85738754 61.62865868 81.95549666 102.53336065 123.09869174 143.57423273 164.17076699 184.68088053 204.93227446 225.42717478 246.09749157 266.66566863],[27.63659154 701.72305806 8.65078152 190.01973397 20.21712146 8.26276975 9.11239252 12.84372623 7.93826701 14.81563982 9.11964097 8.82972892 17.37096871 25.15588281 13.30478164 23.22574607],__,-9.029999999999973,330.30346335242217,0.04141684720692777,C185,
20190221,529754214,1020,1550777713.1677284,59.29521523368566,1087.571553110704,114.7733589411109,1550777711.1388707,317.0477803175894,[40.3990584 61.70572705 82.30972234 102.84649558 123.35348711 143.89033441 164.54265583 185.11921195 205.56286019 246.7089715],[26.82934278 618.31015413 6.68427432 176.15314059 16.02023273 8.70911767 8.18554188 10.61878184 7.67220558 14.65392513 9.64079646 9.38068253 22.43884262 13.24968294],__,-9.029999999999973,317.0477803175894,0.0223002999256186,C185,
20190221,529754214,1021,1550777727.0032156,58.756542006355986,904.2255986536408,115.03863082743436,1550777724.6854472,313.37847611384814,[61.21593864 81.84654549 102.09987317 123.03592242 142.79864784 164.13551327 184.60304111 204.62333769 225.04071295 245.6539538],[27.34112563 547.59873036 4.88811666 165.948461 9.74605331 9.52774897 12.23162406 6.75133295 14.69449528 9.60590834 7.89172273 14.3849785 26.81189165 11.4972821],__,-9.039999999999964,313.37847611384814,0.04541940894741342,C185,
20190221,529754214,1022,1550777737.9123268,58.65931213071409,1237.9855881982487,112.55911536964834,1550777734.0345178,309.32204036873367,[81.56518198 102.88558452 122.8814394 144.0908438 163.4679747 184.39272139 204.20088308 245.65155964],[24.58660818 590.68005574 6.67994865 157.01527657 10.26825525 10.71629752 5.64973258 11.96447939 10.84684091 9.9749433 16.29941362 11.07441097],__,-9.049999999999955,309.32204036873367,0.07862075800951167,C185,
20190221,529754214,1023,1550777742.8843768,57.96778056618857,1998.9669382085326,110.52283628920921,1550777739.1545079,298.271341553645,[39.68652124 60.42652887 80.6919275 101.86148436 122.78791268 163.22407943 184.11754176 204.08616076 246.56568994],[24.79090651 686.31883141 12.38196517 178.13146111 12.05956524 18.40540284 8.03949807 11.75804201 6.97675177 10.56428395 11.79922668 15.52328886 17.95501494],__,-9.049999999999955,298.271341553645,0.11886867443990902,C185,
20190221,529788403,1300,1550791648.0,33.62000544870462,1944.372329600887,41.35019408998319,1550791575.0196536,323.1728097770755,[76.64704891 114.56885511 173.94292671 191.14999525 208.6780239 230.4006037],[27.24917992 628.58755821 51.65994829 237.05159155 11.04458937 13.99767374 20.07023255 22.04062004 22.90594961 25.16051758],00,-11.939999999999998,323.1728097770755,0.3702815961306336,C185,
20190221,529788403,1301,1550791637.4673657,36.18367425683796,1079.4329919047889,36.484393383038935,1550791557.110926,324.69246344324733,[126.35249068 188.59735269 220.29702009 253.17736152 233.60790362],[28.92746579 591.30492973 63.9232879 231.62209252 17.11786823 21.7647366 24.16288731 28.01279337 25.3372441],00,-12.649999999999977,324.69246344324733,0.4424086087712745,C185,
20190221,529788403,1302,1550791638.031737,42.84408550197773,283.0477612954266,115.68971859756665,1550791634.4490545,238.9035501810184,[112.14363969 151.32198392 165.95725872 186.30643118 206.81499701 222.46275972 240.84530264 259.45382997],[27.53596006 298.63731376 2.96321375 158.85982287 5.72651689 9.63773017 8.79317586 9.10517964 16.55024773 10.2207163 14.93131635 16.29593329],__,-12.649999999999977,238.9035501810184,0.14106998845017918,C185,
20190221,529775831,1301,1550790750.5665214,37.83949805831044,1321.3326857896834,36.94895971479671,1550790671.3331394,332.8025138279734,[128.04475255 169.39857897 207.28111131 208.51553742 225.09351095 246.42247214],[30.29377798 626.05132131 42.57635748 242.20350726 16.57486286 20.49443648 24.07708516 24.43688852 25.64620958 27.89181792],00,-12.659999999999968,332.8025138279734,0.36675363480034884,C185,
20190221,529775831,1302,1550790749.9682505,44.52124236660577,391.2856972957392,115.6827653338876,1550790746.7988846,279.43918747237933,[81.37946598 101.33258092 121.38249597 141.97403206 161.07451706 182.10340917 201.13198203 222.13732489 242.03637745],[26.95382605 365.05539863 3.47236679 178.47777937 11.27673454 11.76244395 6.20083846 12.26216456 10.3298085 7.33578731 11.9400009 15.57243134 12.84201928],__,-12.659999999999968,279.43918747237933,0.07665100306615424,C185,
20190221,529775831,1303,1550790791.0222728,38.397006998223766,345.3099176781901,79.5751468512388,1550790750.8969924,247.04555689008296,[39.9581209 59.53186848 80.3189543 100.33524088 120.30473196 159.26521523 178.18322167 197.58138258 224.59376704 245.36670934],[27.72096358 389.94240854 3.94693942 186.27923557 9.39526116 13.69595302 7.96721049 9.21867036 5.94290765 11.4508768 10.08314174 13.52866548 20.43408739 15.71933557],__,-11.279999999999973,247.04555689008296,0.1565128342929062,C185,
20190222,529970458,1009,1550878477.290818,71.51145840979098,1567.7197187288605,113.82665580300105,1550878475.8270237,321.6798689603169,[115.91585487],[17.56308657 430.4052269 7.8425845 119.29259024 7.4406842],__,-4.67999999999995,321.6798689603169,0.16853431849718922,C185,
20190222,529970458,1010,1550878466.3678286,70.48922661648423,1241.7111611345638,119.51184617754325,1550878469.6457195,340.5121709094036,[109.87261686 152.57602229 170.88415408 216.78617112],[21.59568523 507.48711164 5.55154169 138.48647797 5.98282043 8.04401516 8.26501054 15.9371745],__,-4.67999999999995,340.5121709094036,0.2862876645454472,C185,
20190222,529970458,1011,1550878455.6643758,68.54367575246683,975.1018099720898,119.95557300517638,1550878458.609289,333.4604411841268,[109.28489897 146.09252635 164.25722766 218.40883076],[21.75852673 479.45987435 4.42163782 146.95201585 7.03400809 10.06134054 10.91462519 15.27635082],__,-4.689999999999998,333.4604411841268,0.21194451530177336,C185,
20190222,529970458,1012,1550878439.7816107,61.77366181070765,1091.1871525119302,112.57108382913633,1550878435.2021725,332.4639828058189,[115.77751611 153.2595079 174.93236164 235.03099878],[20.942907 493.87859512 5.9071125 144.29951042 6.21554771 9.61724374 9.8838719 14.64779514],__,-4.689999999999998,332.4639828058189,0.20444639816449323,C185,
20190222,529970458,1013,1550878418.92325,62.177928292579175,936.5256155710608,114.23620789143321,1550878415.7486892,331.7941481210171,[117.05045579 136.21414423 156.01934253 175.36853327 214.92622659 233.85572211],[23.37936515 498.22310376 4.7375432 152.84784283 6.15825297 11.47391209 9.44150953 7.47651418 15.30584363 9.59903325],__,-5.259999999999991,331.7941481210171,0.09828738805082474,C185,
20190222,529970458,1014,1550878404.5459414,64.37640015955776,497.74529196032154,115.84569648171315,1550878401.9128504,333.0077551511242,[57.26590589 77.06659397 96.78711918 115.74517943 135.23152246 154.50627151 173.85141178 212.0782186 231.77294541],[28.97528084 373.21068461 2.94065566 161.6059629 12.33991337 9.75516611 10.41633553 5.76752238 11.20410432 12.1691485 8.11206811 24.82521586 10.95823684],__,-5.269999999999982,333.0077551511242,0.05531592177590125,C185,
20190222,529970458,1015,1550878391.239119,64.943677328282,177.7763608819342,117.60435126629362,1550878389.1712184,327.4200002841148,[57.88341002 76.02256661 96.1560222 115.08402331 134.41060623 153.38159879 172.57888348 230.44314785 249.13922421],[30.44624401 186.8152221 2.04003145 159.09956753 12.33580038 8.30596598 11.59510667 6.49415031 10.83773925 9.14306305 8.74199736 11.06301619 16.35317508],__,-5.269999999999982,327.4200002841148,0.08020204297984408,C185,
20190222,529970458,1016,1550878376.825928,65.15465236758465,272.2585705123665,116.80048341752892,1550878374.267304,323.38678030215544,[57.38366927 76.69912576 95.73847204 115.21737851 133.63589751 153.19814693 173.4229246 192.17863595 209.04711139 230.37022825 248.46065359],[32.4998304 233.28795833 1.88532442 166.61467042 9.10362179 10.09496185 10.36167261 5.80292155 12.37839732 10.57280336 9.37184548 14.93627425 22.57871376 11.5713573 22.21194002],__,-5.279999999999973,323.38678030215544,0.11273370563684106,C185,
20190222,529970458,1017,1550878362.0162122,64.40782973432718,618.8153876582741,116.08159462376197,1550878359.678253,312.66064745410205,[57.59825578 76.1610812 95.66468778 115.699354 154.13798504 173.65670847 191.99989317 212.01928782 231.11497565],[28.74080698 431.23534009 2.84095545 160.01007556 7.44284196 13.63754064 14.59448137 6.79908211 9.78384998 9.45623013 14.27500082 19.5413036 12.27328231],__,-5.279999999999973,312.66064745410205,0.06770496458319727,C185,
20190222,529970458,1018,1550878348.5681634,65.34756211076497,1017.3487078520083,114.21596890906095,1550878345.7823398,320.1238158594135,[116.44688964 232.81250602],[18.91467802 443.20226341 5.87145942 133.05214605 5.57810092 13.44218797],__,-5.289999999999964,320.1238158594135,0.03083389590641148,C185,
20190222,529970458,1019,1550878333.7160995,65.305233933812,1436.87008057078,115.08273403477516,1550878332.948035,318.6277850648478,[57.99468614 78.09307404 97.14714126 116.23763596 154.84828805 174.24364225 232.70706618 135.01790727],[25.33895052 638.2870387 8.23955248 181.93608822 8.17533857 10.3490939 16.24703278 8.89037671 13.83516568 14.44498202 18.53431803 16.58839267],__,-5.289999999999964,318.6277850648478,0.07309935533602287,C185,
20190222,529970458,1020,1550878318.9864917,66.08349263491934,1631.636240010119,113.17415803080661,1550878316.8779397,317.2238250129762,[58.37222433 77.64113815 96.81709982 117.01646431 135.97772473 156.29810854 176.21493522 234.77750316],[25.33860787 642.54796349 8.81628414 168.19689773 9.84981537 11.5650003 12.43195234 6.46774017 14.39250652 11.784161 10.25492082 13.30623763],__,-5.2999999999999545,317.2238250129762,0.09489808859642282,C185,
20190222,529970458,1021,1550874490.8718178,58.36193384686395,1973.0757650780927,112.6057069365426,1550874489.2415066,318.744869756533,[61.74650022 124.28881327 165.54957621 186.48620987 206.34397804 248.16605121],[21.60845971 605.71241027 11.65912965 167.20206627 8.60904706 6.92096943 11.44003183 8.99337532 15.75931803 12.26675414],__,-7.919999999999959,318.744869756533,0.054568725077640295,C185,
20190222,529970458,1022,1550874500.5346909,58.31463589283797,1280.1623249571883,114.11569052582118,1550874498.3778682,323.4133540346099,[62.2231627 82.71776416 102.94748134 124.62667101 144.43451207 166.10173544 186.85319378 207.75221219 248.49817133],[25.06871772 628.48269938 7.74737773 174.56511287 8.2232667 10.63959871 13.851861 6.47017653 15.04485552 10.10069229 8.39571492 17.67523475 13.30592133],__,-7.909999999999968,323.4133540346099,0.06110611320572283,C185,
20190222,529970458,1023,1550874507.1547475,57.93562674307,695.8790727993303,117.00778781513394,1550874506.2738347,338.030303365698,[61.59175147 82.79650459 103.2625616 124.07518623 144.59821887 165.48077428 186.19817843 206.31374405 227.22676373 248.12185057],[27.61665503 539.50758948 4.31161258 193.57646559 9.5934605 9.22838234 12.66340891 7.37867896 14.80620625 11.04969942 8.88343619 13.95622374 27.6628315 14.06534528],__,-7.909999999999968,338.030303365698,0.041288980061455566,C185,
20190222,529970458,1024,1550874513.1263373,57.19596004007448,1096.072490688024,115.08987524357126,1550874511.3068657,317.4743695205086,[82.47753057 102.81119337 124.31684595 144.43561812 165.2888701 186.23720972 205.8665796 227.9397611 248.87138545],[25.41005409 576.78042912 6.31619923 160.13915631 12.0899484 12.14397971 5.75514466 12.25125976 9.66802574 8.89199826 13.5169093 15.04586068 10.60106562],__,-7.909999999999968,317.4743695205086,0.08595259743907878,C185,
20190222,529970458,1025,1550874520.7316215,57.28689968806811,1848.9138305877739,114.07709172090743,1550874520.1643963,319.31444332551933,[60.91503568 81.26251036 102.56230805 123.62575434 142.81969344 163.37007028 184.66775902 204.70586639 247.5213397],[23.76871495 667.30239875 11.24995257 172.08514453 12.21551175 12.07511052 13.4881868 5.82828979 13.50415122 11.75559032 10.81482875 12.76279142 11.69188841],__,-7.909999999999968,319.31444332551933,0.12038159450320668,C185,
20190223,530144820,1020,1550964968.1473184,61.559768365911104,2015.0802058830106,113.16114543296766,1550964967.2295916,333.2677069834716,[58.20155229 78.12089303 116.54404901 174.82024074 232.20090643],[21.35440169 576.41542367 11.46174598 154.203777 8.72266257 8.54335627 5.56562161 8.14462597 12.64716161],__,-5.449999999999989,333.2677069834716,0.09867512667410022,C185,
20190223,530144820,1021,1550964955.08662,61.246082464582656,1481.4392143714745,115.0750766225684,1550964954.4254475,323.14921143111883,[57.12839925 116.38367095 135.45379629 155.37527487 174.57433072 211.39905991 232.83049405 252.28347018],[24.28044716 613.228682 7.94720713 158.49525472 10.38980682 6.36492601 14.14720089 10.00508005 7.39437287 14.5550097 11.35577814 13.15321604],__,-5.439999999999998,323.14921143111883,0.07153000355654975,C185,
20190223,530144820,1022,1550964944.7481775,61.574097578661096,800.3487558369987,116.65212613531888,1550964943.6830702,329.35234061148236,[39.02625163 58.40115936 77.0591843 97.28842586 116.77107882 136.24510373 155.26313265 175.2542278 194.7802561 214.07192561 233.70146104 253.0428442],[30.00352586 550.83908153 4.69529839 180.88928124 19.15820916 9.49892676 18.83144911 10.85368357 6.0076679 11.93107756 15.26824494 8.21692835 17.44915113 25.35272931 12.87882754 15.21007162],__,-5.42999999999995,329.35234061148236,0.033789618528006174,C185,
20190223,530144820,1023,1550964938.6464589,61.62197360043961,579.9925371566928,117.26291488778206,1550964937.5318053,328.9211765558023,[37.88143529 58.30193017 77.27732701 96.71021537 116.65924351 135.76232126 155.24194872 174.86078675 213.85628691 233.15434613 252.06121119],[30.36399562 459.23035193 4.07480982 174.71539763 12.89644574 7.30191645 13.06809115 11.80552115 6.32562661 13.31786422 13.95412462 8.53679693 23.09213681 11.51161595 23.12365296],__,-5.419999999999959,328.9211765558023,0.056453234160633706,C185,
20190223,530144820,1024,1550961900.3714304,54.99083343423912,905.0225557830661,117.20797953792,1550961900.2144313,338.4963221928749,[19.86572607 38.96265946 58.81553463 77.97306664 98.26367749 117.73491011 137.64457525 156.78905662 176.628368 196.11457815 215.24541111 235.49004156 255.26795971],[28.92400917 646.55923326 7.51169577 204.31586826 23.74678964 13.42862837 8.38687686 14.37117597 11.04777676 7.57018403 11.72103694 11.4312006 8.27201336 15.97644657 21.31020411 12.44235439 16.88615034],__,-5.919999999999959,338.4963221928749,0.05337262819935206,C185,
20190223,530144820,1025,1550961907.3235435,54.70851811057012,1647.886848850081,115.73328487035482,1550961907.863561,337.2368926956697,[58.7466653 98.09323921 117.38875187 137.1751687 156.83376488 176.30802487 194.81055507 214.82831435 235.00904239 254.45412748],[24.41337674 693.26615854 11.86865611 195.20848896 8.21668412 9.50069469 6.55003922 16.14377053 13.50960878 8.88285415 17.54100324 17.66305436 12.13747896 17.11104268],__,-5.909999999999968,337.2368926956697,0.04426888914045538,C185,
20190224,530294995,1001,1551042832.0,69.99472684064312,1354.8458213020558,113.2189639363581,1551042829.4269462,331.0559399944084,[58.62030543 79.17819645 96.7654071 117.35857805 137.92674775 156.79745279 176.55624931 193.95357705 214.52129479 233.69708118],[27.72290657 632.62928809 5.62321325 161.88383466 8.20639773 10.5421853 12.55214667 6.27627508 11.02147224 9.77293554 12.46617335 16.197588 18.77969261 13.31842054],__,-3.4799999999999613,331.0559399944084,0.15445026423679042,C185,
20190225,530342801,1012,1551062605.972763,57.50858845249546,1986.4084619960527,113.52788039542536,1551062605.3356931,321.8069654552692,[123.78767107 61.70152601 164.92940962 185.72205843 205.77492322 247.48841942],[21.25612519 605.17328126 12.87092217 168.84297212 6.33814737 10.35620178 12.27103324 9.4502651 13.608505 11.72399076],__,-3.3899999999999864,321.8069654552692,0.0655538831016376,C185,
20190225,530342801,1013,1551062618.7061906,57.08741790953521,1593.916955581273,114.31060517635764,1551062617.6720042,319.9514604529781,[62.17578998 83.82366754 103.46024328 124.34891566 145.04677294 165.71443472 186.39191288 207.08679651 248.04496782],[24.31292055 668.93967409 11.46891784 188.36540947 8.56155719 11.64392066 12.26361225 8.06043295 13.37790698 10.00883478 9.28884869 16.98112383 13.2063474],__,-3.3799999999999955,319.9514604529781,0.07105943060319406,C185,
20190225,530342801,1014,1551062634.1706884,56.42737832256513,1156.4625127675988,114.97403804928625,1551062632.4883542,319.73657971026694,[19.66004424 41.21472378 61.9778986 82.65292058 103.39531137 124.10248371 144.69813066 165.42694436 186.08784673 206.60234445 226.28101822 247.97138819],[27.63967721 672.42105142 7.63885869 191.29183387 20.73784649 14.63819197 8.4157026 11.1592635 11.32639884 7.7823787 12.31237873 9.28573511 8.77985773 20.06741745 28.07812838 13.34829558],__,-3.3700000000000045,319.73657971026694,0.02992606020300277,C185,
20190225,530342801,1015,1551062648.175297,56.33344783370182,728.3393987852385,116.61051087638567,1551062646.8307483,325.11363856687063,[19.90088042 41.31297703 61.95145396 82.69520837 103.25729141 124.03552235 144.48909356 165.36452754 186.03686739 205.70042164 227.25827789 247.93776207],[29.39052721 547.46681111 4.748126 189.21884605 18.72808916 16.72710501 8.48551897 11.32437892 13.76988259 6.96837502 13.69543417 9.29111599 8.32721651 17.55947154 23.79516894 13.63366709],__,-3.6999999999999886,325.11363856687063,0.03619260155462025,C185,
20190225,530342801,1016,1551062665.3593657,56.23958361111817,584.3356347035624,116.93602918850874,1551062663.8839333,330.1359986788444,[62.05734387 82.41611689 103.22110158 124.33542471 145.28941472 165.73505789 186.43487467 205.363472 226.7250113 248.07887776],[28.19888024 472.19375889 4.07136759 182.5349736 8.33703344 8.64784945 13.07494702 7.1933065 13.99411992 9.36048304 9.12917347 15.86384256 24.08848411 16.78438249],__,-3.67999999999995,330.1359986788444,0.050770574927912204,C185,
20190225,530342801,1017,1551062681.3099508,57.61442357141474,619.0049328345202,115.56555959257496,1551062678.7074049,331.74161831314075,[19.00650857 40.77148204 61.67028684 82.46433776 103.07571644 124.08810626 144.66864572 165.26417006 186.06681095 206.37478963 226.9099057 247.97480674],[30.16189645 488.86494418 4.33587836 187.76414403 11.85842483 13.84128893 10.77932925 11.45941404 12.99331679 7.18533837 14.61088085 10.01759881 7.86314433 15.33467363 26.41869351 11.75817764],__,-3.9699999999999704,331.74161831314075,0.058383377744265524,C185,
20190225,530342801,1018,1551066104.6147866,61.76544541912044,284.99705207970857,116.87907948989319,1551066102.123293,332.1574412695339,[19.02377665 38.14677612 57.54613283 76.67548849 95.69708493 115.06614732 133.93533536 153.35365646 172.55590143 191.7266803 229.98561653 248.88048565 210.53126837],[33.72659337 289.01888019 2.53997418 186.69169576 13.45799217 18.5756936 10.04611316 8.28703951 12.12630668 6.8661733 15.95500589 9.7767709 7.95464327 17.35771503 11.64618025 18.93240007 29.77232413],__,-2.5299999999999727,332.1574412695339,0.026771100016364263,C185,
20190225,530342801,1019,1551066089.2258787,61.802128196185485,441.19732250261717,117.38233180744393,1551066087.90262,344.34125050842874,[19.71344597 37.77193538 57.78052574 76.93600653 96.29842307 115.47100036 134.7675051 153.79697951 173.24152697 191.83668961 211.67802176 230.84543278 249.65003403 268.14377326],[33.60020412 404.5511246 3.40537441 195.99768589 19.04120826 16.20539524 10.14451801 9.03121382 12.33309559 6.75288778 12.52394599 8.98904656 9.38355279 19.2252355 25.83661002 11.1768731 37.72872744 30.09317309],__,-2.519999999999982,344.34125050842874,0.04050701116308955,C185,
20190225,530342801,1020,1551066073.8940663,62.08882506179806,633.4731978193556,117.18078803996082,1551066072.9829388,343.76885116420846,[38.30339005 57.34912347 76.43054143 95.5513828 114.98101104 133.41840106 152.80018573 172.07129737 191.38086494 209.41362534 229.31786909 245.87891053 263.32381977],[31.63622577 496.18596344 4.01046621 190.30714265 14.60603758 10.08210237 10.65971773 12.50263598 6.58738882 11.52799187 9.04727034 8.50606034 16.72769687 21.82114374 12.24241633 26.82697331 26.83864082],__,-2.509999999999991,343.76885116420846,0.07544585568461451,C185,
20190225,530342801,1021,1551066059.4298844,61.02323477944955,1061.1820553947693,114.38657406614011,1551066056.9240448,334.47401033469305,[37.84311561 57.42097467 76.69069376 95.08319893 115.58991767 135.41229503 153.72633001 173.05933095 192.00954958 211.70596695 229.4130658 247.61522648],[28.58764235 625.91359454 6.75610056 184.0582306 18.05759147 10.62489251 12.54943307 13.57206609 6.33857737 16.85104818 10.86563007 8.99557469 13.88826982 16.91526376 12.88719787 22.09151709],__,-2.509999999999991,334.47401033469305,0.1268271902675289,C185,
20190225,530342801,1022,1551066047.2900722,61.22088972800487,1676.3960683862663,112.55255232448413,1551066044.7129064,324.91339620438004,[37.36698376 57.6606102 75.99332298 95.55829005 114.80648378 133.6007385 153.06480112 172.16449823 208.53278385 229.22257823],[25.9607251 690.37481058 10.20519814 183.41651643 15.28076245 14.19335827 15.1838887 11.19752232 6.07908497 15.22097228 9.60505696 9.74413584 19.12403125 13.43148525],__,-2.5,324.91339620438004,0.06758251665420632,C185,
20190225,530489496,1006,1551134486.9354134,59.51570192416519,2004.872464175537,110.49499475875808,1551134483.2564046,323.2751074628804,[57.1270849 116.72608611 174.41714771 229.82474623],[20.31156526 550.57337806 13.98838115 159.27655296 5.84758581 7.81952612 11.91700949 15.8097957],__,-0.6200000000000045,323.2751074628804,0.1251545819159899,C185,
20190225,530489496,1007,1551134471.927358,60.41258650988987,1985.237193512707,112.26164503781904,1551134469.9727952,326.9383343630242,[61.41391081 74.9266737 94.94964829 114.86719642 132.55004124 152.95332792 173.50120012 209.66337398 229.57399405],[25.19669377 688.67998074 12.21150225 184.22906432 6.48335708 10.8936416 12.83143611 7.40124222 10.17013315 14.74011605 11.01017745 21.66127015 15.34303338],__,-0.6200000000000045,326.9383343630242,0.1902979941597749,C185,
20190225,530489496,1009,1551134442.39314,63.126540759560996,1499.3925467985275,115.38802106279142,1551134442.2236168,328.4260353906136,[67.21664539 95.37910006 73.89925744 115.05677304 132.40268074 151.17592436 170.8287189 207.77243096 227.14109878],[25.7149104 676.2436229 10.19965208 198.56611031 9.59946432 11.21355808 9.65587175 7.89373491 12.93645348 13.24476089 13.29925713 16.9782755 17.57437346],__,-0.6200000000000045,328.4260353906136,0.22859048571162466,C185,
20190225,530489496,1010,1551134428.6823163,64.48910380263494,1126.2383679136726,118.20279700247275,1551134430.50858,354.82291510657916,[77.34513855 91.93958335 113.19761111 152.07383044 171.08803803 206.34310741 224.46895421],[24.22373774 578.30554357 6.31008904 171.95604613 9.40540823 8.99861714 6.22194076 11.91145886 9.90599734 15.28619799 13.55516555],__,-1.079999999999984,354.82291510657916,0.21068867130093294,C185,
20190225,530489496,1011,1551134415.0,61.585678745972075,910.9495859651857,119.98719485449523,1551134417.6942801,336.96823441044415,[92.27866587 112.4857251 130.31931214 149.97437766 168.65110842 206.54597224 224.69544425],[24.54489065 518.67083286 4.67775764 158.81550169 11.60105559 5.49378699 11.87555109 10.30662764 8.16604046 14.76599974 11.802244],__,-1.089999999999975,336.96823441044415,0.106181200162418,C185,
20190225,530489496,1012,1551134398.1575851,58.10715685348139,995.5206800307566,115.67855829119416,1551134396.331034,308.3767194286348,[37.44802393 55.99314775 76.09410019 94.98653197 114.58182527 133.70338948 152.53680555 171.72747591 209.81748436 228.91214631],[27.18095668 594.7668766 5.80724707 170.14263076 12.32256327 13.38424695 10.93220249 7.95598281 6.53854363 12.08680392 10.77383721 9.24414847 19.20432224 13.84130213],__,-1.099999999999966,308.3767194286348,0.08377274183624005,C185,
20190225,530489496,1013,1551134379.199445,61.781438792402724,782.6923399606732,115.81514692335242,1551134377.197781,338.58158387894446,[58.20805077 77.10167013 96.1204363 115.85001245 134.60920393 154.16569132 173.86131182 210.13694472 231.78640313 250.94024608 193.32295778],[29.00567329 541.63272792 4.68836199 181.22057772 12.6414134 10.57401244 9.37309507 6.79860007 12.19240541 9.81981641 8.47322663 19.43910987 11.09678483 19.80652366 18.52515789],__,-1.099999999999966,338.58158387894446,0.07742777399982594,C185,
20190225,530489496,1014,1551134363.5888636,63.06024410019669,417.58784655126567,117.95102200794999,1551134362.7145016,333.42187497639213,[36.96407849 57.40376775 76.92987409 95.96428185 115.1821821 131.59848203 153.56917822 173.00705995 192.40889151 212.678237 231.15873874 249.67400337],[32.37166599 380.24319892 3.17673642 177.39888771 15.4739577 14.99415245 9.71712947 7.41719571 6.31299878 12.10142211 9.82153868 8.82796593 16.92364085 23.25829264 12.07356712 21.46430641],__,-1.1099999999999568,333.42187497639213,0.12143604164417611,C185,
20190225,530489496,1015,1551134350.8728652,62.582379411307095,302.05720953022717,117.53683506725284,1551134349.048761,323.3939507186577,[56.75964884 75.87903083 95.08450463 114.59470975 133.4259451 153.01452623 172.08767834 190.27401851 208.45080971 229.33380333 247.16241273],[31.99632358 263.45559075 2.09910036 171.39970825 10.7024778 10.27305726 11.16035303 6.47480498 11.8403742 8.98556765 8.3219895 13.35812366 22.52096212 11.8511589 20.40316929],__,-1.5600000000000023,323.3939507186577,0.09501802000800467,C185,
20190225,530489496,1016,1551134334.4537847,62.84322048222529,510.75857493471716,118.77960647185252,1551134334.6520498,329.6566657968416,[18.11824964 37.48795963 57.29975885 75.99375484 95.70946137 114.64495545 133.73533239 152.79898022 172.13102209 190.35243866 210.50587104 229.0139622 246.78024451],[32.82962846 406.15664862 2.90275485 182.25661453 16.2871751 17.36231212 9.9756712 10.91905132 11.6254176 6.64980294 13.55949097 8.93640661 8.96204464 14.44708361 19.71261807 12.18575821 21.55095542],__,-1.5699999999999932,329.6566657968416,0.08343389196576509,C185,
20190225,530489496,1017,1551134321.6723256,61.98735658357755,923.0316761903466,115.66762207516337,1551134319.9210513,322.6218526240249,[57.10195448 76.25942615 96.04311417 114.39276357 133.47259251 152.52134774 171.63558538 188.90911264 209.72824695 229.10152137 248.69195839],[28.77164788 574.75930452 5.22963729 171.29350763 8.68346933 11.55588193 9.09148388 7.26696403 13.5013949 8.90738951 8.49104573 17.09541753 16.87308694 11.96160726 21.95314934],__,-1.5699999999999932,322.6218526240249,0.07406199966199215,C185,
20190225,530489496,1018,1551134308.0249743,61.940801150645434,1463.615868816906,114.75153555103839,1551134307.013035,335.77157625476445,[57.48675257 114.32734369 132.87929513 152.20695796 171.55045971 208.17098969 228.54809398],[23.46392007 598.58640375 8.21354045 162.17760274 8.36174804 5.33657457 13.66442701 11.68352282 8.92633598 16.77676104 11.94292646],__,-1.579999999999984,335.77157625476445,0.06719830082321765,C185,
20190225,530489496,1019,1551134293.2572138,60.95038408707864,1945.9254544110538,113.46148573176016,1551134292.3219764,326.02511991566587,[57.31958966 76.26339037 114.45487263 152.38614911 171.7868111 190.69313905 229.25533125 95.20588044],[23.8118271 647.01196659 11.56261503 162.09205806 9.00057954 10.1128452 6.02768252 10.29764667 9.72028661 12.45135974 13.73055966 10.04461585],__,-1.589999999999975,326.02511991566587,0.11294463924562828,C185,
20190225,530489496,1020,1551130932.198058,55.817862786700076,1776.4797078194954,114.19450246166703,1551130931.519837,316.5089821113808,[61.5807382 81.96420801 102.58844994 123.25535713 144.08638187 164.20282924 184.76492014 204.87426615 246.37395821],[24.1844226 670.83918128 11.37471431 172.9793027 9.22151494 9.99949317 10.68119964 6.13238007 16.17314326 9.61908838 9.06315125 17.58473383 13.99745522],__,-2.7999999999999545,316.5089821113808,0.06841917069625693,C185,
20190225,530489496,1021,1551130945.0,56.90267010766232,1188.4166666354854,114.81724990555571,1551130943.288996,324.62084024266034,[61.67870475 82.28676972 102.78770007 123.66253064 144.00025402 164.77509922 185.41700526 205.04777104 225.98723556 247.01451339],[25.85472954 620.79719678 7.27197755 171.79538601 8.71210519 9.69064595 11.10279975 6.89304389 13.27675659 9.63767319 8.13028683 14.29009906 23.05961645 12.12655881],__,-2.7899999999999636,324.62084024266034,0.050804694382923864,C185,
20190225,530489496,1022,1551130954.0214167,56.898841549966065,794.7871632228325,115.66214407808536,1551130951.998121,325.8186990861518,[61.87793895 82.26703658 103.02148806 123.67979192 142.88791756 165.04520607 185.66622817 206.11518726 226.93869607 247.44852472],[27.3130642 523.73772954 5.08185781 172.69833466 9.01225909 9.04349634 14.20917695 6.66363765 17.13961074 9.0129475 7.58119413 14.14994714 22.43046363 11.28460096],__,-2.7799999999999727,325.8186990861518,0.0446829129114981,C185,
20190225,530489496,1023,1551130958.4760785,56.93380507441661,1145.9928246024874,116.96223212111512,1551130958.7916448,328.15481015613125,[41.08448983 21.13327649 61.5542751 82.47272029 103.12696917 123.8127364 144.38471348 165.02751825 185.73113871 206.28576119 227.20934158 247.64992239],[27.52310681 668.46340414 7.33017142 195.52083251 14.15712904 19.17623029 12.91407209 9.90598846 10.58516459 7.2822384 13.59846893 10.12248405 10.04734075 14.78122612 15.16646998 13.66785015],__,-2.769999999999982,328.15481015613125,0.05697615515533684,C185,
20190225,530489496,1024,1551130963.846987,56.13855271770184,1981.3298513136942,114.16896943834126,1551130963.7433507,314.8939876042887,[61.62788927 82.63057885 102.77093295 123.60824215 143.88141584 164.76336283 185.38028696 205.57276075 226.53942028 246.96630787],[24.08634651 698.13117816 11.94876954 178.67816997 13.67801373 15.26912524 11.31566659 6.46357849 11.7830958 10.08418515 9.83108933 13.4686246 18.45108215 11.96725474],__,-2.769999999999982,314.8939876042887,0.060913988090844244,C185,
20190225,530501643,1023,1551136174.1848698,52.36084586111355,1431.0851179681115,114.60214195531688,1551136172.963021,331.9244068857519,[39.17922192 58.79697575 78.7659917 97.91511227 117.59729188 137.10763224 156.7289363 176.32163952 195.77075607 215.07840337 234.90899685],[25.42418363 720.75693214 12.72253167 216.60605803 8.54117173 7.79119435 16.15479623 9.23808446 7.81771297 15.1650185 13.38336487 11.45945795 15.99104731 20.61435421 18.80224893],__,-2.329999999999984,331.9244068857519,0.02604000790464607,C185,
20190225,530501643,1024,1551136179.40581,52.18389520259625,791.6186876985396,116.42130643893837,1551136178.0872998,331.7422545168714,[18.75378954 39.06861097 58.98173198 78.58518737 98.25347029 117.93902867 137.5996018 157.09571683 176.92407837 196.35148619 216.01213795 235.73991057],[28.04587355 605.45057865 6.55795496 202.10931211 13.34019039 13.69177711 8.49353351 14.42897552 9.93845583 7.33579148 11.0361442 11.60331058 8.26414053 14.34798252 16.57704258 13.72214848],__,-2.329999999999984,331.7422545168714,0.03965093648883047,C185,
20190225,530501643,1025,1551136185.3465474,51.662968025930354,1014.545678601381,117.03840102908877,1551136185.2058885,319.75963275284636,[18.96656301 39.089538 58.7982575 78.48283063 97.92501156 117.53321388 137.10400593 156.59858493 176.35690125 195.61386531 215.385038 235.07973556 254.34074144],[28.03607109 671.909853 8.3393204 200.80486901 23.29333665 18.3978064 8.30779139 14.40084319 8.88458553 7.40724188 11.37225664 10.96315293 8.53685568 18.42805237 25.17305048 13.69480976 16.13778669],__,-2.329999999999984,319.75963275284636,0.03979731894188404,C185,
20190225,530501643,1026,1551136199.8511028,52.90464701223329,1559.9805419492855,114.74923898518959,1551136199.1242652,321.70310259202887,[39.04035411 58.54462672 78.30855734 97.50318039 117.16833846 136.50090503 155.86779219 175.64498465 194.87964177 214.43389858 234.37291532 253.16395001],[26.17032322 737.08660027 12.0918171 205.17542134 16.75260686 7.40490637 15.0401557 9.11860074 7.64318178 14.47275118 11.17951826 8.99166243 17.46787302 21.19043279 14.97131327 20.47877895],__,-2.2399999999999523,321.70310259202887,0.03819324290994842,C185,
20190225,530501643,1027,1551136212.7091842,54.49888024493227,2029.5329662147253,114.33595347673828,1551136213.0189123,338.37439558421494,[38.94342763 58.7839165 78.82129362 97.83777709 117.52378097 136.61069121 156.86845459 176.3798279 214.84782633 234.47223009 253.97981428],[25.14114301 749.12385619 16.77521605 221.1746229 14.85632773 7.46956105 17.3757143 12.07515476 7.31969833 15.84187598 13.09050795 9.5952748 21.33042111 13.94142916 24.29411378],__,-2.2299999999999613,338.37439558421494,0.05809252702660304,C185,
20190226,530681886,1005,1551217667.696422,60.93907858865383,1856.5265194873903,115.55304753663138,1551217668.9157264,350.2060214147785,[40.78557707 60.80807817 82.46050478 98.98279975 120.18192854 140.50348866 161.32685893 180.4853743 196.80808731 217.9657758 240.17684023 261.03179108],[26.82000001 751.50339088 11.94738343 209.27563318 13.42383358 9.26935541 10.82279465 12.60115997 7.54238027 12.38281293 11.10881547 10.45550233 15.57183756 24.03234974 15.61790208 29.12077924],__,-1.17999999999995,350.2060214147785,0.24172941851156027,C185,
20190226,530681886,1006,1551217679.4444973,58.73276732415567,1403.8540944795254,115.49078029819435,1551217679.250779,334.64449807161145,[102.31353346 122.1605146 163.49993989 183.61566265 244.80874605],[20.78471258 534.439896 8.657339 146.62081536 9.22305316 5.50656806 8.64085318 8.44054828 10.16395267],__,-1.1899999999999977,334.64449807161145,0.10410163382341767,C185,
20190226,530681886,1007,1551217697.4367259,55.60642533300582,1318.7453417525796,111.30135858856613,1551217692.5741234,313.206276109989,[61.27011768 83.28279967 101.59585615 123.07770939 142.75812666 164.20308961 184.51991628 203.42159453 225.18113889 245.57236644],[25.4445646 662.79802748 9.20357598 185.68649922 10.80798699 10.02799575 10.07887533 7.52516931 12.13476917 9.48430457 9.04412507 19.91184489 23.65714028 12.58685123],__,-1.5699999999999932,313.206276109989,0.11307937452546209,C185,
20190226,530681886,1008,1551217714.8410363,54.96112061919204,1273.4711850254148,111.60024547441068,1551217710.1131568,322.41370002326653,[40.50705499 61.50397506 82.04775778 103.10972518 122.87799678 142.36035696 163.74176766 184.13632905 204.56920422 224.36071877 245.34786407],[26.1149443 671.93294682 8.67383741 188.40589638 16.27854396 9.37291523 10.84331887 8.86278545 7.21863326 14.51334852 9.24113811 8.99387669 19.43347476 24.8524806 13.75330004],__,-1.579999999999984,322.41370002326653,0.07815586317049959,C185,
20190226,530681886,1009,1551217730.3337567,53.73422694170037,736.4040556093898,114.40109826294265,1551217726.8720505,331.89223826226913,[61.84891821 81.43908212 99.74751035 122.19410408 142.84281011 163.01437791 183.3254609 203.39437187 223.00588826 244.05343014 265.01610025],[27.71426762 542.54219286 5.70020066 189.02709174 9.59126942 11.18242677 8.75672681 6.96069928 11.00938856 8.95656333 8.09284104 18.73445883 36.57349111 11.66434681 29.21124904],__,-1.9099999999999682,331.89223826226913,0.07047920188123717,C185,
20190226,530681886,1010,1551217745.7728431,52.39502452547654,462.158034113956,116.9196814074056,1551217743.7341108,322.964618354278,[40.42386008 61.04182181 81.29995311 101.40002124 121.96421556 142.15037109 162.53572629 182.88541992 203.03108519 223.69470426 243.68375335 263.84599583],[30.152024 429.01869737 3.96280017 196.45112044 13.66726559 9.32706621 8.00454586 11.64838819 7.47293737 13.18449228 9.74955542 8.13920082 18.86867087 21.27173477 12.7974499 25.13736479],__,-1.92999999999995,322.964618354278,0.03812236936678645,C185,
20190226,530681886,1011,1551217760.1358721,52.68290722675104,571.2816683015054,117.16457429103407,1551217758.8479314,332.52825822495015,[19.97560766 40.21160232 61.55658295 81.18995899 101.42432997 121.79571223 142.09643801 162.22683083 182.66505682 203.0577539 223.15157974 243.42014137 262.55508929],[30.09706879 522.27590502 4.97759441 214.3752827 18.34821986 22.76077896 13.81300365 10.47555423 10.23779273 8.09625998 10.91218064 11.41052095 9.06308592 15.13065645 15.64190673 12.68819149 24.44475971],__,-1.9399999999999977,332.52825822495015,0.0407235423100572,C185,
20190226,530681886,1012,1551217776.2445517,52.87921037663158,995.9352285707664,115.764752219723,1551217774.9018335,331.8742696711355,[61.36853044 81.39289072 101.81330019 122.29862432 142.6625155 162.83187971 183.36841443 203.45768284 224.11158747 244.47069887],[25.34268776 636.21661621 8.17314328 203.01672366 18.2266149 10.4595909 9.65816267 7.86874986 10.179105 10.61308185 8.818254 15.08350204 15.34663167 13.01106257],__,-2.2199999999999704,331.8742696711355,0.02821281091677966,C185,
20190226,530681886,1013,1551217794.3643103,51.776387292260246,1254.5154285994115,115.30589540995115,1551217793.292826,327.07889230380806,[60.71663316 81.53603186 102.00084159 122.43054138 142.8061179 163.11838585 183.58059495 203.29835225 223.84150656 244.73587048],[24.53529899 665.65745373 10.04661753 197.20986934 16.87520627 11.84897002 9.26017118 7.46519582 10.83280531 9.91242198 8.29597386 15.15009542 16.3009746 12.726735],__,-2.2299999999999613,327.07889230380806,0.038182315217261974,C185,
20190226,530681886,1014,1551217815.7554069,50.169440995700356,1579.8590562046045,110.88290833647767,1551217811.1463807,315.9091772384285,[40.30214089 60.67732442 81.26840712 101.69074333 122.04644666 142.51467941 162.96392077 183.18285835 203.76883208 223.78772961 243.69705886],[24.42627612 714.26404183 12.61059555 200.88260838 15.85643413 12.53871197 13.27508797 10.97023099 7.24186022 11.3667484 10.0573627 8.90753685 16.05062725 16.31017358 12.3290292],__,-2.4499999999999886,315.9091772384285,0.05387669562979466,C185,
20190226,530681886,1015,1551217834.1151547,50.147889709250194,1927.5652437431681,113.37681797490238,1551217833.0251367,313.909772366623,[60.01333605 80.18987394 100.9522605 120.86518131 141.11804028 161.03599126 181.29275405 200.84784328 221.96968411 241.87561168],[23.42807637 717.87238496 16.74251761 210.40633075 17.75571068 16.56599568 11.74877852 7.18192793 12.28131888 11.12386165 9.52868828 17.32758285 16.76455415 12.69619371],__,-2.4599999999999795,313.909772366623,0.04787164879052426,C185,
20190226,530681886,1016,1551217854.1411953,51.57999513073272,2052.835641265519,111.09542603321891,1551217851.2072067,320.73150715178076,[60.720378 80.1482113 100.73566029 120.95252028 140.91041879 161.23427113 181.27334926 201.77162845 220.41220006 241.57932324],[23.47631652 711.26829803 14.66351935 192.10790314 12.23554472 11.9860194 12.71730135 6.53988023 13.09521762 9.57778199 8.80419758 15.20359265 17.60100094 12.0956358],__,-2.4699999999999704,320.73150715178076,0.08557771070261319,C185,
20190226,530681886,1020,1551221247.5538828,60.55536068426866,1867.0855200978428,113.75195696802189,1551221246.7236369,317.9349363099609,[115.80375457 153.87670474 172.98656667 211.37649539 229.99555279],[20.92597807 564.51913316 8.79670404 148.34928927 5.65663382 9.29167129 9.39363952 12.16398456 11.85392564],__,-1.099999999999966,317.9349363099609,0.15258937757826208,C185,
20190226,530681886,1021,1551221239.6597342,60.86607803599507,1027.4607902463317,114.80574375810211,1551221237.5180175,332.390273347063,[77.14725052 95.95984669 115.51150591 134.15499989 153.87198556 173.27021513 210.77136793 231.08964661 249.99766146],[26.05066313 603.01191829 7.41644864 185.99068038 11.46478945 11.4781637 7.47112199 12.74770698 11.30512614 9.12807755 15.97437665 12.27180493 17.09578044],__,-1.099999999999966,332.390273347063,0.06630687556192244,C185,
20190226,530681886,1022,1551221232.668682,59.650684575711814,275.7644477270386,117.70091113998124,1551221230.9139214,324.8760707626672,[18.49925664 38.48518589 57.57648715 76.83718047 96.11257135 115.48432761 133.82173588 153.79255709 173.05732087 210.41633604 230.76082448 249.82476389],[32.61065473 276.84490981 2.49714139 183.1345433 15.42286797 19.58859758 14.88156235 7.2874294 12.16747481 6.30043723 15.10777652 9.4207735 8.51803229 26.68607216 12.49059732 16.853927],__,-1.1099999999999568,324.8760707626672,0.05719911843839424,C185,
20190226,530681886,1023,1551221230.0590086,59.70162202298431,864.4314759154,116.25714223078141,1551221228.8426511,337.05530197119236,[38.69936474 57.65848142 76.51342806 94.91817392 115.23565903 133.92858293 153.36340218 172.84387153 191.60226781 210.56460556 230.5888363 248.99608072],[29.1178132 580.16817972 5.42113896 187.99124733 16.50165557 9.48791639 14.5102844 16.75326883 6.24200191 14.33105377 10.6189457 8.81580957 14.49221647 18.13614635 11.15825979 22.87568405],__,-1.1099999999999568,337.05530197119236,0.0705517052364842,C185,
20190226,530681886,1024,1551221229.0534463,58.6111431430722,1870.6572401205863,113.844234896727,1551221228.3289218,341.20002398640867,[114.9861699 133.80891112 153.2782918 172.26335303 191.64352158 210.08382572 229.80255892],[22.05898994 624.94690571 10.30538707 174.21364492 5.9277961 13.36826395 9.66836955 8.92440667 13.00691286 14.80202836 12.34010836],__,-1.1099999999999568,341.20002398640867,0.07061062810164236,C185,
20190226,530501643,1023,1551139279.2908843,61.18890511102754,1549.1514915088903,77.65790342243683,1551139241.4282894,326.94564076896165,[38.9089522 58.97182768 77.83505352 97.74199032 117.87115017 138.16268788 156.87745795 176.71141639 215.68015316 235.74691829 255.1212245],[26.93844706 699.88340037 10.50857224 187.23052691 12.43274673 8.17689483 12.61753773 10.56564816 7.63809331 15.15143448 14.26760604 9.30408218 19.32838501 13.43004043 15.87583843],__,-2.099999999999966,326.94564076896165,0.050383249084985995,C185,
20190226,530501643,1024,1551139272.3555596,61.04915203668054,858.1409542267708,69.60886029356509,1551139224.350337,324.54705648063197,[19.26601068 38.89370029 58.91807854 78.16745961 98.09840472 118.01320671 137.4959284 157.11762794 176.92879583 196.79026517 235.82630451 255.29593052],[29.85497966 585.60036676 5.23646547 180.73938164 16.11766891 13.46293214 8.53351589 12.656265 9.45943962 7.48331567 11.76375501 10.96496208 8.69272218 16.46217983 14.42034701 18.35186262],__,-2.099999999999966,324.54705648063197,0.04079462297814749,C185,
20190226,530501643,1025,1551139263.1366627,60.779106384547255,724.5359452180411,60.597348549179095,1551139205.6870377,325.05319631462737,[39.18733577 58.89017183 78.03144923 98.33200513 118.02723378 137.48333158 157.43801745 176.99866634 196.44719079 215.78708873 235.63693588 254.09087879],[30.37400381 537.36500434 4.32238692 183.91370418 12.6171304 7.4285034 12.65468804 11.02418884 7.58839959 11.62468688 10.50854048 9.23390285 15.79417875 21.24603052 14.97599109 29.56010667],__,-2.089999999999975,325.05319631462737,0.0430870552853231,C185,
20190226,530501643,1026,1551139249.612715,60.73755760619707,1096.030686165009,47.16735155186245,1551139179.8521228,322.1292939991337,[19.14570346 38.9690927 59.021041 77.92275498 98.21896599 118.15975298 137.43718687 157.49092866 177.15830809 197.18374305 216.57480602 236.07149062 255.00356317],[29.64955867 661.8317071 6.54790925 185.16587889 17.55121217 12.14499487 8.41979678 15.98201515 10.53536871 7.48279054 14.66010053 10.69779465 8.27647159 16.82252325 19.21875751 13.22183413 20.47318244],__,-2.089999999999975,322.1292939991337,0.0562598440133869,C185,
20190226,530501643,1027,1551139234.7407212,61.14508989490509,1405.778061367738,32.16187078920918,1551139150.926089,322.37016090181106,[19.23702397 39.40834958 59.21510398 78.83407057 98.63631834 118.37547839 138.16614903 157.95608487 177.55327611 197.15371407 217.13133358 236.7387866 255.76624228],[28.83725516 738.08719055 9.83744503 206.34561372 15.56196317 12.81359142 9.01587758 14.81607337 12.15763784 7.84521561 14.66285149 12.68187894 10.32570938 16.63681905 17.98297372 14.2509331 24.39412135],__,-2.079999999999984,322.37016090181106,0.05447512051948119,C185,
20190226,530672521,1020,1551217495.3403487,63.49759427339298,1953.3576817560686,115.00127993505366,1551217496.1824808,342.21803940682105,[37.62637714 58.44735635 77.23967221 97.75110147 116.77448313 135.07100707 155.98359607 175.41271627 213.53805405 233.43388507 253.79019173],[26.75950164 728.49920036 11.28948057 193.14029065 14.01274045 6.82695233 15.21219652 9.67098127 6.85667332 14.61737774 14.68706869 10.28515489 23.42481935 15.01751418 27.07436394],__,-2.7099999999999795,342.21803940682105,0.08742330907343224,C185,
20190226,530672521,1021,1551217482.6333249,62.56809542374098,1505.1180618246099,115.73001265649422,1551217482.8327286,333.60032395096283,[58.48833258 77.07199806 97.35080303 116.74896585 136.07801044 155.36641707 175.0548467 194.44781639 213.18448014 233.61949894 253.2395169],[26.8904171 689.05364244 8.17566667 184.71474084 8.03011559 21.51751364 11.97257643 7.29507575 12.4062982 10.80531445 8.6233163 16.80276456 21.53195857 13.32105872 15.31444084],__,-2.7199999999999704,333.60032395096283,0.06311070285631883,C185,
20190226,530672521,1022,1551217472.4564457,61.49364975238859,949.8047284871524,116.06132853020057,1551217471.3239734,335.228576709651,[38.02109396 58.33267595 77.13840433 97.16299775 117.0258212 136.09633585 154.84108368 175.51778853 194.00755852 211.51765975 233.7772952 253.63036673],[29.1894035 603.89283111 5.52722824 183.31612519 15.59811086 8.87238314 15.525903 12.54867973 6.22617056 14.33146726 12.90270253 8.10822242 16.10866651 19.18902895 13.18744346 16.42513684],__,-2.7199999999999704,335.228576709651,0.11809630131624817,C185,
20190226,530672521,1023,1551217463.511382,61.00480622941179,646.2059425516469,116.0958222866006,1551217461.4246297,334.11577278898164,[38.99262515 58.79986461 78.36118129 98.26143156 117.54685232 137.40878007 156.7351927 176.46622845 194.65745173 216.08331834 235.4645546 253.71957643],[30.70997707 502.20521083 4.32339155 182.96086827 15.26570929 7.04119992 13.10383557 11.3958524 6.93705517 12.78191201 12.26584202 8.10352272 19.60874099 20.68415124 12.35082853 23.08469686],__,-2.7299999999999613,334.11577278898164,0.06074665358387407,C185,
20190226,530672521,1024,1551214026.5988386,52.609214202673094,703.7126314250195,117.97320059947664,1551214026.5316117,327.6804490500698,[39.22261728 59.14127308 79.15357821 98.53619446 118.2231404 137.84233667 157.66990686 177.42008663 196.95087706 215.77009452 236.38355801 255.83320881],[28.68226339 558.79462395 5.8785492 196.64941644 14.4985483 7.89873908 15.68793287 10.08522052 7.14965242 11.23734758 10.72705959 8.34704175 13.85876759 18.71698531 13.31810711 16.0857221],__,-3.2399999999999523,327.6804490500698,0.03858762350725509,C185,
20190226,530672521,1025,1551214034.6120384,53.2841981269798,1364.361452025168,116.50034383693084,1551214035.0495067,330.36841079362586,[59.33994067 78.61338952 98.75755294 118.51649227 138.30127687 158.12992269 177.85613436 197.8088916 217.12220417 237.08907576 256.7656908],[25.43050703 692.03850283 10.49708698 198.41150096 9.15614503 15.66833968 8.94651568 6.95997016 12.8953158 10.93676863 8.92590516 17.43266777 17.2354916 12.38548813 18.66284569],__,-3.2399999999999523,330.36841079362586,0.0407735647519949,C185,
20190226,530672521,1026,1551214050.748284,53.79857980269047,1965.756565120122,113.87329610481615,1551214050.3281999,334.30277820801854,[38.11594389 59.14628094 78.48836996 98.57823359 118.37856673 138.10620048 157.81509795 177.50684323 197.2491916 217.08261669 236.86903281],[24.85091176 736.77535954 15.03579633 205.4628994 15.21819046 8.42044602 15.02688107 9.26001581 7.29196401 15.07080186 10.84958894 8.64141214 16.95367349 19.97491433 14.43278777],__,-3.25,334.30277820801854,0.04407296821524192,C185,
20190226,530695031,1012,1551223147.2185392,55.324343096726146,2039.5030874857273,114.12215664369403,1551223147.3010457,326.28091535483026,[38.95319257 58.8885753 77.52879138 97.68826218 117.47460147 136.92522528 156.50613647 176.18307334 194.82851168 215.03691665 234.68602371 19.10780052],[26.07024727 760.86240942 15.6335818 206.25586947 14.14507067 8.19350962 12.28552365 9.06849132 6.90161209 13.14745514 13.11994615 10.98617162 18.49239396 19.11898062 16.30637321 17.45794399],__,-2.17999999999995,326.28091535483026,0.056769925188289404,C185,
20190226,530695031,1013,1551223164.4704552,55.77597443945765,1898.1465585321964,112.55358190828503,1551223162.5934281,330.49327676921035,[39.23287609 58.97796494 77.75699748 98.24892538 117.81538208 137.57652351 157.1864912 176.85180348 196.19057718 215.7857765 235.57050142],[25.33758578 730.89329146 12.99123351 199.98757476 21.2867177 8.52064645 13.34687444 10.00891434 7.29137726 12.42162097 10.37894674 9.04985414 18.11947301 17.22317148 14.19525018],__,-2.17999999999995,330.49327676921035,0.035315786896513116,C185,
20190226,530695031,1014,1551223180.3983164,56.338360089375726,1772.4488900226027,113.98766783247339,1551223179.5306804,331.5096310773962,[18.68517213 38.94939607 59.03508525 77.70836262 98.33572644 117.82077256 137.48212151 157.26882053 176.88318086 196.56968406 215.96629802 235.68304662],[26.45412253 745.37573196 12.60242091 201.66246552 16.41147302 11.11392002 8.07824672 13.64759716 9.31998218 7.6154644 14.47367774 11.11304832 9.57755814 17.76441289 19.17255907 14.98494331],__,-2.3700000000000045,331.5096310773962,0.04186779439150088,C185,
20190226,530695031,1015,1551223197.3401153,55.92654322952542,1543.846609878821,114.00127328021411,1551223075.793219,330.01452404017374,[19.84974731 38.31135294 56.65209375 78.59526517 97.03068935 116.66750409 136.70178193 158.86854848 176.38537058 197.66140735 214.11466529 237.43675392],[27.74078347 740.0601402 14.35969821 198.67293689 10.07165087 13.5386555 14.77044356 8.66078882 12.34561799 17.89042963 13.20024189 8.60773432 16.39416786 12.9839761 13.20970049 12.65152661],00,-2.3700000000000045,330.01452404017374,0.28282544164073237,C185,
20190226,530695031,1017,1551223231.6857622,55.76836562229844,1398.8103223608948,116.1433016596075,1551223231.8283746,325.917858126619,[18.58144315 39.19829074 58.65777719 77.82259372 98.02539597 117.67161924 137.53783232 156.92444062 176.58265931 195.51304585 215.74315789 235.38867834 255.2359273],[27.69900565 722.24619701 9.554787 193.31999726 13.2206591 12.54723759 8.29677774 14.60145532 10.37493478 6.80296189 14.47064795 10.53802978 8.93534222 17.88588996 18.53700437 13.68420339 29.87537714],__,-2.3799999999999955,325.917858126619,0.06998157984391684,C185,
20190226,530695031,1018,1551223250.2174134,56.37969980646927,1133.6283128576815,116.07604952762945,1551223249.4036283,323.4103078963414,[38.85785089 58.63073907 76.69086975 97.80878675 117.08065671 136.50871265 156.32412585 175.76586892 195.42564461 215.08239271 234.71500971 252.77966165],[27.83658169 661.06353556 7.62235506 185.19832042 12.40827822 9.05375139 12.70190082 11.0593793 6.35557957 14.78567618 10.86916219 7.84130434 17.51006878 22.27354848 15.50813446 33.07924238],__,-2.3899999999999864,323.4103078963414,0.059201288008981896,C185,
20190226,530695031,1019,1551223266.2510884,58.8158509061089,771.7434550161234,117.70784004578672,1551223266.1496944,337.7547159292081,[19.5479267 38.86652662 58.62704599 77.67705332 97.71489464 117.14453626 136.86477093 156.21599051 175.74508205 195.07642276 214.4248648 234.25312276 253.40855267],[30.48727851 575.51868076 5.42135266 192.23754627 14.92078622 11.36759514 8.23861503 12.1403836 9.42718656 7.27416076 12.95328272 11.15218138 8.3588857 17.60157197 21.88477121 12.87797378 20.74366848],__,-2.3899999999999864,337.7547159292081,0.04423939076658027,C185,
20190226,530695031,1020,1551223281.400194,59.58896986370818,604.4867085823405,118.32850783723364,1551223281.4996912,340.31915804749696,[21.06996572 39.13677615 58.93582553 78.1461906 98.16983973 117.4784231 137.45226406 157.03429498 176.63898354 193.9455676 215.952056 235.23636228 254.95540644],[31.49623023 509.1775896 4.54452838 192.3527107 11.32447771 12.43631105 8.64432023 11.10185425 9.45988228 7.1988696 12.75654187 11.10335258 7.98094474 18.65298818 25.39680008 14.67560801 26.14041309],__,-2.3999999999999773,340.31915804749696,0.07015408521815727,C185,
20190226,530695031,1021,1551223295.8111572,59.26415577093608,644.9973992315414,118.75659583235336,1551223296.3576782,333.7029194047469,[19.94280611 38.95403673 59.26462152 78.73019516 98.70105711 118.2178709 137.63238423 157.47953121 177.20673209 196.58359425 216.80910127 236.06449569 256.03249946],[31.36013305 517.23898791 4.62418277 188.72037878 15.69108073 13.2689136 7.74165023 13.52905099 9.85926244 7.08768049 11.76893382 10.22944653 7.96553263 17.71411223 28.77732579 13.17322357 21.69104383],__,-2.3999999999999773,333.7029194047469,0.04710658078637527,C185,
20190226,530695031,1022,1551223309.8578575,58.840509540070855,1017.6913646895863,117.59808577308775,1551223310.3066196,325.50131956025973,[19.25308833 38.84997836 58.90686106 77.99404119 98.21569754 117.86036766 137.53634688 156.58796165 176.72987349 196.05411833 216.1975131 235.73145958 254.41243021],[29.65327041 646.76300627 6.83711636 185.02885578 16.30820367 15.1081854 7.93776296 17.90687132 8.54881053 6.70661476 17.19731241 11.72977685 7.71591153 16.96741631 24.57783402 13.23392914 22.68029716],__,-2.409999999999968,325.50131956025973,0.05651713613140437,C185,
20190226,530695031,1023,1551223320.9934497,59.523444053625425,1654.3218281869656,116.14690313611345,1551223321.9302788,328.4156018268935,[39.1953262 58.7537633 77.6525344 97.69762015 117.58025839 135.53388481 156.86674811 176.23711088 212.56557338 234.67725765 254.33242274],[26.60644609 711.89400176 10.65618945 189.56943642 9.95138845 7.07226676 15.7170724 8.76983368 7.35436205 18.17833808 14.09579529 9.88510841 20.82717625 15.7894053 30.13737024],__,-2.409999999999968,328.4156018268935,0.06403643269840864,C185,
20190227,530706111,1009,1551228089.0020955,52.83569345529375,1564.6252373391126,115.10265293729084,1551228088.6755147,329.07652569607944,[59.08195049 78.51414439 98.42968822 118.10021126 137.71007199 157.55086938 177.18631481 196.70278876 216.04442106 235.87793654 19.10607105],[25.02866154 716.65959776 11.99531313 205.61801691 7.9848324 14.62328187 9.40611636 7.13781042 11.84952374 10.95172538 10.25419653 15.19023627 15.18291864 15.03316334 23.5617166],__,-1.4899999999999523,329.07652569607944,0.034394411696385505,C185,
20190227,530706111,1010,1551228103.7757652,52.57660012005127,1033.1878116750986,116.27517729156244,1551228103.058149,328.3030976641655,[18.70844519 39.36350458 59.12494541 78.53077963 98.6349488 118.34763988 137.95902473 157.61063329 177.38138217 196.82453714 216.64603454 236.38339971 255.55532827],[27.98499804 676.67053213 8.11604206 203.05570964 19.95342412 15.54990143 8.52356243 15.45102443 8.6904506 6.85844177 12.47792514 11.05776795 8.43285364 15.96554951 17.52156323 14.78569932 32.09972505],__,-1.7899999999999636,328.3030976641655,0.0359647442021416,C185,
20190227,530706111,1011,1551228118.9997773,51.77669283916022,581.2299379663416,116.08611907485056,1551228116.6475523,326.9215967092157,[19.22742305 39.03455109 59.15843618 78.65078124 98.73587241 118.3856727 138.17128701 157.88772177 177.6162296 197.45182917 216.45409618 236.54630972 255.05392668],[30.11879556 511.55434532 5.35373693 202.12363418 12.88675501 12.2043948 8.1070604 13.09309049 10.10217669 7.29346066 12.83874206 11.35749598 7.75775993 16.85153499 21.61549856 12.21093253 31.49020498],__,-1.7999999999999545,326.9215967092157,0.04112331887877582,C185,
20190227,530706111,1012,1551231131.0742927,56.49954782657276,425.420490229195,117.53606804285317,1551231129.5689929,316.58447750816157,[19.15493754 39.44527781 58.76473087 78.12672232 96.93402096 117.6330933 137.02218612 156.78786445 176.3316965 195.821247 214.63234026 234.87090604 254.09914343],[32.45570268 405.82180139 3.54611057 190.57490624 13.64797382 15.40875654 7.59601742 12.97774227 9.91109667 7.27551233 12.61118986 10.43336239 8.31719192 19.3682886 25.30521688 13.60758018 16.7012322],__,-1.3999999999999773,316.58447750816157,0.05911657871960757,C185,
20190227,530706111,1013,1551231115.9783337,57.337146127111836,423.46751168393,118.29578552812795,1551231115.2461774,317.19439408819835,[18.74950198 38.58550032 58.28850117 78.22463758 97.8538291 117.00739391 136.73452567 155.48357938 175.94979029 197.1131099 216.40709723 235.47514101 254.93631399],[32.64376661 394.89704164 3.54008335 187.83684114 14.25670279 16.7768423 9.10286547 12.22716962 9.19011906 6.66562912 13.33986156 10.88533872 8.58809537 18.5818947 19.30515268 12.0038637 22.1019349],__,-1.8199999999999932,317.19439408819835,0.13678403991829235,C185,
20190227,530706111,1014,1551231099.0995688,58.521320522049706,646.810109490214,118.1006870441717,1551231099.0282557,331.24750846544185,[38.32542586 58.62260952 76.41801706 98.1102829 117.60856914 156.54688575 176.37662744 195.65381213 214.76022661 235.46302125 254.83415719],[29.42463719 500.6387072 4.43299907 177.52729768 16.12629675 8.50384705 10.80472363 11.3536068 5.96202792 9.6146124 7.27401322 15.88454154 20.03823294 14.49760852 21.23043914],__,-1.829999999999984,331.24750846544185,0.10396856281952346,C185,
20190227,530706111,1015,1551231083.711544,59.26727639908155,1006.4335240439648,116.8671737132998,1551231083.5151913,338.0331754952779,[39.27450155 58.82325477 97.68301387 117.64470675 135.85393302 156.19786712 176.25567422 195.80093731 215.02687689 234.4266438 253.0337843],[27.76982427 619.74491787 6.22573661 183.15661683 15.39350575 9.00533945 9.8134173 6.1551408 11.40316333 10.56340968 8.4076418 14.96397094 16.29175482 15.76373111 27.18060086],__,-1.839999999999975,338.0331754952779,0.09635883631509967,C185,
20190227,530706111,1016,1551231066.7392342,58.095861393193836,1210.701912761854,115.97048645529745,1551231066.1830058,330.630876504075,[39.46243045 58.18275966 77.42186992 97.60866306 117.50634783 137.05483593 156.01326638 175.55152694 196.14288104 214.76504568 234.29875719 252.56859022],[27.68954853 680.23932287 8.16897668 194.1609627 12.19355402 9.21447761 12.96988578 10.6426502 6.63167169 12.21375787 12.45262624 10.02172174 17.96764894 15.9371018 13.58719104 26.49472469],__,-2.169999999999959,330.630876504075,0.09194751551122109,C185,
20190227,530706111,1017,1551231050.1567264,58.444060251953545,1440.0134030169515,114.95655113584988,1551231049.2845378,331.63780253340764,[7.27500734 39.14133795 57.61074104 76.55232138 98.44662139 117.41805888 136.00514559 156.57365548 176.45233591 195.77829372 214.76384495 234.76068013 253.17979834],[28.15762471 733.07691766 9.29679407 198.85625013 11.49519987 11.2525936 8.27236299 15.05128904 9.61912767 7.19984512 12.58966207 12.86402146 10.07288377 19.04596137 15.46986162 14.98120026 31.79225501],__,-2.17999999999995,331.63780253340764,0.1367839572777352,C185,
20190227,530706111,1018,1551231034.5405812,59.812063078380795,1810.425338415647,115.23354529605895,1551231035.0721316,337.1892672377745,[39.04027037 58.97447197 76.04988352 97.90851397 117.30199414 136.69756688 156.13366427 175.91954409 212.60913554 233.8097815],[25.60484665 708.43525588 12.31084331 198.50201295 9.66937684 7.97622405 14.83589045 10.58443195 6.88761776 15.74296287 13.06195121 11.75016944 16.01608592 15.18219353],__,-2.1899999999999977,337.1892672377745,0.09177792168961628,C185,
20190227,530695031,1021,1551225979.281526,60.91582818582635,1591.082546032804,116.13352969868303,1551225980.032134,331.233548074937,[39.76311509 59.1383734 97.55438661 118.19682274 137.42023972 157.81812366 177.38040795 197.22267955 216.48597934 236.40443637 255.58908298 79.04245556],[27.3846759 714.84004767 10.11015613 184.93590444 12.43118865 9.52979862 10.54657551 7.1376652 14.69642763 11.40506565 8.97049518 17.23597143 18.92007925 13.30260513 18.05285787 13.18313081],__,-1.589999999999975,331.233548074937,0.08720363026884916,C185,
20190227,530695031,1022,1551225970.1604831,60.803587128561034,892.444813447546,116.67830458222853,1551225969.39686,331.76651805300673,[37.95568723 59.05208673 78.19004416 98.1769314 117.94915756 137.5265065 157.31253397 177.07102755 217.07090162 236.25407881 255.64404529],[28.60465217 574.11939487 5.84771033 175.61607526 17.67270446 8.29415366 15.65293027 10.34900611 5.91122324 14.66322129 11.18982049 8.4478166 19.88902526 13.71223303 17.20514602],__,-1.589999999999975,331.76651805300673,0.061040178380100694,C185,
20190227,530695031,1023,1551225962.492511,60.216763830041046,405.59156631029094,118.18083323421405,1551225961.642419,330.65143678626083,[58.85832055 78.21654079 98.32571334 117.86050959 137.26973973 156.83975021 176.72448395 197.03341186 215.66982106 235.5806258 254.60427384],[30.91728981 359.18471262 2.97237961 177.99185162 8.75963274 12.10823957 10.91033933 6.62357039 11.79830294 12.07178762 7.48605357 17.75459819 17.82328525 11.70198516 20.13475913],__,-1.599999999999966,330.65143678626083,0.04611212474793719,C185,
20190227,530695031,1024,1551225955.6582077,59.76901048628703,1089.4219134991713,116.95054628879264,1551225955.6759334,327.3782551473401,[57.99438133 117.67462068 137.97019793 157.20717277 176.62100199 195.85983407 215.91107389 235.35234428 253.95021486],[25.67356446 590.08880257 5.63266676 171.27954488 9.2146248 5.86032694 11.04015941 11.15331856 9.23426481 13.34780002 14.45244845 13.71536356 20.91545801],__,-1.599999999999966,327.3782551473401,0.10094216803313641,C185,
20190227,530695031,1025,1551225948.0489454,59.40441710515364,1940.0608428757275,114.25657031639757,1551225947.8861132,326.83253908612534,[58.79486167 97.25298218 117.6183001 137.58057287 157.04207171 176.26180798 215.66313938 235.1880406 38.91959332],[24.41325007 680.98548688 12.26893108 182.77860092 9.19653761 10.10361284 6.27871113 11.5892536 11.77392843 9.9666883 16.7716245 14.00282169 16.9324527],__,-1.599999999999966,326.83253908612534,0.07487402121066077,C185,
20190227,530842926,1023,1551293345.2294226,64.53936342202269,1558.6675189790835,115.36092939739693,1551293345.0543149,323.9116132981409,[36.57655148 56.01919533 73.81325782 93.29100663 112.04236904 130.72987294 148.67992848 167.99768641 202.49280345 187.56143646 224.28090918 243.28175583],[28.56214939 723.64313709 8.32381579 188.82605989 15.47374394 7.16023614 15.67711569 9.78663115 7.79565157 13.14392056 12.93472404 9.46267801 17.43803218 21.23272945 14.72373616 17.77197898],__,-4.819999999999993,323.9116132981409,0.0827733008299941,C185,
20190227,530842926,1024,1551293336.1171458,64.99569934280355,846.3879593444192,116.7995826660185,1551293335.3954792,334.17928484040664,[37.04735249 56.12160566 74.85152687 91.79581769 112.18152771 130.39225062 149.77408308 168.3822321 186.09461109 203.46033675 224.37527502 241.81727521],[30.41825947 581.79251708 4.55007312 182.9923824 13.48464733 8.14171384 14.89162543 8.4264854 7.94524489 10.61752639 12.2271535 9.52727195 16.34841085 23.17723368 16.15164324 22.29258122],__,-4.810000000000002,334.17928484040664,0.11423004862875932,C185,
20190227,530842926,1025,1551291031.3922167,51.440378157236196,624.0320458640446,117.63806798853338,1551291030.6323764,315.61563373643406,[18.73058316 38.38048117 57.33581221 76.47038988 95.93670649 115.27048708 134.18262112 153.37915783 172.63905144 192.53872596 210.19382599 230.12677865],[29.2309551 525.30416093 5.54276013 191.95127558 15.76748962 13.13271353 9.96138388 13.58876528 11.37309912 6.49134371 12.11094514 10.05418153 7.9191008 15.03031989 17.18335638 12.10371759],__,-4.810000000000002,315.61563373643406,0.0705012342632711,C185,
20190227,530842926,1026,1551291047.7184823,51.29118941424383,787.9051616631746,116.71646334474174,1551291046.5650654,312.31291766865195,[38.01126445 57.27589101 76.5508578 95.72316375 114.8722275 134.07689864 153.10657604 172.18641832 191.60747911 209.30498653 229.41755893 248.94107763],[28.39651379 590.28660469 6.61701999 190.40757538 12.73766686 7.56383351 16.67480839 10.61142039 7.42481402 11.53562267 10.15431403 8.05539941 15.43134273 21.564452 12.22063195 17.03484806],__,-4.810000000000002,312.31291766865195,0.05424291097565143,C185,
20190227,530842926,1027,1551291064.3440638,52.02165188794217,1016.7688575458742,115.89135515457066,1551291063.1196506,319.11827972240945,[38.36439756 57.20951837 76.46705686 95.61517345 114.85141854 133.87375748 152.89308982 172.21844655 191.33613264 209.705021 229.66188346 248.72377086],[27.44164102 653.51512493 8.20291214 191.92045995 13.86062062 8.93614852 15.48624206 9.98735448 7.05927674 14.11324333 10.17358534 7.58390648 17.41199388 20.22769524 12.80787096 15.98370573],__,-4.810000000000002,319.11827972240945,0.0431815884709537,C185,
20190227,530842926,1028,1551291080.9440668,52.96168325890462,1276.2979144650592,115.82919196847652,1551291080.4637494,327.49203804806274,[38.21864025 57.32304121 75.75285646 95.66065699 114.92652105 133.90478304 153.05989456 172.29889947 191.95453628 209.69638662 229.59292896 248.71276784],[26.58977576 699.1308277 9.78746218 197.34515416 16.90472599 9.00174871 14.41428418 9.47188301 6.85986521 13.5038409 10.2747842 8.12356128 17.59519527 18.52686528 13.2110729 18.23527879],__,-4.7999999999999545,327.49203804806274,0.042414551376237425,C185,
20190227,530842926,1029,1551293268.1575687,61.12796617164075,1501.4902924154583,114.67440054774863,1551293267.1396623,320.95767366469624,[36.79837586 56.08715839 74.44653162 93.55692915 112.54412988 130.78277009 149.98537427 168.74118147 186.54707219 205.67725495 224.51958162 243.4210827],[27.80287366 700.36103068 7.99833015 174.94599544 13.3996995 8.59813538 14.87070415 11.90837317 6.64626986 14.7871115 9.13875737 8.10544632 16.75702821 17.17902775 13.39490507 32.9640813],__,-4.8799999999999955,320.95767366469624,0.06965918124669548,C185,
20190227,530842926,1030,1551293259.200578,61.47432350829065,2054.4215343941232,113.25829489428409,1551293258.4227412,319.31957477715474,[35.96173386 56.18100342 94.34191447 112.33069988 129.86492905 149.62460132 168.3541184 204.59042092 224.24521043],[25.02471478 682.03445669 11.04954864 173.01008128 11.98635541 8.95707879 10.71472879 6.54872537 12.48242644 9.8974282 10.18004778 18.67378281 16.27132741],__,-4.8799999999999955,319.31957477715474,0.08173102050701822,C185,
20190228,530893864,1011,1551316085.7002604,66.296997922724,1885.2728819218069,111.11402009468475,1551315962.411341,289.1008150840202,[53.31931845 72.78293695 89.77185422 106.29516109 126.90650236 148.09724716 164.56969525 200.6337254 216.39333129],[26.48219699 675.26659797 10.60936161 162.55557966 9.58762699 7.91958008 10.42781135 10.0958093 10.30878977 10.78369884 10.78267698 13.10582834 16.62073613],00,0.1500000000000341,289.1008150840202,0.31672476825249307,C185,
20190228,530893864,1012,1551316068.9433067,66.64917974517154,1618.5122249557305,115.98969023993102,1551315949.7963703,292.3640370309033,[107.37878272 143.85624677 162.00704871 197.18187138 215.85596553],[22.09103208 561.84729587 8.23465165 160.79076267 11.11390995 14.17353194 15.29710899 18.66628018 21.88539016],00,0.1500000000000341,292.3640370309033,0.2901540599155336,C185,
20190228,530893864,1014,1551316037.000364,64.76249384215315,1527.043381420456,118.55444527044179,1551315920.1338785,315.1874933221241,[57.20420712 70.716509 89.54784479 110.57177849 128.44312673 146.382943 164.87544883 199.07637579 215.92706886],[26.26013339 658.20350453 8.64725255 173.2525148 6.75035852 10.39416996 10.39387243 9.33650247 9.23345758 11.19974911 13.23312985 14.32123205 19.75297597],00,0.1500000000000341,315.1874933221241,0.2863002966609556,C185,
20190228,530893864,1015,1551316020.7670653,60.28953536581513,1421.353743582564,119.82949884077559,1551316024.6377132,314.1334343253023,[110.82135349 55.87637687 129.3219844 147.54410066 166.13458345 220.48310034],[22.68515378 576.94292351 8.15360034 160.24917601 7.4117297 8.81270018 10.54657475 10.97169545 10.66603582 16.6856934],__,0.1500000000000341,314.1334343253023,0.18525237871493216,C185,
20190228,530893864,1016,1551316001.4356234,58.63422807284731,1494.827085196099,112.15556534453961,1551315997.7205627,341.27711423310177,[95.38543405 115.2553797 132.70318515 153.0777062 172.54408591 209.93628291 231.52003415],[22.50852998 609.30313235 9.13866866 177.89067669 9.58290013 6.69950438 12.39122 9.80607666 9.84933224 13.19432809 12.48396769],__,-0.38999999999998636,341.27711423310177,0.19248522723083406,C185,
20190228,530893864,1017,1551315983.45683,63.53912106344325,1081.382452669184,114.58870121404294,1551315981.2809496,348.1078877594399,[56.93774819 75.80628945 94.66539837 114.73802782 133.56187217 152.1636485 172.10671311 193.27039928 210.36857857 229.4573],[26.93919765 600.69566738 5.58595423 177.79850387 11.43056576 10.50066804 12.19974842 6.5194059 14.80561211 10.87283724 8.18546552 12.94468257 14.19084066 12.35114673],__,-0.38999999999998636,348.1078877594399,0.12654484910349822,C185,
20190228,530893864,1018,1551315970.6418023,62.63114907760154,617.4901189412158,116.2242835157461,1551315968.574165,323.0147978272103,[75.27133687 93.97125522 113.15180759 131.56865848 150.08953059 169.42826572 205.97983624 226.382085 246.04987432 186.40163889],[29.32016676 436.03785614 3.12258468 166.94251974 10.33193478 9.74679188 6.24863223 12.51638277 10.33968652 8.78381 17.544712 11.06644205 20.22914536 14.50360935],__,-0.39999999999997726,323.0147978272103,0.08609769824600999,C185,
20190228,530893864,1019,1551315955.0771916,62.10248510092686,243.36608682756233,118.76517480900829,1551315954.3595858,328.1075497885189,[56.65358957 75.20901983 94.27927764 113.48690719 131.94605323 151.41211971 170.34721914 188.30702993 207.66726954 226.64327674 245.75412394 263.37169488],[33.06518557 240.98410918 2.2847984 179.59790381 10.28303461 8.78896462 10.68273561 6.36798876 12.703911 9.69137572 8.73010985 15.34573279 25.10440811 12.06003487 16.86949697 24.24455956],__,-0.39999999999997726,328.1075497885189,0.0723908189361641,C185,
20190228,530893864,1020,1551315940.326584,62.20494559241747,247.16457390515603,118.3776807476849,1551315939.2907736,331.93976569622305,[37.24525088 56.76760181 75.22228333 113.52341307 133.47564584 151.4506754 170.48050505 188.28868383 207.40184465 226.7039766 245.32376742],[31.90713455 235.89151755 2.16834445 175.2443915 12.34020959 10.83752405 9.98402613 5.89183325 10.84751717 9.58111429 8.14548797 14.99978606 24.74456763 10.8124727 19.27365675],__,-0.9399999999999977,331.93976569622305,0.0761092469679611,C185,
20190228,530893864,1021,1551315926.9334486,61.92391169491085,618.7839112693791,116.17202330180389,1551315924.8567724,329.19442593009745,[39.01694715 56.15956169 75.2617763 93.78791958 113.33180293 131.90330388 150.72004612 169.97263908 187.94163873 207.06071135 226.65836578 244.88573231 264.5018414],[32.01837521 471.18298207 3.81182768 184.00048918 15.46352406 13.20998666 14.02397411 12.36294835 6.28288278 14.55628206 10.71777401 8.73963545 14.55788212 16.80204981 10.97200571 23.77650968 21.76679961],__,-0.9399999999999977,329.19442593009745,0.09246590191348678,C185,
20190228,530893864,1022,1551312198.235733,57.18885511100078,998.7782469198329,115.19741913338011,1551312196.4812627,336.6814675340307,[41.04477811 61.72745622 82.27804481 101.47189309 123.49102175 143.73567754 164.52154125 185.24716603 205.10618656 225.64186672 247.30250842],[27.20498484 605.25113593 6.30030137 182.28038132 19.8943103 11.18722382 9.94053085 13.40794713 6.45623639 16.14110021 8.86145333 7.95360565 13.58284429 21.75355955 12.51768043],__,-3.1399999999999864,336.6814675340307,0.07703742225465034,C185,
20190228,530893864,1023,1551312200.6343691,57.6924793856759,1221.509800551945,119.41560229354612,1551312203.7415633,334.8312075260459,[41.17721309 60.86799447 81.57185482 102.31598811 123.20155932 143.57224183 163.97494492 184.76253688 204.55969471 225.75128325 247.08112175],[26.63506777 647.34727893 7.68755764 181.13306164 13.4367787 12.49354935 10.28749493 10.82038573 6.57977813 12.77991099 9.14437543 9.24416243 15.94434053 22.00091899 15.07704261],__,-3.1399999999999864,334.8312075260459,0.08645110744299102,C185,
20190228,530893864,1024,1551312201.2791638,56.872901302502434,2005.8990606814596,122.22244724710212,1551312209.387885,330.5034417321217,[61.70616745 81.29989849 101.96470241 123.19703878 143.59657035 164.22939761 184.75105094 205.16417881 225.87219388 246.36082025 61.70618237],[24.9139928 727.37705319 13.15139471 194.27825522 16.30646724 12.60537554 10.66763374 7.10461866 11.49679872 10.25760608 9.56880967 13.8008498 15.76042295 12.46944903 16.30646732],__,-3.1399999999999864,330.5034417321217,0.05625400375845944,C185,
20190228,531043310,1007,1551387323.357008,64.6410185361996,1960.5426238588916,111.33067815643017,1551387320.473415,324.01887969989826,[115.93895981 152.38546618 172.93810299 232.85940087],[20.44648751 528.35944388 8.40653538 124.84669858 5.07268574 9.73434159 6.99871475 8.98841159],__,0.12999999999999545,324.01887969989826,0.16887153792038234,C185,
20190228,531043310,1008,1551387305.5048301,65.95987354505476,1940.8195052691951,113.64507148949913,1551387304.9340835,331.08393925453595,[96.99231658 116.88387255 174.72080153 157.05398558 233.87142921 79.04750879],[23.15665122 605.06380564 9.67437322 158.61411781 9.61513416 6.82826195 9.8591989 9.52678144 12.61431497 9.09361927],__,0.12999999999999545,331.08393925453595,0.14934885553775973,C185,
20190228,531043310,1009,1551387296.4831862,68.96123037822274,1373.3682903220085,115.33306031896193,1551387296.148741,340.41331952578696,[96.05893426 115.3870339 135.05301387 154.26882269 172.6238328 208.77028485 229.81641829],[24.38658602 582.54435018 5.97854249 160.29381313 9.39873252 7.08734761 11.49202972 10.62156892 10.46686656 18.05196238 15.60788682],__,0.12000000000000455,340.41331952578696,0.1624477356448948,C185,
20190228,531043310,1010,1551387285.554084,66.89440726636833,1171.9634273593986,114.96152127507995,1551387284.056145,335.1894960926792,[115.20061582 152.99155704 172.90102721 228.24357134],[21.32221899 476.06331383 5.00033291 128.18641038 5.27331551 8.25312459 8.12616932 11.17092726],__,0.12000000000000455,335.1894960926792,0.14459522110267614,C185,
20190228,531043310,1011,1551387271.9442606,65.64245212196818,978.3484010679744,116.33775448062897,1551387271.1396687,328.30088255564584,[38.13315127 57.18309936 76.5353536 95.96765987 115.04903255 134.24990917 153.52462056 172.58481492 210.92238872 229.38056432],[28.17227824 566.46144684 5.01837715 163.34909905 14.69246938 15.35472741 10.22467618 8.79514414 6.16578452 11.33636104 10.47737365 8.58671532 20.81222107 12.00533679],__,0.12000000000000455,328.30088255564584,0.09369082873922582,C185,
20190228,531043310,1012,1551387257.0,66.83693892720352,855.0381373556552,115.90624861198378,1551387255.5309753,343.4861600138043,[76.32096088 95.6685291 114.19299668 133.65064249 153.57043003 172.65521258 229.69126132],[25.69269558 495.85455839 4.70056936 147.16918605 8.5377695 8.06143376 5.59495757 11.54040013 9.14348334 9.3688009 11.40833212],__,0.11000000000001364,343.4861600138043,0.1867498746216896,C185,
20190228,531043310,1013,1551387241.5892994,68.08558318668726,955.0624336822228,119.50829997830384,1551387244.154529,356.65464487167026,[74.065324 93.95538448 111.7941121 131.80500567 147.97308785 166.49760413 201.60524185 226.26563317 189.31840845],[27.22607797 565.14136191 5.04522501 180.52840963 10.23282699 10.44644547 8.36237497 11.96418772 12.80859368 12.20081503 17.4034632 16.70064714 15.33493542],__,0.11000000000001364,356.65464487167026,0.252679525503557,C185,
20190228,531043310,1014,1551387228.4940615,67.67762399009226,1052.9632663443058,118.02751975954465,1551387229.8701797,362.88296599768756,[37.29488765 55.88763019 75.14202713 93.95729195 112.89596783 132.01923 150.63839225 169.82054752 186.56522785 206.02454872 226.62261201],[28.67857258 592.97502605 4.93202755 173.44382311 13.22274514 11.64871439 11.02952851 10.17910766 6.15608805 11.60546357 10.39613039 9.23746679 13.70869541 17.78683763 11.3611201],__,-0.3100000000000023,362.88296599768756,0.17758901894581197,C185,
20190228,531043310,1015,1551387213.479384,59.575156718580175,1268.684226227605,115.57788547539697,1551387212.5671158,363.4289936212745,[114.93551712 148.58475789 172.93107824 230.56849367],[20.22311997 514.72925219 7.75341401 147.09042627 5.12871424 7.56714292 6.60527003 10.53142624],__,-0.3199999999999932,363.4289936212745,0.34378944555804924,C185,
20190228,531043310,1016,1551387199.550381,61.640287315937876,1572.310157204751,105.92410557792921,1551387189.8000546,316.29814150753504,[37.32599934 55.78336151 75.50585534 94.14875274 114.13016196 130.65530169 150.58783677 169.0293848 213.13464991 229.49978553],[26.54257409 670.78449208 9.11339873 165.36948282 14.32179964 12.24259005 8.71504963 9.09150982 6.00125691 13.81008818 9.761246 12.05018428 18.32535506 11.57550994],__,-0.3299999999999841,316.29814150753504,0.20722591628854525,C185,
20190228,531043310,1017,1551387172.013168,63.88275615831708,1099.9733830855907,114.62296850910693,1551387170.0338717,361.8897017292402,[57.62227621 76.92886923 97.12513565 116.5710839 135.89092092 155.19233674 174.85537636 212.93915063 234.04030871],[25.95138534 599.45103126 6.28110172 181.1492573 12.18567943 10.65701282 8.9539285 6.9139052 12.93098984 9.94144069 9.42913398 19.5812136 14.98434476],__,-0.339999999999975,361.8897017292402,0.08120036461286527,C185,
20190228,531043310,1018,1551387159.0,63.23797421886238,571.1568893220569,117.63205649743061,1551387158.343117,335.61298551426444,[57.61909183 76.60383039 94.73461829 114.80811226 134.1227328 153.1609859 172.30254054 209.9332465 229.94530789 248.81941392],[29.42822582 422.60409454 3.39964291 172.5351057 20.85571348 11.02194717 8.9512192 5.8273069 13.05716664 10.53156263 9.53187975 25.00850694 10.79230647 30.74339068],__,-0.7299999999999613,335.61298551426444,0.05202707042411526,C185,
20190228,531043310,1019,1551387145.0210176,62.138995247152785,237.8505350157138,118.7912209066363,1551387144.3933074,324.516213943089,[18.38073434 38.3924514 57.1814633 76.08669391 95.17274034 114.42580201 133.40223941 152.3231983 171.76210349 196.74420627 229.57831638 248.87001853 190.85424874],[34.19776296 250.91141512 2.48319084 182.96776583 15.96266178 14.45694932 12.87342313 9.32524642 11.660393 6.1791191 13.90109328 10.02014892 9.14018247 20.1869001 11.38083103 16.82979963 15.75834173],__,-0.7399999999999523,324.516213943089,0.08249236957301731,C185,
20190228,531043310,1020,1551382661.8574977,56.85338464871267,740.7133612502344,117.61669223308728,1551382661.6114867,330.2026056509316,[20.18841103 41.18277485 61.97505591 82.37318173 102.8984248 123.94211995 143.84237273 165.13313776 185.72548886 205.49209058 226.56781636 247.40954084],[29.32041445 540.93830249 4.83214268 187.85050779 13.9277768 16.71320054 12.28404038 9.56217856 11.22466672 6.5855697 13.45235968 9.53358821 8.62149207 13.97107146 28.26332649 13.26271262],__,-1.8599999999999568,330.2026056509316,0.055371954217501206,C185,
20190228,531043310,1021,1551382676.0867922,58.84765277544131,954.8428757354735,115.9864263780249,1551382674.925638,330.081257227576,[40.81938297 60.60969409 81.53968321 102.68856395 123.52614149 143.75741751 163.92971604 184.54328026 205.40117332 226.81580012 248.74481071],[27.92291752 586.87950695 5.85516512 175.80502697 16.22183315 11.28775119 9.57655078 11.17435356 6.89625255 11.55572804 8.67759964 9.16086267 15.02316055 19.58907703 12.03160738],__,-1.6899999999999977,330.081257227576,0.09989818794277257,C185,
20190228,531043310,1022,1551387103.383649,60.26059082171235,1415.587543001466,113.2654703011289,1551387100.7321215,322.4505916201969,[115.71060442 135.44019439 153.74389602 173.74238472 193.97638819 213.19779037 232.14264455],[23.32135113 600.73721933 7.82939995 166.59635627 5.4253704 13.13345004 10.68052351 9.4746886 12.82911176 15.72533788 12.64610801],__,-0.7699999999999818,322.4505916201969,0.09235160989832535,C185,
20190301,531236830,1009,1551473188.1491284,65.22913793235207,1506.646014382226,113.26969913381063,1551473185.9061832,320.4400157048238,[57.64288218 77.43289254 96.69180149 116.52531137 134.22827972 155.24593275 174.46648213 211.9205302 232.5211747 251.85528777],[27.01264249 677.4515543 10.24332004 184.83785084 15.15755588 10.58807159 10.26906657 7.65048232 14.19973713 13.48743078 10.5733419 19.06155651 13.74007775 23.702997],__,0.28000000000002956,320.4400157048238,0.10032633156276223,C185,
20190301,531236830,1010,1551473178.771867,65.56188648226029,1134.6542042270503,112.63853118908263,1551473174.972018,340.18228041616925,[76.20977189 96.64288721 115.09940417 135.21678601 154.14972967 173.20077013 229.74403177 252.35675364],[25.64568175 561.90589582 6.35001625 154.47255261 10.36873661 10.8867899 5.66637376 10.46880136 11.20332295 9.67422175 10.02195845 16.57830676],__,0.28000000000002956,340.18228041616925,0.16633068427642883,C185,
20190301,531236830,1011,1551473163.9602046,63.60619502821131,995.6694042939611,116.73608842097312,1551473163.5725358,312.4724992374922,[56.96164929 75.693048 94.32057552 113.66969216 133.16973884 151.40133009 170.14159793 189.4030028 208.44078264 226.98638565 245.37586711],[28.91542114 594.79349972 4.81618195 170.05895091 12.53075091 8.27014594 10.62880654 7.3261628 11.0943646 10.62136943 9.29376469 17.71125722 22.28438157 14.58755958 26.20737439],__,0.28000000000002956,312.4724992374922,0.09307470034188807,C185,
20190301,531236830,1012,1551473147.4992125,60.77432570813646,981.3055547733292,114.68268480575321,1551473144.7859688,301.24835405822955,[38.13645093 57.11757247 76.74820055 95.81223623 115.02674269 134.55737299 153.57927913 172.46332068 188.97571684 210.08705545 229.84918197 248.66158303],[29.57078959 601.7152663 5.26890311 168.67735044 13.08673519 17.35379718 8.49981021 9.01901433 6.76945986 11.3590735 10.22769712 9.38544738 17.67508691 21.29709476 11.86181456 29.13976193],__,0.28000000000002956,301.24835405822955,0.07235656322108903,C185,
20190301,531236830,1013,1551473132.6937919,64.02160591569711,1028.9947076060785,115.65464123653302,1551473131.4975524,349.5269302885543,[57.3062396 76.39113412 95.70246146 114.41259807 133.33892377 151.50165626 170.89809249 206.61465025 228.22313455 37.62417562],[27.40710125 584.44771205 5.48523641 174.01035642 9.97131734 9.27108348 9.0324656 6.87150686 12.93820175 12.27119231 10.18160979 15.64045762 10.68746029 14.64784195],__,-0.25,349.5269302885543,0.14582211003141796,C185,
20190301,531236830,1014,1551473117.924137,64.16612752800064,1185.425998763027,116.93869814733861,1551472998.354205,330.244625129177,[110.52324291 130.58301928 148.968663 164.97369462 204.15045145 225.57778205],[23.08373087 532.56706359 5.48179302 146.02928925 7.10332317 8.02821787 8.12405325 7.92831609 8.61438505 11.2774582],__,-0.25,330.244625129177,0.4402457869708099,C185,
20190301,531236830,1015,1551473102.5636961,64.79839399295079,1175.0805647843456,119.34696838033099,1551473105.4721336,341.39313833360427,[111.06914417 130.67060619 148.40541704 167.10694911 203.340164 222.30336485],[22.94024924 559.51902216 5.95746981 170.90525631 7.28080545 12.7465235 10.97802422 10.09583101 14.85816711 14.87471819],__,-0.2599999999999909,341.39313833360427,0.14599359393345984,C185,
20190301,531236830,1016,1551473087.7940412,58.691394924849966,1548.786874849661,116.21270953387626,1551473088.3234506,335.00679890137,[111.98617597 149.03498833 168.33711772 224.6611611],[19.74140657 531.65772119 9.08025718 154.61026298 5.42657368 10.28144766 8.89329393 10.24028173],__,-0.2699999999999818,335.00679890137,0.12849268482522555,C185,
20190301,531236830,1017,1551473061.928561,61.200489609091655,1407.0847772493044,114.50423644791879,1551473060.491822,361.13720626007057,[97.12002622 116.75711916 135.91643968 155.27024255 174.90656133 211.44650046 233.59650367 78.02790656 59.12526955],[24.80592583 663.55685903 9.47358628 200.94340762 9.72089591 6.93486054 15.87105001 12.39792948 10.31659396 16.54334847 12.93524156 9.77047771 12.94958656],__,-0.2799999999999727,361.13720626007057,0.12468398392771009,C185,
20190301,531236830,1018,1551473048.0134163,62.81426013346374,834.2290105754474,116.21426313785719,1551473046.7982032,351.2225819147807,[76.44535672 95.39433854 115.26739209 134.37780937 153.64975919 172.700798 213.43057307 230.45144798 57.90004809],[26.85642683 542.78912217 5.46997172 175.97544094 9.70683948 9.22477215 6.25679308 12.6308397 11.25319411 8.56234929 18.79939872 11.23668842 14.95614346],__,-0.7699999999999818,351.2225819147807,0.08685894699412278,C185,
20190301,531236830,1019,1551473033.3926308,61.091464682942515,481.83892426707246,117.86570299516328,1551473032.5858543,326.09426486652,[57.63126309 76.25231394 95.6001591 114.7146932 133.80667813 153.01615226 172.0776468 209.18494596 229.12546015 248.26792464],[29.78833418 384.61490415 3.13049243 168.06368875 12.0184791 8.65454091 9.95978089 6.55426269 12.58920329 8.76165776 8.12744508 18.69681545 11.04036254 21.82777008],__,-0.7799999999999727,326.09426486652,0.06884488494764973,C185,
20190301,531236830,1020,1551473018.7402453,60.40634596746953,271.91751648023927,117.00074666162662,1551473016.4207633,323.01605254563094,[19.23313624 36.50199703 58.07091605 76.25263865 94.74856385 114.70298228 132.42237518 152.9046319 172.12538627 206.07912666 229.46555269 248.99509519 189.81591662],[33.82225609 285.15944634 2.71209818 185.67342336 15.38011946 14.48964529 9.71264718 9.54899963 12.16217599 7.37325612 11.6372776 9.13623127 10.22137646 18.1264547 12.68907487 16.63811825 16.49554529],__,-0.7899999999999636,323.01605254563094,0.14934244760439552,C185,
20190301,531236830,1021,1551473003.1011937,60.14739350458737,381.41230351491674,116.65996834233665,1551473000.7403204,322.7057351189313,[18.2621088 37.46120709 58.96985967 75.57297647 94.57541339 114.76241724 133.85257551 153.33288703 172.54162062 192.22390044 211.17199135 228.86067963 249.13721713 267.90556525],[34.21220874 359.98181823 3.1844316 190.11259345 16.6393505 19.83857902 11.13592941 11.54575193 12.9879117 6.9998557 11.42448922 10.01477644 9.17573116 14.81677593 17.51102324 12.29699634 19.189278 24.24205619],__,-0.8100000000000023,322.7057351189313,0.16361983036151012,C185,
20190301,531236830,1022,1551469466.6568031,55.84325243160039,929.5353565226048,114.63898790007828,1551469464.0336926,334.292564418017,[62.78336625 83.43608115 105.17426165 124.99132585 145.49374242 166.46170414 187.68033491 208.67984673 249.88716064],[25.36540753 564.98508067 6.013403 176.80408897 9.92980873 9.34652951 11.36268005 6.76287789 15.05181769 8.87745881 7.82703002 13.87817042 12.44210626],__,-1.6399999999999864,334.292564418017,0.07207455018074817,C185,
20190301,531236830,1023,1551469474.0834548,55.389796317401355,1310.2983374915161,114.84907220510406,1551469472.7845619,341.57395026850116,[19.46861478 41.21530456 62.10141671 83.74474137 105.13004677 124.92455954 146.39777906 167.72534088 187.97420838 208.97262365 229.95921638 249.50546938],[26.34046636 728.3514302 13.93226752 235.44127897 17.11646447 14.9800779 11.63279483 12.22277114 11.5978687 9.6488833 12.90223153 13.22770212 13.10687232 18.4323287 19.51883855 16.18182921],__,-1.4699999999999704,341.57395026850116,0.1538015795338307,C185,
20190301,531236830,1024,1551469482.3422725,54.859921443221126,2067.2376013274556,111.22133116699446,1551469479.5547633,325.5009570819892,[104.5624728 124.97532994 145.40996454 166.97300731 187.39648374 207.94656141 228.43853715 249.42100476],[22.41401451 658.47286935 13.06039794 175.94377431 11.8630392 6.60488077 9.42876948 8.7368536 9.28356437 11.94528777 13.67287797 11.71134183],__,-1.4699999999999704,325.5009570819892,0.08751586869562193,C185,
20190301,531254054,1012,1551479383.4960034,65.94355223452241,1334.6221667806346,117.10029357101315,1551479264.7260725,313.3595572615463,[75.53423529 89.3448932 110.37291018 128.80534282 148.75258479 169.08394594 202.15248872 219.19201324 237.77057441],[26.51402636 618.64278445 6.60070304 157.44523249 8.76207304 8.12267329 11.26755627 9.21615485 10.5180343 8.10534283 11.50698231 15.86509277 13.22817676],00,0.4700000000000273,313.3595572615463,0.3415648466018108,C185,
20190301,531254054,1014,1551479351.1859632,59.00829069614654,1201.6460955839532,103.75102086683744,1551479338.1386054,279.8932211523233,[29.9223062 44.76908238 61.12157323 74.44992547 89.13436806 101.67606651 126.15380721 143.14043912 147.21457025 161.93725229 178.93957279 185.42070506 232.51339386 251.22183554],[30.37194662 685.78795411 6.58054556 166.79355751 13.86213929 13.14029741 8.16082392 10.33898985 12.6990385 14.3708408 9.29104842 10.39051108 12.46488607 11.7158811 10.95149191 10.90539917 14.74402775 16.58861501],00,0.4500000000000455,279.8932211523233,0.2959532269786,C185,
20190301,531254054,1015,1551479335.0621908,61.07368913100279,784.9095260667625,115.72845214895091,1551479333.137948,331.8351201835831,[114.92694126 134.84638824 152.52391182 172.54344936 209.55725611 230.70053438],[23.64474857 488.45583538 4.16811306 163.98443213 7.0875345 8.15036008 8.76050432 8.15488892 12.94307311 11.40376949],__,0.4399999999999977,331.8351201835831,0.09583239266220575,C185,
20190301,531254054,1016,1551479318.661303,62.93569939561236,655.2777104891724,117.70052830510762,1551479318.306736,341.92966849193937,[54.62736435 76.84978721 94.50422966 114.0775889 132.44718266 152.08406712 171.10087705 187.64989379 207.68878542 227.89078987 245.9074246],[29.80525803 477.35767306 3.77258717 177.4862139 13.03316339 9.56150885 12.76971289 6.62231493 12.08111493 9.12569111 8.06548046 13.26817016 21.41828142 11.46376138 19.62749943],__,-0.06999999999999318,341.92966849193937,0.11236514722383943,C185,
20190301,531254054,1017,1551479305.3419898,62.58135531268502,398.39093535420903,116.71096047822675,1551479303.174922,333.91856865003587,[55.46314728 76.50837023 94.86316398 113.92337149 133.10464916 152.22046649 171.05420354 189.79075898 208.38150812 227.5128808 246.47535829],[31.29571833 329.9683939 2.53649278 173.74941138 12.2708152 10.06625322 11.29704604 5.99706 12.24350062 9.01872888 8.57112677 15.69005964 20.69505721 11.43398284 16.13336249],__,-0.07999999999998408,333.91856865003587,0.09952609470301614,C185,
20190301,531254054,1018,1551479290.597944,62.427392193875725,328.2533130639694,118.40914224973224,1551479289.9769585,332.87311117974684,[37.0971811 56.84057339 76.36867281 95.01378598 114.03390797 133.1252891 152.09517038 171.28572522 190.12954356 208.43166812 228.00198001 247.75091927],[32.63943768 293.50784924 2.24844883 181.12839801 14.68256132 11.31404174 10.21936683 10.70335505 6.28260508 13.142793 8.96713471 8.6960322 14.33301918 25.67115128 12.57550015 19.90314212],__,-0.08999999999997499,332.87311117974684,0.06065280900520347,C185,
20190301,531254054,1019,1551479277.5340405,61.972520768091776,845.8355958845003,117.93099712015595,1551479277.8938463,326.1605598776395,[56.22615083 75.15772848 94.02616378 113.34526175 132.29488063 151.05365693 169.91407825 189.33116609 207.46406166 226.84979025],[28.00983149 528.94315645 4.37854963 167.62856513 10.99445304 12.28005474 10.33561712 6.53656163 11.66462288 9.40728405 8.58043061 13.41618433 17.40476338 11.13445169],__,-0.1099999999999568,326.1605598776395,0.07525660307896566,C185,
20190301,531254054,1020,1551479257.8058736,61.28105659563411,1157.0641818275851,122.55548744689042,1551479263.4972932,333.44801000203455,[37.82296988 56.86532227 75.86110949 94.03496151 113.32623888 132.47978975 151.30579095 169.6648758 188.09063563 208.44471004 226.88758185],[27.58917877 643.6746103 7.21155735 183.17399901 22.98023364 12.54471515 13.90303275 10.80318587 7.00050562 11.7877737 10.66373519 8.45952829 15.49110462 15.32149375 11.31020096],__,-0.5199999999999818,333.44801000203455,0.10252180930508407,C185,
20190301,531254054,1021,1551476026.936975,56.47790405201219,1496.6712716965712,113.77108067897899,1551476025.0658193,335.82466654842796,[62.27490523 82.45014044 102.63148416 123.54142037 143.46416015 164.49910505 185.38697107 205.46503937 226.36202959 247.05721504],[24.6963139 663.85091409 9.29872805 180.16434169 8.1124035 10.94685311 11.90912227 7.12615349 11.60841078 9.99083699 8.51292102 14.00016831 23.20360304 12.44563037],__,-1.349999999999966,335.82466654842796,0.08402366738925592,C185,
20190301,531254054,1022,1551476038.1218207,57.27381666661447,957.2571237137653,115.12009267963516,1551476036.0673187,336.80730218071767,[61.88420277 82.53313183 102.89185058 123.81371816 143.60966716 165.04647011 185.76306759 205.80489178 113.4558735 225.9543615 247.96754984],[27.37406317 587.40704067 6.16675207 179.81798643 9.60022602 8.97748761 15.50852872 6.66814125 16.1290637 8.77150442 7.54902762 15.98882529 18.08379687 19.80530108 11.74746626],__,-1.3799999999999955,336.80730218071767,0.048369316976839084,C185,
20190301,531254054,1023,1551476044.591309,57.184327715529946,985.8725355411656,115.22318125047173,1551476042.7095604,332.96208681493823,[40.70632933 61.66685461 82.53541449 103.04416299 123.99439603 144.04113849 165.23355657 185.98254423 205.66884567 226.41406844 247.72935658],[27.253511 598.89825497 6.29306388 182.0250319 16.85663084 14.04964542 10.40170351 12.23239662 6.69055762 14.52253546 9.01802767 8.40160066 14.59227122 22.83140823 12.55841415],__,-1.3799999999999955,332.96208681493823,0.04732431105607653,C185,
20190301,531254054,1024,1551476049.2881658,57.49591556497946,1637.7956779872013,113.90885947215874,1551476047.9930897,331.8467850239921,[60.908046 82.55011248 144.21258299 164.86632215 185.88228363 205.98689901 226.77268977 247.75151148 123.90892814],[23.75474123 651.05011195 9.05410901 173.92590003 13.53966767 13.16156283 12.17467141 10.08847084 9.75024806 12.00800943 18.02153867 11.47524882 6.09959214],__,-1.3799999999999955,331.8467850239921,0.06702299776079937,C185,
20190302,531272879,1020,1551487232.6214776,56.42918617796064,1974.4163554304491,113.36351988275011,1551487231.6672947,321.98910869829547,[37.8477366 58.58239113 78.17715723 97.74478792 117.30027077 136.6515918 156.47224858 175.87476999 215.66935366 234.53072976 254.01260739],[25.69564375 728.40354388 14.11341517 187.65581002 14.45144738 6.86504764 14.21047976 9.88918371 6.5379001 13.69317533 15.31272016 9.37292167 23.7043908 13.64299429 22.9343389],__,-1.0299999999999727,321.98910869829547,0.09512633523441007,C185,
20190302,531272879,1021,1551487217.898818,56.458226575419395,1452.3798920975223,115.46493083276182,1551487217.5546696,330.073422934565,[18.79087227 38.96679907 58.40517693 77.4546002 97.20861579 117.29392282 136.26303464 155.40945501 175.30132188 214.52599691 194.70367193 233.79105205 253.4177997],[27.61061997 727.60586197 11.01753334 194.44515199 25.81396519 16.47679736 8.26872566 14.93570044 10.18804558 7.1295227 16.28899158 11.29402527 8.49535105 21.4505416 20.25637575 12.35656845 15.79663889],__,-1.0299999999999727,330.073422934565,0.07956420804222794,C185,
20190302,531272879,1022,1551487207.0171885,56.31918771760758,871.2805049955026,115.92191111799094,1551487205.3310778,320.2692640062187,[19.30181372 38.93860644 58.64721 77.35885572 97.56740391 118.0281257 137.05734628 156.20800832 176.12016863 196.89952491 215.70044676 234.97198707 254.39008682],[29.73840074 600.68593093 6.18753245 186.18751224 18.15028446 15.59189971 9.70821535 14.96538878 9.74492088 6.27219559 13.43140371 11.70838196 8.15259371 16.17966261 22.04250258 13.02352475 16.59226359],__,-1.0399999999999636,320.2692640062187,0.09604918533902616,C185,
20190302,531272879,1023,1551487199.0823522,57.93756945413374,641.962099800351,117.13769578800364,1551487198.0790117,325.6662654898582,[18.6499152 38.98087972 58.81695961 78.00787839 97.83036299 117.72001472 137.2675499 156.50562249 176.51572768 196.51347722 215.49837612 235.54602803 255.0181015],[31.24476337 509.37956525 4.74875004 188.01695189 18.57102463 13.78406084 7.78702885 14.29116805 10.67063717 6.94760691 13.36650005 13.48144572 8.25048391 16.13672631 19.78587095 11.73207101 20.53933795],__,-1.0399999999999636,325.6662654898582,0.06815495960126815,C185,
20190302,531272879,1024,1551487192.8653703,60.13466792866034,1304.8060530483522,115.97862297723476,1551487192.7901838,337.9724744667587,[38.44029928 58.94969152 78.13282796 98.4154622 117.83886007 137.18487521 157.22347631 176.81802353 196.43626734 215.51129305 235.44006809 255.19323276],[27.6579975 670.66110493 7.65641487 179.91299771 15.47647659 10.16134494 14.06276037 11.15735233 6.46656818 12.8461806 9.82144458 7.80982246 16.182113 17.94895792 13.16183396 20.03245745],__,-1.0499999999999545,337.9724744667587,0.0691738811366229,C185,
20190302,531417015,1015,1551560051.898032,58.70388619554551,1647.9907175326805,116.75187339828082,1551560053.4783535,331.03190544278675,[38.08095006 56.89336693 75.61650935 95.27009708 114.70335689 132.60241986 152.96787957 171.9855463 190.48527125 209.02874901 228.84301881 248.51094747],[26.7021582 725.27661448 9.97004045 192.41928751 19.28440195 8.79841748 14.83897727 13.29281735 6.67030801 10.6065868 10.2414346 9.36444226 16.8461474 15.01438697 13.59425029 22.88227303],__,-5.339999999999975,331.03190544278675,0.09918670567105968,C185,
20190302,531417015,1016,1551560067.9076762,58.693500898035936,1375.490675093143,116.62812771832371,1551560068.5212882,324.789643043726,[57.06276288 76.34285559 95.59994989 115.06665609 133.78821002 153.29869232 172.48583487 191.41305849 209.48988407 229.61000139 247.96243407 38.56832996],[27.30183658 690.58490936 7.70855898 184.85646896 9.80373603 14.83312747 12.58044701 6.71475966 15.25428396 9.11791381 8.85155016 14.10344268 15.07610206 12.72712524 21.26640123 15.38607983],__,-5.339999999999975,324.789643043726,0.08801420051799687,C185,
20190302,531417015,1017,1551560083.128485,59.29390552153098,1010.9475008425197,115.51677699364632,1551560081.622192,331.52245091522417,[38.43239507 57.27056627 75.54722801 96.08601781 115.41455103 134.4692929 153.8382141 173.07023338 191.95840287 210.92992216 230.60186128 249.80429353],[28.67759632 622.32392999 6.19487102 182.12865 13.99748711 8.25828072 13.5250497 11.5104383 6.69714775 13.97252472 9.26884152 8.26826554 15.49446793 18.74427558 12.72429109 20.26208807],__,-5.339999999999975,331.52245091522417,0.0447513772436383,C185,
20190302,531417015,1018,1551560096.372043,58.14776276299446,720.1861288420414,117.1156021275568,1551560095.4891343,324.8119926672801,[18.85161604 37.55975072 57.0890739 74.4590742 96.03349023 115.32768338 134.49293612 153.80438726 173.02574908 192.33615926 211.53518704 230.43568084 250.11111489],[30.78576861 540.33004742 4.65510994 187.46280921 16.70429761 20.61781542 9.28691678 13.35658523 10.03578435 6.77551135 13.03467304 9.4626521 7.75919187 14.46075838 22.64516055 12.25814428 27.46538399],__,-5.339999999999975,324.8119926672801,0.06665318917379466,C185,
20190302,531417015,1019,1551560111.074046,58.81458454067736,701.456998707055,117.24335180457658,1551560110.30787,328.6158440529982,[38.91662492 57.14021994 75.33010326 95.84226271 114.94634585 133.93449681 153.28508838 172.49439108 191.71441343 210.41671963 229.75842985 248.91624566],[30.21946637 535.26583888 5.024014 181.91361874 18.6485135 8.16216365 10.14375796 9.28342841 7.34197312 10.82022419 10.21378066 8.04159008 16.87734721 18.35470556 12.72177241 23.18112161],__,-5.339999999999975,328.6158440529982,0.05851109000412466,C185,
20190302,531417015,1020,1551560125.7407334,60.04852811213385,876.3923711130287,117.4876511275229,1551560125.795036,334.11901690107595,[38.23904188 57.58177268 74.85395276 96.13023597 115.10058478 134.10180109 153.56383844 172.72378845 191.74799791 209.79020774 230.21423951 249.68746881],[29.39248013 593.41052724 5.68542801 184.39617992 13.76635031 9.27502229 9.01117859 9.92887982 7.42572885 11.30453791 10.54322919 8.25171958 16.35542633 24.10283815 13.63473266 19.03756424],__,-5.71999999999997,334.11901690107595,0.055208532800571,C185,
20190302,531417015,1021,1551560138.983305,60.04046737659536,1361.8208122845704,116.98342877573572,1551560139.93701,320.39504783223697,[56.94209609 95.14760029 114.69282706 133.15248494 153.14593577 172.2242634 190.82641438 209.90295374 229.41093994],[25.32224104 639.1155769 7.43660095 176.5214533 9.73607371 11.20444759 7.31880404 11.52928737 9.79460568 9.93403098 15.48538857 18.396707 17.03408486],__,-5.71999999999997,320.39504783223697,0.10975477769105711,C185,
20190302,531417015,1022,1551560150.4396248,59.51183595802585,2064.36819979529,112.85689901406695,1551560149.2743042,318.3901127711447,[96.08883887 115.36943669 134.12924243 153.63349425 172.99354265 210.53728562 230.628335 249.10680723],[23.56395487 659.07931276 11.8669867 173.20894848 9.99091214 6.49889442 14.91025263 10.00672573 7.70822525 16.82438537 12.77295981 18.83423124],__,-5.71999999999997,318.3901127711447,0.06762300880433997,C185,
20190302,531424585,1014,1551564685.6597996,58.83685255104884,2012.24531173844,110.59797760164464,1551564682.1755726,329.00526691284875,[58.17174367 77.11184079 95.71660909 116.33634741 135.51583049 154.68492767 174.53239362 193.60330304 212.57404218 232.39358291 252.45895747],[25.82437903 732.28017454 12.62851886 194.91107316 8.72550607 13.53285171 12.10492933 6.87156069 16.06732491 13.69063912 8.52582722 17.40856694 18.95566611 12.62590486 19.77875781],__,-4.2999999999999545,329.00526691284875,0.06986661494588786,C185,
20190302,531424585,1015,1551564675.5042405,59.13874671961884,1285.1084232321869,113.07370000945623,1551564672.3859715,327.3273588491724,[37.28753596 57.69312681 77.23349282 95.82187205 115.5881212 133.70292625 153.73039799 173.40759952 212.56831904 231.57284425 250.58858889],[27.03830688 670.36110673 7.78782361 184.0592961 14.72328694 10.12598603 14.56263249 9.58561495 6.8101309 12.05909779 10.19583039 8.05017438 20.61623921 13.58505011 17.88494071],__,-4.2999999999999545,327.3273588491724,0.08685452988110656,C185,
20190302,531424585,1016,1551564660.8549848,58.18059178360776,824.8555085919659,115.52651505419769,1551564658.7731478,326.3394637010702,[57.70376821 77.37102177 95.83554038 115.48300786 134.791903 153.8244225 173.26304853 188.29268689 210.69325734 231.1894349 250.09679251],[28.4633027 551.54478344 5.31474227 175.9231818 8.6563447 14.33386477 12.0148831 6.7252381 14.40488625 10.60196393 7.38623372 16.6830757 20.35073032 11.26016101 15.7719364],__,-4.2999999999999545,326.3394637010702,0.08766032876090037,C185,
20190302,531424585,1017,1551564648.597681,57.68485035228714,450.12650915658736,116.78469221476696,1551564646.59548,329.17610024586946,[19.16175093 38.4153736 57.74433993 76.55696649 95.56422854 115.4214158 134.83607492 153.85239738 173.04100216 190.65941523 210.62983439 230.56215836 249.37699501 259.64108788],[33.16033894 427.20659229 3.83630404 196.48855355 15.77864628 16.39439291 9.11144744 13.67428646 11.8260456 6.7811764 11.28629743 10.22279676 7.78608509 17.51144444 19.82510783 11.56630712 24.14884701 25.54436808],__,-4.2999999999999545,329.17610024586946,0.09094799026234375,C185,
20190302,531424585,1018,1551564636.2197375,57.85665551255258,729.7276596745688,115.87978466532026,1551564634.1960208,333.76584577263753,[36.99923393 57.46283609 76.3796744 95.62755405 115.31653692 135.86926301 154.01244385 173.26049057 192.43513849 211.1130588 230.64074572 249.74411117],[29.54861097 534.7430816 4.69232947 186.72942077 15.24693282 12.16740144 14.54992677 12.86871378 6.00568164 12.53710633 9.81408346 8.03208793 15.52187802 17.09515362 11.31596024 20.7694611],__,-4.2999999999999545,333.76584577263753,0.08069605976030234,C185,
20190302,531424585,1019,1551564622.3855598,58.12184040632925,1302.0886882656996,116.04130046760095,1551564622.2748568,345.1062880796619,[37.89711099 57.40311042 76.03542682 95.51761805 114.79665587 134.42256537 152.69197246 172.15850637 190.12379211 209.62457119 229.42224592 248.06456498],[27.321682 697.25091183 8.70787507 197.66259083 14.69317638 8.86258855 15.88054373 10.384139 6.29403327 11.85639574 10.85518085 9.70595162 17.4481742 15.32032364 13.38667483 28.36341767],__,-4.2999999999999545,345.1062880796619,0.06589145584262282,C185,
20190302,531424585,1020,1551564607.5544438,56.83958647835239,1808.2335578234324,115.87220504953562,1551564608.6708674,339.9984461956267,[38.04407659 56.99902329 76.31386577 95.06427368 113.99792165 132.8093714 150.34585022 170.95046732 189.85607257 208.57229632 227.90522846],[25.60594331 738.42084805 14.0027626 216.67624473 11.10550258 10.5743346 15.38603696 10.83849903 7.77921942 11.97344524 10.79359871 10.3416494 18.5665446 15.65380459 15.5987235],__,-4.2999999999999545,339.9984461956267,0.09313125728609917,C185,
20190303,531583949,1015,1551651942.0738158,48.12436842331821,1956.4440278486277,112.42268421597807,1551651940.1376903,315.0494064853132,[57.16258023 76.47436875 95.4764832 114.83082155 134.38765346 153.1431398 172.30980989 191.32551437 210.26611441 229.70976828 248.47378168],[23.54224397 736.63239485 15.46909623 205.66290731 12.948697 13.42171135 14.18550291 6.65970363 16.41197868 10.57626398 8.89943458 11.53065498 13.39931672 11.74965112 24.48032967],__,-7.829999999999984,315.0494064853132,0.07796230591972161,C185,
20190303,531583949,1016,1551651960.2669206,47.9545560945187,1729.5410636630916,113.52064102191407,1551651958.745719,315.17885404036366,[57.29120823 76.44381149 95.2229359 114.75189805 133.78687308 153.27085939 172.3453113 191.40760023 210.60540626 229.54954754 249.02536211],[23.80014322 732.39469725 14.97986257 212.99513338 9.62687252 13.50389881 14.20152004 7.03049202 15.27321036 9.99856965 9.73830678 11.44448744 16.20603393 13.31338942 24.48051918],__,-7.829999999999984,315.17885404036366,0.05338402696377136,C185,
20190303,531583949,1017,1551651978.3214834,49.02708290267541,1467.0153400693403,114.40368028974612,1551651976.8917887,314.47272288653744,[38.01741338 57.26111308 76.37990212 95.53499756 114.6166741 133.68633172 152.85283357 171.90302371 190.94424559 209.9419137 229.15867766 247.81750736],[25.36519536 726.91352351 11.9764787 201.70217678 13.99223252 9.19921478 13.58237662 9.85524292 7.52249083 12.16574949 10.05179233 8.89210671 10.56125641 17.92789139 13.35195325 28.4592471],__,-8.310000000000002,314.47272288653744,0.026883635854685475,C185,
20190303,531583949,1018,1551651992.417864,50.97711659425428,1171.1541525811622,117.1960534299044,1551651992.9787648,331.4240685778812,[57.08042346 75.68657611 95.14229705 114.47265727 133.82481972 152.68327822 171.62609465 190.65347016 209.25330851 228.68356268],[24.54183642 644.80732018 8.92631794 190.90086081 9.95766613 12.72112872 10.47509667 6.5693579 12.86517068 9.90025326 8.10347959 11.11684121 15.05469976 12.98349329],__,-8.310000000000002,331.4240685778812,0.04310561151497815,C185,
20190303,531583949,1019,1551652008.2599168,52.917972384329204,1220.0724919899058,116.13683851031438,1551652007.9612517,340.95971420819393,[37.22754594 57.28043942 76.25793271 95.56165043 114.68914376 133.68037219 152.88825508 172.02512196 191.17840299 209.67946687 229.16571586 247.43653164],[26.50108738 690.449277 9.61028104 199.88616136 19.93629908 8.82059975 11.9456763 9.1636937 7.64602237 10.69042294 9.97806584 8.5294143 11.3831186 14.39624106 13.55469771 24.77150116],__,-8.779999999999973,340.95971420819393,0.04036586006745785,C185,
20190303,531583949,1020,1551652023.7783456,53.890928716050745,1420.9398544122319,116.98501243416717,1551652024.9468062,339.2938921047523,[38.99023902 57.28526809 75.82146472 95.72812411 114.71223514 133.95462716 152.85254088 172.12839024 191.17042527 208.88057447 229.44426367 248.60685594],[26.18671761 715.5522607 10.44174937 201.37827672 13.09049234 9.69184177 12.00463212 10.11984499 7.0343251 11.88061285 10.4619692 8.73727516 11.77425239 17.33665159 13.59414763 23.09043678],__,-8.779999999999973,339.2938921047523,0.07255918866738942,C185,
20190303,531583949,1021,1551652038.5270836,54.599279039510634,1858.8849177488476,114.62339412553057,1551652038.6330192,341.24873651539895,[38.17506993 57.38881774 76.49214398 95.52233321 114.70592306 133.97319113 153.01415498 172.20522464 191.41795134 209.39152381 229.46957445 248.8627965],[25.61210224 753.23271663 13.04125031 211.67041407 19.42349565 9.11769863 14.59215938 10.33810406 7.68134937 12.53632309 10.17876482 9.39239298 11.12004009 19.84205453 14.3338926 22.38069027],__,-9.279999999999973,341.24873651539895,0.05504325962371889,C185,
20190304,531605202,1008,1551662328.6670732,52.715189572415326,1914.2178542764796,112.92396911503732,1551662327.206646,341.60754196573794,[57.58720936 96.22127144 115.34033132 134.20597171 153.67046111 173.02328447 192.05149558 210.99305297 230.65784098 248.56239132],[23.53612218 709.91673385 14.38789762 202.74793605 9.65542958 11.8677458 6.74465774 13.83917415 9.63466069 8.28821682 15.26263022 13.80134713 12.56073269 22.37586625],__,-5.139999999999986,341.60754196573794,0.03671837475631004,C185,
20190304,531605202,1009,1551662341.7880776,52.64925580392892,1287.016267048293,115.3235965620816,1551662340.8922963,340.0106281624945,[57.59639413 75.6450678 95.95671413 115.54836184 133.91054914 153.91934735 173.34692057 192.509677 210.84728033 230.59379842 248.57316492],[25.13387855 677.07725032 9.84905001 198.63239221 9.42339665 16.88279779 11.72026837 6.19025608 13.18143567 10.83334391 8.90834399 14.96509086 13.46213181 12.79927951 20.68013766],__,-5.149999999999977,340.0106281624945,0.09578650779645313,C185,
20190304,531605202,1010,1551662355.2139652,51.62517162492396,844.0038788862669,116.84974035190963,1551662354.4970515,330.0172386995983,[37.94830982 57.85598743 76.90379512 96.55494568 115.88900329 135.09432713 154.73234332 173.7901289 193.01481551 212.03821487 231.77625453 250.74793859],[27.56766868 600.18369741 6.58954088 198.037324 14.32198036 9.15667698 12.60660645 10.11975114 6.64710417 11.87301063 10.41215716 9.32092348 12.24815005 17.16175787 12.82763853 24.48883159],__,-5.609999999999957,330.0172386995983,0.08941648535430446,C185,
20190304,531605202,1011,1551662369.8216832,50.680939176598955,706.4538593165847,116.22608059740614,1551662367.9559553,322.5821160166607,[57.99594098 96.72752148 115.99389716 135.45904739 154.82507566 174.15351326 193.11267161 212.37144767 232.09202109 251.29950599],[26.48658125 523.27285298 5.66913043 184.61058618 11.17850672 10.03496114 6.22677329 10.31874627 10.17197311 7.73512971 14.07615778 14.86163006 10.69607932 22.26392735],__,-5.609999999999957,322.5821160166607,0.04856504248465213,C185,
20190304,531605202,1012,1551662386.6047199,51.125879989354246,992.1667960795271,114.6343631465363,1551662384.0509045,322.74215749564064,[57.75451382 76.71900192 96.6018536 115.98325299 135.36204862 154.66329019 174.01663732 193.35418628 212.41163582 231.91106499 251.16825964],[26.21274796 627.6984599 7.58135017 189.73785094 10.90357144 17.14422047 9.67511902 6.81705138 9.9905283 9.72905745 7.59597097 11.93377875 17.17030305 12.77390075 18.69740756],__,-5.6200000000000045,322.74215749564064,0.04045375082741455,C185,
20190304,531605202,1013,1551662403.478873,51.66842767015339,1294.960423194988,113.60096807303829,1551662400.8073092,322.6908234579304,[57.73125217 76.22047622 96.54852693 115.87068328 135.26694365 154.31760556 173.87130143 192.91024509 212.03840377 231.85016685 250.03245388],[25.33530299 675.8537777 9.73508978 189.40643815 9.19171195 17.52515039 10.69825364 6.39949024 13.00849206 11.10433408 7.51514827 13.09081346 16.97693262 12.58552315 22.55501457],__,-6.109999999999957,322.6908234579304,0.07175989731783868,C185,
20190304,531605202,1014,1551662419.6857095,51.77408679696444,1699.396107475367,112.6547261525094,1551662417.25347,322.8292919493275,[38.23441456 57.8045965 96.46461399 115.96567178 135.22329973 154.69052229 173.95959409 193.1952118 212.36122253 231.8020704 251.15602042],[24.765157 723.4626174 13.24585662 202.13915369 19.1922595 8.29245545 11.63269424 7.41047985 13.74764526 10.20066859 8.44872906 14.15876036 16.50941712 12.36580222 16.79386791],__,-6.109999999999957,322.8292919493275,0.04003458964532916,C185,
20190304,531605202,1016,1551667479.1572084,59.92374573573433,2195.7687326605032,111.56110164256462,1551667477.057989,312.29081203075464,[37.95971772 58.0469961 76.62314038 96.8578219 115.63522666 134.99448569 154.14741306 173.47605229 192.018693 212.35028137 231.65345614 251.00141264],[26.96118854 754.38662053 12.94196079 180.16015027 15.66250543 7.77518048 12.8261912 11.97708165 7.01837196 15.69078832 14.40517755 8.03865745 18.77970976 21.84010191 12.71267696 18.24223942],__,-7.7999999999999545,312.29081203075464,0.09372587279285308,C185,
20190304,531605202,1017,1551667463.9875152,60.28050220043814,1938.2617472943884,112.2451768166249,1551667461.8298032,313.31705362535104,[57.82886027 75.21429152 96.50663947 115.92496021 134.88897848 154.21211906 173.92730586 193.24573207 212.90959866 232.09630116 251.35347967],[26.36167058 713.79025601 10.78559324 166.17481686 8.16628984 13.45595981 10.28779576 6.71827827 12.83110222 10.34681234 7.53808754 17.87732254 18.98876243 12.8209392 20.83529561],__,-8.229999999999961,313.31705362535104,0.07036270549061803,C185,
20190304,531605202,1018,1551667449.6949677,62.05265029765592,1564.9429810603785,114.38781727070504,1551667448.562365,325.6954774597186,[37.94420026 57.78022455 76.56592851 96.30017516 115.84864871 134.45595286 154.93837734 173.84135082 192.90869394 210.74545259 231.52311724 250.5474876],[27.74401071 707.42780273 8.81605564 177.3847168 13.36957601 8.91775738 14.32298658 11.52236319 6.56294031 12.37286074 13.54606998 8.03385411 15.01938493 24.14161037 11.8804801 22.66266953],__,-8.21999999999997,325.6954774597186,0.08542705686210059,C185,
20190304,531605202,1019,1551667435.7981362,62.41859231623657,1347.5374386275487,115.53050017204623,1551667435.1826806,322.81268622185155,[57.81739357 76.419862 96.45396082 115.71308227 134.53362815 154.26823114 173.68542879 192.92742103 213.61450689 231.7702998 250.18837569],[27.58991903 653.95590277 7.31773371 164.3668453 8.13248221 15.93047587 10.95520496 6.49305604 11.75875388 9.65867886 8.03447631 14.58483009 21.85268737 11.54348498 27.60062535],__,-8.649999999999977,322.81268622185155,0.06295965164108787,C185,
20190304,531605202,1020,1551667421.761097,62.97351306913364,1275.781963812989,114.46579753755591,1551667419.9179025,326.6564587776914,[37.43306493 57.89019811 76.29208239 97.1222031 115.80035183 134.78409627 154.22932637 173.70052336 193.70170719 211.95003023 231.25873472],[27.7962914 647.1297659 6.8830907 168.07713087 15.49836822 8.64830789 14.31548956 10.45148479 6.45383681 11.8143397 9.92904077 7.99702917 14.65368421 19.87370811 12.45945125],__,-9.089999999999975,326.6564587776914,0.06418259424185181,C185,
20190304,531605202,1021,1551667407.5283058,64.64682667823733,1319.8008351143212,115.55435853304509,1551667406.9508176,335.54237697564696,[37.85313084 57.81956674 76.94697528 97.3104868 115.65561738 134.66247089 153.81672215 173.44788628 192.29413986 212.10501674 231.17365908 18.36422318],[28.72530772 672.65321562 7.63526509 175.23381755 13.34932422 10.14661352 15.66121597 11.58975441 6.53796116 12.31488925 10.53671088 8.85199059 15.40200991 19.00914383 11.9162317 18.20922511],__,-9.089999999999975,335.54237697564696,0.07194663829301397,C185,
20190304,531605202,1022,1551667396.2786267,64.532952493504,1663.6910976411912,115.36433990306678,1551667396.4687543,332.2394300916063,[38.00810452 57.24175932 96.82425987 115.32803821 133.72750848 153.6381595 172.62916562 191.98004669 230.377767 210.2147106],[26.17134436 673.85503034 8.4498739 172.84667443 14.27968439 12.23936928 11.64096286 6.34490343 12.78689492 9.61747548 10.10244364 13.78544915 10.82718064 20.33419697],__,-9.089999999999975,332.2394300916063,0.08281530599502561,C185,
20190304,531605202,1023,1551667388.687399,65.05934790535717,2299.9434821584355,114.61738805474526,1551667390.0132334,333.6505204987023,[38.32511599 57.34394882 94.46369229 114.8214747 133.05118309 152.72112707 171.69363198 190.38713966 208.68268865 229.23279426],[25.94501645 711.28576688 11.9867653 176.95026355 10.02561979 7.78589651 12.6712796 6.61736175 16.35825127 10.3374277 10.16407491 15.64576174 16.26228104 14.2697489],__,-9.089999999999975,333.6505204987023,0.09030902576735539,C185,
20190304,531743626,1303,1551734734.2925494,57.21423788195944,1654.057671527214,114.12402150775468,1551734733.20208,320.78967936301,[37.15705719 56.67730259 73.80435675 94.0375973 113.28924939 132.38034833 151.18583158 169.59742076 188.76129296 207.06748137 226.21724529],[25.82253624 700.48449026 11.02648054 179.55107813 11.96568978 10.00378887 9.52276127 10.8104576 6.53270145 14.90469701 11.20303675 11.23645492 13.36418858 14.16061541 13.97524665],__,-7.829999999999984,320.78967936301,0.11944190796661462,C185,
20190304,531743626,1304,1551734726.9711568,56.780562911006925,609.9680590843767,117.49848104567641,1551734726.0942438,322.98245532882777,[94.31423102 113.21843305 131.6119255 151.02222052 169.75345983 186.6203815 206.60938741 225.88139669 245.91842714],[27.37850186 443.33697087 3.81740355 165.415982 12.69900114 6.02353756 14.43196953 7.78618895 7.17606206 13.87518341 11.34572626 9.84869455 23.14161919],__,-7.829999999999984,322.98245532882777,0.06439434573228944,C185,
20190304,531743626,1305,1551734733.6711314,56.642728738858594,826.6617747888596,117.83975497735443,1551734733.7925463,319.4261891354352,[93.38291398 112.93776617 130.84197927 150.57179625 169.3971876 187.78915236 206.2807764 225.80594606 245.15928984 262.6557069],[27.10174036 524.87056442 5.08018067 171.68710765 11.68690543 6.96687959 16.87052562 9.09195609 7.64395527 14.37778671 11.07088346 9.84279324 18.33726236 21.48737851],__,-7.829999999999984,319.4261891354352,0.10102887061018379,C185,
20190304,531743626,1306,1551734731.7613885,57.256762146780964,1508.6566892351686,115.83934957889633,1551734731.965205,324.92312230172644,[56.35708805 73.64945799 94.30931406 112.7286186 131.30115036 150.21206247 169.23401337 186.97262283 206.17036792 225.25736307 243.57378356],[25.95010837 699.34153252 8.82900473 192.66567159 12.75916803 15.0827928 10.81707924 7.54564007 12.30849154 10.24736195 8.26629676 14.23326991 12.82810309 12.17818305 23.1578623],__,-7.829999999999984,324.92312230172644,0.09094126643261215,C185,
20190305,531901801,1006,1551811067.9766233,60.25669698481653,1960.1499569341015,116.62142281970912,1551811070.3344228,339.2706996938574,[57.54489545 76.06963039 93.9479453 114.97637706 133.82787217 153.24120772 172.33825744 190.61249682 208.78062438 229.61593719 248.67382826],[25.76832658 725.21018918 10.62367899 192.93828982 10.75259316 13.25408308 11.93090034 6.85333329 14.46558062 15.84064466 8.79465572 15.08454695 16.52730286 12.88550509 16.89179718],__,-6.639999999999986,339.2706996938574,0.12624625107067886,C185,
20190305,531901801,1007,1551811051.5156446,58.69707250776394,1966.560059925123,112.22274649279936,1551811049.429855,336.27164377201314,[58.06728663 77.63360635 96.23990516 115.99147265 136.14268026 155.62848783 173.95432273 195.08391451 214.40565888 231.54394453 249.83204938],[25.65193713 724.47373864 12.92085507 188.1397576 9.43045453 14.56349637 13.69185108 6.49331076 16.62467137 12.14525056 7.80251481 15.68809066 19.96526848 11.38432351 18.33049822],__,-6.649999999999977,336.27164377201314,0.11055573553484391,C185,
20190305,531901801,1008,1551811029.699153,57.180804094039644,1901.5490682051945,115.18875700822059,1551811030.3989208,327.4568505980836,[58.22085898 116.63631008 136.23297889 155.94261698 175.09435474 213.30891586 233.23268069 250.90495562],[23.16374729 660.07074727 12.05759618 186.53954182 11.32570009 6.17624835 17.4652343 15.03716785 8.82010586 17.60223831 11.64728074 16.73220947],__,-6.669999999999959,327.4568505980836,0.08796368153675022,C185,
20190305,531901801,1009,1551811018.3734312,57.94573168362553,1258.4519947671097,114.34576819134722,1551811016.4316497,335.469723327979,[58.03218107 76.99814212 96.97971488 116.43569035 135.4587774 174.57162101 212.42205243 232.55661158 251.00392054],[24.90404316 631.08864553 8.28853368 183.07317008 9.51577719 12.21333362 12.58113288 6.24522337 12.49870649 9.10624178 16.20165816 12.13108005 16.3899112],__,-6.669999999999959,335.469723327979,0.1137140883280352,C185,
20190305,531901801,1010,1551811003.2690725,57.74135605488088,776.2581578819763,117.76560128911,1551811003.3081825,332.7080723724963,[38.16791989 57.78641695 76.7587747 95.99971388 115.96626128 134.84712218 154.63623902 173.8713113 192.01085773 212.02426494 232.04643567 251.06500161],[29.33222167 548.90372054 5.25678634 185.35220268 16.28978973 9.65488624 15.09717524 10.92040039 6.27566259 17.62186197 17.05464023 7.64019732 15.81514351 18.56689066 11.02800456 16.00395874],__,-7.099999999999966,332.7080723724963,0.10218497358332618,C185,
20190305,531901801,1011,1551810989.2516754,55.731858167233476,486.72815369681564,118.58657539861474,1551810989.0575094,319.91447575974126,[17.57342811 38.14317387 57.51064991 77.21672796 96.56710732 116.42299522 135.3827568 155.04601167 174.55618989 192.98526955 212.68405188 232.34935092 251.14167028],[31.83099966 438.25455504 3.81780313 191.44996333 16.06952511 13.95207133 9.59810003 12.60229813 10.51300174 7.1017783 11.22739052 10.27810069 7.61882588 15.88731015 18.38508326 12.32590052 20.36331439],__,-7.099999999999966,319.91447575974126,0.10609780105071451,C185,
20190305,531901801,1012,1551810973.14073,53.99394160986536,676.2315604058463,117.99829509001168,1551810972.9493172,310.8994477507044,[18.97780116 38.56605291 57.87463562 77.8462435 97.15176551 116.62844292 135.67095574 155.69009831 174.99638682 194.31706078 213.70746424 232.98874493 252.51700725],[30.4867294 530.55469068 5.01132355 188.09304289 18.11949067 14.75029678 10.53454867 17.1750759 13.53749171 6.36039739 12.38740674 10.69475357 8.08205013 16.59186812 20.60191469 11.03791997 15.35609385],__,-7.109999999999957,310.8994477507044,0.08313968360756432,C185,
20190305,531901801,1013,1551810956.2707078,55.50010496697251,884.3726155773571,116.69632699646688,1551810955.456696,322.8503129610989,[18.23073255 58.55774103 77.94285969 96.99526887 116.96081371 137.01631958 155.89665716 175.59207609 195.86608571 214.88965345 234.13584018 254.02829438],[28.52296008 595.47761865 5.92812478 185.35193495 14.87418034 11.87099857 13.93985802 11.67448461 6.13492702 13.08804573 9.53495546 8.23343204 16.10467209 17.21782354 11.94142278 20.27192427],__,-7.109999999999957,322.8503129610989,0.09062015366009107,C185,
20190305,531901801,1014,1551810939.0392144,56.21041807460854,1139.419713483874,115.64646268205874,1551810938.0251145,331.64495818389383,[39.46416344 58.74458983 117.40546723 136.26331137 156.31254874 176.02155329 193.90082026 214.99433666 234.69390384 253.94245925],[25.70892047 624.89957966 6.88826255 181.66756433 16.56001975 9.58149844 6.09530155 14.50560415 10.67135537 7.86237724 14.57862165 14.23218978 12.71789083 21.76400952],__,-7.1200000000000045,331.64495818389383,0.06240756838958123,C185,
20190305,531901801,1015,1551810923.042906,55.83520930437799,1544.9013684071244,114.17036569508225,1551810921.6745844,321.2552334543613,[58.2850593 117.24197208 136.81657417 156.12637046 175.71870105 195.62766199 215.00094347 234.02415151 251.80018868],[23.84091918 649.63084937 8.97343953 175.57467041 12.8398617 6.09582916 11.91762477 9.63851001 8.87875737 13.87149306 14.61741862 12.47583478 21.76721933],__,-7.1299999999999955,321.2552334543613,0.09580798721571884,C185,
20190305,531901801,1016,1551810904.3736975,55.94264195319732,1704.9415423811595,114.2736800844187,1551810903.5997086,320.25379343431086,[117.32608468 155.43193379 175.84273137 213.5467462 234.69384951 137.25004904],[21.435913 592.7068295 10.66761402 161.43894266 5.0491408 11.13409428 8.93937166 14.78119031 12.84542334 12.68558848],__,-7.139999999999986,320.25379343431086,0.08122318962313914,C185,
20190305,531901801,1017,1551810888.4349837,57.22014756574606,1969.6652661314895,112.19228248543827,1551810886.3503847,327.9514062016379,[38.38666943 58.792326 77.80298973 97.84886656 117.43631599 136.36863338 156.58541056 176.30529323 215.14218756 234.95344801],[24.85602821 708.36778819 12.25390095 190.66786804 16.21693326 10.02937555 14.39543438 14.04082416 6.20678642 14.45565749 11.57674881 9.13866179 13.79565388 12.96630298],__,-7.139999999999986,327.9514062016379,0.05177235362885083,C185,
20190305,531901801,1022,1551807782.8902164,56.588840000000005,1463.9246859482246,240.44815587997437,1551807787.6063743,326.55400000000003,[50.0232462669168 81.56412314028012 100.20863260936521 115.77764185632508 134.4242564711601 151.22100559562938 169.4054681859779 183.54109760024107],[34.64101615 692.82032303 103.92304845 277.12812921 173.20508076 173.20508076 173.20508076 173.20508076 173.20508076 173.20508076 173.20508076 173.20508076],00,-7.909999999999968,326.55400000000003,Forward Model,C185,
20190305,531901801,1023,1551807792.3231971,55.02527124444654,784.6649103637596,114.96598301222508,1551807789.3702736,315.8244311859859,[20.10328523 39.30788169 59.12233993 77.15991289 98.58463252 118.21294159 138.44716273 157.54579255 177.38456 197.42732201 216.9345601 236.44224158 256.05273898],[29.96465177 580.15795123 5.59556365 191.07735208 22.32967318 10.45169766 7.9431196 13.24585354 9.98939724 6.96034889 17.24142814 10.56288418 9.05410858 17.56687648 22.49005475 12.37048009 35.19440176],__,-7.909999999999968,315.8244311859859,0.05001043035034478,C185,
20190305,531901801,1024,1551807800.3787959,55.2070323597731,667.916166004065,114.81289950201628,1551807796.9009805,314.33386496032523,[18.88547298 38.46787052 59.03913067 77.94629221 98.5522278 118.13648992 137.51765672 157.30338743 177.22050662 196.49552146 216.64039465 235.88498773 256.30043725],[30.82612095 528.95068546 5.2563306 186.30441337 16.22288943 15.09675077 8.89354422 13.62589861 11.97377697 6.93615333 11.61188155 10.57024499 7.46161921 17.45662858 24.37392565 11.99256215 16.22691678],__,-7.909999999999968,314.33386496032523,0.06021640789190103,C185,
20190305,531901801,1025,1551807809.5613437,54.30965286973215,1369.791950427162,112.73155990284032,1551807806.095697,305.540075721723,[38.89195042 58.94867811 78.2658255 98.30436932 118.09749828 137.58535698 157.38537875 177.16913839 196.04235576 217.074635 236.25881067 255.71414344],[26.78670582 693.32694931 9.19846912 179.87789394 14.91577431 9.41418336 14.3810255 9.86104264 6.76228164 14.12441581 10.5383552 8.37489234 16.71619697 18.9042343 13.09376779 16.57273353],__,-7.919999999999959,305.540075721723,0.0572341060009446,C185,
20190305,531901801,1026,1551807823.7525537,54.41381435512252,1950.3907131758538,111.48824184882461,1551807820.7952359,305.1265738397329,[38.9753438 58.71142987 78.12295697 98.15392965 117.80655186 137.35232141 156.94523972 176.56539777 194.83859109 215.7229345 235.47602296 254.69033371],[26.12585856 750.31520035 13.27677444 189.41193649 11.87049185 8.01783971 14.51238986 9.57028557 7.46900158 15.03459223 10.70075388 8.97151889 17.51739394 21.28617686 14.05403858 23.5900813],__,-7.919999999999959,305.1265738397329,0.054885595514713996,C185,
20190305,531774192,1019,1551745413.5043726,53.79796486982724,1981.6201859627395,116.15236216094668,1551745415.3506243,303.256411127208,[38.24922243 58.23645858 77.20291568 96.98486882 116.5594663 135.91571054 155.52833923 174.84067554 194.01424957 214.32826969 232.87871947 252.65477936],[25.83607207 749.90420417 12.79761323 187.01698419 15.63518072 8.61337987 15.65030026 10.25331975 6.66283455 14.63733656 10.51922304 9.02181143 15.7158825 15.97053122 13.9469932 23.86162472],__,-5.8799999999999955,303.256411127208,0.08423499174823235,C185,
20190305,531774192,1020,1551745431.2228234,56.50805128542481,1708.173035376748,115.48058441558861,1551745431.6928878,316.7948992742938,[38.90393578 58.17761153 78.84204256 96.90656519 116.53524924 135.94584068 155.04757293 174.76538525 194.31710809 213.85464306 233.1341247],[25.762298 710.56587026 10.7589504 184.24340685 12.70821847 8.84953766 13.42845841 10.96110533 6.79523751 14.25676423 10.10936865 9.06545596 14.58492662 17.76815375 15.91201974],__,-5.8700000000000045,316.7948992742938,0.06681778135401528,C185,
20190305,531774192,1021,1551745448.0263784,55.763855186868405,1304.3330287798876,114.4855309089349,1551745446.2681456,311.633993457322,[19.55250153 38.94116093 58.3008281 77.11921153 96.54965632 116.63566938 136.28409919 155.59121929 175.00585312 194.20897972 214.34628931 233.39383667 253.03446189],[28.11753282 705.85324484 8.62827599 186.42346953 13.38177627 11.30225539 8.71897703 15.71092291 9.04718491 7.37736882 16.03173277 10.518489 9.12142075 14.52679841 19.90242509 12.42420337 23.87583514],__,-6.17999999999995,311.633993457322,0.07285502986702679,C185,
20190305,531774192,1022,1551745460.4054458,54.955222347703405,927.7178438969952,115.4021572328932,1551745458.303973,305.7804574827834,[39.10185608 58.29014702 77.82222137 97.1194005 116.5431406 135.87851317 155.53384632 174.96172114 193.52509556 213.8656927 233.25993919 251.82670265],[28.62258046 605.55233106 6.4246304 177.14659933 14.97783957 8.84225368 13.48703307 10.22753648 6.86549149 13.1505027 9.89461355 7.47618562 15.33515975 20.56486235 14.02126611 28.28723492],__,-6.169999999999959,305.7804574827834,0.07288388484341254,C185,
20190305,531774192,1023,1551745468.1941402,55.12428286865494,1038.8774424315354,114.73789981115976,1551745465.7940247,307.574897411544,[38.66728297 58.38367882 77.7259922 97.07705277 116.7260783 135.95060129 155.63346025 175.1790419 193.44318609 213.33416551 233.41574732 252.30061075],[28.2254294 638.51137889 7.25515935 178.86331401 12.13873455 7.62066628 14.80476774 9.63512188 7.03371703 12.35624826 10.35919815 8.33365684 16.45231861 26.6226293 13.41263011 28.78996484],__,-6.169999999999959,307.574897411544,0.061394838896693144,C185,
20190305,531774192,1024,1551745474.2194147,55.493535285730914,1722.7698627495838,112.64995835531161,1551745471.7965004,307.94125819697445,[38.83093942 58.37768792 76.23561772 97.34121199 117.07147424 136.38470261 155.9440275 175.57916926 194.7445122 214.82109833 233.89442109 253.23581042],[26.35418095 727.80790412 11.08289837 179.51974364 14.00340657 10.11386695 15.14600987 10.93753432 6.89336823 12.83550333 11.32464341 7.98083688 15.20079528 22.01726489 12.04431015 15.29345813],__,-6.159999999999968,307.94125819697445,0.06571183763201707,C185,
20190305,531774192,1040,1551747860.9970157,59.47077719622377,2064.3377809635167,114.12222319806936,1551747861.0110674,315.6196202165099,[36.45393654 56.6040372 75.07079591 113.33426774 150.78502567 170.03337532 226.66050036 247.56831274 205.19154721],[24.55942834 683.21444272 11.50647253 175.56829527 13.00249447 8.74934542 12.47516139 6.21217476 11.70750638 8.70099107 12.79791838 19.56364638 17.11293945],__,-6.17999999999995,315.6196202165099,0.13745442700475513,C185,
20190305,531774192,1041,1551747850.5969594,63.03711972998055,1460.2830067042385,114.00244893342003,1551747848.8750489,328.67428994201396,[56.15130375 112.93772792 149.9819056 169.11509797 186.97039558 206.07973472 225.24170316 130.53674751],[24.49284315 614.15703818 7.05907542 161.79026216 11.3379063 5.6323062 10.42482051 8.07248141 13.12559244 14.4926085 13.17385077 13.63876163],__,-6.169999999999959,328.67428994201396,0.09016628503577569,C185,
20190305,531774192,1042,1551747836.8732383,64.15857253405117,1103.0214839483954,116.08882503614157,1551747836.2436209,331.70165897768345,[36.32014607 55.82102026 93.47606451 112.17182229 73.43274485 130.86925393 149.61400724 168.2196322 186.44039538 203.33574086 224.13631561 242.65432933],[29.34323523 627.63793649 6.16399862 171.68372902 14.33262558 9.34570528 10.79817305 6.82362348 16.47086866 13.1333374 12.44587246 7.64898659 15.68443496 17.89436796 11.00155779 16.71865565],__,-6.439999999999998,331.70165897768345,0.07814089738267779,C185,
20190305,531774192,1043,1551747822.4099307,63.51227649186075,960.3477577038354,117.2999493434138,1551747822.43365,321.7517101496833,[36.83247156 55.6474673 73.05706678 92.67172444 111.73188332 129.9391431 148.84538234 167.4521873 186.05905023 203.79618367 223.10981857 240.67216453],[29.84110962 594.69991801 4.86158426 173.89894944 13.57869705 8.412978 16.28898939 11.27035704 6.89964619 12.47131227 9.96647992 9.0007655 13.48528578 18.66781778 12.89547451 29.06907728],__,-6.42999999999995,321.7517101496833,0.0558628318131436,C185,
20190305,531774192,1044,1551747808.2627766,62.137959425307784,891.6962169640159,117.51066465784122,1551747808.2071834,312.68574823142933,[56.22517014 93.18432381 111.93914579 130.36475581 149.05845883 167.89974579 186.00668335 204.00289613 224.05665113 242.88614953],[28.14089573 535.05696259 4.27133183 158.8301981 13.92900573 14.39021156 5.91505628 12.51804589 8.94595833 8.05524917 11.50599556 16.14859365 12.83732888 21.52232627],__,-6.419999999999959,312.68574823142933,0.10651616753902327,C185,
20190305,531774192,1045,1551747799.869985,62.640578760135774,1055.9806503704024,116.35266671743955,1551747799.2334502,316.4091923032454,[55.60885136 74.21319666 112.5667708 130.38819131 149.6826096 168.76960719 186.36602456 204.56382254 225.16500836],[26.57059753 574.42221157 4.9631046 161.15533296 11.20001903 9.21415749 6.15994728 15.07109297 9.7446824 8.77694613 14.18052494 17.00141906 12.86861768],__,-6.669999999999959,316.4091923032454,0.1114197742844456,C185,
20190305,531774192,1046,1551747793.5585315,64.26742791359347,1725.3823992496943,112.94549390164563,1551747791.5492108,322.3185280123062,[113.2149212 150.60724783 169.96643226 189.16167887 207.27753131 226.27597427 244.25506388],[23.57401051 613.7491225 7.85375751 159.44255487 5.46357715 13.19760995 8.92376149 12.29428141 14.33038479 11.26380394 21.06309914],__,-6.669999999999959,322.3185280123062,0.06229616982007475,C185,
20190308,532501367,1305,1552077850.992977,55.96524559351967,2039.747400232324,115.05276175499388,1552077851.9696984,328.4429491867717,[117.04040418 156.06322728 175.64929621 194.41714436 212.7827692 233.88939482],[20.74728927 604.05128419 11.66774698 167.57512155 6.42192621 9.10619015 8.29645544 11.56173161 12.55880621 11.68294299],__,-3.1299999999999955,328.4429491867717,0.10851784992243513,C185,
20190308,532501367,1306,1552077854.188008,56.92851165438913,1336.6757851489888,115.84674774246317,1552077853.9726481,331.9045586901949,[57.84694229 97.10786597 117.08073876 136.88408555 156.16514096 175.73605367 195.04297711 214.16052383 234.29935424 253.26486862],[25.182576 645.92070916 7.61251929 179.03830216 10.52274129 11.35021156 6.80353483 12.10276637 9.014544 8.68963782 12.93143528 13.73366036 12.03353856 19.62450273],__,-3.1299999999999955,331.9045586901949,0.0836238301617032,C185,
20190314,533421550,1002,1552529076.632324,60.287205176577245,1364.1761449687613,133.4447074446981,1552529094.0370302,333.6219127087511,[96.96692268 195.18110507],[23.29668711 483.93283259 14.87258558 189.30403638 16.62132504 32.64468048],__,-2.6999999999999886,333.6219127087511,0.1381658267876032,C185,
20190314,533421550,1003,1552529068.3162377,62.200029236591575,625.3036652135647,117.25532140517075,1552529067.5940967,335.3934072885413,[55.14261683 93.33040217 110.78074435 148.11184357 166.13734721 220.8167007 238.05960268],[25.72341719 437.29542983 3.37366609 159.84491255 8.44792328 9.50642215 6.18823244 8.73608307 7.56188269 14.96435408 16.32921082],__,-2.6999999999999886,335.3934072885413,0.1240254689621785,C185,
20190314,533421550,1004,1552529056.9779606,61.83112049559856,320.82949169884057,117.37328210505983,1552529055.7684789,338.56059934950446,[36.45411545 54.79606284 73.22833696 91.12606493 111.08321042 128.40290038 147.40312678 166.48923005 184.84995856 200.82925445 224.03841995],[31.3781668 294.57798946 2.46156878 177.43754444 12.25162617 10.02299133 12.41539958 12.70752496 5.96112555 12.35772521 10.48384429 8.64100085 12.32651431 14.14069885 10.97847114],__,-2.6999999999999886,338.56059934950446,0.15506709286987613,C185,
20190314,533421550,1005,1552529047.2512455,61.69622037190701,1089.9660956399541,117.18556070584891,1552529047.6563988,325.3428688938722,[110.25265088 220.87114932],[18.12474944 431.67198232 6.39347411 131.88243297 4.96898282 11.26196483],__,-2.6899999999999977,325.3428688938722,0.10008695526943782,C185,
20190314,533421550,1006,1552529039.6448228,59.72190154036031,1934.9881320293416,165.31748863179268,1552529090.6107175,331.40711066378907,[115.66769111],[22.2554051 446.40964954 56.43383002 177.02723228 16.85684166],00,-2.6899999999999977,331.40711066378907,0.30302626608985833,C185,
20190315,533770152,1005,1552685679.0,66.38739898440836,1825.010713620234,118.78887620523724,1552685683.1586528,298.4894315738766,[109.27101371 163.65104002 217.75065343],[19.81087374 513.63039713 12.3032706 149.53289461 9.99457554 15.95541703 21.65579947],__,-2.2099999999999795,298.4894315738766,0.05119249222836404,C185,
20190315,533770152,1006,1552685667.273778,63.89031625078047,1524.3396250944945,114.38002722962383,1552685666.08777,316.0114406600008,[113.21891167 168.88077272 226.30014749],[19.63236341 500.13729585 8.28852103 144.01975487 7.59164614 12.08204381 16.55022836],__,-2.2099999999999795,316.0114406600008,0.08911139124705801,C185,
20190315,533770152,1007,1552685650.8714144,62.41407206496155,1498.507897567306,111.11013444151288,1552685646.15389,301.1340428872123,[115.92310593 154.86632734 175.49144021 229.45559587],[20.52284936 506.34360545 6.176413 127.13056746 6.02019084 8.98989485 9.26211354 9.60399565],__,-2.659999999999968,301.1340428872123,0.16147010816541593,C185,
20190315,533770152,1008,1552685636.8725102,63.703086749107534,1464.4049762686716,110.82604263761966,1552685631.829562,296.99420781453364,[115.97457678 173.85836215 155.02898162 231.58700222 212.14046189],[22.14089938 546.49127451 6.26278266 144.02610558 7.10675861 11.77131714 11.43589235 13.42344081 16.77819144],__,-2.659999999999968,296.99420781453364,0.10835464631218966,C185,
20190315,533770152,1009,1552685624.0959303,65.95416790095466,931.7311647985803,114.87357616497918,1552685621.6708272,311.8842512596047,[114.9864507 230.01010128],[19.18112239 426.54058991 4.67129185 124.7504605 4.97715584 12.90223489],__,-2.6499999999999773,311.8842512596047,0.030095030396549604,C185,
20190315,533770152,1010,1552685609.9161592,67.89225960713516,565.2598814150537,117.27641838646908,1552685608.9625506,317.17064404397007,[37.76391958 57.16215305 76.07941389 94.91134371 115.19766144 134.4102408 153.72336958 172.80939885 193.09544394 209.81768055 229.58851741 249.33168331],[32.68681384 400.12439483 2.44626945 164.58780322 15.39131252 13.84913094 11.12278193 11.02997274 6.14403584 13.15028322 10.37004517 11.02954689 14.50073257 17.70764466 12.3580192 15.62647115],__,-2.6499999999999773,317.17064404397007,0.10908408697546364,C185,
20190315,533770152,1011,1552685597.3695111,72.61182005568054,385.3457568152149,117.56989912401856,1552685596.3693192,340.68914919969313,[57.16015263 75.87562288 94.68947737 115.28261461 135.32020658 153.90651074 172.9794846 190.94286948 230.7837358 249.19587547],[31.55456072 277.95684818 1.99737225 155.44227331 16.26692935 12.36294543 12.92589515 6.36899751 13.78088969 8.47208051 7.84670851 12.42309834 11.08456915 24.69581884],__,-2.6499999999999773,340.68914919969313,0.07920717748941679,C185,
20190315,533770152,1013,1552685569.8374932,75.48466700513464,405.1250703615678,118.46787211485014,1552685569.7827172,332.55069188646775,[75.46848717 112.71926236 130.96390934 150.43742311 169.17125541 186.89687866 206.02559318 227.33309495],[29.61882431 260.54903389 1.68806326 138.83503568 11.70190369 6.12115694 10.84922865 9.35807913 8.33750423 11.57194634 17.80102049 10.39186252],__,-3.1399999999999864,332.55069188646775,0.10028075624406256,C185,
20190315,533770152,1014,1552685557.3269448,74.66098709800376,477.70888121796196,118.29311675717098,1552685557.2118404,329.36600721210317,[56.11052672 74.76795528 92.23985003 112.58672761 130.39544368 150.18941802 169.22535944 187.23809172 226.26240862],[30.51182198 319.15475593 1.92758901 143.38584825 9.53954773 8.63593804 11.05256285 6.61387091 12.49830042 9.29495037 8.65147023 11.75174938 12.19773277],__,-3.1399999999999864,329.36600721210317,0.14341963047154954,C185,
20190315,533770152,1015,1552685542.583352,74.32379215129318,517.6001359212119,118.42869565544312,1552685542.8040671,338.55475709305244,[55.36167395 74.42329 93.59510806 113.63039852 151.54868302 170.91447137 187.88903125 207.78897437 226.72975667 245.34407569 264.58689881],[32.35650341 353.99854879 2.24657207 156.58415759 11.6285473 11.37020019 11.81507077 6.00787791 9.58117842 8.69535424 11.98992978 26.44635808 11.7981293 24.35245142 25.6074237],__,-3.6999999999999886,338.55475709305244,0.11841090579956713,C185,
20190315,533770152,1016,1552685529.7833376,74.88169569862016,556.3597986835938,118.22436777212535,1552685529.9211047,336.7653937049564,[37.64129 56.49348104 75.51908898 94.0059331 113.38487683 132.24138505 151.49960053 170.57322246 188.25884857 206.69797933 227.38144708 246.64234137 264.6142594],[34.34657925 381.91402053 2.25044673 163.39981034 15.29852875 11.11043341 10.39113424 13.68529739 6.54540563 15.27805659 8.92152596 8.46249744 13.76971802 22.9761336 11.73125689 19.42903221 29.42216237],__,-3.6999999999999886,336.7653937049564,0.09106558742237061,C185,
20190315,533770152,1017,1552685516.1984546,74.58728910058355,599.3111494272413,118.3791392350919,1552685516.6777098,348.0439648463135,[36.73731721 55.15853512 75.86410565 93.7021807 113.04905992 129.51070342 151.44564385 169.21537897 186.5332367 206.00130342 226.10246804 245.01811602 263.33126155],[33.8926397 427.85303219 2.72807418 167.41378971 17.72795224 11.68449623 8.66818479 11.75409584 6.31246215 16.03236823 8.63694747 9.33480008 14.57772921 26.31538227 11.56761881 20.82262502 30.48836486],__,-4.310000000000002,348.0439648463135,0.12247856856628916,C185,
20190315,533770152,1018,1552685504.008359,74.08408902974303,617.4282407697863,117.26825989040772,1552685503.3714964,346.91054353943895,[56.22789379 74.46385119 92.79025473 112.3218268 129.13350183 148.53659779 166.13626224 185.26299688 202.27633607 224.30455895 240.92454886],[31.70269167 412.16369112 2.24555625 159.97276104 9.57915408 10.95124623 11.03403615 6.26914843 12.75985046 10.54485197 11.24384114 11.53644915 16.859144 11.05039755 19.81556016],__,-4.2999999999999545,346.91054353943895,0.19241761884665406,C185,
20190315,533770152,1019,1552682518.5952337,56.58975456538776,1111.1180441376966,116.22110962141024,1552682518.1000617,326.88935154100596,[57.41344978 76.40728031 96.07330199 114.71320207 134.07292065 152.71597613 171.91896708 191.14803566 209.34992295 229.73519453 248.66207545],[26.78569846 625.2321003 6.93858545 179.07177553 12.55370019 10.7803055 11.13222826 6.62109181 14.7015485 8.85441249 8.68703147 13.04126855 20.9968872 10.91796993 17.02188383],__,-6.859999999999957,326.88935154100596,0.08325567965060808,C185,
20190315,533770152,1020,1552682535.6710465,56.73125088925306,1179.0742035554167,115.73520790289375,1552682534.926968,330.6067584687776,[37.70152713 19.01760656 56.91562645 76.25983003 94.52692988 114.45327376 133.41503419 152.20028407 171.87288432 190.45442061 208.62069578 229.04546198 248.34907413],[28.25444057 682.1695104 8.17466447 193.06928364 17.00123729 14.55531492 13.89017364 10.3872784 9.20293734 7.26672305 14.90988915 9.00803014 9.75608664 15.53250077 19.72519 11.78360151 20.75579787],__,-6.849999999999966,330.6067584687776,0.10781114318333546,C185,
20190315,533770152,1021,1552685462.570305,69.61341728161798,945.2201415593668,117.69100049479249,1552685463.1167421,334.7736602964834,[56.39386229 73.82977468 92.56558806 111.76934501 132.11914495 149.59116801 168.06772474 183.33433026 204.46389577 224.03083166 242.38405776 261.3182169],[30.70379224 562.87452305 4.08760099 166.10494728 7.03892987 13.03984286 10.96821392 6.93949241 11.07110329 10.40516509 10.56497905 12.71556574 20.40920521 11.90458516 18.3591873 30.62608547],__,-4.919999999999959,334.7736602964834,0.17766121446568567,C185,
20190315,533770152,1022,1552685448.106737,68.70564747397827,824.1086334037475,118.66282457312731,1552685449.4418695,343.73600584284947,[56.36080236 74.26398544 93.41798589 112.45213267 130.68596315 149.8492404 168.85286071 185.51183181 205.07420575 224.32480308 243.5297429 262.28636094],[30.93748573 518.41858632 3.76185915 170.54734669 11.02388386 11.11047435 10.87255378 6.36552237 12.8811184 9.86082104 9.47945961 14.61229138 19.8293761 10.55309488 19.21065824 25.45841189],__,-4.919999999999959,343.73600584284947,0.10095800806296096,C185,
20190315,533770152,1023,1552685435.1100159,67.11782231906555,771.8328666236188,116.9105291666445,1552685434.4154077,333.68211967346707,[56.22264139 75.22201582 94.17033252 112.78594103 131.86922754 150.30431675 169.21354449 188.69100952 206.90655061 225.67229193 243.98086467],[30.14554076 497.80054507 3.68876668 165.80845667 11.32794185 9.71776062 11.02193227 6.07419918 17.81676121 9.45982333 9.47202386 16.05735826 20.77184826 10.67193038 22.574405],__,-4.919999999999959,333.68211967346707,0.09087074721332764,C185,
20190315,533770152,1024,1552685420.974739,64.9295034036777,798.8132493076714,116.29983452858148,1552685419.6681077,322.46407949398554,[56.34228848 74.85071372 94.13667601 113.30997312 132.30554502 150.78626057 169.59274189 188.58528197 206.55998885 226.23194451 244.94340607 263.53785974],[30.70957519 510.30961899 3.62174939 167.77843803 14.22986747 12.78676002 14.0410616 6.5009288 15.43283464 8.19623422 7.99267604 12.62197973 22.89564212 10.12661547 24.63572923 28.43322507],__,-4.919999999999959,322.46407949398554,0.11744432460778587,C185,
20190315,533770152,1025,1552685407.1606507,62.85907285950607,1013.8680210978821,113.25392155234574,1552685403.274881,306.33789084827,[113.94404069 151.42777837 171.2495946 190.10493679 209.88371351 227.66473547],[23.80222637 494.48956586 4.53828888 133.73650329 4.91501956 9.39388845 8.37402458 11.08544512 14.49167688 9.62165951],__,-4.919999999999959,306.33789084827,0.10116904147204751,C185,
20190315,533770152,1026,1552685388.3799844,64.0862854438405,939.0973709889763,115.99116509913328,1552685387.1034539,313.4695803498785,[114.78752263 132.53065867 152.20518753 171.85962971 189.89536747 210.10197337 229.21196759],[25.08795559 487.05212491 3.9251317 140.41476587 5.49494635 11.01054624 9.73579982 8.7270365 11.30260904 15.41562501 9.48928697],__,-4.919999999999959,313.4695803498785,0.13528467750486475,C185,
20190315,533770152,1027,1552685375.2015412,66.21232801244102,775.8892660053093,115.7065500276454,1552685373.270497,319.850649668616,[114.69284032 134.82548613 152.74675734 172.4994689 191.67969897 229.35543137],[24.73311686 445.76593352 2.97995194 143.33419837 6.07961147 11.30340595 9.28073148 9.7676242 12.18866502 10.98466299],__,-4.919999999999959,319.850649668616,0.10594299521653701,C185,
20190315,533770152,1028,1552685361.0108151,70.33650266731709,639.5667146368012,116.29792387986339,1552685359.37263,337.60967329866793,[114.6085526 152.85271952 171.92041324 229.19290846 192.80656075],[24.20722575 363.70524817 2.39041839 135.70418734 5.62902166 9.18261424 8.92837009 9.24854915 14.66027327],__,-4.310000000000002,337.60967329866793,0.0753177401725989,C185,
20190315,533770152,1029,1552685350.3594947,72.0686202217135,733.9401153451104,114.94978406886767,1552685347.6923614,339.47774627217575,[114.18058654 152.83550097 172.03746632 190.64734081 209.69432816 229.66680766],[25.31344268 391.55894165 2.56727097 133.68319438 5.70555011 7.54694635 8.33019559 10.99858208 15.29142486 9.77537056],__,-4.310000000000002,339.47774627217575,0.13844835431349814,C185,
20190315,533770152,1030,1552685338.1324077,73.21297244419011,654.5429441106068,117.56975521263679,1552685337.9021277,328.94627835518827,[111.50050696 130.70193846 149.07650004 167.27916561 182.32057644 200.85370481 227.91939641 246.03410838],[28.43304085 396.93808288 2.6455479 146.76006742 7.64895173 11.53936783 9.9527105 11.03137096 14.38122725 20.87204506 12.91339124 22.5374107],__,-4.310000000000002,328.94627835518827,0.13970560063344503,C185,
20190315,533770152,1031,1552685323.4753938,72.12463058467064,900.5830002544187,118.1126195470696,1552685324.4193542,339.7704084061981,[112.72413955 150.4519619 168.72783303 225.03340156],[22.23459843 448.56895876 3.38055031 137.9440606 6.06576667 9.27772095 10.71156852 11.01289357],__,-4.319999999999993,339.7704084061981,0.09232368877686069,C185,
20190315,533770152,1032,1552685312.7184973,72.18922206234177,1190.3274670690653,114.56538584892145,1552685310.5958006,280.60632022159604,[112.98993819 226.04836108],[19.88323776 422.54600877 3.39531277 97.52635509 5.32072614 11.33586738],__,-4.319999999999993,280.60632022159604,0.17526181391324464,C185,
20190315,533770152,1033,1552685294.9018922,63.92669651782643,1563.8959529850017,119.42182141564372,1552685298.7904084,360.20766687579805,[110.4596262 220.33935138],[17.39504012 457.26919789 8.22412582 133.66708281 4.57310587 9.61637456],__,-4.92999999999995,360.20766687579805,0.26096720671057705,C185,
20190315,533770152,1034,1552685279.928339,67.55178082368283,1581.5772242356647,111.37770679653131,1552685275.8543575,323.13021075137266,[116.53287576 232.28498651 175.59839612],[19.71562104 497.49693819 7.3155147 138.31834691 7.08425145 13.30902877 10.79059258],__,-4.92999999999995,323.13021075137266,0.1675458848883164,C185,
20190315,533770152,1035,1552685268.3720367,69.217113194696,1138.5855073553396,114.77192499903248,1552685266.4778955,323.76270256517233,[95.97565179 114.57496976 130.14477488 151.90699134 172.48246508 228.53584066 245.53489485 207.2217902],[26.0762036 556.69187389 5.32866035 154.15643681 11.71968194 6.02992283 12.53646389 10.34073326 9.85419932 11.61936992 14.94329431 14.13642654],__,-4.919999999999959,323.76270256517233,0.17075453193427192,C185,
20190315,533770152,1036,1552685253.096859,69.58458879483472,1291.6171404100783,116.00056602865075,1552685252.805936,305.6391691376631,[112.76677847 226.25443754 170.1376852],[20.50046488 470.59058959 4.53214551 120.86547555 6.52878902 14.68009678 8.80568292],__,-4.919999999999959,305.6391691376631,0.19802977782236136,C185,
20190315,533770152,1037,1552685240.8237827,70.22160600000001,1518.545296232607,115.52681222361517,1552685240.7778409,328.348,[108.16139877937717 150.99125216877803 217.99769778971358 59.94208507265909],[28.28427125 565.68542495 84.85281374 226.27416998 141.42135624 141.42135624 141.42135624 141.42135624],00,-4.919999999999959,328.348,Forward Model,C185,
20190315,533770152,1038,1552685229.1659856,76.59108888146156,1609.3384464464968,114.26696810886993,1552685228.4130988,329.6140567185581,[114.11477821 132.5648455 152.36303785 171.04800416 228.11110537 190.05338291],[23.93326159 558.21799109 5.05959661 136.61633905 6.86689893 14.7838223 9.43792067 10.72568879 13.74887766 12.84196018],__,-5.519999999999982,329.6140567185581,0.14971108521908463,C185,
20190315,533770152,1039,1552685217.1612349,76.54820796609633,1670.0477060847863,115.0244456414559,1552685217.0826535,313.69809488391064,[112.39201598 224.47412918],[19.34743946 457.16617107 5.60880539 113.51199952 5.41421921 12.00806262],__,-5.519999999999982,313.69809488391064,0.09104890782524863,C185,
20190315,533770152,1040,1552685206.8967414,79.07604387543344,2058.8066472437854,116.34204014478352,1552685209.326862,343.2255603314045,[111.72106525 167.15145715 148.62269434 223.39276232],[21.57812036 531.83747551 6.61192181 129.13862905 5.84034623 9.16214598 9.00603515 11.5224291],__,-5.519999999999982,343.2255603314045,0.15713180542707925,C185,
20190315,533770152,1051,1552685076.8392026,74.31369327828004,1780.3517451650396,113.9639189986133,1552685076.0086803,308.9920755408794,[112.19789698 149.27143998 168.32248915 202.58234241 225.06410736 241.12755312],[23.59091128 567.87282689 5.60945283 130.85530312 6.02774909 9.65698588 9.91404993 15.12810168 14.30383985 16.66569252],__,-6.109999999999957,308.9920755408794,0.15157620990092394,C185,
20190315,533770152,1052,1552685066.3789783,73.04980073971143,1399.100987000289,114.57327326488603,1552685064.989274,313.53425183005345,[113.03077753 150.822925 169.52761704 187.51366991 205.8889901 225.64659035 244.68138741 92.89282489 74.59323577],[26.86833493 595.03734131 4.5589425 146.34336015 6.66406552 9.95672615 9.41040006 13.68039656 17.51943013 11.62162527 18.49938584 14.91924781 13.87213966],__,-6.109999999999957,313.53425183005345,0.0942135706636175,C185,
20190315,533770152,1053,1552685053.536583,73.1811662817114,1240.0639631102204,114.4386128256064,1552685051.5669792,312.8590382465479,[75.71973497 94.70415781 113.56040455 132.41525624 151.69663394 170.65587553 188.3216308 208.28546002 227.14439288 245.52626042],[28.31120851 571.1519456 4.0488998 140.21266466 9.88323539 13.40776847 6.41220261 13.57789054 8.82814061 9.17666752 12.95725985 20.39151121 13.16831235 22.76148817],__,-6.109999999999957,312.8590382465479,0.08606648314693621,C185,
20190315,533770152,1054,1552685041.0613296,74.86620856910865,993.3110512785524,115.53176338688354,1552685039.591177,321.7372348705157,[56.6985018 75.99556532 94.61721554 114.13603573 131.61512273 152.45319761 171.44631703 189.10078255 209.82943906 228.22823095 246.92977479],[30.36144687 525.5475259 3.28192299 147.30593775 13.88407867 9.95893176 12.85991304 6.66290232 13.83643497 9.05319048 8.33433371 13.1943953 20.24146501 11.45257966 21.99313709],__,-6.109999999999957,321.7372348705157,0.116255467894635,C185,
20190315,533770152,1055,1552685029.000569,77.51970619040807,912.769142333541,116.63561922355723,1552685028.5463643,333.01025620493925,[76.10760529 114.31669672 152.81033852 171.41276978 228.61123621],[24.17886604 427.27173739 2.75688053 123.78038495 9.03434393 5.99749295 8.32132702 8.59366561 10.85209659],__,-6.109999999999957,333.01025620493925,0.09311658743460448,C185,
20190315,533770152,1057,1552685008.251672,77.13567208016524,1750.7735513442285,115.51245358069431,1552685008.889186,333.7159008495536,[112.79239959 149.47541659 168.44679706 204.46765014 186.04254712 224.52243047],[23.68043785 578.03699607 6.44724584 150.84166874 7.82271622 11.65923499 11.89358878 20.81637807 15.6440846 15.46448428],__,-6.699999999999989,333.7159008495536,0.0830927002203707,C185,
20190315,533770152,1058,1552684996.5968552,78.00258805140646,2149.7874729700834,115.07568619847044,1552684998.0215483,346.65070828411166,[75.85178535 94.59805888 113.30225389 133.36425228 151.60899961 168.1279645 190.48208222 225.8827088],[25.65060526 645.39200609 7.83668588 154.49798297 9.3772069 13.57951082 6.17017451 13.23275276 10.471076 12.85225027 13.39497397 13.65789326],__,-6.699999999999989,346.65070828411166,0.11983009421308632,C185,
20190316,533950817,1021,1552768410.994932,55.513749590388876,1761.0968161676753,113.45938388535818,1552768409.5640867,318.047061344505,[57.51245161 78.99706136 94.65633188 115.1169769 134.23792875 153.55758479 172.74978689 191.89323864 210.79980648 230.13006866],[24.77031864 704.31797893 11.64387166 196.29876218 9.90552992 11.69749168 14.27465521 6.90504355 15.45903176 11.24591553 9.57537674 14.1817616 19.58229653 14.22892141],__,-0.8999999999999773,318.047061344505,0.08346673953024304,C185,
20190316,533950817,1022,1552768425.5910807,57.23046860774029,1146.9727208625523,113.82543750830854,1552768422.8400242,333.08292182760493,[115.00883309 134.38711128 153.28462723 172.59645987 192.67332107 210.2349217 229.8606853],[22.960761 553.36620281 6.1583882 159.97791122 5.67893033 11.57006213 8.96836214 7.97620925 10.93134025 13.10974172 11.40587221],__,-0.8999999999999773,333.08292182760493,0.11330378038010641,C185,
20190316,533950817,1023,1552768435.4051888,57.818121676921024,482.9318648393377,115.93188943123785,1552768433.1341162,339.33326994088236,[38.61618033 57.87651034 75.88811023 96.95007547 115.53039853 134.32658769 154.17531454 173.23955631 193.00625068 212.2659394 231.37252405 248.65208413],[30.77405858 408.34868625 3.32539059 192.34625872 20.17477504 9.40359685 10.38454848 14.27799377 6.76555187 14.06014378 9.32685824 8.46768035 12.6618675 21.83942225 11.06328621 20.89608481],__,-0.8899999999999864,339.33326994088236,0.07372710341050685,C185,
20190316,533950817,1024,1552768445.7591321,57.42336157293661,709.8455771070784,115.59167052165458,1552768443.6291587,339.81189347918104,[58.33663889 95.85211263 115.3518096 133.97355728 153.85777026 173.05185365 192.1715774 210.83960358 230.90163992 249.60405674 75.81283702],[28.4255204 505.56281673 4.27494937 184.88623717 13.49557139 16.79981981 6.29433005 14.55448168 8.72936745 7.92122915 13.38688857 15.00560493 10.12169263 18.60352098 17.39486613],__,-1.3999999999999773,339.81189347918104,0.10025453155117424,C185,
20190316,533950817,1025,1552768744.7773473,64.62667951549088,581.405110691912,116.26461964721001,1552768743.0376003,332.5924751493863,[57.64769789 76.50869327 95.65529751 115.45494385 136.04259933 154.07177778 173.36130484 193.29337661 213.71261249 230.90993956 247.42872065],[30.73948525 423.85280671 2.99572542 168.39325189 7.24364565 13.75392363 15.12409634 6.54733289 12.38642674 9.90092819 7.51177707 13.98173153 22.27434556 11.93895565 19.57353954],__,-1.92999999999995,332.5924751493863,0.12863900203739892,C185,
20190316,533950817,1026,1552768731.4031844,64.0498890369091,763.1427999046439,116.26885569664218,1552768730.2117445,352.5708249972378,[57.59227471 35.5615366 93.9901706 114.50763874 132.27626968 152.35584495 171.55690778 191.24036236 207.13481914 228.69754383],[28.22290025 515.35015014 4.4644032 179.62265561 8.71720459 13.31969993 14.7024685 6.06415849 14.47640663 11.02057801 10.04428773 14.33956555 15.21976889 10.95917103],__,-1.919999999999959,352.5708249972378,0.13995885520057888,C185,
20190316,533950817,1027,1552768714.3218431,59.71117161450572,981.0449344648487,118.45440294512143,1552768715.8260655,339.5561191836604,[112.98762997 132.30750139 150.52380072 169.69121795 188.26991387 206.36558581 226.13650493],[23.76793327 536.00685808 5.16538075 165.6093267 5.86032169 13.78303822 10.75460523 7.39396348 10.80451989 14.0637956 10.34400427],__,-1.9099999999999682,339.5561191836604,0.07189693973571963,C185,
20190316,533950817,1028,1552768699.7640948,55.642406031996956,1164.255731971468,116.86254473387288,1552768700.05872,336.4560062007857,[112.66352119 133.20442063 150.28126325 168.90747835 186.2412887 205.21177824 224.85507137],[22.4923162 600.51903327 7.90943753 190.34633914 6.50959888 14.20263279 11.41201446 8.78452517 16.01226658 14.63052984 11.84847914],__,-1.8999999999999773,336.4560062007857,0.09388900903703082,C185,
20190316,533950817,1029,1552768681.3009012,51.272086196816474,1180.9714371365976,121.51755303540455,1552768686.3569915,344.8529771574233,[55.50772449 90.8970924 111.13123106 129.53783279 147.65267956 166.75072537 184.88252692 203.19512289 222.27734649],[23.06555409 662.92597829 11.0813021 220.50827544 13.86214923 21.99788794 7.840538 13.40588825 9.80639795 9.94266977 13.21803961 13.38268316 12.08132648],__,-1.8899999999999864,344.8529771574233,0.12601719473136888,C185,
20190316,533950817,1030,1552768669.843689,54.38838680904101,1728.750719096241,112.87714859181244,1552768667.8142328,283.4270507368315,[116.90370212 155.94718349 175.4871913 194.23020138 215.19027783 234.24460451],[21.79018812 603.10843727 12.13650952 166.52222169 6.10966749 11.74610341 9.67627053 13.22603174 14.46134318 13.33954181],__,-1.8799999999999955,283.4270507368315,0.10577221969156053,C185,
20190316,533950817,1031,1552768653.402585,62.037541594206644,1887.5539077466185,108.71464756257167,1552768647.6388793,323.23256234753575,[58.39292603 94.98910915 118.29752685 156.86476419 177.47491581 197.4540543 216.68321541 236.42813472],[24.27095357 650.3245686 10.12190753 167.84652267 8.04174545 12.53557516 5.90684668 12.84907479 9.97895881 14.38617833 19.29966004 11.15759629],__,-1.339999999999975,323.23256234753575,0.16255013878962044,C185,
20190317,534116929,1305,1552852249.538214,62.747477252202984,1831.8516151336496,113.02266212274607,1552852247.9044852,331.2541617023546,[114.1771489 153.86269765 171.35523692 228.81194969],[20.09808242 542.45496235 10.55269879 154.12889053 6.2698607 10.03397024 9.17611132 12.48762818],__,3.340000000000032,331.2541617023546,0.1329005407449756,C185,
20190317,534116929,1306,1552852249.3931417,62.97946897290258,1086.506685704766,116.66080007193737,1552852249.2812557,338.16694107529486,[113.23910768 132.16753657 150.8698172 169.68740728 188.40501172 206.25362899 226.05791619],[24.02558092 546.07952611 5.11470883 160.52693407 5.94427691 9.70778037 9.99338369 8.40003892 12.06706728 16.09944613 10.86810038],__,3.340000000000032,338.16694107529486,0.10797190627159295,C185,
20190318,534319912,1127,1552941665.103109,68.17510290739068,1675.7208768222008,94.90523414430875,1552941645.2548668,345.42818011078066,[19.48925228 40.09437581 60.61642903 80.08612921 100.89317507 121.22204193 141.35092683 161.73040885 182.10020614 200.85063292 221.83395739 242.43797739 262.70916459],[28.83556976 720.20884471 7.98444424 176.34796988 13.23659378 10.95161172 8.30481003 14.33190744 13.09623128 7.2640927 12.70603912 10.68051272 9.83416968 14.76229713 19.83442399 13.22884113 25.42249012],__,-1.0399999999999636,345.42818011078066,0.1418999806955514,C185,
20190318,534319912,1128,1552941674.9324343,67.33048676450049,1585.4784837491395,99.77589789686648,1552941659.6673474,345.95288879409094,[40.135433 60.72512944 80.88334472 101.11743263 121.4376153 141.90722914 161.86924714 182.46865205 200.90813794 221.96415573 242.9360983],[27.37329107 680.45850406 7.89202852 172.88810686 11.13597412 8.21206429 11.6019499 10.79948558 7.37220332 11.68113631 9.68048067 9.22286484 15.53602239 21.05942642 13.63115039],__,-0.48999999999995225,345.95288879409094,0.07723367074778432,C185,
20190318,534319912,1149,1552942025.468507,64.99787009698544,1601.2967441578116,79.20451639997293,1552941989.709432,323.01855812773533,[40.28708984 60.78127884 80.23445518 100.80719377 121.72803629 141.45309335 162.0552717 182.42290507 199.44089235 219.73910558 242.99753183],[27.20800672 689.57607084 8.80445646 176.15856779 10.98251708 8.74329554 13.07573848 12.73769462 7.77588905 11.36839085 10.95755417 9.52779916 17.28212647 20.63149685 13.02210462],__,-0.15999999999996817,323.01855812773533,0.14890601223528707,C185,
20190318,534319912,1150,1552942041.8142612,65.29222745958158,886.4338290086789,76.09588176674148,1552942001.2511873,332.66370095558597,[19.63058797 39.92470921 60.97687353 81.64471797 99.80886733 120.42881778 142.3496184 160.53942047 180.87682363 197.88639701 214.85391591 239.67784045 260.14990505],[31.37070675 591.0405957 5.44770983 175.59611489 14.84639604 12.66721765 9.0614058 11.4858915 11.33889878 7.87040171 12.52964955 8.87583107 8.09155016 14.07746507 18.4879458 14.05276095 19.34348025],__,-0.14999999999997726,332.66370095558597,0.23300316753387174,C185,
20190318,534319912,1151,1552942058.294084,59.481376893769735,645.2367092558613,73.81734187274446,1552942014.2784462,328.5166530451579,[40.19894295 60.93765232 81.99743976 101.47438378 121.8417723 142.33929293 162.38094178 182.86276156 202.96217034 222.31791023 243.71582196 262.62092957],[30.51379173 477.619256 4.15220385 178.4493323 14.63661763 8.86251443 12.35660303 11.16729565 7.45996044 9.90747562 8.85507746 7.6541509 15.83455174 19.91877047 12.99821314 23.90625451],__,-0.12999999999999545,328.5166530451579,0.09572777337811636,C185,
20190318,534319912,1152,1552942071.7430508,52.043000084268314,598.3164637195755,73.01226287904908,1552942026.1222937,339.33421864762454,[40.67028269 61.27126853 80.90730291 101.21927394 121.95764584 140.43150565 161.25374202 180.7255757 226.12906715 240.53934103 259.01934067],[28.26259528 570.22714281 7.25601045 201.56690742 10.55099488 8.85176884 12.41967084 10.66359898 7.72965524 11.20944561 10.85912614 10.18514441 18.67096875 12.82555959 17.79569062],00,-0.12000000000000455,339.33421864762454,0.19520765569183227,C185,
20190318,534319912,1153,1552942089.3222184,45.71734401945689,756.7591893146188,78.93516622149708,1552942049.8641388,350.96216729560723,[41.07552119 60.56727942 79.79724928 99.77181528 121.12602864 141.27071209 160.90375953 182.16854023 202.42430405 222.71484223 240.62395464],[25.08631722 615.82607119 9.5248717 222.82415847 12.87489176 10.68717263 10.85170299 14.41389345 6.76718388 12.35541776 11.09641653 10.07949807 16.34046442 16.96692981 12.83527838],__,-0.0999999999999659,350.96216729560723,0.23116042547900378,C185,
20190318,534319912,1154,1552942103.4165292,48.61491269468526,699.222386178534,77.46246053465339,1552942062.3566191,340.9313041384408,[60.62033871 79.49046167 98.53048665 120.76706309 139.87004737 160.24400872 179.85379107 200.13715354 222.47077266 248.58373269],[25.79284609 557.03497031 6.52793576 196.09838373 8.40019895 9.67154618 10.98307986 6.61801912 9.63083576 10.25618865 9.21022487 12.12213261 16.49666381 12.97156836],00,-0.08999999999997499,340.9313041384408,0.26748831690114483,C185,
20190318,534319912,1156,1552942130.3851213,49.31032802488829,766.1134464584779,89.39156493026795,1552942101.420723,325.7306687403888,[59.530933 98.83140359 120.44090864 140.31753374 160.89940343 180.52327831 200.95821491 222.40947671 240.87126944],[24.67442888 529.36419205 6.11915964 185.87813388 12.78074316 12.82233017 5.83622282 11.02842772 10.21404355 8.91252106 12.84404239 18.76955908 10.95263881],__,-0.049999999999954525,325.7306687403888,0.13522619013783083,C185,
20190318,534319912,1157,1552942143.4702353,58.70027324134428,701.4896138326187,88.47750719579469,1552942114.3168802,344.4556614530381,[40.03576534 60.39970885 80.07414455 100.67143773 120.79057481 141.46776228 161.15026094 181.29753836 201.57908634 221.17471494 241.71825711],[28.69353445 525.94312614 4.68409239 188.29565602 11.90375593 7.68778515 14.40977132 9.70617185 7.62358234 10.08350014 9.62249396 8.91963356 15.17127909 22.0223444 14.91604837],__,-0.03999999999996362,344.4556614530381,0.07889746696739294,C185,
20190318,534319912,1158,1552942156.4126027,66.1210342298235,932.8871529204149,86.25445199971568,1552942126.200726,335.46659083506097,[60.24475649 77.57652526 100.19612409 119.81813812 136.75297295 157.11574678 178.19446168 194.88991977 214.46091687 239.60126465 258.6049163],[29.4315305 573.16230527 5.25233448 165.76883879 8.1459419 14.96297955 10.47481176 6.43244123 10.98061494 10.18724216 9.18106848 12.91867837 18.33720165 12.00361486 20.78478621],00,-0.01999999999998181,335.46659083506097,0.2873181812843097,C185,
20190318,534319912,1159,1552942172.5121663,67.18485939055559,1007.4644491814304,84.94036388198784,1552942141.2421184,335.7735938524286,[39.57867383 60.29578775 81.79946875 100.2592941 121.31726348 141.6100497 160.68832243 181.30357677 197.71919198 217.13651258 243.08970349 263.77020438],[30.11633601 617.26431624 5.49826365 176.86433018 12.05850728 8.88565917 12.86403217 10.77934204 7.28375323 13.46962364 11.96134574 8.60417442 14.90660548 20.65388774 11.88831424 23.32753686],00,-0.6200000000000045,335.7735938524286,0.2386999208409108,C185,
20190318,534319912,1160,1552942187.4244373,65.26006486754416,876.1668978020609,87.1763173037894,1552942157.9424863,335.88721878690853,[39.79327816 60.68374721 82.14093049 101.2468608 121.20269998 142.24928382 161.5680361 181.12431042 201.05550706 220.48915073 241.85333478 262.3196476],[30.23502219 550.80114722 4.43817864 171.83515344 14.17193794 10.44067811 11.00795638 10.82173714 6.64870263 12.20672601 9.78080577 9.24736021 14.76464735 18.41849443 11.30403268 21.76119224],__,-0.6099999999999568,335.88721878690853,0.14556298250863647,C185,
20190318,534319912,1161,1552942204.7462318,64.21107823534561,689.8950531699691,89.41343982796839,1552942176.9508648,325.43823906624476,[39.67353678 59.7319986 79.14872292 99.78529152 119.67441282 139.15135287 159.35000099 179.38995581 198.88013757 215.3071102 240.24018256],[30.18733961 462.45090801 3.4342791 166.44917605 14.41354584 7.83461571 12.98724531 11.81633334 8.13785387 12.48563334 9.59020023 8.18256508 12.95536854 19.7731348 11.73857599],__,-0.589999999999975,325.43823906624476,0.13402187131422805,C185,
20190318,534319912,1162,1552942221.8092473,62.51476976586455,696.6492404622734,85.98224659809446,1552942190.0460243,315.5099031306686,[59.52932239 78.21114661 99.07147378 119.36020592 139.70826584 159.14271025 179.08447696 198.07001932 218.41597575 238.33711259 256.86649039],[30.03477492 466.87801204 3.3398462 164.7803775 11.52881823 16.02807987 12.09937985 6.2803453 12.9973353 8.80815797 8.06171508 12.57187042 22.9710296 13.76440057 26.94418982],__,-0.5699999999999932,315.5099031306686,0.10207292518639084,C185,
20190318,534319912,1164,1552942246.6306791,59.75252436640722,603.2051825549694,78.6498150501699,1552942207.1772413,337.8107891951167,[61.64708201 123.06979178 184.88083329 245.99234986],[21.78704935 393.51994616 3.56926127 141.70304282 6.82331033 5.23321539 8.90459548 10.6558518],__,-0.5499999999999545,337.8107891951167,0.13378685893044634,C185,
20190318,534319912,1165,1552942258.5218768,67.14313017185391,1233.6169913366427,81.4829285959994,1552942224.0267696,313.4302826557948,[59.17619041 76.83669204 97.4483108 117.90707181 134.67955197 154.64793817 174.08397807 192.76631847 234.83186137],[27.02882209 625.4171361 5.90329793 172.182785 8.36631952 11.93508538 11.91379072 8.77983972 12.84118109 14.84109158 15.22598265 15.61039364 16.3830498],__,-0.5399999999999636,313.4302826557948,0.2251767476889826,C185,
20190321,534899218,1029,1553197237.6981337,71.09151652904818,1677.7880889997443,116.00166851247795,1553197119.2490456,340.0425350960743,[38.5823346 57.78268711 74.8804509 96.65248426 113.31086983 132.72591245 153.80702485 171.00174242 192.40397946 208.5325071 225.70247302],[29.15241852 700.56058901 10.21537289 161.14686126 12.10873759 11.03666766 6.62148297 7.99973336 10.1169458 14.76194052 12.30125265 9.05999182 11.78489996 18.11794324 15.9411046],00,-2.42999999999995,340.0425350960743,0.3071228010476407,C185,
20190226,530505959,1301,1551140135.0,51.16600446506138,815.9233854737994,118.82527414194197,1551140135.2384186,249.8492877773998,[56.13942342 74.84442118 93.30819678 112.1121866 131.04314765 149.75274635 168.91464399 189.19599132 208.82029304 227.49336136 243.93440244 262.88183304],[29.48699996 571.65293433 4.76100295 159.93159798 9.7055405 8.0943126 10.27589008 6.9664672 11.3024166 15.53566597 8.77218955 12.4554066 15.97492837 14.94808296 17.77077995 18.19869052],__,-1.099999999999966,249.8492877773998,0.2008972783888252,C206,
20190304,531757531,1019,1551740714.8416264,72.37343505839975,2412.7003337891647,116.76842170779514,1551740716.1943889,321.5279985039435,[60.2687326 80.53680701 98.27505777 119.8111607 136.99900002 158.99299516 178.89593382 197.32019443 215.17449575 236.62954047 260.23945956],[28.46874788 742.53398786 10.98981582 179.90327856 7.74114473 9.78123817 13.52044782 8.12278475 16.87843796 11.58385188 10.17083889 17.04030417 18.36175885 15.94282068 20.3661169],__,-9.229999999999961,321.5279985039435,0.19540468661031962,C206,
20190305,531929060,1001,1551820645.4932122,55.18393667705044,976.5238915370237,117.48114753479867,1551820644.767227,328.00537532528125,[56.05752617 74.46864621 92.49715719 112.20498723 130.77142621 149.43782624 168.45226112 187.00388748 205.02751307 224.34792789 242.92449076],[26.89235176 628.54901115 7.82831177 199.23256572 9.57812626 13.94727141 15.66725337 7.25223142 15.487979 12.88540248 9.16498014 12.90971785 14.25952827 12.0183631 19.69537493],__,-4.479999999999961,328.00537532528125,0.06102142556623193,C206,
20190305,531929060,1003,1551820679.622268,54.84570248343041,713.8471716650308,118.40122999113984,1551820679.3549085,324.55080056339324,[36.96693818 56.003059 73.65344393 92.96725833 112.14425964 130.15740651 149.17844126 168.14324821 186.28201517 204.9002983 224.07317826 242.1825906],[29.09265913 534.47408016 5.03803657 191.26134442 14.53132364 10.50061365 13.60973065 12.01596639 6.69236 13.25704013 12.53635488 8.21473153 11.80878967 14.60579619 11.82937945 19.10001082],__,-4.5,324.55080056339324,0.06960963723172515,C206,
20190305,531929060,1004,1551820696.6744323,55.133516067768426,459.04708270355195,118.0528228469054,1551820695.6760442,328.50764384443835,[36.99164063 56.10401808 74.24305163 93.0642566 112.31545496 131.05833514 149.86575038 168.37625842 187.09156739 205.64699794 224.3341786 243.21631659 261.89824033],[31.56844519 416.68436605 3.68861772 197.56046573 15.66479988 11.79139354 13.75949731 10.55510531 7.39231106 13.67122497 11.32774358 8.54815144 10.3220649 13.26652201 11.8056655 20.96062892 16.33047366],__,-4.519999999999982,328.50764384443835,0.03411705602351138,C206,
20190306,531963997,1024,1551838032.2544534,67.99085001016174,594.9076386394852,117.25121306043262,1551838030.722985,315.08188261106244,[19.52371091 38.81790101 58.0371405 77.93586423 96.96430176 117.39398123 135.82254054 155.4721375 174.85892688 194.16443365 213.81930029 233.52600787 251.75680751 271.9109228],[34.5843634 435.45219596 3.04631315 168.35703213 14.44786299 14.44753674 10.11233901 13.96685937 11.76795254 6.54216447 11.84178797 10.90394843 8.68319463 12.05809203 16.49794305 13.35687496 31.23460609 20.3736746],__,-4.579999999999984,315.08188261106244,0.09040873381143102,C206,
20190306,531963997,1050,1551837675.3004494,81.20105515985665,1174.6708214814334,74.56511192879964,1551837633.094468,323.1817447038801,[19.91426633 39.28856973 59.8888693 77.31477905 100.11219919 120.21480797 138.91955735 158.65092374 175.36047743 195.53125609 212.49317128 229.76835126 246.50866572 268.56005469],[33.53204305 626.59241684 5.25621907 152.81291416 13.15158836 10.80790032 9.80606325 12.25085082 11.18964846 7.73559237 13.50071455 12.38233087 11.52010176 14.63025997 16.42191469 17.59581602 19.3644982 19.45311647],00,-8.339999999999975,323.1817447038801,0.42152895794526307,C206,
20190306,531963997,1051,1551837660.0755072,84.06296267212645,1390.4375323038557,60.68603851502482,1551837604.3622987,317.41778260787464,[19.55288977 38.86280608 59.8820532 77.14359144 95.98917695 119.37008941 137.55691813 155.12300874 171.71372685 187.4968614 203.21005254 224.22165646 239.33431545 262.90102293],[33.13126572 668.06669444 5.6131099 149.86312676 12.84512211 11.19500657 12.58754378 11.22292171 11.2264607 7.38147677 11.48859067 11.73228003 11.93874544 14.64902359 23.73245179 19.87326168 15.41549854 20.4447432],00,-8.329999999999984,317.41778260787464,0.45472154907786133,C206,
20190213,528313377,1024,1550092633.2111204,70.94332296754204,2554.1774686733656,113.12202761457787,1550092631.2185657,316.85700341145133,[101.46933623 202.91133433],[18.42677691 477.84740599 13.8245301 128.88042655 5.4624378 11.56351879],__,-23.50999999999999,316.85700341145133,0.021982147095694893,DH3T,
20190213,528313377,1025,1550092639.6697817,70.86109269816538,2285.9881170140516,114.58279467151058,1550092638.719182,326.3113627022194,[23.06597495 48.49055458 101.45159729 99.89914916 202.47796175 227.45788594],[23.54456485 611.1810209 14.27483679 164.28566901 10.09087128 14.41380942 6.71770549 7.72569947 12.80687325 18.68072255],__,-23.50999999999999,326.3113627022194,0.12027409305600294,DH3T,
20190213,528327454,1015,1550099278.9056158,72.02403965348039,1678.5931019763516,116.5489915421241,1550099278.7463448,323.32801786103477,[95.09467368 103.07050947 205.78136366],[20.27913509 502.85423868 7.94399125 135.94390119 6.94443452 6.5075619 14.43967508],__,-19.149999999999977,323.32801786103477,0.03210670189262248,DH3T,
20190214,528516310,1014,1550187376.0,67.99337508615741,464.7046324032799,118.4037632520817,1550187375.451455,327.36716952928094,[91.59502733 60.44890546 183.32311226],[22.20111057 347.38179763 2.84557535 151.40809864 8.30199175 8.25407207 16.13714196],__,-11.949999999999989,327.36716952928094,0.06397131400264901,DH3T,
20190214,528516310,1021,1550183711.6128168,58.89511699970362,1142.1471725313213,115.12472317684063,1550183709.1374469,325.3156251675286,[93.84909945 187.47552453],[17.91613877 439.58684592 6.31538383 124.81159915 4.77390081 7.03161434],__,-14.75,325.3156251675286,0.05118871784205785,DH3T,
20190220,529584443,1009,1550699480.6422386,58.50501921329586,1255.5017452897903,117.33083429749928,1550699480.3044164,326.44137946333603,[104.46970877 130.79825945 208.78560001],[18.80708085 488.19992592 8.50910184 147.28607652 5.45100297 9.31752888 12.96380953],__,-8.239999999999952,326.44137946333603,0.03976338268301982,DH3T,
20190220,529434852,1005,1550624803.0,58.79756814010537,2110.2108380464906,119.41193446024086,1550624806.3425083,275.1040666176871,[25.78109967 51.29064755 76.98545498 102.20548226 128.04087726 156.95807456 179.43783129 206.79191646],[25.14880834 672.08492381 20.50387965 205.77622876 9.22216257 10.64211231 13.66375815 16.06927001 20.7070895 24.7672864 27.70433915 36.11803058],00,-11.20999999999998,275.1040666176871,0.12253818291224589,DH3T,
20190224,530304772,1021,1551044253.5746062,59.751213309037965,967.3178098604737,117.16181102607466,1551044252.812392,343.57919645276604,[100.06913648 200.13323941],[17.95644475 423.60730845 5.43459759 127.77596235 4.41892418 6.97616926],__,-5.279999999999973,343.57919645276604,0.048474611215565205,DH3T,
20190224,530304772,1026,1551046861.489381,64.52445959269066,1876.2928061142331,116.78166036016462,1551046861.7643852,328.00532811190385,[94.3378941 102.11321576 188.90954714 203.9712007 229.70119599],[21.35907996 568.43227374 11.01354731 155.46945802 8.49346434 5.45697717 12.5129799 11.2353738 15.60736313],__,-4.979999999999961,328.00532811190385,0.09119131411723404,DH3T,
20190224,530304772,1031,1551046793.30895,65.69402522946419,1293.1275250009987,117.58364959490132,1551046793.4642756,334.0915536738648,[25.20878198 48.14831243 76.66096447 94.74334506 101.80676248 150.87235771 203.11353038 228.24118345],[25.67118145 612.86019542 7.29770106 165.28774871 10.73488268 11.71424537 8.69328935 7.06771037 5.97908468 14.53509075 11.37285685 18.81012275],__,-4.399999999999977,334.0915536738648,0.08509502434584872,DH3T,
20190224,530304772,1032,1551046779.0075796,65.02628665639782,1223.1675107630713,118.09322082138856,1551046779.547208,329.51072787387585,[24.69537975 48.53261789 76.76972677 94.7376356 101.86985234 151.67403401 203.5700284 227.89872419],[25.6342172 596.36352284 6.94692203 161.84361229 14.35220513 12.18708737 8.65490534 7.2871545 5.54245363 12.48086716 10.33105456 18.90861508],__,-4.389999999999986,329.51072787387585,0.0705659602099723,DH3T,
20190225,530506128,1012,1551137985.9413683,47.34050288933237,802.7269970613618,115.26284869122509,1551137982.8378012,326.15113745235385,[31.03462775 62.29469472 93.51608677 124.87259554 186.91655721],[20.65677628 516.10388451 8.65795514 165.26527442 8.21532173 7.17609031 6.06843458 10.81509962 6.71974757],__,-2.2999999999999545,326.15113745235385,0.04782441948011462,DH3T,
20190227,530869765,1023,1551301820.724066,59.367860586898004,1284.9698601334026,118.9501171657323,1551301822.224816,344.94698694291543,[26.35774883 52.68150345 78.97519577 105.39779209 131.88896185 158.13393436 184.35646805 210.43722307],[24.4879191 630.45471987 9.09641716 185.30032661 7.25824051 7.20901395 7.89031777 6.93561008 13.60966621 14.4244954 12.51371455 13.1783777],__,-4.009999999999991,344.94698694291543,0.03192631236050088,DH3T,
20190301,531255461,1025,1551476650.6456819,60.15868475992817,1828.9158350095831,113.67792716988279,1551476647.8065877,329.7942685445849,[26.13495101 52.21944675 79.44209569 106.29187716 132.52120157 212.33362022],[22.12676254 605.35324289 13.38653281 173.2616067 10.27721418 12.66599006 9.46810141 5.93057308 10.09523965 12.64310356],__,-1.3700000000000045,329.7942685445849,0.05594289097748905,DH3T,
20190304,531737178,1005,1551729672.0946238,64.56004345153772,1443.6289612778548,70.5744109151069,1551729625.3210816,327.96260106406606,[59.78706854 89.86287951 179.73525522 269.67891234],[20.81197427 521.27097387 7.91258904 141.16885244 9.3805339 5.20504964 7.65583769 15.73240999],__,-5.259999999999991,327.96260106406606,0.025214647449350758,DH3T,
20190304,531614496,1021,1551668164.7494757,59.489488250455764,1674.9869691122035,117.74313823460069,1551668165.6043358,327.20817881276037,[105.21003773 131.38961351 159.36573677 183.16231322 209.67655422 25.62990091],[21.88936813 594.31610772 10.43753798 166.47642252 5.72879602 9.96841019 11.20577453 13.64784008 12.94481731 8.96799374],__,-5.21999999999997,327.20817881276037,0.08628569187886115,DH3T,
20190312,533208343,1015,1552424105.1943514,52.73589387249937,2065.7027315635682,112.7983225776946,1552424101.7774022,314.2695194546908,[31.30521305 63.11758332 94.81842617 126.08599114 189.64742771],[20.11634961 585.21290943 18.55451174 171.96035569 8.33510764 8.32045097 6.16352153 14.03727371 10.07509312],__,-8.579999999999984,314.2695194546908,0.05101152714070359,DH3T,
20190312,533204820,1008,1552422480.1088889,70.78635195518724,1758.9569556579497,113.9081635719038,1552422477.386507,331.1687970081254,[25.73257125 51.956267 77.53184081 104.04496066 127.71599335 207.34119298 231.66661056 241.53450469],[25.68899739 644.16452051 9.31403932 168.06959974 11.83038941 8.53910655 10.77419055 5.73608228 12.07499633 11.88017123 19.19523624 19.66699576],__,-11.579999999999984,331.1687970081254,0.11352582395760494,DH3T,
20190320,534549899,1006,1553040944.3697433,53.77931447419406,1206.6488623457506,114.20746108720752,1553040940.8720343,324.2344945589096,[12.56423367 26.65155835 53.55827044 80.05941927 107.20925302 134.12762112 159.38462212 188.32036887 214.4328548],[24.49070333 663.74022773 13.13408458 214.77405685 11.06259565 9.09269538 13.03176491 10.94630398 7.89280141 12.57815887 17.1237949 14.49667106 14.49581564],__,-6.75,324.2344945589096,0.10093689126408452,DH3T,
20190215,528669408,1306,1550255747.5220609,70.20445425861773,1539.4774652249591,116.71994138609843,1550255747.2869656,316.9946236613493,[74.34918491 111.05983559 129.41866359 148.53266706 167.15763896 184.61370197 202.43245336 222.43334925 240.37151188],[26.4343692 620.78540827 5.84533912 145.53719928 7.07476349 6.24055868 14.36440564 8.8834804 8.83458854 11.70569126 19.49156052 12.56116162 21.90483149],__,-15.289999999999964,316.9946236613493,0.07114991571345347,C182,
20190303,531444832,1217,1551578714.2288775,59.27738125157618,3125.2239037386225,115.55058791414561,1551578716.0406535,308.8494295665007,[72.81936107 109.07432252 145.36577617 163.62155393 181.7229008 217.92258583 236.51876737 253.68922072],[23.28904598 677.00991288 17.89704148 169.45426005 7.16877988 6.78175471 9.06203516 8.53991172 13.0731247 12.12867071 23.12919668 20.312462],__,-16.25,308.8494295665007,0.05887749419428946,C182,
20190303,531444832,1218,1551578722.5869684,60.16491501380136,2825.9969639721107,115.56501301878306,1551578723.955303,315.82272290954523,[33.26240859 54.20302639 72.54063489 108.89235672 145.02706355 163.14561501 217.63652456 254.24038281 180.43547812],[24.55482746 702.18143733 17.29096221 179.25313064 13.19531182 15.37864182 6.64070055 7.09671711 9.00484433 10.15850083 13.30049411 22.24800336 15.48994239],__,-16.25,315.82272290954523,0.05816142088017166,C182,
20190305,531770141,1215,1551746089.2026024,50.833256282175235,2655.587854168473,112.5393111677229,1551746087.1779158,317.17209594475696,[73.66007819 110.46594782 147.12839531 165.61722757 220.75475635],[19.38172736 592.48365106 23.88757176 181.28335277 6.89420017 7.63071384 9.69124892 10.27644004 14.82522428],__,-14.17999999999995,317.17209594475696,0.03307542744281697,C182,
20190305,531770141,1217,1551746060.8498616,51.59327432497353,2678.3040069168633,110.26212916769227,1551746056.5668967,327.646476705328,[73.58699435 110.35970919 147.31144731 165.5777682 184.22103142 220.69000135],[20.40131424 621.89472592 21.63868765 181.14203423 6.62918735 7.06163978 8.90213833 8.74903483 12.51989077 12.9007494],__,-13.649999999999977,327.646476705328,0.04367375488315273,C182,
20190309,532662270,1304,1552160675.0189385,50.604795939966166,404.02320738233476,118.88998559841923,1552160674.9386666,338.90204840754814,[61.02623896 102.38687035 123.89662203 144.43586237 163.27731669 186.18221511 204.47294241 246.20176356],[25.63805194 362.96635369 4.01711444 180.21890078 9.9521268 11.25893771 5.30270215 12.87647081 13.26994245 7.98394429 12.76993666 10.72123346],__,-0.47999999999996135,338.90204840754814,0.18933783529984927,C182,
20190213,528313432,1286,1550094147.329224,83.32362450949208,1253.8379924544154,116.06147427116893,1550094145.7231207,299.0674642397949,[87.43939201 175.3679277],[20.24750181 438.23544778 4.43237083 109.28447027 5.40972014 11.11307686],__,-17.48999999999998,299.0674642397949,0.05375428001402301,C208,
20190213,528313432,1287,1550094151.5684338,82.11848911287947,541.89042392312,118.99303240168946,1550094151.7532432,321.9649450427991,[85.0372259 170.40439642 255.76701218],[22.91503095 297.35548524 2.1483352 102.3837192 4.29741154 7.27354198 12.88133994],__,-17.48999999999998,321.9649450427991,0.08152777171681402,C208,
20190221,529783452,1301,1550790388.4799201,87.64475841669584,3036.634100331049,111.92186018999988,1550790385.8837976,316.51274125944417,[84.97150922 169.83463446 256.51973311],[20.90121563 511.65191946 8.71952003 108.25632476 5.4249737 9.11116772 11.33544045],__,-19.169999999999987,316.51274125944417,0.09603664936294426,C208,
20190222,529795101,1306,1550796014.8502338,79.73353022662643,2499.2886116875297,114.13879211729524,1550796013.5699542,322.9871759880642,[85.28471826 170.52488719 255.59444113],[20.33149105 504.78514878 8.19841427 111.92357369 5.06724247 7.87908972 12.23241547],__,-18.389999999999986,322.9871759880642,0.025489605942143726,C208,
20190223,530005000,1150,1550895386.9060154,88.5755783018228,2835.2198194676707,121.76619155164789,1550895394.9755273,329.80643605298684,[81.12464769 162.77062451 241.87998442],[21.02569403 508.92333027 7.78782586 107.11399292 4.76833693 8.2361118 12.70249575],__,-16.75999999999999,329.80643605298684,0.1460538214798767,C208,
20190228,530895313,1240,1551318586.5245128,85.64094872691436,989.372487800897,117.83881768882348,1551318586.6054752,337.2444382963876,[29.33505212 88.81774497 145.91613469 177.36871908 265.78058071],[24.91078418 438.95358393 3.39094316 109.45804706 9.84055645 5.44170797 9.89856715 6.08437083 11.94970259],__,-3.359999999999957,337.2444382963876,0.05597270202284315,C208,
20190309,532692343,1181,1552175614.1644108,56.65887065759045,3428.78458190431,109.76177717606376,1552175610.996941,313.4851401856012,[84.09050883 167.75353415 251.37465424],[18.55250822 525.12168643 25.29692259 153.05335317 5.78217889 10.61187356 14.89840073],__,-19.49999999999997,313.4851401856012,0.11443401777699157,C208,
20190310,532692343,1152,1552176123.8108628,53.01144986785467,3412.4562245150723,106.8841215579272,1552176117.7874634,315.4127157410939,[82.76720252 165.52410948 247.14330997],[17.81021381 525.174079 28.17462505 156.6967181 5.39519991 8.87959075 14.88760681],__,-19.269999999999982,315.4127157410939,0.056618215260623744,C208,
20190314,533587121,1303,1552601593.2933688,73.52250064222697,2120.350792737043,115.0988009787376,1552601592.2934334,328.3260334139002,[28.95009381 55.85203573 87.18121929 115.37913682 174.33035628 261.42572323],[23.89301327 606.65537455 11.6045185 155.3194312 7.69395292 8.53555209 5.97141071 13.07414251 11.02415602 18.96691854],__,-9.539999999999964,328.3260334139002,0.09134720633062475,C208,
20190221,529748414,1048,1550776235.5698547,155.53457454879117,8365.870206501568,68.48289032555722,1550776199.5710251,306.1747322324892,[32.03789914 64.27498797 84.64306825 96.36904614 127.90042777 160.35274762 255.60927337],[29.02059265 655.83797742 9.82811109 82.40657464 6.43399956 9.04271927 8.70487004 10.16135362 9.71203823 17.71735657 17.20912404],__,-57.12999999999997,306.1747322324892,0.08480160229755061,C441,
20190221,529748414,1049,1550776241.0475955,156.30639911496596,8324.470293899078,70.51872239323319,1550776207.020448,310.7537675442762,[32.02599305 64.00945103 84.19608369 95.64625558 127.92403691 159.48420458 255.5794502],[28.63104312 654.52163127 9.14934053 80.39351163 5.80412428 9.24121497 8.82579367 10.70263058 9.07927915 17.17378247 15.68169966],__,-57.12999999999997,310.7537675442762,0.07185388114221324,C441,
20190223,530126312,1086,1550953370.3150427,138.68469895316574,5875.804233846696,84.94178686467514,1550953346.5020087,324.9589095727333,[31.19972994 62.44478169 78.74455527 94.9583781 127.06668909 156.47104566 254.50469685],[28.1146564 649.1224001 9.95700271 95.92534785 8.78732396 9.22566466 8.09495748 9.58250858 8.27200661 13.98899625 14.33772615],__,-25.899999999999977,324.9589095727333,0.13620383892979973,C441,
20190223,530126312,1088,1550953383.4472177,138.5882556709939,5639.883473160151,83.75259557977856,1550953358.1288314,323.84940474344177,[31.77699128 63.10792296 79.31590753 95.84251347 127.80297261 255.57872525],[26.81648871 617.39483575 8.44634015 89.40964959 8.08209631 6.66847881 7.99389558 10.87875588 9.14082673 14.24651349],__,-25.909999999999968,323.84940474344177,0.12050302217948337,C441,
20190223,530126312,1089,1550953388.4743783,138.49647446871336,5569.382218904598,83.3290312035846,1550953362.666631,324.21532684036873,[31.41767904 63.03144569 79.40610724 95.94655364 128.26743778 160.03511684 256.65165761],[27.48221062 643.27656758 7.34155471 86.69885355 8.19146967 9.65452221 7.95136412 9.82182912 7.20687668 14.311855 13.12722856],__,-25.909999999999968,324.21532684036873,0.10886845838057368,C441,
20190223,530126312,1092,1550953411.2731574,138.09395889505882,5623.2262340493935,81.183102366828,1550953383.4438708,324.14198156270925,[31.96949475 63.95511999 79.84062199 96.31438468 112.06903678 128.52737646 159.97175208 224.57781354 256.92347474],[30.23546985 702.56128191 8.10877806 100.54192185 6.17551255 9.60398048 9.09179033 9.94468368 11.99615292 9.07227397 16.8241992 25.79013381 17.58185776],__,-25.919999999999987,324.14198156270925,0.06643579555885609,C441,
20190226,530670515,1080,1551219007.6900914,128.3760394451111,8018.038545681202,96.3891707052109,1551218998.8172047,316.07714633092684,[31.94519553 95.0643134 128.48787012 255.70646826],[23.96127007 560.48387036 11.31964222 84.78128997 7.93188126 9.66012706 7.09020422 16.57669883],__,-42.059999999999974,316.07714633092684,0.08588198257804512,C441,
20190226,530658000,1057,1551208839.4971213,174.05800184061533,7698.4948350607965,75.2506892106384,1551208809.1549945,326.2689780314866,[32.73841466 65.42879133 80.09096021 99.12653471 106.4260826 131.01805663 162.66894768 261.49849952],[29.88383848 678.4883247 7.93601382 77.01669517 6.56676252 9.48231555 7.99661386 8.66718865 10.2803003 8.89634463 20.08080568 19.40930997],__,-39.41999999999999,326.2689780314866,0.14110519372663838,C441,
20190226,530658000,1058,1551208843.454255,173.93049838212892,7617.428683661691,74.7937929748511,1551208812.5275376,325.1015386783383,[32.58004407 65.00802235 79.47164992 97.79525021 106.83473056 130.58773358 162.95800523 195.24692883 261.58213563],[31.50768737 708.42268001 9.41549159 89.42745838 6.96720965 11.11984413 9.22699537 11.13334165 13.3913814 9.3173244 16.49038045 19.55203498 15.83903084],__,-39.42999999999998,325.1015386783383,0.06969215590622804,C441,
20190226,530648372,1151,1551205489.1233182,160.73075499418522,7990.9676801229825,76.1960417257707,1551205461.036734,316.4215700466813,[30.70792111 93.79887307 125.61368327 156.99679511 250.51437126],[26.00329767 591.166886 7.89075618 72.75097734 8.75302188 9.15750814 7.27154582 14.03908399 13.33343768],__,-44.77999999999997,316.4215700466813,0.10940585208051039,C441,
20190301,531240338,1079,1551475879.0918727,159.22449805437353,7968.474204827691,87.18966278965114,1551475860.980949,315.57584399430743,[31.27295557 63.67505763 81.12060484 95.98602317 127.95150874 160.04579421 191.01843486 255.83373518],[29.0645341 679.74445788 8.65044453 82.43593491 9.45660987 9.17736895 8.7475873 9.77638323 8.2609068 16.13029308 18.64705708 14.38416626],__,-48.099999999999966,315.57584399430743,0.11754114469641384,C441,
20190301,531240338,1223,1551475127.641046,156.31299999838964,7896.453650655271,87.69194857091824,1551475109.966486,311.7413934229101,[31.65004797 63.66560671 80.36814439 95.71866618 127.42144825 158.52591246 191.17907783 221.28472419 254.19879576],[29.78599551 706.11063029 8.18354131 81.87777327 8.57542336 8.92635257 8.36955188 9.43812074 7.48816894 14.97061351 21.05098132 22.64519209 15.09688638],__,-48.45999999999998,311.7413934229101,0.0981779637899539,C441,
20190319,534519028,1015,1553028990.9825351,155.64788936324143,7797.675094156114,68.16163433223758,1553028953.134992,304.7103795608398,[31.70406116 62.64404674 81.76778647 93.80485756 126.57055895 253.23026903],[27.39768123 623.25379616 8.70324218 76.65941849 7.0093036 9.78742945 9.90879953 10.71717128 8.77862153 14.04950687],__,-50.039999999999964,304.7103795608398,0.11905481933743284,C441,
20190319,534519028,1021,1553029023.3707228,155.14567973226295,7754.914017109584,71.80814169051462,1553028989.1407197,306.04697697884546,[31.36673199 81.16462777 94.71575732 109.56273476 126.04705578 157.04295707 251.80310817],[29.41635974 656.35457399 7.56642524 86.55515806 7.82452869 9.84883555 12.40751624 14.89910844 12.24949765 18.12023082 20.93314209],__,-50.109999999999985,306.04697697884546,0.08653788827360602,C441,
20190319,534519028,1022,1553029027.8174965,155.39262315988094,7841.048277048396,72.40997989209362,1553028994.33727,307.93882135352396,[31.37977381 63.62684604 81.95558653 94.7820668 126.89219687 253.60723376],[27.82318852 624.93490829 8.07610979 78.82894092 8.00537102 8.75707313 8.74862479 10.57377739 8.84371 20.5744645],__,-50.119999999999976,307.93882135352396,0.10797906772057539,C441,
20190216,528870421,1301,1550349032.787358,37.60534574995991,1300.7499720755432,114.34051265782976,1550349029.519329,331.7026315890525,[78.688587 116.81372444 136.04643764 157.43363155 175.93981088 195.62553905 215.59753814 235.24866765],[19.11333242 665.28850337 20.60980244 231.01912047 6.11316517 13.66638057 15.79068836 9.32946459 13.98501712 15.78247436 15.41946725 14.44188876],__,-12.810000000000002,331.7026315890525,0.10697462336559546,CH7B,
20190216,528870421,1304,1550349107.3937662,38.25482171624776,217.43685666797367,118.76786955873052,1550349106.6686344,323.00410761157906,[79.38341727 99.2135168 118.96054323 139.38502469 158.74031947 178.11636969 197.86099342 218.05447368 237.99274362 257.23322502],[25.6731371 297.35695015 3.99326291 219.45395339 7.40437613 15.33838112 10.21843553 9.33119058 7.62808012 9.82242247 12.60551104 12.8067037 10.35812712 21.18686182],__,-13.25,323.00410761157906,0.05913817863244142,CH7B,
20190302,531279310,1292,1551490221.11295,41.90478725329867,1268.567378457156,121.6183421048706,1551490224.9351285,320.58811887567873,[76.87384468 134.40347194 116.22814344 153.56569641 173.49714067 191.7033307 211.77871024 231.29663983],[20.80888571 635.87541491 12.33419507 196.48072132 5.54877602 12.32817108 14.10617006 8.00209619 10.50017408 11.40074423 11.05062397 12.33517836],__,-2.3700000000000045,320.58811887567873,0.16103549954617433,CH7B,
20190302,531279310,1293,1551490225.6469884,42.62183908424021,338.1232396384197,120.37522318135525,1551490226.7781172,345.0329441205664,[78.17617436 96.59692166 116.58113048 136.10121064 156.20068334 175.87536505 195.2833981 212.92226907 234.28859165 253.68989287],[25.7497099 372.46599181 3.75984652 216.48604144 6.23302385 14.52780886 11.47478655 11.02130706 6.88129631 10.59375623 10.64622887 14.89471995 11.35021983 26.13054054],__,-2.3700000000000045,345.0329441205664,0.07615079318693814,CH7B,
20190302,531279310,1294,1551490226.640653,43.38582737900143,722.3718569682533,122.4821768269061,1551490230.4288397,324.2854260911674,[77.38226119 94.7615413 115.35313993 135.13578667 154.85459755 173.9908876 209.81638534 231.06701938],[22.80032602 541.90203851 7.9627272 189.46851429 5.28045737 13.30693251 12.19737643 11.52247622 7.21462184 10.13179866 11.93336114 12.83341623],__,-2.359999999999957,324.2854260911674,0.19725143400312897,CH7B,
20190302,531279310,1295,1551490213.0082717,42.877350680301944,1466.4170799701212,124.49242060801765,1551490220.1074538,332.43507718674607,[76.98084637 153.73565995 228.45559119],[16.86201279 512.54521407 17.12447837 162.87691794 4.33581207 6.63237894 13.82452706],__,-2.3799999999999955,332.43507718674607,0.12853097354047838,CH7B,
