20190211,527958214,1009,1549922462.904435,54.62719974436885,1543.321550360446,65.20503399837872,1549922413.2516048,310.6954342234479,[56.90927239 75.65218714 94.75235587 113.70886148 134.47053685 151.18341102 170.62448424 207.878121 227.15362575],[1.73510038e+01 4.86205136e+02 1.94312671e-01 9.89797623e+01 2.00468847e-01 1.63201784e-01 1.75932272e-01 1.15941494e-01 1.56848354e-01 1.55465032e-01 1.43125764e-01 2.27754030e-01 1.99218842e-01],__,310.6954342234479,0.11307674355612651,
20190214,528502194,1023,1550177789.2386246,47.44854169618297,1315.1456343716795,117.3153546902487,1550177791.8586652,310.8048083074252,[39.11828045 59.20258139 77.23197232 116.70874858 136.08860108 156.00289356 175.35949399 194.55510458 212.83704026 233.74005727],[1.51721788e+01 4.22920185e+02 1.66784717e-01 9.92210030e+01 2.01864986e-01 1.10981454e-01 2.49449050e-01 1.03722350e-01 2.20686778e-01 1.92991442e-01 1.58206546e-01 2.07665634e-01 2.37080995e-01 2.54187535e-01],__,310.8048083074252,0.13731338791215963,
20190214,528502194,1024,1550177797.1981785,52.45597717213267,986.9028343961817,117.06018320988045,1550177797.6240199,310.9933133437398,[58.32205075 77.52413538 116.89238078 135.99401313 155.84393107 175.66838942 195.2323915 234.04691692],[1.67185899e+01 3.15190850e+02 1.20526737e-01 9.90795742e+01 1.82616915e-01 2.78518762e-01 1.00103843e-01 2.25656972e-01 2.00426434e-01 1.50327920e-01 2.30586956e-01 2.13552656e-01],__,310.9933133437398,0.05535820936744595,
20190214,528502194,1025,1550177805.5084739,48.233853936666705,1605.9554118642911,123.99676374246091,1550177812.389478,311.67220943221844,[59.28427273 113.69374936 130.56155035 148.94045006 165.2664 204.08801702 216.28517197],[1.56609965e+01 5.42415787e+02 7.28566244e-01 9.91581515e+01 3.21986381e-01 5.30211659e-01 6.48129631e-01 7.41953293e-01 7.29122854e-01 8.77843461e-01 9.60790139e-01],__,311.67220943221844,0.5502104202946828,
20190214,528502194,1026,1550177820.3312578,53.336808078794256,1024.554390018551,115.35613031906959,1550177819.4235234,310.89025116802236,[58.68473066 117.50683039 136.36940018 156.34520825 97.31792246 176.18194761 195.12779398 235.30911468],[1.69569289e+01 3.23379680e+02 1.36414055e-01 9.90525910e+01 1.63315591e-01 1.07615523e-01 2.74951998e-01 2.40570593e-01 2.50832406e-01 1.79169172e-01 2.60834847e-01 2.29313767e-01],__,310.89025116802236,0.06088175025815671,
20190214,528502194,1027,1550177833.0654209,54.064340686219815,1317.8808695995067,116.66538386530925,1550177834.4145434,310.49015326097623,[58.88027024 118.02417188 176.61658796 236.72034838],[1.72090220e+01 4.17781960e+02 2.48322889e-01 9.90097487e+01 1.72839704e-01 1.29176172e-01 1.97525822e-01 2.74984153e-01],__,310.49015326097623,0.05543797264183507,
20190214,528502194,1028,1550177847.3778443,52.801788136878336,1617.415068620936,116.97568134677228,1550177849.9959383,309.35277757694377,[58.35686225 117.66583098 176.39854945 214.39300901 235.16586049],[1.69033922e+01 5.16242229e+02 2.96277617e-01 9.90233307e+01 2.11088872e-01 1.41443166e-01 1.96160300e-01 3.19530430e-01 2.80211044e-01],__,309.35277757694377,0.08203853511231796,
20190214,528502194,1029,1550177867.311236,61.55053576099051,2525.255898763108,109.8048725388211,1550177863.3235357,308.8284757105988,[117.84464273 176.56041671 235.31290501],[1.93789605e+01 7.82435623e+02 6.66538409e-01 9.86724869e+01 2.71941356e-01 3.81699532e-01 5.99452775e-01],__,308.8284757105988,0.05453184468048279,
20190214,528518474,1006,1550187776.9446495,57.19641427588183,1409.6314128470117,114.63261091169885,1550187777.5513706,308.81049822440787,[116.35091597],[20.86312806 538.38885156 3.34869125 98.97639252 4.81067513],__,308.81049822440787,0.12010215789538928,
20190214,528518474,1007,1550187764.1925879,56.40427733145532,1206.2418203701955,115.63003811955718,1550187765.237358,304.5428859161715,[57.69828797 115.69801808 134.48226054 173.52759962 230.84681766 212.72492641],[1.30645885e+01 2.80404472e+02 1.55591268e-01 7.05371484e+01 1.65432364e-01 1.27039394e-01 2.64104568e-01 1.66585782e-01 2.28575438e-01 3.51133626e-01],__,304.5428859161715,0.09439227511802102,
20190214,528518474,1008,1550187750.9849875,61.6348583898488,1655.4615195270378,116.31201379807689,1550187752.5122907,309.190595394549,[113.9773357 170.82589533 227.33046879],[1.97399587e+01 5.36602367e+02 3.01812405e-01 9.86858523e+01 2.58937786e-01 3.50411866e-01 4.91385487e-01],__,309.190595394549,0.07726576519258117,
20190214,528518474,1009,1550187737.5347757,55.36118832855751,1009.258897245741,117.41201641704147,1550187738.6854777,304.98551968331816,[114.73901185 172.1488705 228.98760951],[13.52732719 255.1174849 0.53115348 74.85636752 0.32420185 0.51188485 0.71021322],__,304.98551968331816,0.13539561135199704,
20190214,528518474,1010,1550187724.813791,59.49727528890261,796.4268800208758,116.07004239539657,1550187723.361601,303.4114595787487,[115.75976732 172.58579845 231.78835313],[15.03924468 204.3046155 0.2666949 76.71739483 0.27465821 0.41175585 0.58816396],__,303.4114595787487,0.18151361893774406,
20190214,528518474,1011,1550187712.615097,59.14260101278428,480.4240491306856,117.20123731135429,1550187711.551192,309.20223627693537,[57.36323738 77.2027941 96.17216629 115.82346876 135.51945131 173.8891221 212.31916038 231.532888],[1.55995510e+01 1.26809094e+02 5.96690162e-02 8.15833083e+01 2.27281437e-01 2.59233608e-01 2.37405731e-01 1.21797408e-01 2.26823530e-01 1.55916440e-01 3.77370593e-01 2.34221135e-01],__,309.20223627693537,0.08935362504012535,
20190214,528518474,1012,1550187698.8012464,58.360242702278775,721.7910543129578,116.7988776688574,1550187697.9671888,307.4363013616636,[115.11516444 172.70688714 192.93614747 211.19564121 230.59142667 249.36058608],[1.49111865e+01 1.84693286e+02 8.31122693e-02 7.85574896e+01 1.24510782e-01 1.73015976e-01 2.93919146e-01 2.95428086e-01 2.37889524e-01 3.52791007e-01],__,307.4363013616636,0.08870705615997473,
20190214,528518474,1013,1550187682.3631432,53.27555082887093,828.4428687496559,117.43656421402925,1550187682.7565684,303.63162762011376,[115.19740693 172.45962956 230.09250207],[1.37092675e+01 2.13967845e+02 1.80241854e-01 7.81758347e+01 1.59247502e-01 2.70911569e-01 3.40094443e-01],__,303.63162762011376,0.11370333321726551,
20190214,528518474,1014,1550187666.5771613,57.447988668586774,1264.62875686253,113.7482047135864,1550187663.8619976,299.02800855121075,[116.25944688 174.71303617 231.79710523],[1.31659028e+01 2.93675521e+02 2.48654768e-01 6.85511899e+01 1.94945543e-01 3.53946904e-01 4.56394977e-01],__,299.02800855121075,0.08734536567525747,
20190214,528518474,1015,1550187649.9155543,54.51135090093144,1245.1158615923184,113.69399903174778,1550187647.8243048,301.76088762337224,[116.58182749 174.69705867 232.57519722],[1.26300229e+01 2.93354402e+02 3.14664725e-01 7.00882261e+01 2.04739224e-01 3.49543979e-01 4.39170367e-01],__,301.76088762337224,0.07806611089887136,
20190214,528518474,1016,1550187631.6712945,47.76435932222943,835.7717684960536,117.88117239846635,1550187633.751627,305.8972009249441,[116.16762411 174.41127483 232.39865798],[12.64180458 240.97594758 1.41657292 81.07353941 0.94905059 1.42035133 1.89442119],__,305.8972009249441,0.0693210709088077,
20190214,528518474,1017,1550187618.350744,61.75122477795901,1751.6146628878905,113.14775990827671,1550187616.0515287,309.6766048327234,[115.98928923 230.48894002],[1.97738485e+01 5.72199090e+02 4.71278963e-01 9.86744723e+01 2.33370710e-01 5.13760675e-01],__,309.6766048327234,0.1704098661588908,
20190214,528518474,1018,1550187603.6608558,29.091781856310174,420.3977236991026,111.59908684188183,1550187600.635937,308.7536578322876,[117.18944797 236.3536682],[8.74289426 132.92717428 0.57528595 92.37043212 0.30759146 0.6231216],__,308.7536578322876,0.5297424362252806,
20190214,528518474,1019,1550187585.7634544,62.13535325920439,2090.753580869753,111.57720940116944,1550187583.290208,310.6843765665159,[117.01121605 175.52761256 232.67656341],[1.97360954e+01 6.66117656e+02 3.22429054e-01 9.86474086e+01 1.25619812e-01 2.30603678e-01 2.89899430e-01],__,310.6843765665159,0.15428031580788723,
20190214,528518474,1020,1550187572.0660422,50.147911282331904,1336.2651894095902,115.26398407087008,1550187573.3604286,309.13465672333234,[114.62533938 228.98321398],[16.14859891 439.7453464 1.16394232 99.14813496 0.46786749 1.00687093],__,309.13465672333234,0.047507081354123404,
20190214,528518474,1023,1550184643.6806734,48.57865225430411,1593.322585319095,113.64031510149985,1550184642.8780396,310.4039430970206,[117.89101327 136.5856113 157.96238762 176.70674832 215.27722301 234.98569488],[1.55212378e+01 5.09420133e+02 2.57371446e-01 9.91690445e+01 1.43053845e-01 2.42686685e-01 2.42956138e-01 2.19126408e-01 3.41267226e-01 3.46727439e-01],__,310.4039430970206,0.13148928919049246,
20190214,528518474,1024,1550184650.8730202,49.40503332013807,855.1855701441167,114.60834776385879,1550184648.7905695,304.22701537581935,[117.99112297 156.94015155 177.39794008 197.47604229 236.2629194 58.60523019 79.12300518],[1.28014594e+01 2.22539278e+02 1.53422364e-01 7.88429036e+01 1.34609662e-01 2.87423655e-01 2.16238796e-01 2.97588481e-01 3.16653986e-01 2.55075086e-01 3.31742421e-01],__,304.22701537581935,0.12299632726681871,
20190214,528518474,1026,1550184671.6801171,52.42369062402281,809.1195680540583,115.28446499216662,1550184670.1908388,304.8002080462409,[58.91281231 117.8818247 176.95875469 235.3771117 255.13340485],[1.35542407e+01 2.09769271e+02 1.16812222e-01 7.87836898e+01 1.42122860e-01 1.05249396e-01 1.48147456e-01 2.31979389e-01 3.02939717e-01],__,304.8002080462409,0.06172605620111574,
20190214,528518474,1027,1550184682.1097648,51.74302796682785,978.9051238881,115.13757979248736,1550184681.727609,310.1809581166521,[119.02397329 238.25226588 59.02166299 178.15997928],[1.65696479e+01 3.16949301e+02 2.75328119e-01 9.90972183e+01 1.87140236e-01 3.88285162e-01 2.40648121e-01 2.63405280e-01],__,310.1809581166521,0.11324542490177161,
20190214,528518474,1028,1550184693.9626846,54.44413007127025,1562.205049648728,111.93971355553602,1550184691.8758254,308.57994929586204,[120.15042253 180.05949775 240.5187803],[1.76005007e+01 5.14359227e+02 1.04309438e+00 9.89622330e+01 4.66192902e-01 6.54873582e-01 8.99755247e-01],__,308.57994929586204,0.16172598703886434,
20190214,528510459,1006,1550181899.3713295,28.880880010955824,304.06437860915025,101.89256346654943,1550181887.1084678,310.52451211347625,[128.39981517 239.9728149],[9.29266434 100.5847987 0.36937226 99.72280514 0.23814094 0.49120008],__,310.52451211347625,0.5028673405250921,
20190214,528510459,1007,1550181884.3150985,61.03426885720897,1860.26163484048,113.31722302642356,1550181883.0174978,310.0386228753679,[58.08840982 116.57995967 174.86353404 232.12069079],[1.94311918e+01 5.92956104e+02 2.14641482e-01 9.87061776e+01 1.59037976e-01 1.28111586e-01 1.74196372e-01 2.57274058e-01],__,310.0386228753679,0.15636710495821438,
20190214,528510459,1008,1550181870.0039585,54.17522148101305,1369.1955040752541,112.11459196176936,1550181867.1895657,290.84881483111434,[116.99213399 175.62881334 233.35598331],[1.23618722e+01 3.13585472e+02 2.38224147e-01 6.64140472e+01 1.70272190e-01 2.45140931e-01 3.07676831e-01],__,290.84881483111434,0.12966532377469694,
20190214,528510459,1009,1550181856.345989,58.541839170804685,976.4286382200384,115.16180365475151,1550181854.8156242,309.77360940472886,[59.02139002 76.70234318 117.16546456 176.25643075 233.87859534],[1.41059328e+01 2.37768656e+02 1.84087107e-01 7.47151492e+01 2.70330868e-01 3.36800116e-01 2.37804973e-01 3.96197214e-01 5.33802875e-01],__,309.77360940472886,0.1250281482992544,
20190214,528510459,1010,1550181842.8943968,60.37039592231634,555.7146778043036,118.10006966392838,1550181842.7955189,311.2075375857005,[58.07395272 77.50389551 96.45130487 116.64070983 174.87353224 232.72234862 251.99920229],[1.56054232e+01 1.44291376e+02 9.09344686e-02 8.04324040e+01 1.91606367e-01 3.03333940e-01 2.74992340e-01 1.59748671e-01 2.20786021e-01 2.99844650e-01 3.72247373e-01],__,311.2075375857005,0.11289955975781332,
20190214,528510459,1011,1550181832.4984717,61.32068490474694,353.0773216771158,117.55874505305879,1550181831.327613,307.39403080408476,[39.07457767 58.57661392 78.00634101 97.40219939 117.13240841 136.50086773 175.59075137 214.4106088 233.37142291],[1.63114651e+01 9.37753696e+01 5.25230356e-02 8.18182471e+01 3.49532271e-01 1.71128057e-01 3.94114655e-01 2.13153631e-01 1.41026780e-01 2.50743379e-01 1.73248060e-01 4.28445786e-01 2.36786906e-01],__,307.39403080408476,0.04709130134006956,
20190214,528510459,1012,1550181820.0,59.185376853121156,728.408407208988,117.04772616137257,1550181819.6029723,301.7017066524541,[116.14574899 174.28882539 212.82682146 232.11290585 250.49246897],[1.52311074e+01 1.88005764e+02 1.07429690e-01 7.76000022e+01 1.56453753e-01 2.14874774e-01 4.11431010e-01 3.16210143e-01 4.56305270e-01],__,301.7017066524541,0.07310354136813628,
20190214,528510459,1013,1550181805.205245,57.28855724665253,1083.3664586608954,118.12382827707357,1550181807.036732,302.0965174456155,[115.91921283 174.60373504 232.0718549],[1.37111654e+01 2.62558510e+02 2.59814168e-01 7.24379974e+01 2.10834975e-01 3.65435997e-01 4.67770087e-01],__,302.0965174456155,0.05615076686749328,
20190214,528510459,1014,1550181792.9943023,51.92992357927459,1337.5313182723164,112.17070187644356,1550181790.2037551,308.73067733352974,[117.53480155 236.01085096],[1.63752989e+01 4.24046383e+02 9.19708158e-01 9.91328025e+01 3.90595042e-01 8.90837227e-01],__,308.73067733352974,0.2809734145595764,
20190215,528711629,1007,1550273562.8316312,60.38263809276753,1867.972569580435,111.3726503090577,1550273559.7008688,309.91893075992226,[59.22841038 118.23683932 177.29829779 218.24010412 236.74239276],[1.92565633e+01 5.98250438e+02 2.13338160e-01 9.87263727e+01 1.21103819e-01 1.01375384e-01 1.23422470e-01 3.04757078e-01 1.83152751e-01],__,309.91893075992226,0.06242540119711894,
20190215,528711629,1008,1550273546.1621952,61.132333492516764,1718.3593061145978,112.71057528895423,1550273543.849811,310.50300311809,[59.23679688 118.44364899 157.46505783 177.60236072 217.07583034 236.66711452 255.77602432],[1.94405256e+01 5.47342340e+02 1.69888133e-01 9.87162703e+01 1.35284496e-01 1.04867505e-01 2.07952766e-01 1.39021144e-01 2.62538302e-01 1.76523954e-01 2.69260691e-01],__,310.50300311809,0.10701435367251236,
20190215,528711629,1009,1550273534.900063,59.22954516512124,960.1907856176551,115.8430945445695,1550273533.8423073,311.45349743412623,[59.10226992 78.8608571 98.57968188 118.06845128 137.53749433 157.84435446 177.26754642 235.99302814 254.8258624],[1.42462416e+01 2.31292905e+02 1.22228609e-01 7.49326341e+01 1.61601692e-01 2.74845218e-01 2.29910801e-01 1.12952785e-01 3.05757530e-01 2.67672791e-01 1.96230880e-01 2.59259343e-01 3.36610761e-01],__,311.45349743412623,0.13696656004291155,
20190215,528711629,1010,1550273523.4652627,59.31140573451285,575.414871609338,115.35743118032458,1550273520.6430058,308.108809462299,[38.55851604 59.11712978 78.60705855 98.24389079 118.0383185 138.09692996 157.29508984 177.22566574 196.44315297 235.86968267 255.52888209],[1.54556982e+01 1.49882893e+02 7.06843908e-02 8.03172221e+01 3.08812906e-01 1.53123223e-01 2.72814415e-01 2.21320077e-01 1.25089758e-01 2.84671810e-01 2.41777606e-01 1.51289166e-01 3.24374500e-01 2.05641476e-01 3.47996680e-01],__,308.108809462299,0.094140480195455,
20190215,528711629,1011,1550273509.2727926,58.700666511931566,507.1704066277642,117.21709609569962,1550273508.2172468,309.0618986155819,[39.47404551 59.20365008 78.64563925 98.79297407 118.31281265 138.43674897 156.79489179 177.57920306 216.94048185 236.40202213 256.0899656],[1.54635116e+01 1.33675310e+02 5.14823651e-02 8.14240427e+01 1.96335346e-01 1.29901361e-01 2.16143976e-01 1.46930480e-01 8.91181527e-02 1.61225081e-01 1.79755485e-01 1.09665215e-01 3.37918900e-01 1.60577160e-01 3.34715752e-01],__,309.0618986155819,0.060406998367467095,
20190215,528711629,1012,1550273496.0302122,57.43545481861938,788.311309596421,116.41454357687012,1550273495.2591767,311.3435138780005,[39.33926488 59.20186737 79.80064633 98.56458376 118.44478664 138.17838173 158.14342253 177.73680597 197.56283216 216.56214214 236.20716812 255.64985309],[1.44293489e+01 1.98627326e+02 7.40620052e-02 7.81808509e+01 1.92028362e-01 1.24357745e-01 1.91759164e-01 1.66460667e-01 9.97190583e-02 2.27966878e-01 1.86902754e-01 1.18404759e-01 2.19527192e-01 2.50286549e-01 1.73983949e-01 2.41155449e-01],__,311.3435138780005,0.09489129402894214,
20190215,528711629,1013,1550273480.420813,56.62193019043103,1056.6025228838319,116.68128824635781,1550273480.7585053,303.22022952592897,[97.76682165 117.76472643 137.72759438 156.91990357 176.70880431 197.15031829 216.88889111 235.13752736 254.01843554],[1.36418137e+01 2.55484174e+02 1.06961333e-01 7.29934290e+01 2.07746615e-01 9.25715484e-02 2.35820727e-01 2.05895447e-01 1.36683756e-01 2.39696012e-01 2.65813084e-01 2.18269872e-01 2.69018524e-01],__,303.22022952592897,0.13649808038887673,
20190215,528711629,1014,1550273467.4769297,58.046603801891,1533.8640876186696,114.98488221140917,1550273467.2560587,310.11616224346324,[58.9902022 117.27521051 156.18866324 176.09135344 214.48886784 234.37654459 254.40836264],[1.84982977e+01 4.89112931e+02 1.74995646e-01 9.88461542e+01 2.19042698e-01 1.20906771e-01 2.78419599e-01 1.71622535e-01 2.74184569e-01 2.53802254e-01 3.70448420e-01],__,310.11616224346324,0.09383653669889952,
20190215,528711629,1023,1550270437.062451,52.41209349165579,1223.4623391463656,114.3175604158192,1550270435.788489,310.93794824603856,[39.28571525 59.14522953 79.01131285 98.39594881 118.17701222 138.07331162 157.69694703 177.28861141 197.27649923 216.77308745 235.89244278],[1.67066097e+01 3.90717548e+02 1.11704163e-01 9.90688024e+01 1.40772088e-01 9.55205336e-02 1.55883056e-01 1.23596731e-01 8.87696836e-02 1.90100387e-01 1.51424264e-01 1.27254873e-01 1.85180291e-01 2.30223544e-01 2.16455233e-01],__,310.93794824603856,0.06506961785310603,
20190215,528711629,1024,1550270443.6911802,53.36640941091199,727.9920304947071,115.36080285663792,1550270441.799486,309.36695825549685,[38.6509027 59.09487069 78.9709306 98.75477384 118.51135756 138.26544383 157.91611903 177.8431199 216.80319873 236.69149718 256.36873414],[1.38466477e+01 1.89004888e+02 7.26697619e-02 8.02684890e+01 1.90750682e-01 1.11134548e-01 1.58952905e-01 1.41110647e-01 7.88435854e-02 1.40739738e-01 1.28474082e-01 9.41177447e-02 2.05470482e-01 1.44989497e-01 2.24230394e-01],__,309.36695825549685,0.09577615808894624,
20190215,528711629,1025,1550270451.6918297,52.426847523762554,846.0176970096085,114.87478516281931,1550270449.7430649,302.18531917266796,[38.48989851 59.21579202 78.63981974 98.90742322 118.81074753 138.62266863 158.19115719 178.12955524 198.13970906 217.18127695 237.61838936 257.3366794],[1.35201353e+01 2.18155559e+02 8.10507973e-02 7.78993424e+01 2.43413154e-01 1.08744466e-01 2.02270942e-01 1.36942070e-01 8.43385643e-02 1.33290861e-01 1.38689817e-01 1.09730817e-01 1.89116600e-01 3.01291708e-01 1.45815418e-01 1.85095621e-01],__,302.18531917266796,0.06991349257380834,
20190215,528711629,1026,1550270464.242879,53.68608301819959,1342.3564156770522,113.33302702085419,1550270462.1648324,310.56940487681237,[21.56174043 40.10477479 59.46893572 78.94973157 99.03774311 118.86500999 138.24239697 158.63401971 178.45354869 198.0211805 216.89930073 237.55786979 257.16540713],[1.71109883e+01 4.27481007e+02 1.21914217e-01 9.90178627e+01 1.95980767e-01 1.56840776e-01 9.81284847e-02 1.77426878e-01 1.68675056e-01 8.38200605e-02 1.66433318e-01 1.59995825e-01 1.09781014e-01 2.26023664e-01 2.47847818e-01 1.81538162e-01 2.54164717e-01],__,310.56940487681237,0.091507661811362,
20190215,528711629,1027,1550270478.3929179,55.80047920721369,1988.210631970604,110.5079136326067,1550270474.720024,310.89591606313684,[38.7276869 59.55393658 79.01703391 99.36671858 119.06970264 138.20022748 157.84013081 178.64003183 217.84818981 237.93145353 258.44765867],[1.77519117e+01 6.33210801e+02 1.92173318e-01 9.88970796e+01 1.99496728e-01 1.05163400e-01 1.82514725e-01 1.66197123e-01 1.03639987e-01 1.94861983e-01 1.85384094e-01 1.34124914e-01 2.41032302e-01 2.00573351e-01 3.26266054e-01],__,310.89591606313684,0.1070129274631807,
20190215,528698927,1007,1550267767.279297,61.89635773601501,2203.9187177133126,109.78101968486594,1550267762.9905534,309.2164117488396,[59.66301905 119.403859 179.14013464 238.6905831],[1.96750081e+01 6.92722435e+02 3.62636798e-01 9.86487564e+01 1.51509900e-01 1.51552274e-01 2.05966890e-01 2.83017803e-01],__,309.2164117488396,0.04060502420227341,
20190215,528698927,1008,1550267751.7461042,58.11046028967861,1607.8234496321647,111.78198662166787,1550267748.9878247,310.4573025273327,[59.77367205 119.37044694 178.98738353 238.25465995 158.9664753 138.54344078 79.11032467 98.90215023 218.62162157 198.43046411],[1.85071104e+01 5.13294867e+02 1.37267645e-01 9.88390485e+01 1.23560497e-01 1.05269121e-01 1.44625036e-01 2.14572310e-01 2.10397283e-01 2.22253375e-01 2.15744394e-01 1.93938091e-01 2.90800095e-01 2.24539268e-01],__,310.4573025273327,0.1151817562598606,
20190215,528698927,1009,1550267741.7506626,57.01794172083279,980.2038241351623,113.99669997523773,1550267739.3717625,305.37300402532446,[59.21494136 79.12958948 118.15737294 177.41709809 235.84607666],[1.39188340e+01 2.40248398e+02 1.38319812e-01 7.45197827e+01 1.90220474e-01 3.09074719e-01 1.09790021e-01 1.90047155e-01 3.09365202e-01],__,305.37300402532446,0.07838677403445438,
20190215,528698927,1010,1550267727.8378446,61.76320786864224,704.7976877652656,116.66461131025375,1550267726.7273498,312.7450977530446,[38.51919259 58.91822293 77.76279605 97.83869971 117.77006954 157.61105488 176.98214856 214.98315942 235.65279316 254.36781407],[1.54381151e+01 1.76875961e+02 7.26341150e-02 7.81365045e+01 2.21048262e-01 1.43048557e-01 2.24175072e-01 2.32931828e-01 1.33314203e-01 2.24793519e-01 1.70598289e-01 3.88759063e-01 2.46591870e-01 3.22782831e-01],__,312.7450977530446,0.14751004870510334,
20190215,528698927,1011,1550267716.3604326,60.786992201717794,413.73086083132546,118.26846928685273,1550267716.0820742,310.8457106910128,[38.64405727 59.08687998 77.71188616 98.19298646 118.13951998 136.84401826 157.56909595 177.39085928 214.57092248 235.55295386 253.62852924],[1.59897093e+01 1.08972405e+02 4.53215346e-02 8.17645701e+01 2.11598547e-01 1.36817900e-01 2.40883063e-01 1.65889867e-01 9.37250735e-02 1.73786960e-01 1.79755997e-01 1.14883264e-01 3.07868012e-01 1.68303951e-01 3.52856465e-01],__,310.8457106910128,0.11389594007924417,
20190215,528698927,1012,1550267702.975742,61.31198310235353,682.0082327183402,117.69540901688013,1550267703.0456827,309.0346751380555,[18.5571719 39.37752571 58.74555089 78.28178339 98.06982142 117.56809689 136.98083051 156.61425785 176.43921454 196.10630518 215.04373909 234.81530047 253.67144073],[1.55288204e+01 1.72764986e+02 5.49338971e-02 7.82884065e+01 1.50501183e-01 2.04357428e-01 1.07598965e-01 1.80256078e-01 1.65153581e-01 9.72665465e-02 2.20325391e-01 1.51831771e-01 1.18349212e-01 2.22647004e-01 2.60841896e-01 1.97080908e-01 3.00025025e-01],__,309.0346751380555,0.10689395595030173,
20190215,528698927,1013,1550267691.2086492,63.51860704919298,1090.5232846774184,116.0776712985703,1550267690.6403975,318.16877244896546,[58.69116208 77.67058546 97.90407779 116.87020328 136.82552124 156.09607132 175.32227576 196.17017723 213.55504051 233.48251551 252.7457962],[1.44314645e+01 2.48985150e+02 8.31053167e-02 7.22045267e+01 1.99335644e-01 2.83654618e-01 2.30186136e-01 1.07610881e-01 2.12763483e-01 1.85785612e-01 1.36567682e-01 2.20379509e-01 2.72752164e-01 2.21918219e-01 4.06545145e-01],__,318.16877244896546,0.07933206664067724,
20190215,528698927,1014,1550267678.8264968,66.60555772189349,2134.079341526218,111.40772931930245,1550267674.9264336,310.34478504680635,[58.52179627 97.75120082 117.01541867 135.9277866 156.3339533 175.72049549 195.68583573 215.28974582 232.94155432 251.6813348],[2.12488443e+01 6.89043797e+02 1.67818567e-01 9.84386386e+01 1.67207067e-01 2.08567609e-01 1.41412248e-01 2.87133675e-01 2.43414358e-01 2.15505653e-01 2.86496110e-01 3.74340682e-01 3.09475603e-01 4.36736859e-01],__,310.34478504680635,0.12416915018479206,
20190215,528698927,1022,1550265032.9180806,53.81896882106984,1839.8505946939044,112.37611117157718,1550265030.7571857,310.82193530406863,[59.36556454 78.16993492 98.42116338 118.28478866 138.20542517 157.41344944 177.43399282 197.1609262 217.46236894 236.35926187 256.40084131],[1.71479178e+01 5.87103317e+02 1.88196426e-01 9.89778075e+01 1.35401951e-01 2.00784069e-01 1.50493457e-01 9.32356602e-02 2.26955546e-01 1.67759421e-01 1.29305020e-01 2.36546088e-01 2.54587969e-01 2.18584252e-01 3.28361595e-01],__,310.82193530406863,0.10378508739789165,
20190215,528698927,1023,1550265040.382296,52.7479265164354,1009.2998339741771,115.11978086650979,1550265038.8377113,311.14073135648425,[38.92198528 59.42049469 79.14736053 98.81484072 118.48712169 137.57523862 158.13084574 177.87513957 197.50342432 216.34750129 236.63551959 255.29597393],[1.67950443e+01 3.21542696e+02 9.94182235e-02 9.90702864e+01 1.38391446e-01 1.19865035e-01 1.69657514e-01 1.20795746e-01 9.67147735e-02 1.84482389e-01 1.68961856e-01 1.34971671e-01 2.08172536e-01 2.79248502e-01 1.73494658e-01 3.71708273e-01],__,311.14073135648425,0.0615854241596069,
20190215,528698927,1024,1550265046.326273,53.001890474567666,738.7869643932524,114.7606131314683,1550265043.7024858,312.54244109411974,[38.2782004 59.47718921 79.00694868 99.09879462 119.03243686 138.9670859 158.63349248 178.54297065 198.16794817 217.2207475 237.73150315 257.4107347],[1.36519176e+01 1.90424681e+02 7.49033599e-02 8.05101494e+01 2.36557306e-01 1.13107365e-01 1.75038956e-01 1.47556137e-01 9.56325803e-02 1.51283749e-01 1.38104703e-01 1.04053266e-01 1.76449512e-01 2.22880177e-01 1.68608458e-01 2.11241736e-01],__,312.54244109411974,0.05500034684234209,
20190215,528698927,1025,1550265051.923145,53.16756822754265,1328.2263458090347,113.21946946374005,1550265049.3155406,308.83807777009685,[59.4816459 78.97383067 98.77222606 119.2009007 138.99623201 158.72395291 178.81334407 198.16626858 217.92020649 238.28781819 258.11479496],[1.19691256e+01 2.99113131e+02 1.19573317e-01 6.95438975e+01 1.23157834e-01 1.65023420e-01 1.52866824e-01 8.57993945e-02 1.59296735e-01 1.38508682e-01 1.09220332e-01 1.93850298e-01 2.37167212e-01 1.54660916e-01 1.94784837e-01],__,308.83807777009685,0.08737190603797522,
20190215,528698927,1026,1550265065.453507,53.71997718530506,2052.2682010963913,109.67296674612598,1550265061.143531,310.9258403810066,[39.74133122 59.75482012 99.14773361 119.44943649 139.42128773 159.30227607 179.2377152 199.44197246 219.03973064 238.65857814 257.7351099],[1.71087549e+01 6.55270110e+02 1.99371981e-01 9.89633639e+01 2.04423880e-01 1.11606892e-01 1.84306196e-01 1.15793041e-01 1.95606091e-01 1.61421242e-01 1.49064580e-01 2.37481490e-01 2.52218471e-01 2.26309474e-01 3.53182007e-01],__,310.9258403810066,0.06633959678077953,
20190219,529409728,1020,1550610910.7345736,52.521646645130865,2020.4841062160178,116.09089632623574,1550610912.91652,310.4255692296521,[15.17735557 24.43233228 38.9937646 58.5598465 78.34475139 97.62858126 117.11708682 136.58597716 156.3365452 175.77282305 195.13944746 213.94747445 233.80598931],[1.67335241e+01 6.41174136e+02 1.83807684e-01 9.90083429e+01 1.89472620e-01 1.70372681e-01 1.09915928e-01 8.70222176e-02 1.42459907e-01 1.19429921e-01 1.11247930e-01 1.72828456e-01 1.57843350e-01 1.47641139e-01 2.00887783e-01 2.44973997e-01 2.39168619e-01],__,310.4255692296521,0.07092844439519502,
20190219,529409728,1021,1550610926.1353552,52.64183246383991,1491.9496137056087,115.30135832462616,1550610926.3368294,310.96601274511573,[18.32265882 38.99296848 58.54151623 78.02800061 97.7723336 117.15580701 137.05835697 156.29691295 175.85385576 195.44251818 215.04315882 234.61050818],[1.67659446e+01 4.75267992e+02 1.18729245e-01 9.90459422e+01 1.49370745e-01 1.32245006e-01 9.33024215e-02 1.58764232e-01 1.12802748e-01 8.21548252e-02 1.59522603e-01 1.28929928e-01 1.00587004e-01 1.49806561e-01 2.26182770e-01 1.49816922e-01],__,310.96601274511573,0.0414117912541016,
20190219,529409728,1022,1550610937.1678772,53.289072468277375,1117.0845984466998,116.5048992014019,1550610937.356914,310.9002605473569,[18.76902091 38.90619236 58.82218483 78.49205243 98.10984754 117.55298241 137.18460033 156.82075297 176.3650631 195.78700639 215.70918689 235.16925088],[1.69776231e+01 3.56012954e+02 9.40087230e-02 9.90450512e+01 1.59452505e-01 1.83634515e-01 8.77270297e-02 1.46836772e-01 1.16663591e-01 8.41412587e-02 1.53513411e-01 1.27620160e-01 9.70932753e-02 1.67588448e-01 2.23505240e-01 1.53609921e-01],__,310.9002605473569,0.04053378876362813,
20190219,529409728,1023,1550610944.856022,51.827400455070524,1059.0458464081714,116.21631402030665,1550610944.7624912,307.2540094092832,[39.14105697 58.86285115 78.46510627 98.27499208 117.85013112 137.57164611 157.39470167 176.82649199 196.58076618 216.36569404 235.49707313 254.1050489],[1.26044248e+01 2.57606809e+02 8.87971909e-02 7.47298924e+01 1.30645144e-01 8.85685229e-02 1.46646109e-01 1.04653350e-01 8.21690118e-02 1.20186768e-01 1.27959873e-01 1.06079611e-01 1.56514479e-01 2.15974442e-01 1.74314099e-01 2.88052076e-01],__,307.2540094092832,0.06314991987434886,
20190219,529409728,1024,1550610951.4918563,54.87977932616254,1831.588590985145,115.08496040086726,1550610951.8561165,310.4022284757569,[18.94148057 39.05188202 58.80556885 79.21619611 98.10320158 117.62308091 137.41327882 156.89799562 176.43982685 195.69093703 213.7320108 235.02630548 253.77617985],[1.73900544e+01 5.69905944e+02 1.47445220e-01 9.89549517e+01 2.11553509e-01 1.12227716e-01 9.10338283e-02 1.67350407e-01 9.76034315e-02 8.74651602e-02 1.09269888e-01 1.19701917e-01 9.87179069e-02 1.56786713e-01 1.88663674e-01 1.44699794e-01 1.85420248e-01],__,310.4022284757569,0.06069433921945494,
20190219,529416700,1021,1550614687.799907,60.49294672526403,2731.5116959710645,108.41293163666612,1550614681.972161,309.96498676463517,[58.19549846 116.42092335 174.64091033 232.75230521 78.03949056 97.27457795],[1.93497649e+01 8.83310081e+02 3.99648941e-01 9.86221565e+01 1.27952429e-01 1.25794023e-01 1.87686038e-01 2.60630065e-01 2.33559273e-01 2.28255828e-01],__,309.96498676463517,0.07152375371832488,
20190219,529416700,1022,1550614671.9093153,54.79207056192705,1343.6933326217377,115.15138223053916,1550614670.7665274,310.8583489137349,[58.71274498 77.43052978 97.95887897 116.88989302 136.99617902 156.70446243 175.61586012 234.00021007 252.79199843],[1.74062654e+01 4.22984607e+02 1.48080656e-01 9.89859325e+01 1.37050292e-01 1.81497361e-01 1.51228438e-01 9.28132130e-02 2.16122994e-01 2.28977881e-01 1.39089312e-01 1.92994463e-01 2.61508418e-01],__,310.8583489137349,0.10100742798866362,
20190219,529416700,1023,1550614666.2139783,53.223552745089584,585.071597396095,116.29123616365122,1550614664.232862,308.7633325781296,[38.58951646 58.29525883 77.51751219 97.07167598 116.68400169 136.32974431 155.60522338 175.00898436 194.96640673 233.38221756 253.13023984],[1.42011696e+01 1.56493360e+02 9.20885520e-02 8.23721502e+01 2.32770469e-01 1.41337992e-01 3.14488715e-01 2.41852210e-01 1.25934739e-01 2.03198707e-01 3.60730043e-01 1.49862133e-01 3.43277781e-01 2.11869570e-01 3.36665885e-01],__,308.7633325781296,0.042378861366950085,
20190219,529416700,1024,1550614658.503937,53.21099638820779,970.4000496655212,116.61552594919003,1550614657.7127728,304.93966625494335,[38.70116015 57.59233701 76.91981735 96.51590277 115.95438764 135.21005736 154.45812128 173.9590227 194.48379328 212.94419679 231.92645862 250.58750304],[1.32142498e+01 2.41297742e+02 9.98966132e-02 7.57617547e+01 2.37128467e-01 1.54721775e-01 2.44687146e-01 1.69409837e-01 1.13524953e-01 2.28161775e-01 1.93953317e-01 1.41158221e-01 2.42206517e-01 2.84423646e-01 2.22509635e-01 3.53673904e-01],__,304.93966625494335,0.07904746465109697,
20190219,529416700,1025,1550614649.2902114,53.563173991764025,1906.6578364372033,114.33443164613415,1550614648.54148,310.1860457603731,[58.11888742 116.15052247 156.58221656 174.5598536 213.32720391 232.42589989],[1.71099951e+01 6.12056235e+02 2.65005337e-01 9.89763343e+01 1.75146874e-01 1.13348992e-01 1.93939716e-01 1.76895775e-01 2.73184421e-01 2.39664515e-01],__,310.1860457603731,0.11016719399450947,
20190221,529754214,1009,1550781360.0,58.94967458303303,990.7733513333717,117.8010745909866,1550781362.3502624,320.67318028393606,[56.37127403 76.15452535 94.46378771 113.20099404 131.71381111 151.12835664 169.64133692 204.97073501 225.43346281],[1.38672865e+01 2.35726081e+02 1.41304212e-01 7.52540636e+01 2.51677134e-01 2.85073736e-01 2.92646987e-01 2.05234168e-01 3.09099422e-01 2.96100395e-01 3.09145576e-01 4.15160932e-01 4.28899450e-01],__,320.67318028393606,0.14685887115801508,
20190221,529754214,1010,1550781346.7704425,62.22932409095908,1295.6972782699975,117.67171266095171,1550781348.3134596,308.4180846769989,[112.10314091 150.6566419 168.19362339 205.28138675 223.75333519],[1.37086221e+01 2.89219376e+02 1.50027459e-01 6.77864012e+01 1.75960452e-01 2.83018896e-01 2.63352107e-01 3.92545846e-01 3.60181794e-01],__,308.4180846769989,0.13764388819901202,
20190221,529754214,1011,1550781331.5739982,62.48244919250865,1110.9833732212187,116.17808517945747,1550781330.5281272,304.3583374880773,[75.6412157 95.23668027 113.9048469 132.84285761 151.87139453 171.12963129 208.74920239 227.62822367],[1.45049179e+01 2.59071975e+02 8.82288104e-02 7.05923926e+01 1.70062781e-01 1.77334025e-01 1.01325042e-01 2.12040770e-01 1.57595298e-01 1.53748275e-01 2.68684646e-01 1.84826782e-01],__,304.3583374880773,0.10279306251813197,
20190221,529754214,1012,1550781316.6564536,62.71436535288225,507.4942935524598,116.17149696025166,1550781314.5009558,306.019274918072,[57.81851042 76.93990225 95.87991246 115.20850213 134.47141581 153.4837789 172.85735628 210.01544313 230.24125633 248.7748561],[1.63265169e+01 1.32471685e+02 6.81231059e-02 7.96299811e+01 4.56145225e-01 2.82358205e-01 2.37021295e-01 1.65343818e-01 2.80142166e-01 2.30239386e-01 1.76940342e-01 4.62693950e-01 2.49753718e-01 4.09720972e-01],__,306.019274918072,0.07390101017652168,
20190221,529754214,1013,1550781302.9622304,63.68629682244565,262.19571444404556,118.40232176734091,1550781302.3593433,310.176740659918,[56.99760692 19.4225011 76.02963807 94.94311319 113.90402865 133.21045008 151.96890898 171.03007504 208.75871926 227.78933035 246.7746244 265.28249807],[1.67804616e+01 6.91538492e+01 4.06510972e-02 8.17384112e+01 2.45660255e-01 3.13063080e-01 1.67185966e-01 2.03220131e-01 1.29257758e-01 3.39685388e-01 2.03077901e-01 1.75792521e-01 4.41916939e-01 2.51856030e-01 2.87127170e-01 4.35499985e-01],__,310.176740659918,0.052556989187220945,
20190221,529754214,1014,1550781289.7365599,62.09775796667263,272.6337636940942,117.85589698665719,1550781288.701642,310.65324784533556,[57.08587112 75.66086917 95.6156718 114.38476773 132.66127408 152.39627637 171.5613974 209.8056146 190.14871508 228.76272216],[1.64593849e+01 7.24570306e+01 3.90006998e-02 8.23482667e+01 2.66110306e-01 3.30659790e-01 2.56540234e-01 1.29690665e-01 2.29452565e-01 1.94041115e-01 1.79924445e-01 5.18545702e-01 2.75058224e-01 2.80090636e-01],__,310.65324784533556,0.08330578074499491,
20190221,529754214,1015,1550781276.6575217,61.83180050505133,694.3900938204445,116.49609548993467,1550781275.3072948,308.35070724390823,[56.71642345 114.11054589 132.761599 152.10431204 171.29502091 190.1423697 208.49105864 228.03318911],[1.56184863e+01 1.76692835e+02 9.30454394e-02 7.78212562e+01 3.03898656e-01 1.93475584e-01 3.95759667e-01 3.05841604e-01 2.88428089e-01 4.58976156e-01 4.75344671e-01 3.62661676e-01],__,308.35070724390823,0.04660312733341303,
20190221,529754214,1016,1550781262.2865407,61.05812345671596,826.7939460099979,114.21716287060286,1550781259.2175114,312.0172331465055,[114.89443787 171.91455791 229.33926871],[1.49829283e+01 2.06435657e+02 1.96528713e-01 7.66023087e+01 2.61903758e-01 4.45544831e-01 6.46560752e-01],__,312.0172331465055,0.04739427197729413,
20190221,529754214,1017,1550781246.0304034,59.157308176715425,1077.4243138636928,115.36441873590329,1550781244.9744163,305.92559350734814,[57.90429436 115.17978117 153.86746893 172.85956962 210.52743395 229.56984024],[1.39863323e+01 2.56190340e+02 1.81772941e-01 7.24374430e+01 2.09109621e-01 1.73669834e-01 3.11516156e-01 3.02947346e-01 4.52855853e-01 3.63595199e-01],__,305.92559350734814,0.09920254178694804,
20190221,529754214,1018,1550781233.9071,57.12126578245254,1355.9386037769386,113.31501089263763,1550781232.167269,302.6843672958562,[115.03908429 229.17559907],[1.27344774e+01 3.11225239e+02 5.25543967e-01 6.84354773e+01 2.95580366e-01 7.20783287e-01],__,302.6843672958562,0.17451394595905861,
20190221,529754214,1019,1550777698.7094731,55.79076537510496,1208.0053126402636,114.519279431893,1550777697.4071214,312.0342078448012,[40.7893626 61.67872437 82.00758055 102.75201039 123.20965013 143.77439609 164.34625597 184.85576524 204.85828113 226.07613814 246.41928065 266.14322105],[1.27864228e+01 2.77133560e+02 1.04402504e-01 7.15397250e+01 2.44249940e-01 1.01638420e-01 1.11905250e-01 1.58400029e-01 9.67186922e-02 1.80035716e-01 1.10728869e-01 1.06702795e-01 2.10257847e-01 2.98743143e-01 1.62582571e-01 2.71735580e-01],__,312.0342078448012,0.05216006433066207,
20190221,529754214,1020,1550777713.1677284,57.50400145185014,1044.0802450913968,114.84019550609291,1550777711.205707,308.0411503482573,[40.37786545 61.70521269 82.30005641 102.84993996 123.33172431 143.86920712 164.48322155 185.06284281 205.71727261 246.74871043],[1.37383987e+01 2.49592452e+02 9.21946448e-02 7.36039512e+01 2.16161282e-01 1.20613848e-01 1.12524104e-01 1.46538399e-01 1.05835287e-01 2.01602516e-01 1.34188859e-01 1.30009507e-01 3.07490702e-01 1.83067274e-01],__,308.0411503482573,0.025463808697667054,
20190221,529754214,1021,1550777727.0032156,58.07403527509143,895.8908246333989,115.00348510541114,1550777724.6503017,310.5744998710059,[61.29689712 81.49652104 102.03990907 123.0655453 142.98848601 164.26451796 184.68665276 204.49274319 224.46912417 245.56573945],[1.42512764e+01 2.20178552e+02 7.28257127e-02 7.62107788e+01 1.43737399e-01 1.37729579e-01 1.76585925e-01 9.95512729e-02 2.17669402e-01 1.42151736e-01 1.17307213e-01 2.15492181e-01 3.78484841e-01 1.69187979e-01],__,310.5744998710059,0.06353452564630944,
20190221,529754214,1022,1550777737.9123268,59.212144803228185,1300.8362213722623,112.26379397682184,1550777733.7391963,309.0685827492523,[81.5876272 102.86261236 122.87707351 144.22753086 163.60631057 184.51556653 203.88157924 245.5501543],[1.31706027e+01 2.89667560e+02 1.37577499e-01 6.87767474e+01 2.03148028e-01 2.11672212e-01 1.13299269e-01 2.43055183e-01 2.16669358e-01 2.01544049e-01 2.99462627e-01 2.23678957e-01],__,309.0685827492523,0.0880591080838748,
20190221,529754214,1023,1550777742.8843768,64.09726778451629,2551.218846322661,109.7012261826533,1550777738.332898,309.17928477078027,[40.01129039 60.6607604 80.20525916 101.76958953 122.51907083 163.03188163 183.83327432 203.8169643 245.24463902],[2.04060094e+01 8.09904055e+02 2.33396094e-01 9.85122294e+01 2.03300132e-01 3.09737735e-01 1.28151899e-01 1.97813245e-01 1.29033757e-01 1.91557688e-01 2.14944091e-01 2.73873851e-01 3.38313119e-01],__,309.17928477078027,0.14358678881657488,
20190221,529788403,1300,1550791648.0,80.00493357662052,2825.118426616154,110.25282241381136,1550791643.922282,301.3541715066259,[69.99670024 103.48977206 153.44575745 172.28213102 191.01757261 201.43435359],[1.15448186e+01 4.08224546e+02 1.92053507e-01 4.36888745e+01 1.65351429e-01 1.75301494e-01 2.84042286e-01 2.75415370e-01 3.45963640e-01 3.85402727e-01],__,301.3541715066259,0.23228820505586711,
20190221,529788403,1301,1550791637.4673657,49.39853789319961,482.5956006812889,114.090494625583,1550791634.7170272,305.77526204071694,[112.46192668 168.28291227 188.98675802 223.87395176 241.33112718],[1.36503346e+01 1.27135709e+02 8.74706887e-02 8.53639182e+01 1.15596188e-01 1.35820471e-01 2.05216485e-01 2.38798755e-01 2.83909983e-01],__,305.77526204071694,0.3603449072748906,
20190221,529788403,1302,1550791638.031737,57.0403783353259,443.667270982945,115.60505961474196,1550791634.3643956,306.8854254375844,[111.97128614 150.63583361 166.52172296 186.04558657 205.90004509 223.19641863 241.56415376 259.52818335],[1.53452028e+01 1.19368860e+02 6.82843382e-02 8.25645121e+01 1.24140901e-01 2.07887088e-01 2.01109545e-01 1.95803674e-01 2.98024600e-01 2.21199849e-01 3.15949489e-01 3.47701892e-01],__,306.8854254375844,0.1586417499897808,
20190221,529775831,1301,1550790750.5665214,45.69585555260334,887.9085938500698,112.26806817154889,1550790746.6522477,301.8764337752389,[121.99731855 162.80424438 183.11443887 203.70749544 223.4123013 243.61295276],[1.19687108e+01 2.32530815e+02 1.59390195e-01 7.91524304e+01 1.49945351e-01 2.38182992e-01 1.93784064e-01 2.38107086e-01 3.08208433e-01 3.10491997e-01],__,301.8764337752389,0.06925508936523318,
20190221,529775831,1302,1550790749.9682505,50.19034917736688,455.21190332388954,115.68328823869601,1550790746.7994077,311.5452977827898,[81.43706028 101.29130658 121.22921125 141.93486201 161.03540172 181.90152273 200.79553062 222.11420044 241.9394851],[1.37409475e+01 1.24669528e+02 6.77987439e-02 8.53433653e+01 2.17341512e-01 2.27805193e-01 1.22090822e-01 2.39946529e-01 1.94540764e-01 1.46131263e-01 2.31665625e-01 3.07445597e-01 2.52594444e-01],__,311.5452977827898,0.08409104382486327,
20190221,529775831,1303,1550790791.0222728,53.15711776054079,790.2658932078315,80.22550286467687,1550790751.5473485,304.174602147296,[39.58561824 59.09381469 79.51743628 99.71247053 118.95268377 158.16290467 177.00298889 195.54585059 218.92296837 238.54634096],[1.37711886e+01 2.04183145e+02 9.53851941e-02 7.89513940e+01 1.67832824e-01 2.47570541e-01 1.43463174e-01 1.70105737e-01 1.15400037e-01 2.03352552e-01 1.94092395e-01 2.38406921e-01 3.54322749e-01 2.36519551e-01],__,304.174602147296,0.1543298199185671,
20190222,529970458,1009,1550878477.290818,56.597765383342555,740.7878534746374,114.15765846048957,1550878476.1580265,318.9655073642798,[117.24508525],[14.18302459 184.01629857 0.25780197 80.50987971 0.29626192],__,318.9655073642798,0.14044234705777536,
20190222,529970458,1010,1550878466.3678286,52.35622029722803,478.5105222638303,117.73376613207363,1550878467.8676395,313.1301871359318,[114.6484816 154.28014474 172.52944621 228.83114406],[1.41069654e+01 1.28482237e+02 1.11170508e-01 8.44758295e+01 1.43933102e-01 1.95519652e-01 1.98230666e-01 3.72061175e-01],__,313.1301871359318,0.20562574103134787,
20190222,529970458,1011,1550878455.6643758,57.721315446966436,649.6428884868468,119.27497845478558,1550878457.9286942,308.8600843056659,[110.91003133 148.19236677 167.00341889 222.91634201],[1.49371041e+01 1.68830344e+02 1.26347963e-01 8.00213270e+01 2.32963811e-01 3.52943090e-01 3.67409185e-01 5.28251099e-01],__,308.8600843056659,0.1819217876624201,
20190222,529970458,1012,1550878439.7816107,68.32058983587254,1714.2916708084665,114.83037793347975,1550878437.4614666,308.35832776629456,[112.13294486 149.3838173 168.65569396 224.92370347],[2.19675386e+01 5.64874746e+02 2.03001308e-01 9.83737956e+01 2.54265742e-01 3.52267804e-01 3.94266999e-01 5.27484509e-01],__,308.35832776629456,0.12366681380499261,
20190222,529970458,1013,1550878418.92325,58.13186362797806,925.6559896790664,114.04345720757561,1550878415.5559385,307.1381162927065,[117.14665475 136.92860546 156.09177848 175.46161342 214.23157812 233.22964722],[1.42624222e+01 2.27608500e+02 1.32527377e-01 7.53904913e+01 1.59179510e-01 2.96721211e-01 2.45582479e-01 1.95539162e-01 3.90641757e-01 2.49514446e-01],__,307.1381162927065,0.14510666758452667,
20190222,529970458,1014,1550878404.5459414,59.733856039116304,453.54190225941977,115.7898535870043,1550878401.8570075,311.4648942644466,[57.44416462 76.85627553 96.89140611 115.88900645 135.68777845 154.70477962 174.03571193 212.58421588 231.71359121],[1.56953622e+01 1.19543803e+02 5.86409152e-02 8.18159488e+01 2.56160173e-01 1.95590848e-01 2.13569439e-01 1.16647701e-01 2.33233207e-01 2.49928035e-01 1.63902626e-01 4.91919384e-01 2.20923323e-01],__,311.4648942644466,0.06970599393393606,
20190222,529970458,1015,1550878391.239119,61.8319342184287,172.84359304774682,117.56984287131141,1550878389.13671,311.06578432284357,[57.90998826 75.99873057 96.30732266 115.1006246 134.52402339 153.32905413 172.5663784 230.46167135 249.17953172],[1.64973488e+01 4.61644241e+01 4.59886795e-02 8.30170752e+01 2.78783682e-01 1.86036731e-01 2.61281239e-01 1.46040298e-01 2.43026248e-01 2.07293632e-01 1.96894790e-01 2.48988775e-01 3.67602127e-01],__,311.06578432284357,0.08228688725598599,
20190222,529970458,1016,1550878376.825928,62.94876146383471,268.3932661132687,116.79515149343437,1550878374.261972,311.60492343848034,[57.40802717 76.82435676 95.65801005 115.21516623 133.79410752 153.20038571 173.47596796 192.06387656 209.64992658 230.29270734 249.21818568],[1.65889243e+01 7.09697316e+01 4.07051968e-02 8.21100110e+01 1.98325285e-01 2.21337784e-01 2.26331810e-01 1.26517840e-01 2.72366469e-01 2.31547585e-01 2.05060971e-01 3.34435166e-01 4.99005967e-01 2.51528979e-01 4.39053199e-01],__,311.60492343848034,0.12969652009508742,
20190222,529970458,1017,1550878362.0162122,65.03398003019215,663.4169091778832,115.98959816390135,1550878359.5862565,310.2300817625118,[57.59831452 76.52274681 95.49578442 115.58736698 154.08852765 173.53481962 191.63741256 210.94129695 230.69352369],[1.62194211e+01 1.66195479e+02 6.75667627e-02 7.73262864e+01 1.72848280e-01 3.29412127e-01 3.47663289e-01 1.62172513e-01 2.31929422e-01 2.24955661e-01 3.17089928e-01 4.17969046e-01 2.92802646e-01],__,310.2300817625118,0.08565789039500768,
20190222,529970458,1018,1550878348.5681634,62.313525182748116,947.2156403538019,114.09931865252842,1550878345.6656897,307.5000007154072,[116.61959394 233.31570805],[1.49601783e+01 2.30580184e+02 2.72032012e-01 7.39911340e+01 2.20872052e-01 5.48178882e-01],__,307.5000007154072,0.04770759338071369,
20190222,529970458,1019,1550878333.7160995,65.35844466722176,1517.6299339510433,114.98297413952997,1550878332.848275,309.34598101849406,[58.00767216 77.55149903 96.97964163 115.91575219 154.5170813 173.80569389 231.98205159 134.9889095],[2.08469680e+01 4.87582638e+02 2.24518994e-01 9.85495361e+01 2.22411208e-01 2.96681296e-01 4.33032390e-01 3.04839333e-01 4.49783740e-01 4.70571136e-01 6.62316954e-01 4.79508020e-01],__,309.34598101849406,0.08232931674599277,
20190222,529970458,1020,1550878318.9864917,60.39673883399879,1452.3836171486846,112.83949626349136,1550878316.543278,291.5808572727074,[58.11161777 77.73075911 97.40862968 117.21412857 136.48813569 157.09740151 176.67165996 235.6445027],[1.31848422e+01 3.18280915e+02 1.82268860e-01 6.36002738e+01 1.96997366e-01 2.34644409e-01 2.51718423e-01 1.31515883e-01 2.87026538e-01 2.43039419e-01 2.08581973e-01 2.77000312e-01],__,291.5808572727074,0.1225006422532008,
20190222,529970458,1021,1550874490.8718178,51.69578365922565,1601.95547594028,112.23554829319495,1550874488.871348,295.5539944008904,[61.87029689 124.79901998 166.47227964 187.31096862 207.88463754 248.75896338],[1.10134628e+01 3.43489315e+02 1.94326563e-01 6.29051441e+01 1.50544626e-01 1.19183306e-01 1.99489965e-01 1.55844868e-01 2.61944018e-01 2.15063932e-01],__,295.5539944008904,0.08014114085841212,
20190222,529970458,1022,1550874500.5346909,55.487121396707174,1213.9125762309222,113.98677988990349,1550874498.2489576,308.62438160907396,[62.3227786 82.81674637 103.21920539 124.72511975 144.58708691 166.30858084 187.01593278 207.98337368 248.32622149],[1.27802476e+01 2.80419226e+02 1.24218466e-01 7.10654315e+01 1.30091347e-01 1.66965581e-01 2.15856243e-01 1.01707754e-01 2.38628980e-01 1.58862549e-01 1.32114196e-01 2.72410284e-01 2.09935002e-01],__,308.62438160907396,0.07448733653121604,
20190222,529970458,1023,1550874507.1547475,54.64675845442114,640.8738390396787,117.05187009132437,1550874506.317917,320.9843018174852,[61.57395827 82.83551512 103.32178584 124.09657678 144.12584602 165.4688814 186.22073724 206.30589922 228.23463763 248.33552897],[1.39894369e+01 1.63982788e+02 9.28341718e-02 8.22285891e+01 2.12509454e-01 2.07679344e-01 2.85614450e-01 1.67611717e-01 3.40884747e-01 2.46857056e-01 2.02564128e-01 3.17597248e-01 5.30727962e-01 3.24638503e-01],__,320.9843018174852,0.0526281891801804,
20190222,529970458,1024,1550874513.1263373,56.721137338897556,1147.549510734654,114.94196923688294,1550874511.1589596,311.3466137354068,[82.60105914 102.71966276 124.27885815 144.41107056 165.26124303 186.2948698 205.21739501 227.50304771 248.69678709],[1.31749749e+01 2.66679678e+02 9.53644096e-02 7.23281472e+01 1.75787702e-01 1.80563522e-01 8.37239824e-02 1.82339785e-01 1.40764171e-01 1.27104115e-01 1.87943822e-01 2.17653103e-01 1.52364498e-01],__,311.3466137354068,0.11407460059605717,
20190222,529970458,1025,1550874520.7316215,56.48432217523731,1905.899289627978,113.88932658737579,1550874519.9766312,310.5022568402866,[61.13254741 81.62034483 102.5159192 123.60758143 142.91862152 163.44034328 184.63764044 204.60891215 247.11856066],[1.79983550e+01 6.09358529e+02 1.82916565e-01 9.88749671e+01 1.88874942e-01 1.83462942e-01 2.07145082e-01 9.04942986e-02 2.11385113e-01 1.80208567e-01 1.67286347e-01 1.94190564e-01 1.80723536e-01],__,310.5022568402866,0.14208299481168588,
20190223,530144820,1020,1550964968.1473184,55.68888780754026,1659.8435724698627,113.55772128078432,1550964967.6261675,311.04099869924573,[58.17754987 78.38727689 116.65849182 175.11915077 232.62339307],[1.76541926e+01 5.20199833e+02 1.91841979e-01 9.89374116e+01 1.49010033e-01 1.41253386e-01 9.27669737e-02 1.33281919e-01 2.16204827e-01],__,311.04099869924573,0.1146790933249064,
20190223,530144820,1021,1550964955.08662,56.3388650712539,1369.760957848547,114.86997008358574,1550964954.220341,296.8128104032395,[57.25957411 116.44257875 135.81988506 155.39765735 174.65901527 211.78786593 232.95314867 252.31662303],[1.26530554e+01 3.07594260e+02 1.23289265e-01 6.66634032e+01 1.51812113e-01 9.16144664e-02 1.99740985e-01 1.44577337e-01 1.06690334e-01 2.03860749e-01 1.63697467e-01 1.89340238e-01],__,296.8128104032395,0.08418211457892937,
20190223,530144820,1022,1550964944.7481775,59.483801204197476,791.8152356384884,116.58732943419966,1550964943.6182735,316.3313031503069,[38.99376409 58.38495403 77.03552711 97.31655228 116.74102207 136.16838139 155.26581773 175.23772273 194.93454575 213.691619 233.58793766 253.14603846],[1.46701015e+01 1.95260123e+02 7.78353259e-02 7.80279209e+01 3.12479901e-01 1.53088995e-01 3.07533059e-01 1.79431689e-01 9.78860435e-02 1.94563551e-01 2.49441216e-01 1.34251972e-01 2.81471149e-01 4.36895992e-01 2.09916806e-01 2.45065929e-01],__,316.3313031503069,0.038673267990164926,
20190223,530144820,1023,1550964938.6464589,57.982964763671156,552.5222464402733,117.23340002227908,1550964937.5022905,308.4899992096836,[37.93278438 58.29233909 77.19943137 96.79301216 116.64479396 135.86324878 155.22185104 174.78696804 213.59811247 233.17004755 251.96945119],[1.52417864e+01 1.45445483e+02 6.20636861e-02 8.10852807e+01 1.92053419e-01 1.09445582e-01 1.95138606e-01 1.80826187e-01 9.51665670e-02 1.99721410e-01 2.10815485e-01 1.24083507e-01 3.47459699e-01 1.72059669e-01 3.23340340e-01],__,308.4899992096836,0.07116428823838236,
20190223,530144820,1024,1550961900.3714304,49.21287960962181,787.388195338853,117.32777275371564,1550961900.3342247,305.67920818159087,[20.01881947 38.81717517 58.81253453 77.90176551 98.29779297 117.71454342 137.6223036 156.86304611 176.58555936 196.238086 214.91554409 235.45297953 255.26035481],[1.29205957e+01 2.06850413e+02 9.04671281e-02 8.02327071e+01 2.87260530e-01 1.57584258e-01 9.89528451e-02 1.68605115e-01 1.30721577e-01 8.92188890e-02 1.38468660e-01 1.34677483e-01 9.71138199e-02 1.86479417e-01 2.45312174e-01 1.46640619e-01 1.96429759e-01],__,305.67920818159087,0.06969582516995232,
20190223,530144820,1025,1550961907.3235435,49.15362859654774,1439.5694856671817,115.56697303841538,1550961907.697249,307.3335569655324,[58.79308574 98.23139552 117.50332237 137.57786182 157.0676886 176.53386635 194.82292749 214.97695584 235.17306942 254.64034188],[1.08769320e+01 3.18873110e+02 1.52677218e-01 6.80367245e+01 1.04172709e-01 1.19804299e-01 8.32890611e-02 2.02109279e-01 1.72282222e-01 1.12675817e-01 2.16609768e-01 2.18859589e-01 1.53842121e-01 2.12642373e-01],__,307.3335569655324,0.06082729659366961,
20190224,530294995,1001,1551042832.0,60.33965386771501,948.8620417152702,113.22125670829577,1551042829.429239,302.08090868008196,[58.75219274 78.69579824 96.32553982 118.00943389 137.90516174 157.27202808 177.29769383 196.12798014 217.86232433 235.46695483],[1.47361733e+01 2.32394208e+02 8.51985584e-02 7.37100097e+01 1.42793643e-01 1.80154813e-01 2.11767653e-01 1.06694706e-01 1.89016842e-01 1.63676286e-01 2.11491446e-01 2.72788085e-01 3.43608674e-01 2.25083119e-01],__,302.08090868008196,0.17783846867610625,
20190225,530342801,1012,1551062605.972763,53.90921689220644,1756.1419364335225,113.48203499791344,1551062605.2898476,310.50917996228236,[124.01703384 62.07817363 165.22013187 186.08396272 206.20292369 247.77084861],[1.71907635e+01 5.61455906e+02 2.58566046e-01 9.89800691e+01 1.19476407e-01 1.99070623e-01 2.32117906e-01 1.75789627e-01 2.51096255e-01 2.22622729e-01],__,310.50917996228236,0.10118693749472484,
20190225,530342801,1013,1551062618.7061906,54.10732128262898,1514.6080903543002,114.19539474718844,1551062617.5567937,305.8380684025239,[62.25722458 83.10490682 103.53344162 124.41480709 145.21604412 165.85168683 186.49773696 207.25713743 247.84453855],[1.15943426e+01 3.24773021e+02 1.81630022e-01 6.56000128e+01 1.16469155e-01 1.39474333e-01 1.67120996e-01 1.09675208e-01 1.84703899e-01 1.35979829e-01 1.27249252e-01 2.30318121e-01 1.79885597e-01],__,305.8380684025239,0.15542688310107433,
20190225,530342801,1014,1551062634.1706884,55.2572770160332,1150.789161978918,114.82560916184075,1551062632.3399253,311.7826202045324,[20.12696122 41.35162172 61.98167901 82.71607973 103.45893364 124.13919105 144.8876879 165.49016077 186.15127936 206.56702332 226.67795665 247.9513835],[1.75330805e+01 3.64818148e+02 9.98090502e-02 9.89817507e+01 2.77094479e-01 1.90125562e-01 1.07908345e-01 1.45210792e-01 1.46160905e-01 1.00429334e-01 1.57166677e-01 1.20777315e-01 1.14059637e-01 2.48311485e-01 3.58569125e-01 1.72563023e-01],__,311.7826202045324,0.03674753272733036,
20190225,530342801,1015,1551062648.175297,54.2729030490547,718.429609076484,116.53411166649614,1551062646.7543492,311.9945585792636,[18.97204297 41.26042792 61.958578 82.72099595 103.19158641 124.0364347 144.69587939 165.42860451 186.0676069 205.72952076 227.7152684 247.87414717],[1.39787320e+01 1.85406546e+02 7.14244771e-02 8.03597110e+01 2.45842555e-01 2.45388491e-01 1.25053585e-01 1.67142231e-01 2.02734982e-01 1.04542584e-01 2.03223193e-01 1.39009632e-01 1.24989921e-01 2.52296017e-01 3.61552340e-01 2.03445930e-01],__,311.9945585792636,0.048408843322080015,
20190225,530342801,1016,1551062665.3593657,53.24890932262442,559.4644938645919,116.91613658206424,1551062663.8640406,313.79709766924253,[62.13004806 82.49624996 103.35190955 124.4405069 145.64428584 165.87274125 186.58743916 204.58485083 226.76092719 247.88096198],[1.41076531e+01 1.48644639e+02 6.40701977e-02 8.31140193e+01 1.29910899e-01 1.34774347e-01 2.05097714e-01 1.16052561e-01 2.16786525e-01 1.50107897e-01 1.47158988e-01 2.32642141e-01 3.85919946e-01 2.67049773e-01],__,313.79709766924253,0.06542915132501431,
20190225,530342801,1017,1551062681.3099508,53.35082427977564,567.5716889299711,115.5547101725236,1551062678.6965554,309.31061992405023,[18.93387944 40.70059738 61.40893551 82.64204718 103.03580155 124.11300945 144.79392974 165.43304057 186.11484426 206.3401658 227.10644578 247.85217724],[1.42482833e+01 1.51567657e+02 6.13719210e-02 8.26287716e+01 1.63774491e-01 1.97249356e-01 1.47032733e-01 1.57518783e-01 1.82220014e-01 1.00727295e-01 2.04721269e-01 1.41004975e-01 1.10327423e-01 2.11890311e-01 3.70601941e-01 1.64783725e-01],__,309.31061992405023,0.07824267677106601,
20190225,530342801,1018,1551066104.6147866,57.767404738053614,276.43095496333245,116.8673085245804,1551066102.111522,309.8583246047052,[19.32393647 38.50033501 57.53749038 76.68541434 95.74406991 115.09512409 133.94776304 153.45778393 172.5698095 191.41749404 229.94211858 248.78915172 210.21383618],[1.56575011e+01 7.52360070e+01 3.71226299e-02 8.39665807e+01 1.97261730e-01 2.77301690e-01 1.48215094e-01 1.22162326e-01 1.78707767e-01 1.01152586e-01 2.31009698e-01 1.44142116e-01 1.17179744e-01 2.51352708e-01 1.70806708e-01 2.77748536e-01 4.38127188e-01],__,309.8583246047052,0.03710865699924565,
20190225,530342801,1019,1551066089.2258787,55.252928366196414,386.8586740862157,117.37375303507305,1551066087.8940413,309.247097629046,[19.39707392 37.81275497 57.78547211 76.87768812 96.26824874 115.48371821 134.85622351 153.89203211 173.23573718 191.78388085 212.18295466 230.79933886 250.13863713 267.89725963],[1.50106138e+01 1.05376626e+02 4.39808577e-02 8.39840336e+01 2.60100098e-01 2.09480984e-01 1.32031599e-01 1.16420743e-01 1.61743467e-01 8.75432116e-02 1.62872315e-01 1.16732628e-01 1.21403193e-01 2.45249077e-01 3.39900000e-01 1.45321950e-01 4.65776734e-01 3.50010162e-01],__,309.247097629046,0.05750624243411005,
20190225,530342801,1020,1551066073.8940663,55.61093842667285,556.9104672160107,117.15689766205715,1551066072.9590483,310.3966188985856,[38.48025245 57.42040536 76.90974927 95.68707691 115.07517295 133.52156497 152.95225842 172.12450125 191.54412945 209.82452833 229.3145516 246.3546444 263.62773158],[1.47048167e+01 1.48520222e+02 5.86909087e-02 8.19597268e+01 2.16753104e-01 1.49070221e-01 1.53875797e-01 1.84565960e-01 9.74882413e-02 1.70186926e-01 1.32740272e-01 1.26304179e-01 2.44597580e-01 3.14517324e-01 1.78575314e-01 3.68538187e-01 3.72583825e-01],__,310.3966188985856,0.1080768901432586,
20190225,530342801,1021,1551066059.4298844,55.49823772819429,944.2583685716588,114.2507231296132,1551066056.788194,305.6167645591585,[38.32198817 57.54043109 76.79838008 94.99557863 115.66153053 135.85224367 153.91425522 173.2767191 191.70263142 212.37334774 229.94423126 247.99713892],[1.37295460e+01 2.35099260e+02 9.67881566e-02 7.54938743e+01 2.67789031e-01 1.51320360e-01 1.80716147e-01 1.96314846e-01 8.96975111e-02 2.30059354e-01 1.53603531e-01 1.27174920e-01 1.86038056e-01 2.26089857e-01 1.80291816e-01 2.79228175e-01],__,305.6167645591585,0.17342883121101,
20190225,530342801,1022,1551066047.2900722,53.329263600093476,1359.5868584411003,112.2842429132623,1551066044.444597,290.2395115858272,[37.82540823 57.68132312 75.78424037 96.06843591 115.11826529 134.70211142 153.44123725 172.64603102 210.34642185 230.01826226],[1.22250103e+01 3.13909723e+02 1.66106522e-01 6.64347814e+01 2.62215973e-01 2.37661385e-01 2.49665411e-01 1.88757896e-01 1.01333119e-01 2.53180581e-01 1.58443797e-01 1.60148477e-01 3.09160083e-01 2.22986086e-01],__,290.2395115858272,0.1004138519025344,
20190225,530489496,1006,1551134486.9354134,57.676570545853686,2073.032320439964,109.94252589231834,1551134482.7039359,310.424505928064,[57.37472474 116.97462689 174.8733814 229.51641626],[1.84569582e+01 6.75648737e+02 3.55260658e-01 9.88049974e+01 1.57885372e-01 2.30622866e-01 3.42616718e-01 4.66505873e-01],__,310.424505928064,0.18753266864119242,
20190225,530489496,1007,1551134471.927358,54.615186222661514,1589.357708408913,111.31781728485839,1551134469.0289674,310.98428447037963,[62.20030238 74.99377913 96.02184025 115.8349219 133.96900366 154.61648573 174.97948274 211.30648916 231.82551682],[1.73970024e+01 5.09231320e+02 1.56217456e-01 9.89690074e+01 9.05465754e-02 1.48335753e-01 1.86205437e-01 1.07049217e-01 1.47319344e-01 2.10165730e-01 1.60466213e-01 2.89250817e-01 2.30355624e-01],__,310.98428447037963,0.2614963766098778,
20190225,530489496,1009,1551134442.39314,57.59620671845292,1138.2323894276826,114.37547714457777,1551134441.211073,310.9461249269874,[68.13667432 96.05374339 74.67750733 115.92722077 134.32299418 153.89034487 173.76473236 209.97167228 230.90906933],[1.82107220e+01 3.54614759e+02 1.38977786e-01 9.89058187e+01 1.53404884e-01 2.21498762e-01 1.77076982e-01 1.32758204e-01 2.47793126e-01 1.82321147e-01 1.79802184e-01 2.89597013e-01 2.63860272e-01],__,310.9461249269874,0.31735127023162585,
20190225,530489496,1010,1551134428.6823163,51.48437699873593,584.5315943405874,117.78770173362625,1551134430.0934849,314.18193453433224,[77.04055459 94.09389761 114.27342447 151.95253878 171.77714972 207.90901008 228.78354603],[1.36610419e+01 1.53244995e+02 9.41844593e-02 8.36267311e+01 1.93553954e-01 1.67071845e-01 1.21671053e-01 2.28222711e-01 1.85682978e-01 2.80393082e-01 2.68681733e-01],__,314.18193453433224,0.19274639884281097,
20190225,530489496,1011,1551134415.0,57.54504416489804,839.0600456510682,120.05063459463237,1551134417.75772,320.5260558901971,[90.69798025 112.7091943 130.55523794 150.44870409 168.96982276 206.32320111 224.56987156],[1.40581857e+01 2.07990122e+02 9.70360201e-02 7.79949764e+01 1.81008251e-01 1.20392475e-01 2.45844076e-01 2.20356089e-01 1.76868254e-01 2.89515254e-01 2.57283764e-01],__,320.5260558901971,0.12988343762982069,
20190225,530489496,1012,1551134398.1575851,62.169046040646236,1280.4084953618797,115.77480420951521,1551134396.4272797,312.22248397149565,[37.42677979 55.86530409 75.9753306 94.18517166 113.86240377 132.84378334 151.87457656 170.7577495 208.12636764 227.28175902],[1.36971622e+01 2.82436539e+02 9.55952891e-02 6.88019546e+01 1.78705752e-01 1.95570367e-01 1.58801268e-01 1.24213741e-01 1.06909517e-01 1.84506376e-01 1.68048082e-01 1.52530972e-01 2.74087911e-01 2.25252759e-01],__,312.22248397149565,0.07040018811878909,
20190225,530489496,1013,1551134379.199445,58.792953914945855,824.3603033009059,115.8207428870756,1551134377.203377,308.9606110842045,[58.14915621 76.81431176 94.86121841 115.63765609 132.18407659 153.73514875 173.41390793 210.04431943 231.64688594 250.29997971 192.11398055],[1.46544326e+01 2.06050066e+02 8.41931147e-02 7.69473467e+01 2.04220090e-01 1.70187691e-01 1.44858796e-01 1.10809151e-01 1.74262325e-01 1.59553293e-01 1.37687708e-01 3.19826221e-01 1.82100905e-01 3.03694905e-01 3.00077023e-01],__,308.9606110842045,0.20476568171617376,
20190225,530489496,1014,1551134363.5888636,58.321402976314275,390.8246628510389,117.90280166838255,1551134362.6662815,306.70640908064286,[37.41789286 57.71292979 76.83282154 95.79893959 115.09723299 131.28324431 153.58057466 172.99446381 192.78923735 213.27099683 231.27581536 250.59048263],[1.57038242e+01 1.05256871e+02 4.03147777e-02 8.25690379e+01 1.96511782e-01 1.98352934e-01 1.25417603e-01 9.38503054e-02 8.10144832e-02 1.49366677e-01 1.26698891e-01 1.13751587e-01 2.15167673e-01 3.10830814e-01 1.54153258e-01 2.63074392e-01],__,306.70640908064286,0.150825198443111,
20190225,530489496,1015,1551134350.8728652,60.32326416383507,298.51058211380007,117.50153219686487,1551134349.013458,310.34287179053246,[56.84118593 76.07382695 95.02964119 114.53664273 133.63008357 152.9960716 172.03933022 190.51870399 209.05236753 229.32232069 247.6178256],[1.61047472e+01 7.98048246e+01 3.94800633e-02 8.28526229e+01 2.05466327e-01 1.93005624e-01 2.11328233e-01 1.21997248e-01 2.20466095e-01 1.68927945e-01 1.56712080e-01 2.47444332e-01 4.30915384e-01 2.21593511e-01 3.56471427e-01],__,310.34287179053246,0.10987343655511651,
20190225,530489496,1016,1551134334.4537847,58.80775966694118,483.0045669361706,118.73531051213551,1551134334.6077538,308.21162774090504,[18.21795971 37.3464887 57.27780365 76.16448641 95.72806686 114.66526454 133.95837649 152.88361359 172.23568559 190.49133994 210.76964599 229.01138032 246.5414624],[1.55662792e+01 1.28123370e+02 4.56055210e-02 8.15637673e+01 2.52125116e-01 2.59499770e-01 1.56028220e-01 1.70241917e-01 1.84932898e-01 1.04147844e-01 2.11070824e-01 1.38742650e-01 1.40297382e-01 2.21325857e-01 3.09387328e-01 1.90302153e-01 3.16965466e-01],__,308.21162774090504,0.10540140748466824,
20190225,530489496,1017,1551134321.6723256,58.94452220712345,899.7159721076151,115.60429599606567,1551134319.8577251,304.5460086662797,[57.08583393 76.28086317 95.92732119 114.34929358 133.41622365 152.42631356 171.55372212 189.12897226 209.69019164 229.09948852 249.25784872],[1.45694800e+01 2.22305362e+02 7.80277722e-02 7.52908550e+01 1.24198543e-01 1.67283372e-01 1.29807598e-01 1.03811342e-01 1.88507139e-01 1.26623323e-01 1.20878631e-01 2.39137665e-01 2.35905663e-01 1.70893554e-01 2.83467686e-01],__,304.5460086662797,0.09595630764384996,
20190225,530489496,1018,1551134308.0249743,57.59326753704523,1387.7555732096275,114.65991068110992,1551134306.92141,311.30742724653004,[57.54609142 114.33023028 133.04603709 152.16841416 171.54090531 208.29744407 228.46990406],[1.82896720e+01 4.40971866e+02 1.56861502e-01 9.88805779e+01 1.55504433e-01 1.03091694e-01 2.52687844e-01 2.17761902e-01 1.69829501e-01 3.03284167e-01 2.31459513e-01],__,311.30742724653004,0.07316661737278975,
20190225,530489496,1019,1551134293.2572138,61.41018862884101,2197.4869166453786,112.20782668864217,1551134291.0683174,310.6353643611923,[57.33143802 76.13413316 114.22248474 152.32003545 171.78402676 190.54639985 229.10530507 97.54266574],[1.94786670e+01 6.94183580e+02 1.78892225e-01 9.86703318e+01 1.30825088e-01 1.49132541e-01 9.15374694e-02 1.55348602e-01 1.45710687e-01 1.88895457e-01 2.10590522e-01 1.17659419e-01],__,310.6353643611923,0.16513473175371587,
20190225,530489496,1020,1551130932.198058,55.768672873258076,1882.5552582967296,113.66275881002744,1551130930.9880934,311.0143991704143,[61.65598869 81.72494756 102.61129672 123.24786383 144.35636994 164.22770827 184.77490152 205.01143207 246.15222786],[1.77406976e+01 5.99562884e+02 1.46792800e-01 9.89072650e+01 1.12938605e-01 1.18871033e-01 1.29427266e-01 7.64875050e-02 2.02573914e-01 1.21518700e-01 1.14115574e-01 2.14230794e-01 1.75884656e-01],__,311.0143991704143,0.08372574109482,
20190225,530489496,1021,1551130945.0,54.87423864584905,1143.6437970995582,114.73502500489339,1551130943.206771,313.60568070342487,[61.74731332 82.385419 102.72106163 123.69669765 143.99960581 164.871168 185.49053988 204.97634291 226.12995817 246.95869975],[1.27881932e+01 2.66712498e+02 8.61090409e-02 7.30856482e+01 1.03694360e-01 1.15023821e-01 1.32968563e-01 8.34300746e-02 1.59075354e-01 1.15204768e-01 9.87098151e-02 1.68888526e-01 2.71141682e-01 1.45396700e-01],__,313.60568070342487,0.06214576664149132,
20190225,530489496,1022,1551130954.0214167,54.582760884577134,765.2079400176038,115.55637084938499,1551130951.8923476,312.2107316442343,[61.92550145 82.26417286 103.09564982 123.72670254 143.51283446 165.15383606 185.75264066 206.08232855 227.09552089 247.61810816],[1.39084371e+01 1.95254333e+02 6.85796974e-02 7.95504949e+01 1.21434228e-01 1.21110028e-01 1.87621142e-01 9.00145697e-02 2.33857372e-01 1.21671001e-01 1.02077690e-01 1.80211059e-01 3.01119085e-01 1.51787725e-01],__,312.2107316442343,0.05894752724042121,
20190225,530489496,1023,1551130958.4760785,53.86508131685069,1081.7682627866493,116.8815705303937,1551130958.7109833,311.3786626717927,[41.20965698 21.07089963 61.69546021 82.52541115 103.21224426 123.8906858 144.52652615 165.13262475 185.89365132 206.34091603 227.22586081 247.71993028],[1.71134668e+01 3.43546088e+02 1.06365913e-01 9.90321891e+01 2.04620553e-01 2.80611744e-01 1.86480354e-01 1.44709246e-01 1.54201233e-01 1.06531169e-01 1.96499704e-01 1.49210850e-01 1.47418769e-01 2.13432963e-01 2.25468169e-01 1.99201504e-01],__,311.3786626717927,0.06202133961173962,
20190225,530489496,1024,1551130963.846987,56.43862807963013,2102.470202586409,113.80667532652008,1551130963.3810568,310.2501008833772,[61.92659657 82.30857984 102.64957774 123.51956056 143.91259092 164.72230757 185.33445968 205.442919 226.12721148 246.73692798],[1.79948472e+01 6.71795548e+02 1.55929343e-01 9.88573079e+01 1.72297439e-01 1.86694731e-01 1.40962067e-01 8.38827002e-02 1.48871547e-01 1.29529060e-01 1.26036702e-01 1.73106717e-01 2.36089859e-01 1.52644105e-01],__,310.2501008833772,0.07137000677790528,
20190225,530501643,1023,1551136174.1848698,48.57455703005184,1298.1745331205796,114.48278193655135,1551136172.843661,311.01140231505525,[39.2135402 58.86916242 79.08060526 98.00956327 117.67583916 137.36258065 156.88967491 176.48609416 195.95868942 215.50723821 235.20318838],[1.54884997e+01 4.13742829e+02 1.53423755e-01 9.91914790e+01 1.04690274e-01 9.68425395e-02 1.97236315e-01 1.16497442e-01 9.98429128e-02 1.91359384e-01 1.71830751e-01 1.53856583e-01 2.04043124e-01 2.67073756e-01 2.53573284e-01],__,311.01140231505525,0.032532626162150774,
20190225,530501643,1024,1551136179.40581,48.854615406504024,754.7154999892331,116.32423094479378,1551136177.9902244,310.6379825194378,[18.72510946 39.04891772 59.00371493 78.63133455 98.36389912 117.97516398 137.67580375 157.27832578 176.99530448 196.40054269 215.53958465 235.65888984],[1.27947812e+01 1.97784219e+02 8.45746772e-02 8.13660927e+01 1.68147852e-01 1.75403764e-01 1.07283926e-01 1.84068015e-01 1.25732033e-01 9.42375531e-02 1.40809749e-01 1.47826687e-01 1.06809426e-01 1.84326328e-01 2.01208489e-01 1.75707357e-01],__,310.6379825194378,0.05206218892043882,
20190225,530501643,1025,1551136185.3465474,51.09066495209517,1067.2217630629425,116.7332513127397,1551136184.9007387,311.3681436753586,[18.99175843 39.14969889 58.78260925 78.27096197 97.91622651 117.49017412 137.13969676 156.54346642 176.30831864 195.88932141 215.69032938 235.06074557 254.37412026],[1.62533387e+01 3.38863466e+02 9.81007972e-02 9.91254439e+01 2.66536958e-01 2.09485504e-01 9.40503463e-02 1.63023809e-01 1.01180564e-01 8.49867177e-02 1.29255284e-01 1.24803288e-01 9.87938363e-02 2.14480237e-01 2.78912303e-01 1.57387527e-01 1.82703807e-01],__,311.3681436753586,0.0487775591277522,
20190225,530501643,1026,1551136199.8511028,51.574839815379576,1572.5978557114945,114.56281596681274,1551136198.9378421,311.17892528757653,[39.11033637 58.52904196 78.28671974 97.4962388 117.15607752 136.59556265 155.94530528 175.64788572 194.77584024 214.28152738 233.99023037 252.79463594],[1.64385715e+01 5.03425326e+02 1.42962050e-01 9.90749800e+01 1.89415522e-01 8.60262586e-02 1.75098526e-01 1.06701034e-01 9.31871146e-02 1.68801937e-01 1.33658789e-01 1.11653142e-01 2.06334858e-01 2.48190866e-01 1.82455809e-01 2.41201650e-01],__,311.17892528757653,0.04935209998725591,
20190225,530501643,1027,1551136212.7091842,47.21956306732321,1533.97344875504,115.02991774768655,1551136213.7128766,311.25824323442777,[39.00504729 58.8470991 79.64291604 98.00178466 117.67005916 136.98472683 157.19056442 176.51410581 214.88851166 234.84100757 254.95309686],[1.50551859e+01 4.89269958e+02 2.25618191e-01 9.92191554e+01 2.12253627e-01 1.03888162e-01 2.32694279e-01 1.68190300e-01 9.86763174e-02 2.21880292e-01 1.79785476e-01 1.26583485e-01 2.82920727e-01 1.87366798e-01 3.26376039e-01],__,311.25824323442777,0.06989430212422969,
20190226,530681886,1005,1551217667.696422,48.6747426337633,1024.346562419805,115.5385644388949,1551217668.9012434,311.27363726486897,[41.54420054 61.58537112 83.48428971 100.71657105 121.10130326 140.77772694 162.11022662 181.41766044 199.82823592 222.85792352 243.60368685 261.08640227],[1.55285368e+01 3.27568433e+02 1.14626898e-01 9.92015199e+01 1.63365805e-01 1.23894039e-01 1.32487475e-01 1.59192255e-01 9.23590544e-02 1.55257572e-01 1.27190548e-01 1.18560188e-01 1.85759539e-01 3.01935632e-01 1.92781093e-01 3.18908016e-01],__,311.27363726486897,0.24101113137012437,
20190226,530681886,1006,1551217679.4444973,51.62135489907079,1021.9588369659731,116.12148059417711,1551217679.8814793,310.7761153475299,[102.62617944 122.14550373 163.27965132 184.00331856 245.09561626],[1.25970426e+01 2.49347302e+02 1.32219330e-01 7.58705830e+01 1.45394017e-01 8.72146768e-02 1.41680383e-01 1.35969046e-01 1.64505403e-01],__,310.7761153475299,0.11355990750405466,
20190226,530681886,1007,1551217697.4367259,55.49519598942442,1331.2873300125596,111.36334665374414,1551217692.6361113,310.86512483019317,[61.14961556 83.35921511 101.63197074 123.00748576 141.77827695 164.14763162 184.44994407 202.48789192 225.23720339 245.47232054],[1.75976803e+01 4.16658950e+02 1.35108804e-01 9.89654574e+01 1.59710995e-01 1.38749728e-01 1.41425023e-01 1.06284217e-01 1.80637184e-01 1.33878892e-01 1.23843275e-01 2.80607036e-01 3.35287339e-01 1.76519254e-01],__,310.86512483019317,0.12607434642193152,
20190226,530681886,1008,1551217714.8410363,53.09212285733304,1268.6590032561892,111.44722908178494,1551217709.9601405,308.9746996191317,[40.70190625 61.68773614 81.97130959 103.13286791 122.86211204 142.06442832 163.75464152 184.16284661 204.2997573 224.08202595 245.0762001],[1.21469676e+01 2.89959759e+02 1.11698428e-01 7.07455647e+01 2.07836784e-01 1.24329364e-01 1.38128381e-01 1.12394678e-01 9.30915264e-02 1.82458324e-01 1.19229837e-01 1.15757277e-01 2.43466017e-01 3.19547594e-01 1.76193645e-01],__,308.9746996191317,0.09476752177699298,
20190226,530681886,1009,1551217730.3337567,51.34776811996714,718.7205317728126,114.19716995826006,1551217726.6681223,315.85259340455025,[62.30815629 81.47601862 99.57977534 122.24494052 143.05483469 163.11728877 183.43454111 203.61439762 222.95850428 244.19670279 265.79099953],[1.32707574e+01 1.86278340e+02 7.54205247e-02 8.15971793e+01 1.18826537e-01 1.44553642e-01 1.12550259e-01 9.02680909e-02 1.41413660e-01 1.16905789e-01 1.05223217e-01 2.41744906e-01 4.75285956e-01 1.51213258e-01 3.57688090e-01],__,315.85259340455025,0.08766717556339795,
20190226,530681886,1010,1551217745.7728431,51.22234465242992,486.8874845576088,116.79748880527673,1551217743.6119182,311.7996169801982,[40.37108401 61.10304285 81.29604646 101.26796961 121.94959205 142.28124356 162.48553872 182.89115762 202.52838495 223.1716077 243.50505465 263.52884662],[1.38972565e+01 1.32184656e+02 5.90320836e-02 8.45998661e+01 1.91540802e-01 1.31357265e-01 1.14612142e-01 1.66460663e-01 1.07296917e-01 1.86821585e-01 1.38918549e-01 1.17344331e-01 2.58979391e-01 2.98995598e-01 1.83800959e-01 3.42019716e-01],__,311.7996169801982,0.048338120539786825,
20190226,530681886,1011,1551217760.1358721,48.96735094633832,541.6322566774115,117.00680396827869,1551217758.690161,307.53760656524247,[20.06856932 40.46589984 61.74893421 81.25639427 101.46906406 121.88218531 142.23312844 162.4424561 182.81082175 203.61497158 223.36931806 243.45504058 262.07310379],[1.34328664e+01 1.48811299e+02 8.96501402e-02 8.43455759e+01 3.00106307e-01 3.78437230e-01 2.23291889e-01 1.76371325e-01 1.70836991e-01 1.36232329e-01 1.83355348e-01 1.91284831e-01 1.53198556e-01 2.47593486e-01 2.62724445e-01 2.14627554e-01 3.85597592e-01],__,307.53760656524247,0.05989358314814324,
20190226,530681886,1012,1551217776.2445517,49.20167269673028,920.9049656315304,115.84519868969511,1551217774.98228,309.56189326976636,[61.32286512 81.37358142 101.80042931 122.25527279 142.59902843 162.73683474 183.29802568 203.39386369 224.1075962 244.52472473],[1.24299364e+01 2.33074912e+02 1.34126628e-01 7.82402777e+01 2.76652720e-01 1.57262178e-01 1.45954378e-01 1.18732590e-01 1.53766476e-01 1.59892339e-01 1.33133351e-01 2.28673221e-01 2.31588778e-01 1.96629759e-01],__,309.56189326976636,0.03241615044002505,
20190226,530681886,1013,1551217794.3643103,49.84782223067877,1252.9648607393788,115.27803527928867,1551217793.2649658,311.07294170007935,[60.76029255 81.538671 101.96709299 122.36861955 142.7036993 162.95149991 183.50185602 203.21304942 223.40135484 244.42437146],[1.58942379e+01 4.00272930e+02 1.45079337e-01 9.91527090e+01 2.20016551e-01 1.57041295e-01 1.22095791e-01 9.88149494e-02 1.43220349e-01 1.30283562e-01 1.10346663e-01 2.00763165e-01 2.11340904e-01 1.68798258e-01],__,311.07294170007935,0.051925320112115654,
20190226,530681886,1014,1551217815.7554069,51.39518388137242,1786.1068593668185,109.86974411609742,1551217810.1332164,310.53996916374035,[40.68485423 60.77133716 81.77481769 101.89916765 122.12007388 142.70258939 163.05162274 183.32879155 204.20530306 223.69768453 243.81510593],[1.63996657e+01 5.70940090e+02 1.70106940e-01 9.90629002e+01 1.83962592e-01 1.51419603e-01 1.55751966e-01 1.32519559e-01 8.77220130e-02 1.38073169e-01 1.22832618e-01 1.09636977e-01 1.93937647e-01 1.97398586e-01 1.49913392e-01],__,310.53996916374035,0.05636163547504892,
20190226,530681886,1015,1551217834.1151547,54.268966542136674,2476.282762318995,110.49791349299622,1551217830.1462324,309.97737847045954,[60.35543274 80.77856171 101.18641606 121.19970981 141.49998568 161.60021782 181.79163872 201.98470485 222.43009044 242.42342132],[1.73468953e+01 7.92735516e+02 3.39724479e-01 9.88928957e+01 2.45112281e-01 2.27939814e-01 1.62184478e-01 1.06520763e-01 1.75566681e-01 1.63342672e-01 1.45938441e-01 2.47351724e-01 2.35954203e-01 1.90632345e-01],__,309.97737847045954,0.04928222209542204,
20190226,530681886,1016,1551217854.1411953,50.33718206392515,2088.9317645291503,110.513542460645,1551217850.625323,310.28271507413547,[60.83115477 80.31905779 100.12024232 121.04328216 141.27089753 161.5072866 181.4391884 201.99721829 220.49454433 241.39185329],[1.60891080e+01 6.69589865e+02 1.90349900e-01 9.90680422e+01 1.48299324e-01 1.46620758e-01 1.55880513e-01 8.07309105e-02 1.59675743e-01 1.17774736e-01 1.08946399e-01 1.86813184e-01 2.11485526e-01 1.48387706e-01],__,310.28271507413547,0.10685798551702234,
20190226,530681886,1020,1551221247.5538828,58.739245597690996,1803.9193069020066,113.26897161105754,1551221246.2406516,309.8913186731952,[116.07471738 154.48668682 173.68893163 212.04855779 230.48670714],[1.87737229e+01 5.81911795e+02 2.14602979e-01 9.87905888e+01 1.32683286e-01 2.19903499e-01 2.15128188e-01 2.86701062e-01 2.65788021e-01],__,309.8913186731952,0.20634163288873697,
20190226,530681886,1021,1551221239.6597342,54.09902951437448,860.1417029088311,115.1244699481402,1551221237.8367438,305.1000923261008,[77.13754068 94.90882446 115.38943645 134.02174817 153.74525271 173.15819023 210.26360975 230.63837214 249.46424693],[1.37346090e+01 2.18795035e+02 1.40908086e-01 7.74594413e+01 2.03707736e-01 1.83458368e-01 1.29440810e-01 2.21527694e-01 1.94933120e-01 1.58368371e-01 2.83383953e-01 2.13183572e-01 2.85408900e-01],__,305.1000923261008,0.10800428399205242,
20190226,530681886,1022,1551221232.668682,57.307332304804554,276.56581300436716,117.67524855888394,1551221230.888259,310.2303664676243,[19.0869732 38.37250246 57.528249 76.77956352 96.06317291 115.43179468 133.74699617 153.74834059 172.99148774 210.22025486 230.82594335 249.49773356],[1.55521053e+01 7.51686477e+01 4.28272731e-02 8.41878242e+01 2.70793636e-01 3.34537865e-01 2.50101878e-01 1.23719253e-01 2.05069800e-01 1.07024413e-01 2.55951966e-01 1.59819713e-01 1.42925593e-01 4.58001402e-01 2.10840630e-01 2.72565115e-01],__,310.2303664676243,0.07493821453456649,
20190226,530681886,1023,1551221230.0590086,54.424193572550806,777.6366418861077,116.21339847842836,1551221228.7989073,309.1307285960248,[38.72007294 57.6991773 76.53643762 95.28435118 115.28473955 134.00896166 153.40913786 172.90947226 191.7748948 211.14681431 230.53212489 249.02954839],[1.39297661e+01 1.99239773e+02 8.60307158e-02 7.91248451e+01 2.56517804e-01 1.49943579e-01 2.31452065e-01 2.64284659e-01 9.84538714e-02 2.28184777e-01 1.66266238e-01 1.38219060e-01 2.30303600e-01 2.84814276e-01 1.74830508e-01 3.23911789e-01],__,309.1307285960248,0.09513768744020049,
20190226,530681886,1024,1551221229.0534463,53.00594798771266,1691.4978940730805,113.2637022531083,1551221227.748389,310.6876090660242,[115.21497554 134.47697184 153.70100872 172.71178579 192.47674146 210.25507256 230.24415482],[1.69172739e+01 5.42733467e+02 1.81817050e-01 9.90144883e+01 1.07914057e-01 2.37958312e-01 1.74081684e-01 1.60649497e-01 2.34620101e-01 2.50769275e-01 2.24321465e-01],__,310.6876090660242,0.09984620086589636,
20190226,530501643,1023,1551139279.2908843,58.424721865646525,1498.81961222722,77.40027421123513,1551139241.1706603,310.85827283276166,[39.05848749 58.99954114 77.88618504 97.87455656 117.93516071 138.60767352 156.76511884 176.84636806 215.95370528 235.88877145 255.15826299],[1.85838353e+01 4.77654804e+02 1.46196235e-01 9.88377141e+01 1.55181135e-01 1.02159026e-01 1.56308009e-01 1.32005103e-01 9.51682952e-02 1.83059187e-01 1.74957153e-01 1.16553878e-01 2.37312723e-01 1.67942221e-01 1.97141699e-01],__,310.85827283276166,0.0650201471516361,
20190226,530501643,1024,1551139272.3555596,58.671044295528056,848.6824950943586,69.52658766902546,1551139224.2680645,309.9134839631375,[20.11418845 38.93098125 58.88362197 78.09492286 98.12163051 117.96688793 137.65920531 157.09757526 176.90285301 196.76618396 235.77095123 255.28239397],[1.45270000e+01 2.10334868e+02 7.28705812e-02 7.67447371e+01 2.26105912e-01 1.83294983e-01 1.17162482e-01 1.73151863e-01 1.29222259e-01 1.04318489e-01 1.61938571e-01 1.51506533e-01 1.22344868e-01 2.31077621e-01 2.02038113e-01 2.51132352e-01],__,309.9134839631375,0.05125744600545403,
20190226,530501643,1025,1551139263.1366627,58.419203338074304,715.9725517844503,60.526972896924924,1551139205.6166623,311.5247469343642,[39.29711614 58.89183227 78.0403418 98.21490584 118.0483173 137.55061357 157.55653311 177.00055675 196.39069447 215.60832804 235.43754559 253.55849413],[1.48153413e+01 1.81932147e+02 6.72681609e-02 7.90025748e+01 1.91768887e-01 1.13708758e-01 1.93617171e-01 1.68052784e-01 1.18893437e-01 1.78843679e-01 1.63813475e-01 1.46400414e-01 2.42574479e-01 3.37468124e-01 2.34708736e-01 4.19804768e-01],__,311.5247469343642,0.06115178242821405,
20190226,530501643,1026,1551139249.612715,59.2869513751264,1138.8730056305812,46.92095464716322,1551139179.605726,308.8677668973252,[19.25737584 39.01890169 58.98585687 77.55212812 98.1731625 118.16460709 137.4227722 157.44148925 177.12486895 197.13033761 215.90787644 235.90827584 254.73208429],[1.37314999e+01 2.64339631e+02 8.91797703e-02 7.15225028e+01 2.21791477e-01 1.54124205e-01 1.05832437e-01 2.00219607e-01 1.31364208e-01 9.44122846e-02 1.86311191e-01 1.35862452e-01 1.05076369e-01 2.09093247e-01 2.46643217e-01 1.67700467e-01 2.49199545e-01],__,308.8677668973252,0.06886062619829973,
20190226,530501643,1027,1551139234.7407212,59.07417870539517,1450.1301603822744,31.472607726226787,1551139150.236826,302.6865974737298,[19.26315184 39.43390105 59.33167414 78.92919907 98.73938328 118.55649358 138.26499411 158.04720734 177.84128718 197.68856478 217.17298295 236.83392828 256.21385899],[1.27566281e+01 3.13502045e+02 1.87068987e-01 6.54134267e+01 2.21764401e-01 1.80664796e-01 1.28579663e-01 2.08283854e-01 1.73719495e-01 1.15983348e-01 2.09736752e-01 1.83899584e-01 1.54244989e-01 2.48957893e-01 2.58417221e-01 2.08786824e-01 3.18051744e-01],__,302.6865974737298,0.0762344368789353,
20190226,530672521,1020,1551217495.3403487,54.558234975940664,1411.0364206097665,115.11491400669372,1551217496.296115,311.33643130496176,[37.71268872 58.67384837 77.4092922 97.92104308 117.2978972 136.3899069 155.97996826 176.06939342 214.07896289 234.88858837 254.86657634],[1.73487871e+01 4.49314225e+02 1.37646020e-01 9.89872086e+01 1.93202778e-01 9.44333812e-02 2.33237249e-01 1.31930365e-01 9.55187533e-02 2.03253510e-01 2.01385995e-01 1.36793608e-01 3.04732898e-01 2.08669027e-01 3.55540599e-01],__,311.33643130496176,0.0925175380010412,
20190226,530672521,1021,1551217482.6333249,56.7505851771723,1256.4711030144222,115.79504234927063,1551217482.8977582,310.9076544243072,[58.54152086 77.11865529 97.328362 116.93246016 136.26047217 155.42479145 175.35772155 193.98487446 214.15927749 234.33582103 253.77062164],[1.80367253e+01 3.97881532e+02 1.11026873e-01 9.89182159e+01 1.14535043e-01 3.00843524e-01 1.67717281e-01 1.03701306e-01 1.74914966e-01 1.52289488e-01 1.21891224e-01 2.43409323e-01 3.11741515e-01 1.90670404e-01 2.17130074e-01],__,310.9076544243072,0.07899344177255334,
20190226,530672521,1022,1551217472.4564457,55.87507074170459,836.6542945572896,116.0388543226392,1551217471.3014994,307.13177006022045,[38.58374047 58.38100609 77.1738717 97.16479816 117.07271904 136.58059985 154.91319341 175.64622442 194.2134889 211.73286303 233.90243748 253.91605288],[1.41014890e+01 2.11596199e+02 8.67212757e-02 7.74892693e+01 2.38216717e-01 1.40604441e-01 2.45682792e-01 1.95560867e-01 9.77766030e-02 2.20228195e-01 2.02485171e-01 1.27481545e-01 2.47986298e-01 2.97169937e-01 2.04333002e-01 2.52074774e-01],__,307.13177006022045,0.1467087201112639,
20190226,530672521,1023,1551217463.511382,55.973515860562884,593.4591605167666,116.09530111302007,1551217461.4241085,306.441308265465,[39.31115451 58.79319166 78.14489446 98.18989848 117.52584659 137.28651577 156.73040355 176.46049669 194.69346159 216.2626681 235.43634571 253.72130115],[1.48175592e+01 1.57845753e+02 6.24102405e-02 8.10323067e+01 2.28253247e-01 1.00026425e-01 1.86813051e-01 1.62274737e-01 9.86117052e-02 1.81435667e-01 1.73142034e-01 1.13624116e-01 2.71643673e-01 2.93422317e-01 1.75539842e-01 3.11319883e-01],__,306.441308265465,0.07675267201682139,
20190226,530672521,1024,1551214026.5988386,49.82653027480681,685.8830724735208,117.86101127905864,1551214026.4194224,308.4593025254279,[39.16188088 59.13831748 79.37854598 98.52922387 118.20292933 138.03057948 157.6170922 177.43074039 197.26878326 215.52448256 236.33991145 255.77726172],[1.32436936e+01 1.82530015e+02 7.45655675e-02 8.19833969e+01 1.80430520e-01 9.71932093e-02 1.92389096e-01 1.24916826e-01 8.84240553e-02 1.38716725e-01 1.33028069e-01 1.03623634e-01 1.75348311e-01 2.25655525e-01 1.64483005e-01 1.96683089e-01],__,308.4593025254279,0.047200285836761946,
20190226,530672521,1025,1551214034.6120384,50.37445294644364,1314.45153609562,116.32184135626741,1551214034.871004,311.10615425009104,[59.38385913 78.84519473 98.82213721 118.53789291 138.49671721 158.27122687 177.89538873 197.8526549 217.05408039 237.15606163 256.61378474],[1.60491434e+01 4.18723356e+02 1.36630031e-01 9.91332810e+01 1.12443916e-01 1.94358903e-01 1.10027256e-01 8.57120850e-02 1.58427757e-01 1.35142702e-01 1.10980611e-01 2.16475729e-01 2.12833731e-01 1.52778898e-01 2.25848449e-01],__,311.10615425009104,0.04640807301069743,
20190226,530672521,1026,1551214050.748284,50.41657660812611,1891.0678895090853,113.64931336435187,1551214050.1042173,311.0357776517207,[38.22057456 59.14719113 78.35854841 98.58649094 118.35751411 138.24087942 157.84516433 177.51025097 197.36824899 217.06155678 236.62682335],[1.60698003e+01 6.04001417e+02 1.72705835e-01 9.90887699e+01 1.65353420e-01 9.38804504e-02 1.68221494e-01 1.04332927e-01 8.33727029e-02 1.71303021e-01 1.24361502e-01 1.01043735e-01 1.91322039e-01 2.21839732e-01 1.68320546e-01],__,311.0357776517207,0.05448405446568781,
20190226,530695031,1012,1551223147.2185392,52.017277318610724,1858.277875531838,113.68710211923194,1551223146.865991,310.58954164964854,[39.01117972 58.99567302 77.7930804 97.78919444 117.64258924 137.39422376 156.86999274 176.55582087 195.74470165 215.90736536 235.35526783 19.53564835],[1.65832749e+01 5.92108195e+02 1.74716191e-01 9.90377818e+01 1.55972832e-01 9.01951897e-02 1.36938315e-01 9.96906709e-02 7.61811587e-02 1.45911513e-01 1.44425954e-01 1.20643202e-01 2.05913480e-01 2.07627875e-01 1.80325190e-01 1.92664269e-01],__,310.58954164964854,0.06321180251799971,
20190226,530695031,1013,1551223164.4704552,51.324968509010944,1651.4021602735497,112.36182351413676,1551223162.4016697,310.7941746542122,[39.41174741 59.07081327 78.04540586 98.44246215 118.02266351 138.06371577 157.54086458 177.15969689 196.58994785 216.43064715 236.17435974],[1.63389288e+01 5.23438097e+02 1.41185228e-01 9.90808918e+01 2.40257525e-01 9.55547536e-02 1.49295150e-01 1.12542683e-01 8.28421305e-02 1.40192736e-01 1.18135018e-01 1.02573354e-01 2.03673844e-01 1.94957604e-01 1.62642491e-01],__,310.7941746542122,0.03956036494492085,
20190226,530695031,1014,1551223180.3983164,52.88106973845319,1674.7122672707176,113.75634034766937,1551223179.299353,310.8446008002788,[18.70467251 38.85647363 59.08489579 77.83192582 98.39690082 117.86222918 137.69056671 157.33652187 176.96224872 196.76172675 216.02997902 235.94499958],[1.68339726e+01 5.32454696e+02 1.27864376e-01 9.90256465e+01 1.64216873e-01 1.10185412e-01 8.12527820e-02 1.38131002e-01 9.43252793e-02 7.95119706e-02 1.48115394e-01 1.14420625e-01 9.97584654e-02 1.80224361e-01 1.96717115e-01 1.56038174e-01],__,310.8446008002788,0.05012721528736811,
20190226,530695031,1015,1551223197.3401153,52.61464199144984,1539.7133813965177,113.81257940893578,1551223075.604525,310.65331677093775,[19.80765274 38.69509413 57.36762493 78.71366576 97.21264656 117.10144329 137.37981575 158.56831541 176.85632579 197.91717315 214.42609912 236.57720771],[1.67615193e+01 4.88922679e+02 2.16335509e-01 9.90436429e+01 1.60347684e-01 1.91470772e-01 1.93358553e-01 1.36594479e-01 1.78213974e-01 2.11849978e-01 1.80945695e-01 1.29119561e-01 2.08468185e-01 1.89299356e-01 2.00371745e-01 1.87262176e-01],__,310.65331677093775,0.3454165785480166,
20190226,530695031,1017,1551223231.6857622,53.3623496318893,1387.7419240473378,116.00182808881596,1551223231.686901,308.87229248222457,[18.6176556 39.11157845 58.57696726 77.7168922 98.34229579 117.61290668 137.49563398 156.87705113 176.52303213 195.25875075 215.48155511 235.36290856 255.44209624],[1.18179923e+01 3.06916789e+02 1.01236297e-01 6.84494116e+01 1.35844190e-01 1.27617876e-01 8.52204950e-02 1.51686758e-01 1.05125245e-01 7.11639504e-02 1.50087865e-01 1.09369777e-01 9.30655672e-02 1.82297376e-01 1.89033487e-01 1.42256922e-01 2.85770689e-01],__,308.87229248222457,0.09360202336151699,
20190226,530695031,1018,1551223250.2174134,55.19846391443634,1209.982933592421,115.7883040642468,1551223249.1158829,310.83394733127653,[38.49232009 58.58702553 76.28056828 97.73461687 117.00490157 136.55987211 156.25329354 175.65402572 195.19928762 214.69463897 234.16454777 252.67481709],[1.75792261e+01 3.85837585e+02 9.64314666e-02 9.89728903e+01 1.48373577e-01 1.08617545e-01 1.47394778e-01 1.33943987e-01 7.78594144e-02 1.79611998e-01 1.31832792e-01 9.78671374e-02 2.12778180e-01 2.75109569e-01 1.91714825e-01 3.70187528e-01],__,310.83394733127653,0.0718266583096541,
20190226,530695031,1019,1551223266.2510884,54.05783535490005,710.8200858480632,117.64409251119076,1551223266.085947,310.33183935998034,[19.9203965 38.87173378 58.64422118 77.6304915 97.83063458 117.15192996 136.87202021 156.13789552 175.77451013 195.28359294 214.59264983 234.35212302 253.29705958],[1.40052138e+01 1.84321453e+02 6.60021518e-02 8.03996074e+01 1.86611796e-01 1.38252812e-01 9.94558824e-02 1.49714482e-01 1.13006336e-01 8.80754114e-02 1.56604651e-01 1.34638369e-01 1.01595526e-01 2.09366963e-01 2.68197564e-01 1.56009543e-01 2.44795013e-01],__,310.33183935998034,0.060362928170616205,
20190226,530695031,1020,1551223281.400194,53.63939216192086,528.8599693655655,118.3026744151581,1551223281.4738579,308.00521830720834,[21.21019301 39.31366081 58.95811322 78.23695529 98.27007237 117.53541804 137.50630345 156.99545793 176.72497357 194.76789419 216.76359883 235.38214293 254.98410662],[1.44390019e+01 1.42784834e+02 5.70049775e-02 8.28840144e+01 1.46611634e-01 1.56836725e-01 1.09612125e-01 1.40971976e-01 1.18645950e-01 9.12721442e-02 1.60103492e-01 1.40581850e-01 1.01016984e-01 2.34686733e-01 3.27197117e-01 1.86986543e-01 3.19816147e-01],__,308.00521830720834,0.08425687797730223,
20190226,530695031,1021,1551223295.8111572,54.34935194576068,592.3727075305608,118.67352495750035,1551223296.2746072,307.0563879319164,[20.0207347 39.01900893 59.29832278 78.74737833 99.1034465 118.27996376 137.75544588 157.55751268 177.310453 196.84086631 217.58930809 236.05012238 256.14000574],[1.44684086e+01 1.58076492e+02 5.51889202e-02 8.17078963e+01 1.86480147e-01 1.60031083e-01 9.14739472e-02 1.65347607e-01 1.11961158e-01 8.40149122e-02 1.39894235e-01 1.21494081e-01 9.47533410e-02 2.14237199e-01 3.45250268e-01 1.56147496e-01 2.53070164e-01],__,307.0563879319164,0.07084027063169646,
20190226,530695031,1022,1551223309.8578575,55.445465434434624,991.5944423844973,117.33486490446163,1551223310.0433986,304.8788320844501,[19.32476014 38.62612516 58.94486068 78.25559764 98.31244285 117.88797361 137.88699456 156.82505675 176.7839582 196.42571083 216.8229422 235.58908697 254.43683768],[1.35899904e+01 2.43608735e+02 8.31364640e-02 7.46849937e+01 1.91369803e-01 1.78106495e-01 9.39793066e-02 2.13186431e-01 1.01512309e-01 7.99070716e-02 2.03498853e-01 1.38759089e-01 9.21742133e-02 1.96110998e-01 2.96339694e-01 1.57244003e-01 2.56798131e-01],__,304.8788320844501,0.07046970463607197,
20190226,530695031,1023,1551223320.9934497,56.038515527473756,1552.867742753568,115.76502287459334,1551223321.5483987,310.79382067615495,[39.32487606 58.8600746 77.86253823 97.81446018 117.76581019 136.11685371 157.28155321 176.54212012 213.23968219 234.97444301 254.62162435],[1.78150230e+01 4.91599130e+02 1.30681534e-01 9.89252157e+01 1.23629398e-01 8.87964717e-02 1.94462769e-01 1.10016755e-01 9.52455496e-02 2.22788117e-01 1.77300276e-01 1.29712530e-01 2.51622206e-01 2.04063769e-01 3.39089076e-01],__,310.79382067615495,0.08349129807888914,
20190227,530706111,1009,1551228089.0020955,49.496556193163215,1440.3188050895744,114.80489349518187,1551228088.3777552,311.12248348694095,[59.16402692 78.68117078 98.61291911 118.24344678 137.93927109 157.86550411 177.41055465 197.04598944 216.47918078 236.22531218 18.25657111],[1.57747267e+01 4.59303593e+02 1.41170004e-01 9.91535345e+01 9.41839737e-02 1.70980106e-01 1.11958762e-01 8.50505732e-02 1.40209286e-01 1.29236233e-01 1.20660207e-01 1.77398089e-01 1.78611861e-01 1.77723735e-01 2.55742187e-01],__,311.12248348694095,0.050579029423792554,
20190227,530706111,1010,1551228103.7757652,50.07853652934741,993.0096066083362,116.21306192056844,1551228102.9960337,311.4404700435292,[19.15758497 39.36694946 59.34397163 78.58891364 98.66531106 118.32109409 138.03174069 157.56863097 177.35623053 196.74733589 216.65547469 236.38272179 255.11951298],[1.59438476e+01 3.16152632e+02 9.42217256e-02 9.91609344e+01 2.25839825e-01 1.79382681e-01 9.58152664e-02 1.78389526e-01 9.97422874e-02 7.88648202e-02 1.44748952e-01 1.27597482e-01 9.78836512e-02 1.84616819e-01 2.04054711e-01 1.71979662e-01 3.54992086e-01],__,311.4404700435292,0.05371632063051366,
20190227,530706111,1011,1551228118.9997773,49.57032450978425,577.8229399159895,115.92103253895766,1551228116.4824655,310.8277938238925,[19.16901347 38.78676742 59.45725659 78.67825321 98.78000893 118.3966338 138.18273073 157.92738987 177.626189 197.53428133 216.29763613 236.5562524 255.23992527],[1.33793744e+01 1.56158009e+02 6.32997207e-02 8.38887159e+01 1.49227526e-01 1.42979396e-01 9.28626583e-02 1.51118373e-01 1.17179230e-01 8.48131792e-02 1.48697329e-01 1.31652571e-01 9.00044656e-02 1.93799417e-01 2.40959340e-01 1.40552395e-01 3.28362790e-01],__,310.8277938238925,0.06393632504489725,
20190227,530706111,1012,1551231131.0742927,55.7387295895172,447.8135411888782,117.42565083220322,1551231129.4585757,308.91625343084644,[19.1378813 39.38927549 58.74969638 78.15497354 96.96466839 117.56246603 136.98462829 156.723564 176.33446865 195.61324703 214.05569507 234.72585434 254.16290695],[1.50061529e+01 1.20611674e+02 5.16173254e-02 8.31726091e+01 1.94292818e-01 2.19308578e-01 1.07905771e-01 1.81858908e-01 1.40872156e-01 1.04094784e-01 1.81802216e-01 1.49155811e-01 1.18574146e-01 2.67398753e-01 3.54639316e-01 1.93364852e-01 2.36205436e-01],__,308.91625343084644,0.06503291104425417,
20190227,530706111,1013,1551231115.9783337,56.19016534509229,441.84610325035624,118.17102695884071,1551231115.121419,307.19458372296936,[19.52925336 38.68792789 58.25642179 78.24624373 98.49312781 116.89981087 136.87288702 155.36832237 175.8973802 196.88069886 215.66795418 235.51602449 255.38247027],[1.51667926e+01 1.19053784e+02 4.85716060e-02 8.29359364e+01 1.98693140e-01 2.24968067e-01 1.20391426e-01 1.63335802e-01 1.13467012e-01 8.89146509e-02 1.74934989e-01 1.42295488e-01 1.14724733e-01 2.41584488e-01 2.78961131e-01 1.59647137e-01 2.75837344e-01],__,307.19458372296936,0.15936024923686595,
20190227,530706111,1014,1551231099.0995688,55.178994359529746,625.4874165282728,117.986924764059,1551231098.9144933,311.17167757676884,[38.24197742 58.47342148 76.69024761 98.96301878 117.62300939 156.60730893 176.42080911 196.34021323 214.9483982 235.35835218 254.93095023],[1.44263346e+01 1.63660430e+02 6.19616068e-02 8.13538852e+01 2.15185314e-01 1.16004093e-01 1.44715914e-01 1.40002298e-01 8.21491617e-02 1.32100841e-01 1.00072817e-01 2.14068341e-01 2.73137773e-01 1.96760668e-01 2.69089861e-01],__,311.17167757676884,0.1653349481617533,
20190227,530706111,1015,1551231083.711544,53.258808750101444,867.1093876096661,116.6123939750714,1551231083.2604115,311.4872280955736,[38.08823836 59.06693066 98.04537093 117.99471088 137.09643754 156.67766708 176.84508703 196.91645663 215.39333885 234.83255603 253.74708859],[1.33757926e+01 2.17340256e+02 8.54103232e-02 7.82777616e+01 2.15227124e-01 1.27219558e-01 1.40298172e-01 8.64462457e-02 1.32766904e-01 1.47274692e-01 1.18221579e-01 2.04010191e-01 2.24000854e-01 2.23115919e-01 3.58396484e-01],__,311.4872280955736,0.16225102781531522,
20190227,530706111,1016,1551231066.7392342,54.49733639492989,1142.59534396633,115.64023053513984,1551231065.8527498,311.1598389384228,[39.47058006 58.01237794 77.71438031 97.76555093 117.63971903 138.26284601 156.30538199 175.86785914 196.22324128 215.08279034 234.37788005 252.37157479],[1.73843923e+01 3.67966019e+02 1.17379093e-01 9.89980446e+01 1.65233633e-01 1.24660152e-01 1.77813622e-01 1.41403610e-01 8.81240430e-02 1.49663114e-01 1.63974923e-01 1.33319080e-01 2.41349398e-01 2.13094181e-01 1.80582660e-01 3.39241633e-01],__,311.1598389384228,0.1396117219404406,
20190227,530706111,1017,1551231050.1567264,54.65676881717657,1324.571503519929,114.50504308955593,1551231048.8330297,311.73361255234806,[7.43746251 38.71745068 57.51945535 75.9561484 99.15657823 117.5658959 136.54900799 156.98418803 176.90280965 196.6057039 215.42781982 235.38047254 254.1664304],[1.73458186e+01 4.20151307e+02 1.07691059e-01 9.89930956e+01 1.33046325e-01 1.28138911e-01 9.45109016e-02 1.57228873e-01 1.16559152e-01 8.55915642e-02 1.46376400e-01 1.51384989e-01 1.15428212e-01 2.27837954e-01 1.79386458e-01 1.76432975e-01 3.39616145e-01],__,311.73361255234806,0.190110365141508,
20190227,530706111,1018,1551231034.5405812,51.56666881841127,1373.424125244152,115.08362880026203,1551231034.9222152,308.134290353396,[39.27997126 59.14960091 75.88239408 99.25997766 117.69683517 137.4373209 156.85614279 176.70940812 213.81905783 235.29064656],[1.15308921e+01 3.07929106e+02 1.69572461e-01 6.88942140e+01 1.38106301e-01 1.13275525e-01 1.97090785e-01 1.36702244e-01 9.46390515e-02 2.17287124e-01 1.80718467e-01 1.59837794e-01 2.18178490e-01 2.06853684e-01],__,308.134290353396,0.1617100223086525,
20190227,530695031,1021,1551225979.281526,57.33992480771241,1530.3885247253575,115.79716239727809,1551225979.6957667,310.68553004311616,[39.7609394 59.25332686 97.98612095 118.27059928 137.74387757 157.92414792 177.56468744 197.79854894 217.16174469 236.15322088 255.41011005 79.5055114],[1.82544373e+01 4.87846084e+02 1.24732212e-01 9.88746440e+01 1.39585920e-01 1.08182825e-01 1.23893980e-01 8.09496143e-02 1.67647184e-01 1.29975698e-01 1.02583861e-01 1.89972574e-01 2.17294159e-01 1.49568393e-01 1.98009147e-01 1.54423025e-01],__,310.68553004311616,0.12383875697183683,
20190227,530695031,1022,1551225970.1604831,56.97994856052451,846.0729469174225,116.68260494095037,1551225969.4011602,309.48694741862823,[38.08847237 59.04103574 77.97821568 97.91371091 117.8961133 137.51433776 157.16881846 176.99436292 217.00865322 236.19648275 255.51538738],[1.42238212e+01 2.11408547e+02 8.26455528e-02 7.72526710e+01 2.49096848e-01 1.14969160e-01 2.19606056e-01 1.40268830e-01 8.21458716e-02 2.02897017e-01 1.57125074e-01 1.17231979e-01 2.73249661e-01 1.90310388e-01 2.33131418e-01],__,309.48694741862823,0.08661319296753167,
20190227,530695031,1023,1551225962.492511,57.28810683987256,408.8272899122812,118.02854151255171,1551225961.4901273,311.5165486601871,[58.90385399 78.16835387 98.55393252 117.86387132 137.1782388 156.870386 176.75660463 196.51510241 215.5583365 235.50420327 254.83685903],[1.53009282e+01 1.09352090e+02 5.24214331e-02 8.31990750e+01 1.46017551e-01 2.04732745e-01 1.78333432e-01 1.12431717e-01 2.00351613e-01 2.02280916e-01 1.27042812e-01 2.97139077e-01 3.04322563e-01 1.97209408e-01 3.27839745e-01],__,311.5165486601871,0.07182894575323277,
20190227,530695031,1024,1551225955.6582077,57.09956674778923,1106.6461775927226,116.78627898370979,1551225955.511666,307.4886315832487,[58.59014145 117.62771054 137.53585983 157.1217246 176.57507206 195.93713599 215.67917139 234.77716047 253.38761133],[1.34684919e+01 2.61233365e+02 1.12278831e-01 7.25685434e+01 1.84764607e-01 1.14802661e-01 2.25199873e-01 2.12718733e-01 1.79534361e-01 2.57134915e-01 2.75791722e-01 2.68272309e-01 3.45347685e-01],__,307.4886315832487,0.146934696858058,
20190227,530695031,1025,1551225948.0489454,58.5752796648954,2121.708849108868,113.30970204919431,1551225946.939245,309.90832767116035,[58.82843796 97.23509271 117.69973776 137.60721501 157.12220505 176.33680377 215.44566132 234.79911715 39.20973642],[1.86905510e+01 6.79168687e+02 2.08718913e-01 9.87727801e+01 1.31375980e-01 1.43767049e-01 9.02449080e-02 1.63266179e-01 1.69059384e-01 1.45401622e-01 2.39348608e-01 2.02140717e-01 2.34057703e-01],__,309.90832767116035,0.08884920774526361,
20190227,530842926,1023,1551293345.2294226,64.30379174972332,1732.2324692246923,115.07300056007102,1551293344.766386,310.6347425723272,[36.69514739 55.88689661 73.44723301 93.08067189 111.75662635 130.20688473 148.71637974 167.61702263 202.32153249 188.30150043 223.46226583 242.19079969],[2.04351697e+01 5.53093891e+02 1.27146556e-01 9.85863399e+01 2.24999793e-01 1.01696743e-01 2.22621531e-01 1.40359655e-01 1.15617059e-01 1.86582409e-01 1.83795713e-01 1.39234160e-01 2.46154155e-01 2.79951247e-01 2.23540947e-01 2.63357151e-01],__,310.6347425723272,0.08751802174906521,
20190227,530842926,1024,1551293336.1171458,61.63268709964497,797.7196889539208,116.9349838728221,1551293335.5308805,317.58396049758744,[37.30648427 56.08053534 74.59755913 91.68601876 112.1288998 130.32929993 149.62376254 168.32571991 185.3796555 202.75548707 224.21820469 241.43530533],[1.50175840e+01 1.93337824e+02 6.74069368e-02 7.74851670e+01 1.98297538e-01 1.20669041e-01 2.13074237e-01 1.25817240e-01 1.23103999e-01 1.60475322e-01 1.83774514e-01 1.50962722e-01 2.64781945e-01 3.40512958e-01 2.49123452e-01 3.09396918e-01],__,317.58396049758744,0.1381688004205809,
20190227,530842926,1025,1551291031.3922167,50.75889543408258,653.1317359993375,117.46903158119457,1551291030.46334,310.6447376876528,[18.8169013 38.24616393 57.37472547 77.65502127 95.9774365 115.30894396 134.5188566 153.45937238 172.72654794 193.19812654 209.39600788 229.92236334],[1.34611799e+01 1.73175609e+02 6.69821602e-02 8.23963789e+01 1.88009460e-01 1.54706375e-01 1.16716478e-01 1.48332824e-01 1.33623327e-01 7.62691814e-02 1.37745418e-01 1.17876600e-01 9.32011907e-02 1.57732702e-01 1.90726550e-01 1.42954642e-01],__,310.6447376876528,0.10369869064965855,
20190227,530842926,1026,1551291047.7184823,52.39786038992313,860.8445677161243,116.38194201661469,1551291046.230544,317.0251203774153,[37.99468624 57.2979533 79.82421826 95.77587655 114.94780154 134.26499148 153.27390985 172.30717044 191.82431403 208.98626619 229.4129685 248.51783771],[1.30763509e+01 2.15268649e+02 7.64642981e-02 7.90534767e+01 1.40002702e-01 8.22774102e-02 1.52963207e-01 1.15876990e-01 8.18217328e-02 1.25632376e-01 1.11441011e-01 8.81834374e-02 1.64599323e-01 2.18008082e-01 1.33969930e-01 1.82306622e-01],__,317.0251203774153,0.09300380326177524,
20190227,530842926,1027,1551291064.3440638,50.972372557882636,1032.2363526574086,115.71227617853101,1551291062.9405718,311.16655000181134,[38.20692337 57.24626055 77.29637617 95.59881941 114.86722914 133.98905887 152.96797466 172.26647858 192.15457555 209.56345038 229.56034491 248.61273444],[1.62442987e+01 3.29746391e+02 9.33968402e-02 9.91277253e+01 1.52446792e-01 9.81290885e-02 1.64447274e-01 1.09958916e-01 7.78492088e-02 1.56133346e-01 1.11420122e-01 8.38260596e-02 1.83505617e-01 2.15423207e-01 1.41751436e-01 1.75585200e-01],__,311.16655000181134,0.061075462356935006,
20190227,530842926,1028,1551291080.9440668,50.62093027740697,1249.3904620209644,115.59492786897061,1551291080.2294853,311.0735586513054,[38.23649702 57.33879044 75.90819162 95.69015986 114.92375001 134.04167839 153.1395911 172.33087646 192.52029814 209.78962126 229.67058711 248.47308664],[1.61353858e+01 3.98927289e+02 1.09745268e-01 9.91278536e+01 1.87854589e-01 9.93048001e-02 1.64318787e-01 1.04179543e-01 7.68538528e-02 1.48084776e-01 1.13759813e-01 9.07067324e-02 1.92787839e-01 2.04954537e-01 1.48093859e-01 2.01117785e-01],__,311.0735586513054,0.050944369234152215,
20190227,530842926,1029,1551293268.1575687,58.57095188199763,1469.2966130077293,114.61849208575278,1551293267.0837538,306.8847761377929,[37.01722359 55.98159726 74.46946158 93.76076129 112.53017326 130.74150218 149.97833224 168.73865467 186.67160712 205.12092222 224.47109102 245.29171885],[1.25280136e+01 3.14090294e+02 8.94188379e-02 6.56891716e+01 1.49056974e-01 9.64545328e-02 1.61521919e-01 1.28768498e-01 7.52567397e-02 1.64789416e-01 1.02887763e-01 9.16687708e-02 1.84533963e-01 1.87863870e-01 1.51544413e-01 3.18367741e-01],__,306.8847761377929,0.09605049158103873,
20190227,530842926,1030,1551293259.200578,59.89111749862699,2033.0379446885534,113.2082524478884,1551293258.3726988,310.6653600513415,[35.59956499 56.09574302 94.57838974 112.33979517 129.91378494 149.6872474 168.38800349 204.0753253 224.21505477],[1.90312091e+01 6.46140025e+02 1.52240693e-01 9.87407724e+01 1.55218972e-01 1.23951705e-01 1.45668783e-01 9.47676284e-02 1.75357092e-01 1.42379325e-01 1.46964187e-01 2.47951094e-01 2.38684504e-01],__,310.6653600513415,0.10055381682757017,
20190228,530893864,1011,1551316085.7002604,57.17336591261033,993.0522205690446,110.6847737911782,1551315961.9820945,291.10689416918854,[54.6755852 75.9708046 92.52377713 113.49673825 131.96725584 152.12133929 169.28128137 206.37538478 227.15717763],[1.42995181e+01 2.44148104e+02 1.63986347e-01 7.32143210e+01 2.19530964e-01 1.58845299e-01 2.25297096e-01 2.62279970e-01 2.30577638e-01 2.18725309e-01 2.12497265e-01 2.90767129e-01 3.22011856e-01],__,291.10689416918854,0.42372211416187777,
20190228,530893864,1012,1551316068.9433067,57.057128527934495,925.6245572744435,112.90668653279728,1551315946.7133665,311.0512921248347,[112.03137973 149.15004069 169.42671673 204.16857438 226.47454779],[13.94712396 229.45802011 0.29945979 76.35574388 0.45871557 0.56490288 0.62843949 0.75661098 0.99314033],__,311.0512921248347,0.29608293628417415,
20190228,530893864,1014,1551316037.000364,54.700219894941895,887.3605955053434,116.53555637235863,1551315918.1149895,309.62562160090624,[58.6485015 74.20057033 91.81485293 113.59319034 131.91804657 149.80768079 168.88296741 204.11533501 223.12703404],[1.36446372e+01 2.22285876e+02 1.65429074e-01 7.72967384e+01 1.56044369e-01 2.34359827e-01 2.46329021e-01 2.04300651e-01 2.20297512e-01 2.53969162e-01 2.94390489e-01 3.22595932e-01 4.39413319e-01],__,309.62562160090624,0.3046883880455266,
20190228,530893864,1015,1551316020.7670653,64.80938507430886,1897.9677549212433,120.32832665371023,1551316025.1365411,307.8913542883662,[109.56364944 55.37065214 128.1404315 146.72313232 164.35495204 217.12259068],[2.07316264e+01 6.06656176e+02 2.42025207e-01 9.85341988e+01 2.35908486e-01 2.12880587e-01 2.97934949e-01 3.23400559e-01 3.38860188e-01 5.36236486e-01],__,307.8913542883662,0.1861569019885288,
20190228,530893864,1016,1551316001.4356234,66.48340353835844,2616.9629900096984,111.50785460098417,1551315997.0728521,309.5046495641774,[94.66646857 113.54889572 130.20049637 151.10103877 169.8110685 206.56172484 226.41070864],[2.10960579e+01 8.25233278e+02 3.19482479e-01 9.84145322e+01 2.03251804e-01 1.55007250e-01 2.63166853e-01 2.23725072e-01 2.29287185e-01 2.96906026e-01 2.87567137e-01],__,309.5046495641774,0.15703345260784832,
20190228,530893864,1017,1551315983.45683,55.32398899226443,882.4225725633462,114.67212097940687,1551315981.3643694,311.3425012232246,[57.07762832 75.86871656 94.57421289 114.85746296 133.91718332 152.20981619 172.32383197 194.07497659 210.56303032 229.31667704],[1.37407367e+01 2.20174920e+02 1.03396540e-01 7.72739482e+01 2.22078613e-01 2.06571702e-01 2.38642438e-01 1.23366140e-01 2.84758896e-01 2.06800872e-01 1.53448984e-01 2.54466175e-01 2.60210572e-01 2.21742733e-01],__,311.3425012232246,0.177920422180736,
20190228,530893864,1018,1551315970.6418023,61.065719542148784,629.7462490745222,116.18324573219206,1551315968.5331273,312.2122218275428,[75.40706246 93.84899439 113.12141263 131.66728262 150.33927161 169.39809494 205.75341746 226.12001599 245.2125126 186.78928627],[1.55224687e+01 1.60435044e+02 6.87351641e-02 7.93601661e+01 2.22207038e-01 2.07805643e-01 1.35200121e-01 2.69789809e-01 2.23877331e-01 1.88808233e-01 3.45676064e-01 2.39894305e-01 3.94828257e-01 3.19972991e-01],__,312.2122218275428,0.1148751542674186,
20190228,530893864,1019,1551315955.0771916,58.9571882594539,236.20476841280424,118.72533410374166,1551315954.319745,310.9047039293438,[56.99739353 75.17277954 94.34966097 113.49048152 131.94934699 151.54830325 170.39566166 188.52875266 207.56278269 226.63610257 245.52057645 263.22869353],[1.58985203e+01 6.37694708e+01 3.86609077e-02 8.38430037e+01 1.72727829e-01 1.49724144e-01 1.83102837e-01 1.08623939e-01 2.15434143e-01 1.65388694e-01 1.47928494e-01 2.70829221e-01 4.13938382e-01 2.05248549e-01 2.84273097e-01 3.98760259e-01],__,310.9047039293438,0.09234752638704893,
20190228,530893864,1020,1551315940.326584,58.436381898769795,237.06768413539527,118.36177560981199,1551315939.2748685,310.9742250450807,[37.08272172 56.93822022 75.01569447 113.53722176 133.6115948 151.24772837 170.45033666 187.85769138 207.29690978 226.83567458 245.35460892],[1.57916710e+01 6.41464447e+01 3.92555465e-02 8.40561717e+01 2.27027747e-01 1.98706447e-01 1.82461160e-01 1.09141301e-01 1.97766680e-01 1.78270140e-01 1.51521736e-01 2.79563398e-01 4.54094175e-01 2.00284077e-01 3.43938982e-01],__,310.9742250450807,0.10940561701135026,
20190228,530893864,1021,1551315926.9334486,58.99164834221262,601.4712437429573,116.07378472367196,1551315924.758534,311.09935654659046,[39.40116285 56.14355183 75.3366034 93.90775384 113.32099874 131.96586169 150.78721419 170.05984786 187.94308394 206.98639857 226.81012716 244.88874256 264.18532226],[1.52352515e+01 1.55419358e+02 6.51409153e-02 8.03585302e+01 2.33610693e-01 2.18810943e-01 2.37327619e-01 2.00950156e-01 1.04748581e-01 2.39809070e-01 1.76176239e-01 1.45921409e-01 2.47585867e-01 2.76070083e-01 1.82593797e-01 3.52470672e-01 3.34778239e-01],__,311.09935654659046,0.1403151693564943,
20190228,530893864,1022,1551312198.235733,51.86896868327561,847.0737483930903,115.13140303575702,1551312196.4152465,310.3437050036155,[41.33611032 61.80825515 82.41530171 101.80141151 123.64036709 144.15123723 164.6320557 185.47595979 205.99423038 226.86561713 247.62657313],[1.31786020e+01 2.15131219e+02 8.32788346e-02 7.88839896e+01 2.76510488e-01 1.53564317e-01 1.34677940e-01 1.83704891e-01 8.79598801e-02 2.19441115e-01 1.19408432e-01 1.08094275e-01 1.87433530e-01 3.02085872e-01 1.69164509e-01],__,310.3437050036155,0.0853264720514768,
20190228,530893864,1023,1551312200.6343691,51.63240373299019,1017.601455620816,119.25810282712503,1551312203.584064,305.23914726438744,[40.83862305 61.35766533 81.65888877 102.41800874 123.41207367 143.71631142 164.29343031 185.14379498 205.27211126 226.84612807 247.55284891],[1.27413394e+01 2.51338018e+02 8.93272044e-02 7.53208623e+01 1.69793827e-01 1.52643793e-01 1.26438799e-01 1.28468673e-01 8.05435125e-02 1.55179000e-01 1.12676586e-01 1.13490105e-01 1.91704439e-01 2.78090316e-01 1.81095870e-01],__,305.23914726438744,0.1095675885831451,
20190228,530893864,1024,1551312201.2791638,52.68040757532542,1772.931202692266,122.18649576216585,1551312209.3519337,310.6961772807654,[60.87187419 81.32107431 101.88323154 123.29174994 143.7366432 164.32771553 184.88913224 205.28122391 226.4146061 246.58710147 60.55878521],[1.67810195e+01 5.63818902e+02 1.53917665e-01 9.90237345e+01 1.84965262e-01 1.48095397e-01 1.24363885e-01 8.24442066e-02 1.34024082e-01 1.19105877e-01 1.10528106e-01 1.60636549e-01 1.83729462e-01 1.44510545e-01 1.84624295e-01],__,310.6961772807654,0.09008481242985858,
20190228,531043310,1007,1551387323.357008,61.02347948568235,1725.6320147215629,111.41740914969245,1551387320.5601459,310.53421389477427,[116.01237749 152.05269512 173.20551951 233.43119156],[1.94232158e+01 5.52801789e+02 1.47506312e-01 9.87168723e+01 8.72437934e-02 1.67019340e-01 1.20497498e-01 1.54077475e-01],__,310.53421389477427,0.20156542540661768,
20190228,531043310,1008,1551387305.5048301,60.335682444954976,1304.7215671721433,114.10362666901769,1551387305.3926387,325.46704337802896,[98.40674807 117.80261794 176.98127934 157.18402854 236.71674075 79.28631974],[1.30054353e+01 2.84808059e+02 1.38681424e-01 6.99420193e+01 1.79826290e-01 1.17269649e-01 1.61342201e-01 1.72868634e-01 2.43319831e-01 1.76442091e-01],__,325.46704337802896,0.11874200646643758,
20190228,531043310,1009,1551387296.4831862,58.56961080520426,846.0095811362281,115.38897463607036,1551387296.2046554,315.1061713257053,[97.36986379 116.48189229 135.0515917 154.93054635 174.38595765 211.85969897 233.53237471],[1.43749776e+01 2.08179980e+02 9.53857083e-02 7.73241343e+01 1.83222268e-01 1.41468616e-01 2.34729452e-01 2.02972238e-01 2.00264776e-01 3.77026555e-01 3.24036260e-01],__,315.1061713257053,0.11450431192292797,
20190228,531043310,1010,1551387285.554084,61.31109904723699,944.1049977984703,114.93654804433538,1551387284.0311716,313.8714387231229,[115.29385286 152.767091 172.68503737 230.04578762],[1.46189804e+01 2.25595737e+02 1.26685820e-01 7.48452854e+01 1.46104152e-01 2.33194203e-01 2.24826355e-01 2.88274680e-01],__,313.8714387231229,0.11467008622469652,
20190228,531043310,1011,1551387271.9442606,60.732911052498025,896.5344849224365,116.4298174978215,1551387271.2317317,305.3788765849086,[37.96431392 57.18338275 76.53022704 96.10047391 115.00579738 134.3480768 153.24587701 172.61645599 210.93842585 229.28907437],[1.48884142e+01 2.20348464e+02 8.45140752e-02 7.48349123e+01 2.45105059e-01 2.70368267e-01 1.76940927e-01 1.51011867e-01 1.03924991e-01 1.84717920e-01 1.79531599e-01 1.44344041e-01 3.52834074e-01 1.94381059e-01],__,305.3788765849086,0.12127171410288504,
20190228,531043310,1012,1551387257.0,60.23016458614245,731.5559757664557,115.71603634463224,1551387255.340763,312.8406159004888,[76.45344642 96.35393612 114.29940176 134.51535074 153.57432298 173.31381336 230.04389006],[1.50795681e+01 1.82910002e+02 7.52315006e-02 7.83511612e+01 1.40149389e-01 1.42269702e-01 9.22118498e-02 1.87575761e-01 1.52339490e-01 1.48921569e-01 1.86716821e-01],__,312.8406159004888,0.21753771951490788,
20190228,531043310,1013,1551387241.5892994,50.869415233972305,487.80481083603576,117.22789045478619,1551387241.8741195,311.2810951873647,[75.48332228 96.49585555 115.87808796 134.30581588 154.69922745 173.94479673 209.76315937 230.76778753 194.5797076],[1.38293698e+01 1.32499922e+02 8.01815595e-02 8.47222918e+01 2.30151461e-01 2.31349836e-01 1.55195370e-01 2.50465318e-01 2.23477348e-01 2.11785112e-01 3.77381240e-01 3.30014788e-01 3.21047574e-01],__,311.2810951873647,0.24460502246276444,
20190228,531043310,1014,1551387228.4940615,56.430486094728074,763.8507129925293,118.07027703871634,1551387229.912937,313.35370313544024,[37.0726101 56.0265376 75.14779914 94.40763704 113.40104607 132.52504266 151.2473166 170.29562533 188.91014955 206.9538958 226.9272968],[1.42461112e+01 1.92563638e+02 7.12333287e-02 7.91534592e+01 2.10890236e-01 1.92239277e-01 1.74202727e-01 1.66015519e-01 9.73073939e-02 1.83028086e-01 1.55385863e-01 1.40366775e-01 2.17140704e-01 2.75866920e-01 1.72286002e-01],__,313.35370313544024,0.18148470391654947,
20190228,531043310,1015,1551387213.479384,36.258741258741246,-6068.396875730501,105.92535633908477,1551387202.9145868,311.1,[113.6701044713269, 169.84433369261222, 174.67681433824885, 226.23837507062277],[1.25e+02 1.50e+04 3.00e+01 1.00e+02 1.00e+01 1.00e+01 1.00e+01 1.00e+01],__,311.1,Forward Model,
20190228,531043310,1016,1551387199.550381,65.30828641974769,2459.4821946301877,107.60443933942365,1551387191.4803882,310.8371783091222,[37.68770587 56.12939816 75.67032274 94.0458596 113.42430111 131.93351729 150.83438322 170.39696869 207.73119767 227.27276932],[2.06709480e+01 7.76053111e+02 1.54212712e-01 9.84878545e+01 2.31794961e-01 1.78234937e-01 1.29953157e-01 1.36782150e-01 9.44610046e-02 2.06110536e-01 1.34339323e-01 1.35988362e-01 2.36372343e-01 1.65547129e-01],__,310.8371783091222,0.19740907960732682,
20190228,531043310,1017,1551387172.013168,57.30361746716594,923.4347206136422,114.57413898293676,1551387169.985042,332.7165468084489,[57.91117066 77.26032518 97.27201069 116.87885574 136.08996746 155.55646358 175.31140207 212.69578347 234.25295627],[1.34738720e+01 2.18305851e+02 9.02597926e-02 7.79973669e+01 1.87999982e-01 1.67205151e-01 1.41105688e-01 1.07876299e-01 1.96212891e-01 1.51907316e-01 1.40519633e-01 2.94870545e-01 2.35417734e-01],__,332.7165468084489,0.0841106281670957,
20190228,531043310,1018,1551387159.0,58.07518345591344,514.7899297658315,117.6697416942608,1551387158.3808022,310.48903666241,[57.99989223 76.6769034 94.72749123 114.86697773 134.13529704 153.20332756 172.32962938 209.35861151 229.85599231 250.06424678],[1.52792234e+01 1.35591432e+02 6.45310137e-02 8.16935292e+01 3.77498137e-01 2.05920341e-01 1.71346431e-01 1.12798159e-01 2.49838676e-01 2.02576418e-01 1.81779413e-01 4.39690682e-01 2.07095762e-01 5.29914540e-01],__,310.48903666241,0.07203156097399308,
20190228,531043310,1019,1551387145.0210176,59.91238159869582,233.3795741743258,118.79158740546362,1551387144.393674,312.29163573596514,[18.88950351 38.58098445 57.19158106 76.10813936 95.1506749 114.39698523 133.51807963 152.26977759 171.73192744 196.56531267 229.64275984 248.9619558 191.10823441],[1.60355214e+01 6.25369160e+01 3.87134763e-02 8.35894322e+01 2.52859363e-01 2.29244076e-01 2.05097532e-01 1.47745972e-01 1.84286210e-01 9.66698576e-02 2.17062589e-01 1.57949649e-01 1.43619897e-01 3.21098468e-01 1.78317867e-01 2.65314409e-01 2.54518378e-01],__,312.29163573596514,0.08788753337818124,
20190228,531043310,1020,1551382661.8574977,53.57561139943509,700.393010590429,117.61160880520552,1551382661.606403,311.03035716208063,[20.22907542 41.35033037 62.04192461 82.38308859 102.78125226 123.92406683 144.01232653 165.11181627 185.7391234 205.33963539 227.00915969 247.37861704],[1.39139108e+01 1.82089549e+02 6.72630730e-02 8.07809540e+01 1.90161092e-01 2.33119302e-01 1.71718461e-01 1.32505857e-01 1.56111910e-01 9.23907735e-02 1.87988273e-01 1.33124945e-01 1.19920921e-01 1.94926884e-01 3.97023797e-01 1.85068860e-01],__,311.03035716208063,0.06582002971463709,
20190228,531043310,1021,1551382676.0867922,55.182146497047015,849.0340062026561,115.91595797128787,1551382674.8551695,312.7199941632641,[41.03706183 60.22844002 81.72242796 102.9233745 123.63658438 143.54443092 163.95223325 184.66533197 205.38859607 227.09589591 248.89192866],[1.37757769e+01 2.11500606e+02 6.97926972e-02 7.81336939e+01 2.00933616e-01 1.40482758e-01 1.19681828e-01 1.39200610e-01 8.51252790e-02 1.39868573e-01 1.06020219e-01 1.12996169e-01 1.84025282e-01 2.44164699e-01 1.47375286e-01],__,312.7199941632641,0.12809640619233928,
20190228,531043310,1022,1551387103.383649,60.4657778269214,1577.2876967821403,112.93442725007134,1551387100.4010785,311.0472490731476,[115.56696015 135.18589176 153.73009964 173.52532208 193.4404578 211.8477527 231.40367597],[1.92060250e+01 5.02486641e+02 1.99198624e-01 9.87569038e+01 1.18459739e-01 2.86327658e-01 2.29529618e-01 2.04662025e-01 2.60228042e-01 3.38075956e-01 2.74036471e-01],__,311.0472490731476,0.11851793274309234,
20190301,531236830,1009,1551473188.1491284,59.07266297401036,1189.9839313677353,114.02422168016183,1551473186.6607058,302.9210771469405,[57.41632165 77.32806893 96.91479331 116.2841128 134.08630224 155.08627488 174.59626922 212.0914401 232.59916587 252.57915948],[1.36604091e+01 2.75442087e+02 1.52560605e-01 7.00168309e+01 2.19926343e-01 1.54400028e-01 1.45364197e-01 1.10429183e-01 2.05605782e-01 1.83973125e-01 1.42633738e-01 2.74214822e-01 1.93317823e-01 3.11166246e-01],__,302.9210771469405,0.1236745892223069,
20190301,531236830,1010,1551473178.771867,59.149052415757424,892.8926149610134,113.05807080516077,1551473175.3915577,314.0454348189445,[75.94313886 96.47659028 115.06512281 134.88905059 152.94409547 172.67801466 229.80106728 253.30736132],[1.43735112e+01 2.17019574e+02 9.82488773e-02 7.63241070e+01 1.70414308e-01 1.76045908e-01 9.31131802e-02 1.75582138e-01 1.82324095e-01 1.57943327e-01 1.62819071e-01 2.48598627e-01],__,314.0454348189445,0.2264597123172966,
20190301,531236830,1011,1551473163.9602046,61.77674535467487,956.0847567114938,116.59258853288193,1551473163.4290357,305.5588022263412,[57.13919778 75.83949133 94.57799419 113.87317542 133.50092153 151.70730969 170.4351246 190.00337706 208.89997793 227.24594643 245.57864172],[1.48825234e+01 2.30701880e+02 7.59476798e-02 7.35959333e+01 2.01374401e-01 1.34169929e-01 1.73056615e-01 1.21201272e-01 1.81556510e-01 1.72875919e-01 1.53479833e-01 2.87398645e-01 3.47044053e-01 2.41447575e-01 3.95529850e-01],__,305.5588022263412,0.11290618292142907,
20190301,531236830,1012,1551473147.4992125,61.24943177172688,1069.9146199550678,114.36796644296972,1551473144.4712503,296.29462562268327,[38.1899355 57.11724167 76.71782771 95.82714675 114.86774711 134.53745508 153.53997482 172.44523759 189.24442765 210.26694433 229.86219092 247.75730654],[1.46387320e+01 2.56173290e+02 8.04282133e-02 7.07022154e+01 1.87265543e-01 2.46845009e-01 1.24140107e-01 1.31059818e-01 9.75670450e-02 1.57105325e-01 1.48550851e-01 1.33297101e-01 2.49771289e-01 2.93744099e-01 1.69274706e-01 3.72239744e-01],__,296.29462562268327,0.08849507179732535,
20190301,531236830,1013,1551473132.6937919,56.378036172888535,795.2953464453088,115.15959852018123,1551473131.0025098,307.3170128834132,[57.30639591 76.23396257 96.40730445 115.28268728 133.9956285 153.21951264 172.46997428 208.75870923 229.85991196 36.87516339],[1.43202696e+01 2.02518435e+02 7.92108667e-02 7.80051826e+01 1.65098324e-01 1.52563215e-01 1.46700951e-01 9.96337297e-02 1.90242768e-01 1.78325673e-01 1.48360475e-01 2.49498594e-01 1.68575890e-01 2.27452231e-01],__,307.3170128834132,0.19484213924153734,
20190301,531236830,1014,1551473117.924137,52.553839376124515,588.9536809430066,116.42741376045687,1551472997.8429205,311.35627770016134,[113.46905661 133.09426018 150.62720099 166.59412668 206.60395133 229.11856584],[1.39719763e+01 1.57054257e+02 1.25386371e-01 8.27932612e+01 2.01343194e-01 2.29383444e-01 2.60577278e-01 2.71604961e-01 2.45865754e-01 3.14230034e-01],__,311.35627770016134,0.5773481001319843,
20190301,531236830,1015,1551473102.5636961,60.262520110296336,1068.1947057442785,118.79392897657473,1551473104.919094,318.48471515160577,[111.36943298 134.09060472 149.06971433 167.72192134 204.09421393 223.44227142],[1.39204081e+01 2.47955809e+02 1.66840513e-01 7.36772023e+01 2.41052762e-01 3.31261411e-01 3.42720691e-01 3.35534899e-01 4.74459150e-01 4.87172876e-01],__,318.48471515160577,0.2141174010899189,
20190301,531236830,1016,1551473087.7940412,61.324854472076595,2175.45164255289,113.27174276845493,1551473085.382484,310.66802728520065,[112.25785919 149.85276832 168.12660501 224.61121869],[1.98154330e+01 7.32685969e+02 3.49138589e-01 9.86177115e+01 1.40693481e-01 2.50342759e-01 2.17068355e-01 2.61964493e-01],__,310.66802728520065,0.10208018158084833,
20190301,531236830,1017,1551473061.928561,52.7089710162676,1282.779700939492,114.9314546697281,1551473060.9190402,311.5792130146766,[96.66932334 116.53264956 135.36062214 154.78301584 174.44418913 210.57323897 232.02345647 77.90752443 59.47931306],[1.70424122e+01 4.27853651e+02 1.98485762e-01 9.90263977e+01 1.77946755e-01 1.30766670e-01 2.77840725e-01 2.22446111e-01 1.82172447e-01 2.90013779e-01 2.46117036e-01 1.79799804e-01 2.33572056e-01],__,311.5792130146766,0.14100580000976767,
20190301,531236830,1018,1551473048.0134163,55.322697104804085,690.4731917116934,116.26331803119454,1551473046.847258,316.3378761730036,[76.60135035 95.64785794 115.37593426 134.78025226 153.91704584 172.85321689 213.87904184 230.4093181 57.92762985],[1.41397896e+01 1.76758614e+02 9.21810251e-02 8.08330057e+01 1.63724071e-01 1.57332312e-01 1.05803396e-01 2.11626727e-01 1.87600794e-01 1.43027578e-01 3.16577335e-01 1.85128037e-01 2.53909112e-01],__,316.3378761730036,0.08678175624930498,
20190301,531236830,1019,1551473033.3926308,58.05210023945942,466.898385126922,117.79963879731078,1551473032.51979,309.4058993576838,[57.72881953 76.3147903 95.51354792 114.71437141 134.01298032 153.05730504 172.18281672 208.99911786 229.09593035 247.79064991],[1.54103986e+01 1.23949748e+02 4.93155883e-02 8.21485450e+01 1.85176768e-01 1.34487235e-01 1.56148656e-01 1.03419953e-01 1.93484866e-01 1.36468444e-01 1.26479987e-01 2.86662594e-01 1.70142235e-01 3.21648658e-01],__,309.4058993576838,0.08802457073476008,
20190301,531236830,1020,1551473018.7402453,58.23078292902467,269.96907023163783,116.94550046174848,1551473016.365517,311.91896076234747,[18.37150089 37.59999801 58.4480949 76.08126372 94.79933765 114.7028482 132.52457911 153.0814429 172.19112689 205.8005525 229.57501655 249.15637977 191.65869788],[1.56813608e+01 7.27987793e+01 3.76021789e-02 8.40026730e+01 2.18774373e-01 2.01808810e-01 1.33130972e-01 1.38119306e-01 1.75569469e-01 1.05328121e-01 1.64845295e-01 1.30365734e-01 1.41957685e-01 2.63988497e-01 1.77753884e-01 2.26828241e-01 2.24057367e-01],__,311.91896076234747,0.20401502948922992,
20190301,531236830,1021,1551473003.1011937,58.22940236490619,378.8021655269804,116.5905861946217,1551473000.6709383,310.4466803226799,[18.40041852 38.90565063 58.89516258 75.54456248 94.67925428 114.8080668 133.84175608 153.42186728 172.62452815 192.54732578 211.14749364 229.25535104 249.55564316 267.69408579],[1.55736389e+01 1.01337767e+02 4.28925327e-02 8.30379483e+01 2.21198268e-01 2.56245665e-01 1.48001581e-01 1.54040868e-01 1.74770016e-01 9.33495353e-02 1.49152758e-01 1.34136212e-01 1.22478533e-01 1.94691149e-01 2.36489155e-01 1.69291629e-01 2.41052559e-01 2.90500055e-01],__,310.4466803226799,0.19169680675820347,
20190301,531236830,1022,1551469466.6568031,51.60289794010335,852.2068653397806,114.3945581016666,1551469463.7892628,311.129218507729,[63.00520936 83.9992751 105.58159094 125.11060679 145.57550469 166.76348942 187.93244729 209.76508093 249.74680714],[1.64407892e+01 2.71832983e+02 8.96407574e-02 9.91148716e+01 1.52437453e-01 1.36673809e-01 1.64958032e-01 1.02488843e-01 2.28665642e-01 1.34537468e-01 1.17616445e-01 1.92459443e-01 1.87547479e-01],__,311.129218507729,0.11957956551995952,
20190301,531236830,1023,1551469474.0834548,42.58757282687805,802.3638675697005,117.67004148819456,1551469475.6055312,310.5325235729594,[19.91587658 41.02013455 61.58609223 82.95653035 104.02448527 123.49674789 144.5863061 166.63888769 186.32148946 207.21515545 228.5749467 247.0948728],[1.36763998e+01 2.60273352e+02 2.23351749e-01 9.93851477e+01 2.64704898e-01 2.22231152e-01 1.67330864e-01 1.82598707e-01 1.66077483e-01 1.44946284e-01 1.88046177e-01 1.77893423e-01 1.95931594e-01 2.35986033e-01 2.51458976e-01 2.41691797e-01],__,310.5325235729594,0.19289548336133008,
20190301,531236830,1024,1551469482.3422725,52.741829274607646,2060.124440529923,110.67357083412696,1551469479.007003,311.27368156534465,[104.78913323 125.08499979 145.15053844 167.09830911 187.50575379 208.05712851 227.9703885 249.14843369],[1.67784764e+01 6.56274858e+02 1.74348655e-01 9.89987705e+01 1.50739618e-01 8.37774056e-02 1.20254862e-01 1.09212597e-01 1.16984517e-01 1.50211551e-01 1.69717652e-01 1.46868534e-01],__,311.27368156534465,0.10893456741911173,
20190301,531254054,1012,1551479383.4960034,58.357392431491775,781.8171900464744,117.4223970033476,1551479265.0481758,310.8743683555551,[75.41143376 88.66474357 110.91339529 131.33143753 149.27124066 169.25979331 205.32800474 224.82460939 244.24959276],[1.46478166e+01 1.97116102e+02 1.29717909e-01 7.79282940e+01 2.11887656e-01 1.58246601e-01 2.45088446e-01 2.11101146e-01 2.49054143e-01 1.98629834e-01 3.18461591e-01 4.38500992e-01 3.03185700e-01],__,310.8743683555551,0.4967788978765735,
20190301,531254054,1014,1551479351.1859632,94.57531160045512,4187.696273625045,106.67415002363413,1551479341.0617344,304.55143752773535,[28.11729909 42.44722879 56.96548653 70.11149479 83.73180468 96.08830036 113.80228154 129.19477568 134.52194453 151.07315757 166.99516507 170.16318604 208.67738401 227.74706761],[3.00339525e+01 1.33502106e+03 1.20306805e-01 9.66625876e+01 1.60694719e-01 1.56911056e-01 9.90219549e-02 1.23503173e-01 1.96921707e-01 1.42306759e-01 1.42478599e-01 1.64356756e-01 2.19047956e-01 2.23704261e-01 2.04701371e-01 2.04974319e-01 2.62612530e-01 2.73205895e-01],__,304.55143752773535,0.3390651138417748,
20190301,531254054,1015,1551479335.0621908,51.2558545644752,581.5145136386323,115.04591224305416,1551479332.455408,304.4351143589408,[116.60732327 136.93323446 154.6666681 174.51794916 213.7423706 231.56596643],[1.39511881e+01 1.60427882e+02 1.16559584e-01 8.25933548e+01 2.03236943e-01 2.10431182e-01 2.42005660e-01 2.17608971e-01 3.41121657e-01 2.94958411e-01],__,304.4351143589408,0.15816575046027168,
20190301,531254054,1016,1551479318.661303,56.44185127988928,574.3064920953094,117.69170908698652,1551479318.2979167,311.41668799968426,[56.5087033 76.89981879 94.61838445 114.18297476 132.74369337 152.78393469 171.30511872 188.15823296 207.15449012 227.78306004 245.6189137],[1.47917600e+01 1.50635306e+02 6.15554589e-02 8.16332660e+01 2.76200610e-01 1.56957769e-01 2.10205876e-01 1.08367852e-01 2.02237024e-01 1.44071465e-01 1.31842907e-01 2.19529255e-01 3.22358321e-01 1.86719085e-01 3.03569626e-01],__,311.41668799968426,0.13103131684294367,
20190301,531254054,1017,1551479305.3419898,58.258681368582145,372.9757337898699,116.63771520764718,1551479303.1016767,312.7084473415827,[55.85711183 77.22875501 94.82434528 114.04653597 133.4780831 152.61683564 171.34284091 190.09667349 208.90149377 227.44292532 246.38688958],[1.55162271e+01 9.97976117e+01 4.27266205e-02 8.32335294e+01 2.10552971e-01 1.61225344e-01 1.89100963e-01 1.01178974e-01 2.09496040e-01 1.52285583e-01 1.45637687e-01 2.61365892e-01 3.45976165e-01 1.92626617e-01 2.64922229e-01],__,312.7084473415827,0.1283658926536954,
20190301,531254054,1018,1551479290.597944,58.02534245964791,304.4901223027759,118.40521257643468,1551479289.973029,309.6760119825104,[37.20795344 56.96934638 76.38895552 95.05858741 114.04280317 133.17734573 152.13635021 171.35698537 190.37660643 208.2351634 228.10501972 247.5943214],[1.56741848e+01 8.23237790e+01 3.98827689e-02 8.36680013e+01 2.71335051e-01 2.07772725e-01 1.86252169e-01 1.94611527e-01 1.12940160e-01 2.36478009e-01 1.62400344e-01 1.55868257e-01 2.65449880e-01 4.32083493e-01 2.24671760e-01 3.48021424e-01],__,309.6760119825104,0.07511131068699252,
20190301,531254054,1019,1551479277.5340405,59.07550602997885,818.455844479871,117.80922942900958,1551479277.7720785,310.3299499878946,[56.37004097 75.78261002 93.90175645 113.40949536 132.31534322 151.1678884 170.06938665 189.75506485 207.36852939 226.88980162],[1.46819280e+01 2.03935997e+02 7.43201456e-02 7.71085691e+01 1.81024660e-01 2.07557799e-01 1.69545756e-01 1.08542899e-01 1.86692389e-01 1.54758408e-01 1.41230090e-01 2.21145315e-01 2.85396175e-01 1.83422117e-01],__,310.3299499878946,0.09746414216047199,
20190301,531254054,1020,1551479257.8058736,57.926418321813834,1241.2906580443441,122.27178077528444,1551479263.2135866,302.62025198512345,[35.48110843 56.66723423 75.99463367 93.36540506 113.19633242 131.7257642 150.59021723 169.46653679 187.74932555 206.74702922 226.5698495],[1.32733159e+01 2.84852677e+02 1.32260799e-01 6.93266677e+01 2.92603860e-01 1.77985886e-01 2.03416139e-01 1.50838295e-01 1.04848749e-01 1.71693650e-01 1.63571286e-01 1.27283007e-01 2.32131674e-01 2.15391055e-01 1.70591958e-01],__,302.62025198512345,0.13498250130885373,
20190301,531254054,1021,1551476026.936975,51.93397514592269,1368.4349205468511,113.52088087368213,1551476024.8156195,310.6905266074172,[62.81495021 82.68357181 102.81118093 123.68702509 143.66829378 164.73380736 185.64247703 205.70144069 226.94455785 246.93302303],[1.65760025e+01 4.38588388e+02 1.10887148e-01 9.90738659e+01 9.34494457e-02 1.32298321e-01 1.43451456e-01 8.68191486e-02 1.35709304e-01 1.19337808e-01 1.02401251e-01 1.63075524e-01 2.77368381e-01 1.48385442e-01],__,310.6905266074172,0.12075753490841908,
20190301,531254054,1022,1551476038.1218207,52.645745599688915,861.317437841037,115.05371250945639,1551476036.0009387,311.36518644308995,[61.99664186 82.61424314 103.36911432 123.88129533 143.61000127 165.15078368 185.86603036 205.42855215 113.26876154 226.26857634 248.08714623],[1.67481732e+01 2.73700723e+02 7.68475563e-02 9.90816166e+01 1.18940377e-01 1.13181790e-01 1.91181233e-01 8.38444479e-02 2.02539435e-01 1.10535240e-01 9.50577649e-02 1.98319762e-01 2.21857057e-01 2.47456774e-01 1.47522980e-01],__,311.36518644308995,0.06411418293728546,
20190301,531254054,1023,1551476044.591309,53.03104740684723,906.7786577589673,114.93626391586638,1551476042.422643,311.26281334886454,[40.85038341 61.78047787 82.67736994 103.13644381 124.18029386 144.26475045 165.56735464 186.28504971 206.07299655 226.88158323 247.72779526],[1.32151643e+01 2.26199238e+02 8.88499184e-02 7.75710635e+01 2.32324790e-01 2.03791837e-01 1.46573081e-01 1.73777565e-01 9.54780412e-02 2.05810687e-01 1.29642591e-01 1.20716889e-01 2.06587755e-01 3.23608819e-01 1.78414529e-01],__,311.26281334886454,0.06255278605426759,
20190301,531254054,1024,1551476049.2881658,53.15380446353579,1475.7070390812191,113.53923055315522,1551476047.6234608,311.2156460295382,[61.26843336 82.9257514 144.50623839 165.23118846 186.33918006 206.40001267 227.44462625 247.86432542 124.13499327],[1.69160810e+01 4.70175467e+02 1.30618123e-01 9.90307356e+01 2.06512090e-01 1.91093385e-01 1.81971432e-01 1.48172991e-01 1.43499853e-01 1.77843084e-01 2.52774431e-01 1.69906451e-01 9.07820738e-02],__,311.2156460295382,0.08931623969916991,
20190302,531272879,1020,1551487232.6214776,57.09903908612939,2281.2406465311146,112.48256963753836,1551487230.7863445,311.07511825596396,[37.92464501 58.47844922 77.7382287 97.54325018 117.07877707 136.19234728 156.82137831 175.87546905 214.69887793 233.71256844 253.56459543],[1.81255209e+01 7.22683366e+02 1.75987329e-01 9.88260561e+01 1.59166703e-01 7.61373534e-02 1.52303635e-01 1.10274120e-01 7.41605862e-02 1.52125642e-01 1.65738633e-01 1.06765054e-01 2.53052200e-01 1.53652590e-01 2.38139548e-01],__,311.07511825596396,0.1248120455389579,
20190302,531272879,1021,1551487217.898818,54.25050367493443,1483.4724632197128,114.76678715725342,1551487216.856526,311.239415334268,[18.82892563 39.1200344 58.48257914 77.49268086 97.31495837 117.38564294 136.55471211 155.32120926 175.55080762 214.53708235 196.50935315 233.83749798 253.27132439],[1.72935932e+01 4.77826562e+02 1.27732937e-01 9.89872594e+01 2.52775462e-01 1.70741115e-01 8.61468658e-02 1.57137396e-01 1.05710084e-01 7.42967317e-02 1.67502810e-01 1.17915969e-01 8.89252263e-02 2.20335083e-01 2.05242619e-01 1.28347720e-01 1.62419396e-01],__,311.239415334268,0.10832603714599401,
20190302,531272879,1022,1551487207.0171885,56.30291564264889,943.0185944841444,115.60118803621933,1551487205.0103548,316.31386575226,[19.45221248 38.96728838 58.72291535 76.88759811 97.68761479 118.01954881 137.43461769 156.40964995 176.22205614 197.20938972 215.6258282 234.38317927 254.11143695],[1.36101353e+01 2.29916628e+02 7.93473480e-02 7.63592050e+01 2.23288819e-01 1.88958581e-01 1.19085088e-01 1.76761378e-01 1.19324741e-01 7.72691447e-02 1.61739434e-01 1.41683798e-01 1.00109234e-01 1.93973760e-01 2.68307514e-01 1.57594455e-01 2.01373912e-01],__,316.31386575226,0.12215367423569398,
20190302,531272879,1023,1551487199.0823522,55.405595458596935,617.1278673484456,117.06018362436383,1551487198.0014994,310.7758079683508,[18.25997899 39.10385216 58.86700712 78.04050362 97.92057826 117.7329618 137.41034618 156.72211539 176.560388 196.6539029 215.87734052 235.6415444 255.07220971],[1.45040059e+01 1.61670921e+02 6.28070790e-02 8.13577905e+01 2.40637806e-01 1.78404040e-01 9.97741244e-02 1.85932856e-01 1.38391624e-01 8.91804355e-02 1.73227409e-01 1.76733248e-01 1.06875721e-01 2.17619253e-01 2.61275079e-01 1.51377442e-01 2.59855339e-01],__,310.7758079683508,0.0799510395072167,
20190302,531272879,1024,1551487192.8653703,54.373153868480614,1083.3341216034407,116.0194131737288,1551487192.830974,311.47880911146547,[38.58383723 59.08188596 78.04376054 98.50644574 118.00533332 137.47411718 157.45235233 177.01785696 196.70468953 216.23060479 235.95057434 255.85140765],[1.29319043e+01 2.57677283e+02 8.16889247e-02 7.40890838e+01 1.72199068e-01 1.13312574e-01 1.55827221e-01 1.23173011e-01 7.23615270e-02 1.43680106e-01 1.08671622e-01 8.67744700e-02 1.78974393e-01 2.03689248e-01 1.47259199e-01 2.12339490e-01],__,311.47880911146547,0.08239235697890322,
20190302,531417015,1015,1551560051.898032,53.96253963917183,1415.2724820030394,116.19733418340073,1551560052.9238143,310.9319168373638,[38.59204635 57.0836062 76.61737517 95.93329369 114.95658151 133.24873881 153.50205089 172.52969154 192.14837303 210.66294454 229.95752013 250.80861046],[1.71801872e+01 4.49508740e+02 1.22578013e-01 9.90058686e+01 2.38659893e-01 1.10585858e-01 1.99808157e-01 1.68487173e-01 8.26541292e-02 1.33259833e-01 1.26611210e-01 1.14824858e-01 2.05365115e-01 1.88421392e-01 1.64624774e-01 2.56312972e-01],__,310.9319168373638,0.13175665553175137,
20190302,531417015,1016,1551560067.9076762,52.952455544478184,1202.4595052092973,116.61441832736706,1551560068.5075786,296.16511433523584,[57.15817025 76.97951796 95.95357453 115.12982789 134.30129235 153.40347966 172.63043408 191.37461524 209.5645329 229.81615477 247.96947566 38.76939974],[1.25947208e+01 2.87006493e+02 1.00005442e-01 7.03461074e+01 1.27938303e-01 1.95632463e-01 1.62523778e-01 8.70580278e-02 1.97986622e-01 1.18398518e-01 1.14595063e-01 1.82725424e-01 1.96218860e-01 1.65276064e-01 2.58444878e-01 2.00718281e-01],__,296.16511433523584,0.1092771469918833,
20190302,531417015,1017,1551560083.128485,54.18327823761585,897.790589776672,115.46951247624628,1551560081.5749273,305.1925330065806,[38.63715212 57.31060198 75.54278335 96.20634046 115.47645049 134.68235651 153.94135243 173.19308489 192.0591336 211.24985576 230.80495472 250.04001412],[1.36321957e+01 2.25845100e+02 7.05840671e-02 7.67971160e+01 1.61150277e-01 9.65512073e-02 1.56264052e-01 1.34008962e-01 7.74246686e-02 1.61621916e-01 1.07146392e-01 9.57923196e-02 1.77325222e-01 2.17264204e-01 1.46612962e-01 2.30686647e-01],__,305.1925330065806,0.05537777572295227,
20190302,531417015,1018,1551560096.372043,55.62606656697617,700.6284925060074,116.98916269859966,1551560095.362695,309.66906266127387,[18.71961695 37.76736612 57.1021801 74.32669771 96.07429041 115.34491823 134.57065072 153.83433267 173.07638034 192.50971019 211.5599533 230.55853325 250.74239242],[1.43652576e+01 1.80893227e+02 6.15021220e-02 8.00039112e+01 2.21920210e-01 2.77627524e-01 1.22327290e-01 1.65998071e-01 1.32028816e-01 8.93881369e-02 1.70542726e-01 1.24296251e-01 1.02302302e-01 1.89477516e-01 2.90270190e-01 1.60948560e-01 3.36307783e-01],__,309.66906266127387,0.08339648563619864,
20190302,531417015,1019,1551560111.074046,56.34809780121826,688.4740234126101,117.20196185074862,1551560110.26648,314.8041126896305,[38.79384828 57.1776005 75.34493399 95.8945722 115.00607924 134.04205249 153.32956769 172.56447094 192.2818469 209.75716516 229.62010969 248.71517422],[1.43883673e+01 1.76146564e+02 5.73770719e-02 8.03773283e+01 2.11476583e-01 9.14585357e-02 1.11971597e-01 1.04066459e-01 8.19274094e-02 1.21088966e-01 1.13212088e-01 8.99524410e-02 1.93995999e-01 1.94222328e-01 1.42034669e-01 2.48797930e-01],__,314.8041126896305,0.0752151863915134,
20190302,531417015,1020,1551560125.7407334,55.280493634445904,789.7021075392424,117.43918174245752,1551560125.7465668,309.7099586740674,[38.26336932 57.61078849 75.02174163 96.07185279 115.17789006 134.05580812 153.69478786 172.86487044 192.16771911 210.15990223 230.43148141 249.85461894],[1.40471179e+01 2.00700066e+02 6.79112822e-02 7.87348620e+01 1.64140082e-01 1.11827089e-01 1.08494159e-01 1.19246291e-01 8.95605228e-02 1.35068937e-01 1.26954459e-01 9.94967560e-02 1.97305466e-01 2.67964206e-01 1.64012559e-01 2.26688777e-01],__,309.7099586740674,0.07142154232674942,
20190302,531417015,1021,1551560138.983305,54.666192307582904,1160.56791934512,116.36897191236127,1551560139.3225532,304.43773625458925,[57.52872836 95.2411225 115.46921028 133.84778439 154.21973828 173.42554433 192.00885777 211.08992993 231.29698706],[1.28900421e+01 2.74705206e+02 1.29201409e-01 7.17607047e+01 1.81277140e-01 2.03488853e-01 1.37457091e-01 2.10714657e-01 1.77908145e-01 1.84468625e-01 2.84497484e-01 3.24424906e-01 3.05305625e-01],__,304.43773625458925,0.14029676174167127,
20190302,531417015,1022,1551560150.4396248,58.41503617616929,2063.750203351255,112.25543918867598,1551560148.6728444,310.0801143274383,[95.97970036 115.47433736 134.3965705 153.72607112 173.19579697 211.14860278 231.00945255 249.20582709],[1.85843054e+01 6.53271483e+02 2.00048027e-01 9.87933459e+01 1.54206465e-01 9.87477508e-02 2.23433746e-01 1.51782235e-01 1.17434244e-01 2.54210277e-01 1.95275180e-01 2.70248501e-01],__,310.0801143274383,0.1023093174567563,
20190302,531424585,1014,1551564685.6597996,54.29618762143748,1719.6122573935281,110.64933318863432,1551564682.2269282,310.6478478213391,[58.30352251 77.89898156 96.28676654 116.49831104 135.97327498 154.59664345 174.70206822 195.05711413 213.02588345 233.02076632 253.27577049],[1.72746692e+01 5.44872692e+02 1.67070669e-01 9.89742256e+01 1.14998657e-01 1.80854330e-01 1.59673470e-01 8.99641032e-02 2.12280049e-01 1.75843963e-01 1.09840310e-01 2.23974536e-01 2.53300148e-01 1.64983859e-01 2.46370101e-01],__,310.6478478213391,0.09124016746976224,
20190302,531424585,1015,1551564675.5042405,54.30541396439949,1117.9052051276217,113.1199391578809,1551564672.4322107,305.988180341892,[37.60723975 57.69878771 77.6454576 95.75279492 115.72411033 133.77727187 153.8482161 173.59486128 212.78016008 231.8992512 250.86695614],[1.29291655e+01 2.66592723e+02 1.07006063e-01 7.28525746e+01 2.08432348e-01 1.43948046e-01 2.04889221e-01 1.38794277e-01 9.71386572e-02 1.69225479e-01 1.42723923e-01 1.13532148e-01 2.75452172e-01 1.92852312e-01 2.49549421e-01],__,305.988180341892,0.10974176525664453,
20190302,531424585,1016,1551564660.8549848,54.62578412328991,769.141662807427,115.46095277366427,1551564658.7075856,306.98270329855137,[57.77337187 77.56972845 95.94842743 115.53314729 134.78300285 153.76692186 173.32067331 189.37991284 210.97063886 231.23236416 250.15517039],[1.40547922e+01 1.98231672e+02 7.56203097e-02 7.89704441e+01 1.21151523e-01 2.01918276e-01 1.67442643e-01 9.47487956e-02 2.00738106e-01 1.48314255e-01 1.03289202e-01 2.23781070e-01 2.73472517e-01 1.56346240e-01 2.16184890e-01],__,306.98270329855137,0.11804049387553277,
20190302,531424585,1017,1551564648.597681,54.13747026843778,428.5875371287019,116.72959907175536,1551564646.5403867,309.82546763259387,[19.24101019 38.2024182 57.70908588 76.23309173 95.50802414 115.45147543 135.21246202 153.91530045 173.11246454 190.77536149 209.47994758 230.43145595 249.07268712 259.84019668],[1.46854443e+01 1.16470279e+02 4.64082709e-02 8.40366471e+01 1.92962385e-01 2.01166182e-01 1.10710145e-01 1.66799021e-01 1.41373156e-01 8.18871590e-02 1.28757421e-01 1.22593609e-01 8.83522635e-02 2.11971738e-01 2.20780423e-01 1.38229938e-01 2.68180499e-01 2.84941411e-01],__,309.82546763259387,0.13853811571080574,
20190302,531424585,1018,1551564636.2197375,52.987364398590316,652.39704659189,115.85477559356498,1551564634.171012,309.4881519359748,[36.58667506 57.47453706 76.21221241 95.82548385 115.40504671 137.80886163 154.18453433 173.41735127 192.7046553 211.11751107 230.5905573 250.15448424],[1.39644003e+01 1.72476610e+02 6.88254462e-02 8.15238520e+01 2.24649135e-01 1.76127878e-01 2.11819491e-01 1.87452510e-01 8.80548682e-02 1.53837952e-01 1.44422069e-01 1.17405663e-01 2.28146153e-01 2.47445085e-01 1.65213631e-01 2.87443647e-01],__,309.4881519359748,0.14102358478099283,
20190302,531424585,1019,1551564622.3855598,51.37267070729483,1058.3100538670092,116.45248326250801,1551564622.6860394,305.9607066003935,[37.97226982 57.3166059 76.10367922 95.57573553 114.69324973 135.29848452 150.08006003 171.9631965 190.52701826 209.72926693 229.89517421 248.87019375],[1.25469342e+01 2.58651309e+02 9.93376890e-02 7.47016483e+01 1.82323024e-01 1.07651099e-01 1.96899061e-01 1.27445233e-01 7.65603236e-02 1.36792954e-01 1.17303771e-01 1.16682231e-01 2.11491145e-01 1.84737161e-01 1.62332326e-01 3.24039861e-01],__,305.9607066003935,0.18560105196080473,
20190302,531424585,1020,1551564607.5544438,50.963093395767885,1548.834478444893,115.64937325283846,1551564608.4480357,310.56350873860924,[38.09847859 57.17851139 76.77670807 95.33337966 114.16354467 133.59795133 149.71182436 171.2596226 191.02934305 209.09935517 228.22624745],[1.63332512e+01 5.02496908e+02 1.88979390e-01 9.90866965e+01 1.41697119e-01 1.33767814e-01 1.92851557e-01 1.37919967e-01 9.76774215e-02 1.42906404e-01 1.28311976e-01 1.29290481e-01 2.40620222e-01 1.96658658e-01 1.94231458e-01],__,310.56350873860924,0.14813629755218558,
20190303,531583949,1015,1551651942.0738158,49.1669460894483,2181.2968894347473,111.62379503956208,1551651939.3388011,310.4939266296817,[57.18745302 76.66768346 95.50459659 114.78778262 134.25799468 153.15776475 172.31063199 191.45589065 209.93987861 229.66391759 248.37469705],[1.56642455e+01 6.91118428e+02 1.98721717e-01 9.91050761e+01 1.46956790e-01 1.49794453e-01 1.61150298e-01 7.62432505e-02 1.87150396e-01 1.20854838e-01 1.02054911e-01 1.31153375e-01 1.52892474e-01 1.35498370e-01 2.47882220e-01],__,310.4939266296817,0.0997090719454088,
20190303,531583949,1016,1551651960.2669206,49.956615919782166,2036.3541841907697,112.70130769589737,1551651957.9263856,310.6217129381416,[57.23502435 75.91898996 94.99142988 114.74680309 133.78006949 153.08401156 172.20491624 191.28158772 210.20397719 229.34420019 249.37848834],[1.59083088e+01 6.45203458e+02 2.03499577e-01 9.90940979e+01 1.10157015e-01 1.56045448e-01 1.60504432e-01 8.22653134e-02 1.76984476e-01 1.18044565e-01 1.16211226e-01 1.35909104e-01 1.90158017e-01 1.58216391e-01 2.62769640e-01],__,310.6217129381416,0.0711268699106729,
20190303,531583949,1017,1551651978.3214834,49.1732868312194,1558.7193128873066,113.73386445548155,1551651976.221973,310.9969015862725,[38.20286664 57.33947061 76.53600464 95.60572807 114.65046203 133.8422236 153.00135314 172.04109188 191.15310703 210.36531843 229.24285443 247.93036087],[1.57131269e+01 5.02836049e+02 1.17777939e-01 9.91502648e+01 1.29239892e-01 8.66447223e-02 1.28005685e-01 9.30679023e-02 7.23247042e-02 1.15338480e-01 9.74348447e-02 8.63489404e-02 1.02548388e-01 1.69945054e-01 1.27536462e-01 2.61038639e-01],__,310.9969015862725,0.03258575575978352,
20190303,531583949,1018,1551651992.417864,48.7811442085737,1160.556471601313,116.9478633729973,1551651992.7305746,314.7635585496699,[57.14188672 75.75230717 95.17349656 114.4976742 134.0538528 152.79427489 171.71546774 190.89795339 209.34083987 228.61797226],[1.15122030e+01 2.74733639e+02 1.02154579e-01 7.42530187e+01 1.11576756e-01 1.39424163e-01 1.16917613e-01 7.39396347e-02 1.43832717e-01 1.12001970e-01 9.14649737e-02 1.24558484e-01 1.67966207e-01 1.46580038e-01],__,314.7635585496699,0.051690810535197744,
20190303,531583949,1019,1551652008.2599168,47.87702196743771,1077.9610668822806,115.99206309581713,1551652007.8164763,311.0866494831455,[37.48328481 57.31234382 76.38409496 95.64526875 114.77656344 133.80013728 153.07183333 172.15096753 191.34567481 209.92163111 229.30011787 247.63801783],[1.52677821e+01 3.43998234e+02 8.98771521e-02 9.92248387e+01 1.84188763e-01 8.32380696e-02 1.12791453e-01 8.67460099e-02 7.25052061e-02 1.00940299e-01 9.49636884e-02 8.09781434e-02 1.07065259e-01 1.34463967e-01 1.28184335e-01 2.22510845e-01],__,311.0866494831455,0.05375126095889276,
20190303,531583949,1020,1551652023.7783456,48.74779247027007,1231.410291993896,116.92780198400992,1551652024.8895957,310.9789322620054,[39.27747987 57.2546843 76.05087053 95.90058478 114.77180361 134.06013018 152.87717858 172.24849128 191.36921371 209.5955047 229.67959012 249.19379234],[1.55503743e+01 3.93019351e+02 1.06357885e-01 9.91887005e+01 1.30417197e-01 1.00885679e-01 1.23862011e-01 1.03717035e-01 7.22077542e-02 1.21903485e-01 1.06408468e-01 8.91836978e-02 1.19549100e-01 1.82137245e-01 1.40917024e-01 2.33495681e-01],__,310.9789322620054,0.0841999608131253,
20190303,531583949,1021,1551652038.5270836,47.81253416042307,1475.1447287149588,114.19722834932793,1551652038.2068536,311.0897423543147,[38.75054008 57.60164965 76.70929198 95.91682091 115.11337176 134.35149626 153.56276309 172.75919512 192.15341433 210.1002512 230.31675606 249.35273513],[1.52399279e+01 4.69932328e+02 1.28756194e-01 9.92047557e+01 2.01744519e-01 9.68395416e-02 1.55502521e-01 1.10297366e-01 8.34410541e-02 1.31983491e-01 1.09837733e-01 1.01409709e-01 1.20219518e-01 2.05018879e-01 1.55553408e-01 2.32187187e-01],__,311.0897423543147,0.06382672552705948,
20190304,531605202,1008,1551662328.6670732,46.6376455974976,1582.4886868796464,113.03614582794661,1551662327.3188229,310.7107531937429,[57.69215107 96.39958877 115.38867077 134.48688837 153.81414664 173.14310104 192.58393979 211.4146112 230.85889325 248.2419215],[1.48650562e+01 5.01001859e+02 1.61453634e-01 9.92344268e+01 1.08250383e-01 1.32611649e-01 7.47367068e-02 1.52146674e-01 1.06493352e-01 9.08947902e-02 1.69903512e-01 1.51555273e-01 1.35483840e-01 2.40623690e-01],__,310.7107531937429,0.05706637469784927,
20190304,531605202,1009,1551662341.7880776,46.52923951424498,1037.5109737075206,115.11128329641672,1551662340.6799831,311.07221247689927,[57.69330262 76.08780066 96.33143412 115.72204562 134.16855945 154.33915263 173.71201221 193.21833215 211.42644351 231.7862848 250.66280472],[1.48392874e+01 3.29674971e+02 1.20262593e-01 9.92686670e+01 1.17317277e-01 2.05021438e-01 1.48856495e-01 7.66439226e-02 1.62270752e-01 1.34511324e-01 1.09272968e-01 1.90431874e-01 1.63634303e-01 1.53867538e-01 2.34049768e-01],__,311.07221247689927,0.13629096857452375,
20190304,531605202,1010,1551662355.2139652,47.77688399617953,774.5586896494323,116.75722286427485,1551662354.404534,306.5348307781681,[37.61626913 57.90739069 77.1410292 96.62993422 115.9326973 135.33018431 154.81409586 173.96216839 193.18194608 212.44420921 231.84632389 251.89620804],[1.26205917e+01 2.04704482e+02 8.27534706e-02 8.09766562e+01 1.77940037e-01 1.14908364e-01 1.58047093e-01 1.26925989e-01 8.30582553e-02 1.49380882e-01 1.29923316e-01 1.16237621e-01 1.53560032e-01 2.03858888e-01 1.56747874e-01 2.75940131e-01],__,306.5348307781681,0.12273629817237072,
20190304,531605202,1011,1551662369.8216832,49.124803755344175,713.8228680803952,116.15448472105497,1551662367.8843594,310.95956458705524,[57.98147807 96.74421821 115.98267874 135.45099664 154.95444296 174.14524931 193.03648637 211.73493933 231.97452053 251.21832955],[1.56721606e+01 2.27901396e+02 7.77717698e-02 9.91993772e+01 1.49478521e-01 1.34287123e-01 8.32895576e-02 1.38594204e-01 1.35434186e-01 1.03425484e-01 1.85589851e-01 1.88270793e-01 1.41881521e-01 2.75781810e-01],__,310.95956458705524,0.07033179887631887,
20190304,531605202,1012,1551662386.6047199,49.00938404799565,983.6812994523499,114.5455207667708,1551662383.9620621,306.8123930309672,[57.92509229 76.94226607 96.62080565 115.94439129 135.36237944 154.64222271 173.98015099 193.36679873 212.38454025 231.83343607 251.18454175],[1.22712582e+01 2.46455759e+02 9.11524921e-02 7.68201924e+01 1.29657882e-01 1.99678501e-01 1.13238030e-01 7.98116409e-02 1.16704821e-01 1.14201247e-01 8.92955050e-02 1.40533996e-01 1.98467307e-01 1.50027881e-01 2.14353612e-01],__,306.8123930309672,0.04687612148650975,
20190304,531605202,1013,1551662403.478873,50.125432451631006,1289.864727788919,113.3346011054454,1551662400.5409422,311.0165108533672,[57.81701986 76.53268176 96.63569489 115.91598266 135.39027757 154.42786732 173.96420555 192.96004873 212.13544623 231.90160465 250.16666893],[1.59765754e+01 4.11111109e+02 1.20096919e-01 9.91421024e+01 1.08729011e-01 2.13080137e-01 1.27075253e-01 7.55012909e-02 1.54238421e-01 1.31222175e-01 8.88752696e-02 1.52851868e-01 1.93520743e-01 1.47147306e-01 2.49557721e-01],__,311.0165108533672,0.09616534097460684,
20190304,531605202,1014,1551662419.6857095,50.588793490441404,1744.2403872686652,112.00826807566757,1551662416.6070118,310.6470316631127,[38.44424879 57.8664435 96.49784419 116.04381428 135.25611219 155.002889 174.0996294 193.40461692 212.32565529 231.89927642 251.21079704],[1.61215973e+01 5.54540535e+02 1.69774723e-01 9.90962013e+01 2.21296054e-01 9.41882158e-02 1.32948125e-01 8.47058313e-02 1.57071953e-01 1.15094726e-01 9.72472631e-02 1.63004592e-01 1.85680366e-01 1.41505936e-01 1.90477667e-01],__,310.6470316631127,0.04940342901955015,
20190304,531605202,1016,1551667479.1572084,61.457116232486094,2469.767228342113,110.63080008546949,1551667476.1276872,311.0785931124312,[37.91035969 58.08581122 77.02690621 97.36083866 115.63541601 134.80192711 154.23073226 173.5219217 191.38259489 211.16818407 231.49452113 250.29372836],[1.94905135e+01 7.83972321e+02 1.58268965e-01 9.86388527e+01 1.68369832e-01 8.19755229e-02 1.33606616e-01 1.26739515e-01 7.60301240e-02 1.62243808e-01 1.54089446e-01 8.69159847e-02 2.07406000e-01 2.11904813e-01 1.37188130e-01 1.95436285e-01],__,311.0785931124312,0.12110704192237434,
20190304,531605202,1017,1551667463.9875152,60.5271749007325,2026.0345648081066,111.93694634239262,1551667461.5215728,310.8879844399663,[57.82589088 75.22725402 96.46357995 115.87378823 134.99435981 153.88569142 173.84927634 193.39767953 212.73904145 231.96319935 251.13788131],[1.92095370e+01 6.41746246e+02 1.13355830e-01 9.87196071e+01 8.31272931e-02 1.32841123e-01 1.04722119e-01 6.92031630e-02 1.29388818e-01 1.05599921e-01 7.79662010e-02 1.85668992e-01 1.94337042e-01 1.32759301e-01 2.10603884e-01],__,310.8879844399663,0.09360845819843201,
20190304,531605202,1018,1551667449.6949677,58.84545112626895,1537.324215629057,114.06597661196236,1551667448.2405243,306.33202752101334,[38.01272179 57.81825216 76.56722343 96.25047541 115.88415597 134.53563842 155.06693436 173.95231048 192.81607602 210.23180237 231.46074285 250.63590158],[1.23594342e+01 3.22741832e+02 1.12203797e-01 6.43668104e+01 1.63100007e-01 1.07941934e-01 1.73286315e-01 1.39977099e-01 7.99516017e-02 1.49037589e-01 1.62353702e-01 9.77205357e-02 1.85026470e-01 2.93242006e-01 1.44473914e-01 2.65000165e-01],__,306.33202752101334,0.09755316530227431,
20190304,531605202,1019,1551667435.7981362,60.36864994801913,1340.5984574034749,115.45294324601238,1551667435.1051238,310.7839135730311,[57.79461262 76.25181085 96.51549371 115.68132833 134.62253557 154.32401526 173.66319386 192.83651177 213.98328059 231.66791116 250.29092859],[1.91867051e+01 4.26262101e+02 8.19540402e-02 9.87741888e+01 8.91448550e-02 1.67302708e-01 1.20035703e-01 7.18638535e-02 1.26903540e-01 1.06363513e-01 8.96741224e-02 1.60417500e-01 2.33632787e-01 1.27758809e-01 2.70897646e-01],__,310.7839135730311,0.08617524227382772,
20190304,531605202,1020,1551667421.761097,59.37254959504539,1216.6241586357614,114.45549271718316,1551667419.9075978,307.7382958713126,[37.4942767 57.895726 76.10432146 97.3557128 115.78264963 134.71028476 154.20342694 173.67143721 193.77199412 211.94232381 231.16846875],[1.35114135e+01 2.77123339e+02 8.27052015e-02 7.00282094e+01 1.84786668e-01 1.02996195e-01 1.67215422e-01 1.18562918e-01 7.83262355e-02 1.37847558e-01 1.17354421e-01 9.58848008e-02 1.73501234e-01 2.35098161e-01 1.49942728e-01],__,307.7382958713126,0.08338055128811289,
20190304,531605202,1021,1551667407.5283058,59.24631330697508,1186.369048757975,115.53168274193054,1551667406.9281418,309.80734325350477,[37.91783513 58.00663658 77.14502197 97.90656321 115.7282526 134.67633137 153.9162635 173.54391175 192.38408334 212.57205651 231.22867568 17.75348145],[1.35466182e+01 2.71398406e+02 9.02563102e-02 7.08447342e+01 1.55433713e-01 1.15333279e-01 1.85010796e-01 1.25467916e-01 7.65067212e-02 1.43424854e-01 1.23489579e-01 1.02589077e-01 1.74017782e-01 2.14560169e-01 1.38569278e-01 2.07591221e-01],__,309.80734325350477,0.09474668635922771,
20190304,531605202,1022,1551667396.2786267,58.708017526401974,1500.4370365271498,115.35250785062556,1551667396.4569223,306.1188895234232,[37.72590887 57.45770981 97.49512784 115.35778395 133.93156409 153.82645954 172.92471282 192.27077535 230.18627918 210.52119691],[1.24605665e+01 3.18660881e+02 1.34535834e-01 6.49873915e+01 2.08413681e-01 1.80920773e-01 1.61070166e-01 9.23203678e-02 1.87686028e-01 1.40579848e-01 1.49853643e-01 2.04476409e-01 1.57324550e-01 2.94309963e-01],__,306.1188895234232,0.09501415641122696,
20190304,531605202,1023,1551667388.687399,58.69149182073701,1928.4510187236172,114.35846608155478,1551667389.7543116,310.4911498363565,[38.36116688 57.50027069 94.4355596 115.05767074 134.25832342 153.13679712 172.08943565 191.44694333 210.36493623 230.14537288],[1.86571162e+01 6.11100763e+02 1.47616690e-01 9.87961865e+01 1.24656287e-01 9.55271767e-02 1.62495918e-01 8.04210798e-02 1.98798815e-01 1.25256040e-01 1.23315268e-01 1.88801250e-01 1.94495408e-01 1.66133030e-01],__,310.4911498363565,0.12399326333664401,
20190304,531743626,1303,1551734734.2925494,55.68481898323786,1647.8605141312198,114.16178038012899,1551734733.2398388,311.384668469443,[37.21307167 56.94927651 73.83646811 93.60507344 113.1864689 132.23418322 150.84895973 169.54293471 188.50235529 206.68126741 225.9844435],[1.76948003e+01 5.24544266e+02 1.30140065e-01 9.89313850e+01 1.40125139e-01 1.16515320e-01 1.07313489e-01 1.19552455e-01 7.53096385e-02 1.65401180e-01 1.27075490e-01 1.28733269e-01 1.51811069e-01 1.66037092e-01 1.62383430e-01],__,311.384668469443,0.16524115393648614,
20190304,531743626,1304,1551734726.9711568,54.177097402757894,602.659008129669,117.53108290628727,1551734726.1268456,306.41296543231385,[94.36914473 113.13742853 131.76282495 150.91515314 169.69318122 186.37947203 206.42701387 225.84956241 246.27266885],[1.44245355e+01 1.59834138e+02 5.29864752e-02 8.16574664e+01 1.79956875e-01 8.12289732e-02 2.07557301e-01 1.05191507e-01 9.72008573e-02 1.87172800e-01 1.52817729e-01 1.37267418e-01 3.07190308e-01],__,306.41296543231385,0.07544815442161477,
20190304,531743626,1305,1551734733.6711314,55.58502286791639,843.9151506930145,117.702115965641,1551734733.6549072,309.75473971377227,[93.32345 112.92268607 131.18503467 150.74253817 169.40412752 187.80729568 206.23263968 225.91726088 245.10328632 263.0173478],[1.39499409e+01 2.12033119e+02 8.06395450e-02 7.77358104e+01 1.74600466e-01 1.04060739e-01 2.40026986e-01 1.36549328e-01 1.14574981e-01 2.14212434e-01 1.63902988e-01 1.48294879e-01 2.56722463e-01 2.73247771e-01],__,309.75473971377227,0.15937832043719813,
20190304,531743626,1306,1551734731.7613885,52.698580989461234,1371.57015423256,115.86658408597538,1551734731.9924395,302.3865740178533,[56.35054507 73.08081525 94.44153126 112.77124339 131.02826559 150.08473324 169.32985524 187.18217456 206.20678105 225.33416528 244.34646335],[1.18551074e+01 3.08653210e+02 1.25856830e-01 6.81112691e+01 1.82581979e-01 2.00175142e-01 1.50895221e-01 1.06925986e-01 1.71790253e-01 1.41334127e-01 1.17113590e-01 1.98137507e-01 1.77463704e-01 1.72291837e-01 3.08495325e-01],__,302.3865740178533,0.12014180994365345,
20190305,531901801,1006,1551811067.9766233,52.52491855850403,1565.4451369860994,116.19102987887179,1551811069.9040298,310.37228885494517,[57.98739321 76.43365378 94.61478095 115.57983937 134.84201445 154.20403015 173.19271613 192.40574052 209.71001517 230.41181493 249.29371981],[1.67627978e+01 5.00357493e+02 1.50589068e-01 9.90409830e+01 1.65039753e-01 2.05415935e-01 1.83960967e-01 1.05503592e-01 2.27340007e-01 2.45038010e-01 1.32712636e-01 2.32294331e-01 2.34921177e-01 1.99829879e-01 2.50726244e-01],__,310.37228885494517,0.15170062465656947,
20190305,531901801,1007,1551811051.5156446,54.84477925259792,1913.252289203403,111.92065835347657,1551811049.1277668,310.8842037003897,[58.41984771 77.79778905 96.19057549 116.02847228 136.57990785 155.74579805 174.02724206 195.60383258 214.89265885 231.76577381 249.67113683],[1.75141563e+01 6.18414721e+02 1.67835091e-01 9.89279508e+01 1.08160762e-01 1.68141849e-01 1.59483021e-01 7.62706360e-02 1.98569200e-01 1.42936786e-01 9.14584473e-02 1.85395478e-01 2.27649329e-01 1.31711732e-01 2.09171788e-01],__,310.8842037003897,0.14237257646140208,
20190305,531901801,1008,1551811029.699153,54.07676163218906,1814.474943412104,114.56096976304208,1551811029.7711337,309.739010469647,[58.49985581 116.83692365 136.79159091 156.35311508 175.42749446 214.08733214 233.61070344 250.12349253],[1.72018313e+01 5.69460878e+02 2.44207085e-01 9.89769185e+01 2.08196626e-01 1.11974975e-01 3.24971592e-01 2.68263519e-01 1.58415813e-01 3.10589448e-01 2.11782867e-01 2.91086770e-01],__,309.739010469647,0.12475144539164464,
20190305,531901801,1009,1551811018.3734312,51.12960256033606,999.1113835143797,114.3847667558267,1551811016.4706483,307.33538444157244,[58.18314276 78.02666486 97.01492804 116.61403339 136.15331404 174.90193115 213.47339845 233.4434474 251.7302486],[1.26498373e+01 2.47121302e+02 1.47352205e-01 7.60936246e+01 1.70681135e-01 2.29308940e-01 2.26491406e-01 1.09007666e-01 2.23047405e-01 1.57691229e-01 2.82756248e-01 2.06029888e-01 2.76711382e-01],__,307.33538444157244,0.1605011358636296,
20190305,531901801,1010,1551811003.2690725,53.62338734817013,711.8824722380934,117.70156860420641,1551811003.2441497,310.49114492576774,[38.15159688 57.78362602 77.15246981 96.09147656 116.04052531 134.82499619 154.83709165 173.97497481 192.51260664 212.36059205 231.99831547 251.23943007],[1.39091545e+01 1.84831366e+02 7.77296343e-02 8.05411360e+01 2.34668472e-01 1.40156619e-01 2.14484362e-01 1.57932105e-01 9.04857073e-02 2.53468420e-01 2.48408684e-01 1.10225243e-01 2.31461634e-01 2.68458635e-01 1.57713397e-01 2.24353592e-01],__,310.49114492576774,0.1291811038729561,
20190305,531901801,1011,1551810989.2516754,54.42576293269823,502.0421182302358,118.48670192311234,1551810988.9576359,309.85644148537375,[17.90647573 37.95655339 57.58267417 77.31176592 96.67700607 116.40169768 135.4037807 154.90978685 174.49092211 193.21037983 212.19436371 232.3040092 250.55366143],[1.45977098e+01 1.34753088e+02 5.35644404e-02 8.31118023e+01 2.13501009e-01 1.94801591e-01 1.31207534e-01 1.70852890e-01 1.43806498e-01 9.79349135e-02 1.54396820e-01 1.40546421e-01 1.04387180e-01 2.19461542e-01 2.40380942e-01 1.66287503e-01 2.56667140e-01],__,309.85644148537375,0.1353511852473345,
20190305,531901801,1012,1551810973.14073,54.688614644922595,732.7378190167935,117.77730286778097,1551810972.7283251,310.6416664898575,[19.62503523 38.56077075 57.96500116 77.57068313 97.64418421 116.58181682 135.63040782 155.79173651 174.98379104 194.16427373 213.37501597 233.01111832 252.42823433],[1.40639673e+01 1.88561395e+02 6.96253163e-02 7.98914574e+01 2.41440985e-01 1.97206001e-01 1.38976161e-01 2.24242602e-01 1.73281342e-01 8.46529304e-02 1.63663550e-01 1.41245995e-01 1.07599080e-01 2.18581530e-01 2.68588618e-01 1.46699263e-01 1.99910035e-01],__,310.6416664898575,0.10613699241979317,
20190305,531901801,1013,1551810956.2707078,54.15309606120138,902.1038905214086,116.57126546156312,1551810955.3316345,311.3853020024678,[18.22570899 58.43962646 77.83021447 96.931023 116.90081699 136.83645187 155.90115155 175.54206252 195.30906442 214.5382553 234.03965682 254.14959429],[1.72188586e+01 2.86735626e+02 8.40929507e-02 9.90283713e+01 1.98132461e-01 1.62337219e-01 1.87564432e-01 1.60661110e-01 8.44353632e-02 1.77960543e-01 1.29889021e-01 1.13136784e-01 2.24918990e-01 2.34524009e-01 1.63729042e-01 2.63221069e-01],__,311.3853020024678,0.11577823772024254,
20190305,531901801,1014,1551810939.0392144,54.86245062937093,1130.3403038124497,115.53084024460603,1551810937.909492,322.69036509956146,[39.52544538 58.85391636 117.39514393 136.02303859 156.38225747 176.05996222 193.65188868 214.72478419 234.83835774 253.84620903],[1.26272816e+01 2.61388509e+02 1.04520155e-01 7.41842047e+01 2.40469525e-01 1.40669701e-01 9.25728797e-02 2.12533931e-01 1.59992972e-01 1.19830752e-01 2.15274970e-01 2.09433045e-01 1.92939436e-01 3.09158927e-01],__,322.69036509956146,0.08684336822341998,
20190305,531901801,1015,1551810923.042906,54.1245524737032,1526.2068986703728,113.71516033779302,1551810921.219379,310.73113743264383,[58.69686916 117.36419779 137.16015661 156.46610866 176.01733429 196.01694655 215.49435828 234.09705523 252.66233639],[1.72724549e+01 4.89751384e+02 1.40925633e-01 9.89872268e+01 1.97703704e-01 9.64154644e-02 1.83038447e-01 1.49649989e-01 1.38883355e-01 2.11405317e-01 2.28556116e-01 1.93847920e-01 3.03792911e-01],__,310.73113743264383,0.13408808765017213,
20190305,531901801,1016,1551810904.3736975,55.979403951631014,1840.0729511439906,113.77739656564898,1551810903.1034253,312.783436294409,[117.36303669 155.78922693 176.00787051 213.32961316 233.99058437 136.48014846],[1.76552964e+01 5.76244039e+02 2.07555217e-01 9.89235870e+01 8.93211721e-02 1.99271099e-01 1.58004083e-01 2.49094090e-01 2.27203174e-01 2.23252234e-01],__,312.783436294409,0.11303927314954411,
20190305,531901801,1017,1551810888.4349837,54.40191204414504,1897.0561833880638,111.81152633732174,1551810885.9696286,310.54602071427144,[38.58411804 58.79622824 78.34505582 98.00631628 117.49192468 136.49078388 156.80618701 176.42943714 215.36777613 235.15389853],[1.73085600e+01 6.00822285e+02 1.73076557e-01 9.89561383e+01 2.22638069e-01 1.35097781e-01 1.89202434e-01 1.91022063e-01 8.68069389e-02 1.95130551e-01 1.58371491e-01 1.25958772e-01 1.89483668e-01 1.82722938e-01],__,310.54602071427144,0.05963108164790605,
20190305,531901801,1022,1551807782.8902164,51.761783135491974,1351.2141290282643,109.04876932740929,1551807656.2069876,311.14795611880015,[58.86573666 99.40865098 117.57813117 140.24494268 161.62780005 178.74715754 217.8483721 240.04360695],[1.64449451e+01 4.25192926e+02 2.48592300e-01 9.90908556e+01 2.02374921e-01 2.12453470e-01 2.22404376e-01 2.11912544e-01 1.48873448e-01 2.29184376e-01 2.74071178e-01 2.44113991e-01],__,311.14795611880015,0.415746440893918,
20190305,531901801,1023,1551807792.3231971,55.26826674929567,837.8098147613027,114.74037680313108,1551807789.1446674,313.2093719356456,[19.8862427 39.23932808 59.13243563 77.24351638 98.60289908 118.21571762 138.18294175 157.57639026 177.39040016 197.67599344 216.95607653 236.43386044 256.50686129],[1.38102947e+01 2.10204520e+02 7.58131574e-02 7.82109979e+01 2.93110474e-01 1.33515476e-01 1.02620670e-01 1.71146193e-01 1.29184199e-01 9.03583680e-02 2.23876010e-01 1.37669444e-01 1.18913411e-01 2.24542771e-01 2.91617125e-01 1.60206951e-01 4.42064029e-01],__,313.2093719356456,0.05823454496282738,
20190305,531901801,1024,1551807800.3787959,55.11669553214429,713.523077036652,114.69522630594868,1551807796.783307,310.39913861407433,[18.48128359 38.33178974 59.02153548 77.57707073 98.41381735 118.09597013 137.50036396 157.30137375 177.12927396 196.47067356 216.42410597 235.91558485 256.37932714],[1.42094460e+01 1.83781880e+02 5.98046367e-02 8.00451307e+01 1.81659992e-01 1.62074342e-01 9.69256148e-02 1.49017428e-01 1.33267379e-01 7.55501530e-02 1.26846379e-01 1.15174641e-01 8.15842860e-02 1.91780228e-01 2.59212807e-01 1.31115460e-01 1.76748136e-01],__,310.39913861407433,0.06130980037671596,
20190305,531901801,1025,1551807809.5613437,56.91257495625235,1579.059637561573,112.27358773946926,1551807805.6377246,311.39334126460705,[38.85878724 58.92427356 77.82411014 98.42658221 117.95487051 137.83883003 157.30460324 177.07041457 196.45959175 216.74993072 236.04518491 255.74161405],[1.80772186e+01 5.02159680e+02 1.07437324e-01 9.88922660e+01 1.64587845e-01 1.03251819e-01 1.51549379e-01 1.07367742e-01 7.55124949e-02 1.58049476e-01 1.17090279e-01 9.43986352e-02 1.86252486e-01 2.11916562e-01 1.46691863e-01 1.82207922e-01],__,311.39334126460705,0.05947202940893298,
20190305,531901801,1026,1551807823.7525537,57.727025855628995,2331.934586501176,110.92270950306396,1551807820.2297034,310.0336356663825,[38.91230205 58.58772341 77.67373085 97.9084733 117.52729147 136.84509976 156.59829835 176.19674963 195.21510261 214.92318002 234.94266863 254.33871573],[1.83826079e+01 7.40563783e+02 1.46647650e-01 9.87897641e+01 1.23148286e-01 8.25176952e-02 1.51644760e-01 1.00493991e-01 8.10394811e-02 1.58241500e-01 1.15269225e-01 1.00658368e-01 1.79353315e-01 2.22786603e-01 1.55306495e-01 2.40733415e-01],__,310.0336356663825,0.05464506848302454,
20190305,531774192,1019,1551745413.5043726,57.307894634751804,2361.3642295975974,115.63015957121006,1551745414.8284218,310.28857937269163,[38.35848183 58.20007277 77.84581468 96.7223152 116.30617388 135.52365418 155.21110288 174.62503925 194.10007553 214.13442157 231.70249291 252.57462602],[1.82400094e+01 7.50368535e+02 1.44574106e-01 9.88033572e+01 1.61448147e-01 8.93551221e-02 1.60291770e-01 1.05141492e-01 7.06627838e-02 1.52724190e-01 1.11827336e-01 9.64651770e-02 1.60828392e-01 1.64554590e-01 1.42582302e-01 2.37460943e-01],__,310.28857937269163,0.12726439885436308,
20190305,531774192,1020,1551745431.2228234,56.17334275651292,1740.9501273858039,115.37203742117892,1551745431.5843408,311.5263714314255,[38.94170071 58.17899667 78.87332711 96.87722366 116.44811798 135.91112635 154.9833994 174.71700561 194.41913265 213.80053046 232.60529421],[1.78458285e+01 5.54554032e+02 1.22084146e-01 9.89067903e+01 1.42790978e-01 9.85548978e-02 1.48994754e-01 1.23528920e-01 7.88889729e-02 1.58698042e-01 1.14227062e-01 1.03688457e-01 1.63986213e-01 2.03377976e-01 1.79208228e-01],__,311.5263714314255,0.08855577189852178,
20190305,531774192,1021,1551745448.0263784,56.13556393669792,1350.5417617763103,114.29840040358717,1551745446.081015,311.1913984141011,[19.66839027 38.94116888 58.29225344 77.16587814 96.52526866 116.59798025 136.18722761 155.52413047 174.97424637 194.31511089 213.99533323 233.53827592 253.11352196],[1.78354190e+01 4.28061456e+02 9.17932309e-02 9.89358133e+01 1.36615560e-01 1.17470538e-01 9.00075261e-02 1.63753732e-01 9.34269443e-02 7.64235958e-02 1.65887346e-01 1.08924614e-01 9.52426153e-02 1.50497866e-01 2.02422077e-01 1.28406707e-01 2.38783772e-01],__,311.1913984141011,0.08671304324792457,
20190305,531774192,1022,1551745460.4054458,55.94004047382642,1026.803259914329,115.21613751202008,1551745458.117953,305.2967405748533,[38.65446568 58.21332661 77.78103977 96.95809079 116.44605387 135.75588239 155.42946882 174.8132421 193.91184659 212.86274681 232.73282488 252.08622719],[1.35612354e+01 2.49263133e+02 7.99040406e-02 7.39909425e+01 1.78480362e-01 1.04286001e-01 1.58195261e-01 1.20249829e-01 8.15590703e-02 1.53541131e-01 1.17091479e-01 8.94470066e-02 1.81017389e-01 2.48551892e-01 1.64431110e-01 3.09283887e-01],__,305.2967405748533,0.0877807021200976,
20190305,531774192,1023,1551745468.1941402,56.081489520497584,1161.8435545168823,114.64003639903957,1551745465.6961613,305.335920119822,[38.7176903 58.30503668 77.42737408 96.94783414 116.50786828 135.89366256 155.41328375 174.83865118 193.73454401 213.05522233 232.42801939 251.63735463],[1.31412055e+01 2.72240846e+02 8.20649126e-02 7.15558609e+01 1.33806276e-01 8.28607516e-02 1.62744884e-01 1.04421130e-01 7.71886904e-02 1.32777406e-01 1.13640106e-01 9.32004073e-02 1.78028894e-01 2.91133350e-01 1.42612894e-01 2.96031394e-01],__,305.335920119822,0.08916845026632833,
20190305,531774192,1024,1551745474.2194147,56.91819830607217,1884.1571407191402,112.16876856032123,1551745471.3153107,310.37276223874414,[38.82791731 58.3662726 75.71878592 97.38634283 117.06697228 136.48377933 156.08412581 175.58064465 194.93317522 214.57936264 233.77151727 253.21060418],[1.81302058e+01 6.00503082e+02 1.25961255e-01 9.88617034e+01 1.44943427e-01 1.05987108e-01 1.43361610e-01 1.13406763e-01 7.23143012e-02 1.34246927e-01 1.19093829e-01 8.42076580e-02 1.57441839e-01 2.20899175e-01 1.26506745e-01 1.59801462e-01],__,310.37276223874414,0.0825208700619952,
20190305,531774192,1040,1551747860.9970157,62.66774214186582,2619.445306270075,113.73763856635298,1551747860.6264827,309.9781290163464,[36.34703125 56.40263334 74.38061102 112.84330576 150.45132914 169.49687073 225.29406481 245.43224856 204.01899889],[1.99322944e+01 8.33336011e+02 2.09374481e-01 9.85650050e+01 2.08500774e-01 1.38014021e-01 2.03107063e-01 1.05562769e-01 1.89201449e-01 1.48240017e-01 2.21406205e-01 3.00319780e-01 2.53308931e-01],__,309.9781290163464,0.15298691432211095,
20190305,531774192,1041,1551747850.5969594,58.43835198456212,1300.7272244619103,113.87606426398789,1551747848.7486641,309.41340775786983,[56.40017735 113.05954628 150.10531623 169.4573159 187.23337139 206.27706734 225.74849498 130.4816267],[1.30226309e+01 2.90344231e+02 1.28524069e-01 6.89678908e+01 2.10407744e-01 1.03129561e-01 1.87376436e-01 1.48558034e-01 2.35778543e-01 2.55310707e-01 2.44280681e-01 2.39779816e-01],__,309.41340775786983,0.11923295429639105,
20190305,531774192,1042,1551747836.8732383,60.72772893667779,1022.6404832465214,116.16686083475898,1551747836.3216567,317.023663674197,[36.44042732 55.81298414 93.46719148 112.18098906 73.5924664 130.90743374 149.73397519 168.36933791 186.68832711 203.14932224 223.96304529 242.18500783],[1.41850968e+01 2.39021281e+02 7.60473048e-02 7.40436048e+01 1.70135149e-01 1.12953570e-01 1.34390261e-01 8.34662918e-02 2.04563270e-01 1.62452932e-01 1.51288544e-01 9.18131675e-02 1.92836089e-01 2.12840073e-01 1.33652506e-01 1.96123709e-01],__,317.023663674197,0.10519305731586111,
20190305,531774192,1043,1551747822.4099307,61.966472329627884,960.8446252126337,117.20493318055857,1551747822.3386338,313.76330350974314,[37.04978211 55.69089094 72.89156619 92.63558928 111.78927303 129.92312143 149.05204675 167.57528058 186.45164524 202.72836701 223.00611797 241.01187556],[1.46845236e+01 2.28200387e+02 7.24679971e-02 7.43363971e+01 2.04431911e-01 1.24466797e-01 2.40914904e-01 1.65715815e-01 1.04445056e-01 1.85701199e-01 1.49849875e-01 1.36008426e-01 2.00204478e-01 2.53698687e-01 1.94200323e-01 3.98589351e-01],__,313.76330350974314,0.07733790772823178,
20190305,531774192,1044,1551747808.2627766,61.8443367282881,939.0002260963568,117.55122156764651,1551747808.2477403,307.86940038379004,[56.14779274 92.96226703 111.8090115 130.49115366 149.01400791 167.74978297 186.04183826 204.13770854 223.45954781 241.88967914],[1.48873339e+01 2.26363031e+02 7.98786124e-02 7.41183045e+01 2.43637878e-01 2.69435079e-01 1.09973079e-01 2.26915306e-01 1.66000154e-01 1.51571431e-01 2.10335299e-01 2.85275713e-01 2.40300993e-01 3.53949558e-01],__,307.86940038379004,0.12598737103231855,
20190305,531774192,1045,1551747799.869985,61.36238383445421,1055.9249862268252,116.4335786221494,1551747799.3143623,308.2922676311532,[55.76988626 74.29699988 112.49756839 130.53388671 149.52038068 168.63570926 186.43111577 204.03158376 224.9075522],[1.44049190e+01 2.47955472e+02 8.86652978e-02 7.24126124e+01 2.03141451e-01 1.52883183e-01 1.13174312e-01 2.73484892e-01 1.75347093e-01 1.60890711e-01 2.57306075e-01 2.92303577e-01 2.40644003e-01],__,308.2922676311532,0.1413503574880022,
20190305,531774192,1046,1551747793.5585315,61.50613085210784,1626.9462921299425,112.96887124791233,1551747791.5725882,310.689126693968,[113.28424444 150.65103191 170.05384011 189.4975966 206.95691614 226.4053028 244.33409072],[1.95446152e+01 5.17958907e+02 1.52373754e-01 9.87104316e+01 1.11359152e-01 2.61019181e-01 1.75447364e-01 2.31997189e-01 2.72176271e-01 2.30350525e-01 4.06472603e-01],__,310.689126693968,0.08205128769343352,
20190308,532501367,1305,1552077850.992977,52.183128932957445,1882.8474488425104,114.73216948107766,1552077851.649106,310.2680350962861,[117.2294584 156.3692103 175.99897203 194.79739589 212.91506242 233.96836408],[1.66476059e+01 6.00144281e+02 2.06103743e-01 9.90291032e+01 1.17864058e-01 1.65998553e-01 1.52802932e-01 2.13548240e-01 2.21724588e-01 2.17842224e-01],__,310.2680350962861,0.13915238743757216,
20190308,532501367,1306,1552077854.188008,52.10709816338995,1151.2785398129506,115.4610199703574,1552077853.5869205,310.63158050176605,[57.92560085 97.57525943 117.42813534 137.68257605 156.6058342 176.29000024 196.3877 215.06428703 234.72694237 253.09845346],[1.66078150e+01 3.66135978e+02 1.01663474e-01 9.90835614e+01 1.47911683e-01 1.55392922e-01 9.54830588e-02 1.69191440e-01 1.25609465e-01 1.19721034e-01 1.85507594e-01 1.89283941e-01 1.67086452e-01 2.55906097e-01],__,310.63158050176605,0.10995461058283433,
20190314,533421550,1002,1552529076.632324,34.43900920835731,419.6922920819353,124.50727581133539,1552529085.0995986,310.9099127476228,[104.7494381 210.29569101],[13.11622516 217.46646035 1.74315266 99.60787413 2.09557762 4.09920135],__,310.9099127476228,0.11935713300139261,
20190314,533421550,1003,1552529068.3162377,54.606541344529006,474.6418886215749,117.26982900407918,1552529067.6086042,308.3542696524873,[55.47883904 92.54261465 111.10935693 148.40716486 166.54780436 222.1988505 239.46137173],[1.47387721e+01 1.28239451e+02 8.24380921e-02 8.32768421e+01 2.23262036e-01 2.79176768e-01 1.61443854e-01 2.29611202e-01 1.95904221e-01 3.98514798e-01 3.95793676e-01],__,308.3542696524873,0.12600556521965697,
20190314,533421550,1004,1552529056.9779606,56.208025130288625,270.45303410011746,117.45010641576164,1552529055.845303,310.4210331901146,[36.8198002 54.68384361 73.43315566 90.69098226 111.10127863 128.59974184 145.30191149 166.57835807 186.71470753 201.82060336 224.02267502],[1.53333120e+01 7.35440842e+01 4.47378931e-02 8.46899522e+01 2.29152743e-01 1.84077043e-01 2.31387704e-01 2.30292657e-01 1.11045609e-01 2.41720995e-01 1.64469644e-01 1.60528167e-01 2.01734601e-01 2.61309834e-01 2.03630726e-01],__,310.4210331901146,0.26606271139906584,
20190314,533421550,1005,1552529047.2512455,53.97465434676677,815.4570803573691,116.93761883027528,1552529047.4084568,306.762419971834,[111.18749439 222.85719048],[1.38007061e+01 2.10381799e+02 2.70922877e-01 7.84637791e+01 1.98889976e-01 4.52424356e-01],__,306.762419971834,0.0835636631033214,
20190314,533421550,1006,1552529039.6448228,68.8183418061702,700.3514524693298,113.07267676506709,1552529038.3659055,302.83048781673403,[142.7558102],[17.23942516 215.36827768 0.76282237 76.8906708 3.17762521],__,302.83048781673403,0.24550940040541996,
20190315,533770152,1005,1552685679.0,60.937961631530776,1417.7489283043697,117.37898471025889,1552685681.7487612,308.4032529163144,[111.50876611 166.79724196 222.62093461],[1.96644391e+01 4.69128950e+02 4.12226390e-01 9.87230739e+01 4.82148265e-01 7.00542357e-01 1.00606017e+00],__,308.4032529163144,0.059622751612688284,
20190315,533770152,1006,1552685667.273778,58.76413721207776,1377.5024798045522,113.3949629313334,1552685665.1027057,301.02481898780957,[114.31457748 170.53862815 227.51466099],[12.98248456 308.62588025 0.38761598 66.85030863 0.40827789 0.63293757 0.92745913],__,301.02481898780957,0.11493651416622126,
20190315,533770152,1007,1552685650.8714144,70.88567052273166,2085.96824884664,111.55035704098186,1552685646.5941126,309.6944001986404,[114.3274304 152.7410465 172.56997981 228.02193493],[2.24955862e+01 6.62605325e+02 1.65961523e-01 9.82691038e+01 1.59459792e-01 2.25907484e-01 2.47356655e-01 2.82663489e-01],__,309.6944001986404,0.1295963787228199,
20190315,533770152,1008,1552685636.8725102,73.00700884668976,1984.5315801803147,111.3157999921874,1552685632.3193192,308.31167630802446,[114.11855576 170.83188205 152.51171388 228.52490112 208.22553069],[2.32732547e+01 6.36114186e+02 2.12191895e-01 9.81636305e+01 2.98640612e-01 4.79509493e-01 4.46325060e-01 6.23835206e-01 5.96398702e-01],__,308.31167630802446,0.09252949849227403,
20190315,533770152,1009,1552685624.0959303,66.82230324040515,1001.8268136101874,114.55106630511025,1552685621.3483174,307.2494890892715,[114.97076054 229.94995846],[1.55725988e+01 2.36589508e+02 2.23331417e-01 7.17023764e+01 2.18068529e-01 5.65090207e-01],__,307.2494890892715,0.055248334391415674,
20190315,533770152,1010,1552685609.9161592,66.400053729965,546.8853273515355,117.23047374798402,1552685608.916606,311.89821970307474,[38.25205974 57.40413957 76.27717414 94.81584985 115.32408053 134.46930361 153.8963767 173.12623405 193.07010669 210.32665483 229.61820359 249.05317516],[1.66940695e+01 1.37849091e+02 5.61094657e-02 7.84028265e+01 3.50407634e-01 3.25441884e-01 2.57156251e-01 2.50280476e-01 1.41631380e-01 3.09325260e-01 2.40977699e-01 2.51184481e-01 3.33810236e-01 4.14758310e-01 2.82138454e-01 3.49893631e-01],__,311.89821970307474,0.1420836461074448,
20190315,533770152,1011,1552685597.3695111,65.27672630443308,331.78616074436917,117.53278382832823,1552685596.3322039,309.77019323515725,[57.09096209 75.90074018 95.14630886 115.55859496 135.77274365 154.23951765 173.34578664 191.41346043 230.75313084 249.28491351],[1.69858836e+01 8.65036201e+01 4.11834083e-02 8.05994093e+01 3.52340338e-01 2.59040587e-01 2.61851369e-01 1.35863743e-01 3.01030145e-01 1.81680138e-01 1.68018186e-01 2.64328120e-01 2.34821739e-01 5.23992889e-01],__,309.77019323515725,0.08964181892329652,
20190315,533770152,1013,1552685569.8374932,68.454798328454,349.00846363364116,118.33680211022264,1552685569.651647,310.97410512733114,[76.09556993 113.59569026 131.61059203 151.64315976 170.24358913 188.12263991 206.64753331 226.76968263],[1.74651280e+01 8.92204826e+01 4.47792991e-02 7.93381529e+01 3.19350518e-01 1.65306202e-01 3.02082290e-01 2.55902632e-01 2.25228445e-01 3.12103670e-01 5.22024815e-01 2.75815629e-01],__,310.97410512733114,0.09351534360691616,
20190315,533770152,1014,1552685557.3269448,69.8583833075481,429.33122915075637,118.30895381570251,1552685557.2276773,311.1858468566074,[56.0796553 74.90697724 92.20538591 112.80873001 130.92870082 150.21269142 169.45091321 187.40515111 226.33197723],[1.75496979e+01 1.07875297e+02 4.13653269e-02 7.81946654e+01 2.08658895e-01 1.90940028e-01 2.45863704e-01 1.46886871e-01 2.85385013e-01 2.05036850e-01 1.90910183e-01 2.61272336e-01 2.68318057e-01],__,311.1858468566074,0.15316842578629475,
20190315,533770152,1015,1552685542.583352,66.94681722239176,439.32651277662256,118.28337922862518,1552685542.6587508,309.5819733814688,[55.73391089 74.49658081 93.94800135 114.01124341 152.14835099 171.50389053 189.47781497 207.48278107 226.93833487 245.77140946 265.79674615],[1.70957198e+01 1.12321740e+02 4.20306346e-02 7.90543236e+01 2.28008399e-01 2.24374868e-01 2.29739572e-01 1.16634675e-01 1.76187034e-01 1.67998175e-01 2.35976526e-01 4.86963067e-01 2.31656740e-01 4.25513972e-01 4.23619364e-01],__,309.5819733814688,0.1642299494675163,
20190315,533770152,1016,1552685529.7833376,68.14667148883919,478.368127193914,118.27373377758303,1552685529.9704707,310.37348912863007,[36.98549872 56.55268612 75.74563224 93.94024547 113.57124468 132.79854669 151.70101052 170.63378743 188.87213498 207.09624536 227.46253632 246.55932821 264.07856978],[1.71935186e+01 1.20744525e+02 3.91826875e-02 7.83179495e+01 2.58776241e-01 1.96165452e-01 1.80518369e-01 2.47967151e-01 1.19143613e-01 2.77111532e-01 1.59730878e-01 1.50278180e-01 2.44022381e-01 4.11285940e-01 2.14722482e-01 3.50235584e-01 4.64165886e-01],__,310.37348912863007,0.12592235521411077,
20190315,533770152,1017,1552685516.1984546,65.30535334439813,472.1260167953763,118.2849186048554,1552685516.5834892,306.3760401330364,[35.90890352 55.61462457 76.19613099 94.15975538 113.43575955 131.23961118 151.90606984 170.14197012 188.26131396 207.33792341 226.88999612 245.67064588 263.20957936],[1.68600793e+01 1.22425037e+02 4.03232485e-02 7.90145971e+01 2.63841979e-01 1.87554014e-01 1.40453412e-01 1.82109231e-01 9.71291811e-02 2.65948514e-01 1.29488774e-01 1.35198597e-01 2.12869232e-01 3.74649201e-01 1.87620642e-01 3.36627913e-01 4.20061813e-01],__,306.3760401330364,0.1490416602210102,
20190315,533770152,1018,1552685504.008359,64.52610858492228,468.26575950703835,117.06824637301867,1552685503.1714828,307.4339601225957,[56.43235202 74.29647145 92.93250625 113.31169044 130.10991597 150.9479339 168.83345007 186.913806 204.25883594 225.76532316 245.10136637],[1.66876756e+01 1.21366032e+02 4.66001249e-02 7.94922282e+01 2.34464653e-01 2.67642115e-01 2.73988787e-01 1.36182869e-01 3.07686905e-01 2.01511918e-01 2.23665173e-01 2.68597728e-01 3.81256777e-01 2.57284757e-01 4.64743612e-01],__,307.4339601225957,0.1997025266681354,
20190315,533770152,1019,1552682518.5952337,53.73457512982838,1043.4722321264878,116.04605347430291,1552682517.9250054,310.22807008563336,[57.60020232 76.38832774 96.49272659 114.76795778 134.80369147 152.80642442 172.00786431 191.33876621 209.55893445 229.9287596 248.96682072],[1.29604574e+01 2.51813851e+02 8.36214983e-02 7.48384340e+01 1.42519435e-01 1.29815365e-01 1.28568020e-01 8.02697135e-02 1.67786341e-01 1.06388014e-01 1.03998767e-01 1.54513620e-01 2.43902861e-01 1.30362495e-01 1.99286687e-01],__,310.22807008563336,0.11732963212943352,
20190315,533770152,1020,1552682535.6710465,52.79467336972513,1055.933047639632,115.6076806420705,1552682534.7994409,310.5589369133443,[38.02297074 19.23251983 56.86460566 76.36043332 94.66753989 114.57837213 133.70649574 152.27420533 172.08547511 190.99873147 209.29093458 229.27099751 248.8425071],[1.68380045e+01 3.36875408e+02 9.58910303e-02 9.90632557e+01 1.98179485e-01 1.70485230e-01 1.65346950e-01 1.21409067e-01 1.07346674e-01 8.51578974e-02 1.74386636e-01 1.04098522e-01 1.13585578e-01 1.80939930e-01 2.32180078e-01 1.37833770e-01 2.35836339e-01],__,310.5589369133443,0.12584024609951738,
20190315,533770152,1021,1552685462.570305,61.46362996151149,757.4837578371357,117.58622995990856,1552685463.0119717,304.4637045252636,[56.85029234 73.22138971 94.04114101 112.25604497 132.14755507 150.18819903 169.15009821 185.1309406 206.98856428 224.529415 243.24667993 263.7948563],[1.54868388e+01 1.90182083e+02 6.32144351e-02 7.67563356e+01 1.14481982e-01 2.00118769e-01 1.69109172e-01 1.12003454e-01 1.92567917e-01 1.61074431e-01 1.61278938e-01 2.10005760e-01 3.62535159e-01 1.93399063e-01 2.96817307e-01 4.82073034e-01],__,304.4637045252636,0.24450244126579979,
20190315,533770152,1022,1552685448.106737,62.08644180211188,684.8806612526449,118.73072374007046,1552685449.5097687,316.1589925694791,[56.52125664 74.68104999 93.78152239 112.63211621 130.65112985 149.95125145 169.1094224 186.25970291 205.49245602 224.56112438 244.02304113 262.77696909],[1.54498689e+01 1.70524344e+02 5.61111147e-02 7.86587086e+01 1.76908310e-01 1.73975767e-01 1.77075912e-01 1.00906035e-01 2.05594923e-01 1.55436124e-01 1.48241997e-01 2.30624173e-01 3.09997146e-01 1.67031504e-01 2.98848502e-01 3.93014468e-01],__,316.1589925694791,0.11262231019014078,
20190315,533770152,1023,1552685435.1100159,64.5281733525086,732.3274294665664,116.89168720194492,1552685434.3965657,322.9448448025628,[56.57253895 75.35501756 94.31099039 112.89757587 132.06045925 150.56524018 169.25976697 189.04601401 207.00130732 225.68032532 243.78804089],[1.55669831e+01 1.78119363e+02 6.01835051e-02 7.77284055e+01 1.84557812e-01 1.60333348e-01 1.83285058e-01 1.01080272e-01 3.05398596e-01 1.55779178e-01 1.53522117e-01 2.71221495e-01 3.55564521e-01 1.74629791e-01 3.46184538e-01],__,322.9448448025628,0.11026264200946999,
20190315,533770152,1024,1552685420.974739,63.16107289573656,768.1019225767247,116.24266289211694,1552685419.6109362,314.9180376125046,[56.32193488 74.98937279 94.17237372 113.39661324 132.82905221 150.91202983 169.77364414 188.70151575 206.51421653 226.31959404 245.46954993 264.45875732],[1.54514644e+01 1.88780553e+02 6.09609641e-02 7.69740789e+01 2.35143954e-01 2.21807540e-01 2.35049172e-01 1.11384067e-01 2.66575263e-01 1.39646826e-01 1.35391192e-01 2.14614441e-01 3.78536854e-01 1.72079239e-01 4.07849279e-01 4.37567334e-01],__,314.9180376125046,0.14407776198722339,
20190315,533770152,1025,1552685407.1606507,65.54262809818431,1157.7730568874224,113.08520079647643,1552685403.1061602,312.21858171973537,[113.82239853 151.62086193 171.30192631 190.72004379 210.49454458 227.40670576],[1.46978269e+01 2.60187860e+02 1.03893412e-01 7.00119671e+01 1.07522673e-01 2.00125189e-01 1.80865456e-01 2.32886477e-01 3.06715438e-01 2.10964061e-01],__,312.21858171973537,0.10686596709886552,
20190315,533770152,1026,1552685388.3799844,62.682264786841515,937.0224940913163,115.85655415270662,1552685386.968843,306.8021102743953,[114.89448745 132.90630809 152.43897199 172.20810971 190.14364097 209.25547239 229.01951916],[1.50765136e+01 2.25329247e+02 9.41223389e-02 7.38309735e+01 1.26875129e-01 2.55997333e-01 2.24321096e-01 1.98903612e-01 2.62053506e-01 3.30774670e-01 2.15890852e-01],__,306.8021102743953,0.1644278842348629,
20190315,533770152,1027,1552685375.2015412,62.03655828401481,689.4532407616999,115.62182812570067,1552685373.185775,306.7452747791152,[115.05606765 134.95662831 153.28630921 173.12896555 192.33259497 229.52781165],[1.57169697e+01 1.76262844e+02 8.88876160e-02 7.76198960e+01 1.89794972e-01 3.53066547e-01 2.88138004e-01 3.00087085e-01 3.90881402e-01 3.38200998e-01],__,306.7452747791152,0.12756616701147294,
20190315,533770152,1028,1552685361.0108151,62.28325120652574,526.4845426693967,116.38523038914157,1552685359.4599364,308.84470594723285,[114.92340859 153.12480025 172.1781591 229.14192595 192.47570941],[1.61073817e+01 1.36747524e+02 8.13336172e-02 7.98609985e+01 1.92769621e-01 3.14675907e-01 3.03130957e-01 3.17942985e-01 5.35092404e-01],__,308.84470594723285,0.07725691317884634,
20190315,533770152,1029,1552685350.3594947,59.213744704867096,495.61033852046916,114.47186044849386,1552685347.2144377,306.5901762970961,[116.10771406 155.4259661 174.82847706 196.20613496 214.54172935 228.80829726],[1.56662527e+01 1.30710065e+02 6.62549749e-02 8.12023420e+01 1.51761523e-01 2.13799459e-01 2.13322916e-01 3.16607588e-01 4.00060759e-01 2.78980378e-01],__,306.5901762970961,0.1482856068879388,
20190315,533770152,1030,1552685338.1324077,52.7250696104066,347.9486834164547,115.25707802966757,1552685335.5894504,310.82011695675783,[118.67907742 138.69981587 158.47740915 177.89552526 197.00526892 221.35757003 222.90559721 238.61784021],[1.44920626e+01 9.56987912e+01 4.96908579e-02 8.54550331e+01 1.46693090e-01 2.55262828e-01 1.93794936e-01 2.07637518e-01 2.90900403e-01 2.75085551e-01 2.65190707e-01 3.67509544e-01],__,310.82011695675783,0.17514474951400036,
20190315,533770152,1031,1552685323.4753938,59.5583744364837,629.1040539060157,118.06616242930043,1552685324.372897,303.3663603478887,[113.76132636 152.10924767 170.80856177 226.13371555],[1.55104422e+01 1.64530022e+02 1.14821135e-01 7.91366004e+01 2.21450744e-01 3.36637974e-01 3.71177436e-01 3.87703006e-01],__,303.3663603478887,0.09996712399621493,
20190315,533770152,1032,1552685312.7184973,89.09809109521635,2118.4438564352104,114.29631747799937,1552685310.3267324,290.2865562525821,[108.95181921 217.95152971],[1.50796634e+01 3.60057246e+02 2.58708426e-01 4.96089362e+01 5.13568454e-01 1.11419949e+00],__,290.2865562525821,0.18301430890001513,
20190315,533770152,1033,1552685294.9018922,36.408201730888756,548.9727967887753,123.22718779983941,1552685302.595775,310.1166135711408,[110.3624051 218.77607704],[11.71773616 184.68823303 0.39192935 99.55354391 0.24804816 0.34226131],__,310.1166135711408,0.2608740410547863,
20190315,533770152,1034,1552685279.928339,68.44193676531599,1809.7809365166324,111.47178730792344,1552685275.948438,308.44290127855925,[115.71423898 230.52844169 173.88511061],[2.18897235e+01 5.85007919e+02 3.07800768e-01 9.83844942e+01 3.99530822e-01 8.17640901e-01 6.19970250e-01],__,308.44290127855925,0.2080325755782922,
20190315,533770152,1035,1552685268.3720367,67.17384416204855,1115.4822001998264,114.5171484133084,1552685266.223119,310.55695576897307,[96.17347061 114.67738803 130.58745547 151.96834661 172.8177911 228.81692913 245.99122661 207.26204377],[1.51571883e+01 2.52654624e+02 1.47655121e-01 7.00738843e+01 2.93404454e-01 1.51335146e-01 3.06178345e-01 2.60545815e-01 2.46257080e-01 2.84000468e-01 3.56094757e-01 3.58635591e-01],__,310.55695576897307,0.2621335863087349,
20190315,533770152,1036,1552685253.096859,61.166507891479334,974.0476012037706,114.06709626109257,1552685250.8724663,307.40525218859193,[116.47531975 234.41167568 175.54138229],[1.46663852e+01 2.36411403e+02 2.18833788e-01 7.38000104e+01 3.35893327e-01 7.07666391e-01 4.53335954e-01],__,307.40525218859193,0.28499584510051484,
20190315,533770152,1037,1552685240.8237827,134.60894319441095,4918.09321522943,117.57744228805828,1552685242.8284707,295.67068294006793,[91.43453906 128.21549828 184.98145584 50.95320254],[1.21712240e+01 4.39536073e+02 2.35954011e-01 2.72556905e+01 5.84441227e-01 7.96350701e-01 1.29227852e+00 3.50370849e-01],__,295.67068294006793,0.287336241407909,
20190315,533770152,1038,1552685229.1659856,64.56312790403447,1083.9325599731483,113.5075658179331,1552685227.6536965,308.0035020704408,[116.23694569 134.67190485 155.05272244 174.13702432 232.14398409 192.45561177],[1.48797991e+01 2.50704816e+02 9.81533323e-02 7.09685766e+01 1.52208978e-01 3.43677577e-01 2.05006707e-01 2.27399150e-01 2.94081165e-01 2.88264054e-01],__,308.0035020704408,0.13767048956782132,
20190315,533770152,1039,1552685217.1612349,65.38133819523465,1110.9076075466285,114.31819429509683,1552685216.3764024,304.51270506294526,[114.84666623 230.44828929],[1.50180141e+01 2.57015188e+02 2.06287497e-01 6.99761544e+01 1.93795868e-01 4.17965762e-01],__,304.51270506294526,0.1890420638929604,
20190315,533770152,1040,1552685206.8967414,61.270654841005864,1250.837931991861,115.9284175970749,1552685208.9132397,303.59531500450794,[113.75891878 169.92370766 152.50042529 226.46084875],[1.38219378e+01 2.82658091e+02 1.57698475e-01 6.85866090e+01 1.53460364e-01 2.38035817e-01 2.23214860e-01 3.08468009e-01],__,303.59531500450794,0.1561721665193976,
20190315,533770152,1051,1552685076.8392026,75.37937210980486,1846.9958647904316,113.8726697394619,1552685075.917431,309.84030037545705,[112.06180849 149.18105074 168.40785842 202.80828948 224.58981986 240.29425575],[2.38773679e+01 5.87054735e+02 1.54400305e-01 9.80818506e+01 1.85360902e-01 2.78185930e-01 2.94241433e-01 4.22510829e-01 4.41476901e-01 4.49171227e-01],__,309.84030037545705,0.1860310230194009,
20190315,533770152,1052,1552685066.3789783,71.93083446352317,1385.2888677336994,114.50076097333266,1552685064.9167619,310.12628739793786,[113.15563957 151.11790381 169.75341271 187.63380985 205.77642205 225.63403817 245.13413714 93.53395388 74.65947017],[2.27870187e+01 4.38674268e+02 1.02768251e-01 9.82815461e+01 1.56768675e-01 2.29906024e-01 2.16884290e-01 3.20248483e-01 3.90176538e-01 2.74854358e-01 4.19830742e-01 3.32052422e-01 3.03500907e-01],__,310.12628739793786,0.11110834255150835,
20190315,533770152,1053,1552685053.536583,70.83576036940744,1187.8481145693586,114.33902351239351,1552685051.4673898,304.69437073130626,[75.88577056 95.08985698 113.73212724 132.88950043 151.95060654 170.91620407 188.51118628 209.01332791 227.39780457 245.76068836],[1.56413557e+01 2.62773232e+02 6.47964291e-02 6.72604233e+01 1.59841202e-01 2.23448109e-01 1.05438095e-01 2.17857217e-01 1.43755418e-01 1.50246875e-01 2.07219274e-01 3.30507367e-01 2.18392433e-01 3.50176700e-01],__,304.69437073130626,0.10471645411019406,
20190315,533770152,1054,1552685041.0613296,70.0666473410403,900.2753810877283,115.46777617312767,1552685039.5271897,305.2848662638606,[56.68495597 76.45624812 95.23692785 114.430144 132.25547213 152.88264749 171.84346381 189.487366 211.46471185 228.42939178 246.05583336],[1.65069255e+01 2.12534131e+02 5.90126143e-02 7.18987211e+01 2.51362901e-01 1.79526592e-01 2.32434862e-01 1.22185666e-01 2.61685039e-01 1.62992924e-01 1.51798430e-01 2.36414577e-01 3.80556881e-01 2.08463139e-01 3.59357742e-01],__,305.2848662638606,0.14544263650461653,
20190315,533770152,1055,1552685029.000569,69.35959559219167,736.1909933247473,116.58054084958,1552685028.491286,309.12976061266664,[76.78239692 114.91921179 153.54312422 172.26351489 229.81477998],[1.67879953e+01 1.78534535e+02 6.98672478e-02 7.48354678e+01 2.43173980e-01 1.60954084e-01 2.25520598e-01 2.30241102e-01 2.86698365e-01],__,309.12976061266664,0.09324655658976047,
20190315,533770152,1057,1552685008.251672,65.15715423372671,1317.547018805201,114.89290950309524,1552685008.2696419,300.0051323210037,[114.1741823 151.28103361 170.64578375 208.26738042 186.884455 227.15864622],[1.43293407e+01 2.91427448e+02 1.50726330e-01 6.59261177e+01 2.14388950e-01 3.12597272e-01 3.19896446e-01 5.27982628e-01 4.22433988e-01 4.28163318e-01],__,300.0051323210037,0.10251905131161221,
20190315,533770152,1058,1552684996.5968552,65.18148886329716,1441.7751930448128,114.94040907793476,1552684997.8862712,303.54690920046465,[75.51060148 94.66863869 113.97610596 133.06970382 152.00427746 170.67002396 189.8258345 229.28038826],[1.38329775e+01 3.05500551e+02 1.28192340e-01 6.44480478e+01 1.82170652e-01 2.73020082e-01 1.19466053e-01 2.58191933e-01 1.93017017e-01 2.00586026e-01 2.61779483e-01 2.76199817e-01],__,303.54690920046465,0.12587335760451693,
20190316,533950817,1021,1552768410.994932,54.34350952529513,1748.44095310746,112.97878623183281,1552768409.083489,310.10786858302885,[57.64113846 79.17104071 95.18221683 115.24233379 134.54003202 153.87643109 172.98995797 192.33872423 211.07953477 230.40403399],[1.74037340e+01 5.66169843e+02 1.89252140e-01 9.89549230e+01 1.61415521e-01 1.86462054e-01 2.33583378e-01 1.22238039e-01 2.43977546e-01 1.97865551e-01 1.70843727e-01 2.35208452e-01 3.13739412e-01 2.55635029e-01],__,310.10786858302885,0.10527611252945014,
20190316,533950817,1022,1552768425.5910807,51.95301755228463,981.4350119852556,113.6853750149964,1552768422.6999617,310.7351310412867,[115.29166674 134.81980789 153.75730561 173.05895392 193.1690209 210.58329519 230.28058452],[1.65802708e+01 3.14851206e+02 1.12134567e-01 9.90944088e+01 1.04992112e-01 2.18867477e-01 1.64419108e-01 1.47682867e-01 2.04789713e-01 2.37945297e-01 2.05750630e-01],__,310.7351310412867,0.1377021274149679,
20190316,533950817,1023,1552768435.4051888,51.98812355682725,403.7902632912777,115.91539425833561,1552768433.117621,310.309665142162,[39.3635562 58.04777917 75.76386916 97.24982186 115.68787492 134.50288696 154.38460211 173.47685449 193.04484215 212.52749158 231.40345062 248.49125063],[1.42639668e+01 1.10935949e+02 5.39349143e-02 8.51402402e+01 3.34219049e-01 1.63263173e-01 1.76470931e-01 2.40429197e-01 1.15567990e-01 2.45573995e-01 1.59277641e-01 1.42560272e-01 2.15232318e-01 3.47495029e-01 1.88763679e-01 3.33385952e-01],__,310.309665142162,0.08942792251114094,
20190316,533950817,1024,1552768445.7591321,50.619294866642974,575.7490529949298,115.600563842856,1552768443.638052,307.0127364647324,[58.50391186 96.50119879 115.54964521 134.18942689 154.04041149 173.31881976 192.51701283 210.79005615 230.94071982 249.5932364 75.96284183],[1.37284563e+01 1.56383732e+02 6.83392098e-02 8.32489445e+01 2.25230965e-01 2.79176798e-01 1.05184333e-01 2.47323661e-01 1.46075821e-01 1.30902987e-01 2.18648469e-01 2.39751111e-01 1.67745085e-01 2.91521858e-01 2.91124053e-01],__,307.0127364647324,0.12503411916948803,
20190316,533950817,1025,1552768744.7773473,59.16561929310125,486.50741988794897,116.20804835616276,1552768742.981029,310.70653569138574,[57.90979977 76.13220926 96.08022596 115.68033223 136.05167083 154.31688878 173.89598411 193.6070185 214.2929053 231.42369002 249.17763781],[1.55431063e+01 1.28095133e+02 4.83030022e-02 8.16160168e+01 1.23043346e-01 2.38592190e-01 2.50596303e-01 1.11416954e-01 2.04441082e-01 1.67372586e-01 1.25962391e-01 2.45750123e-01 3.95684226e-01 1.98911256e-01 3.04392516e-01],__,310.70653569138574,0.15641969860199742,
20190316,533950817,1027,1552768714.3218431,50.823345002985015,712.3634033678577,118.71681016713208,1552768716.0884728,305.50799601151556,[113.25939645 132.56072738 150.62905825 169.89391638 187.84581566 206.12310448 226.60313415],[1.34735402e+01 1.89076892e+02 1.00048622e-01 8.09976605e+01 1.21933975e-01 3.07779768e-01 2.26707858e-01 1.52903124e-01 2.36439176e-01 2.94908858e-01 2.15244515e-01],__,305.50799601151556,0.07335779729625239,
20190316,533950817,1028,1552768699.7640948,46.74118149097198,858.0816617969466,117.04806383141698,1552768700.244239,302.18100508783846,[112.95604044 133.11468232 150.6839423 169.42559122 186.76083879 206.02347988 225.19940389],[1.22833064e+01 2.26895835e+02 1.71012144e-01 7.93251075e+01 1.52366367e-01 3.33918105e-01 2.51758962e-01 1.98770484e-01 3.67763701e-01 3.26197624e-01 2.63292487e-01],__,302.18100508783846,0.10312557806577276,
20190316,533950817,1029,1552768681.3009012,37.55300007035082,616.9146269032636,123.11047537182255,1552768687.9499137,304.1548825623292,[55.34685779 91.79136874 110.92704017 127.1839655 147.40389486 166.49790534 184.95280448 203.10390194 221.37064217],[1.06785357e+01 1.74282329e+02 1.55413832e-01 8.67770954e+01 2.45231680e-01 3.46070463e-01 1.29006839e-01 2.02714972e-01 1.59608317e-01 1.54773461e-01 2.16444054e-01 2.06037007e-01 1.83324357e-01],__,304.1548825623292,0.15263935324778127,
20190316,533950817,1030,1552768669.843689,68.89531746391773,2639.040400335274,106.07496742865196,1552768661.0120516,309.30668523200035,[118.21162014 159.46672523 178.35047468 198.56733991 220.07884688 238.50011206],[2.17700136e+01 8.25444548e+02 5.04688564e-01 9.83231073e+01 1.68738099e-01 3.02688385e-01 2.87523775e-01 3.28791744e-01 3.98658616e-01 3.56981856e-01],__,309.30668523200035,0.1801296845379779,
20190316,533950817,1031,1552768653.402585,57.58108713149036,1592.4810850998867,108.51287223577485,1552768647.437104,310.068683850879,[58.60928539 95.90707075 118.62306925 157.68976724 177.89764259 198.24294902 218.1996873 237.05152929],[1.82542053e+01 4.96067259e+02 1.77584011e-01 9.88732024e+01 1.41964537e-01 2.29279292e-01 1.01644780e-01 2.29814974e-01 1.75091536e-01 2.56089210e-01 3.51062195e-01 1.93242035e-01],__,310.068683850879,0.1857812957613997,
20190317,534116929,1305,1552852249.538214,54.395624424625,1352.9544440618556,113.18780576784123,1552852248.0696287,309.7662133499872,[114.66367881 154.94602591 173.01110648 230.71509823],[1.73422061e+01 4.29592930e+02 2.64732172e-01 9.89931017e+01 1.47758145e-01 2.48972466e-01 2.22235673e-01 2.94997408e-01],__,309.7662133499872,0.19236736014106384,
20190317,534116929,1306,1552852249.3931417,54.87553418607287,850.9519402841363,117.1415648678755,1552852249.7620206,310.16777181287335,[113.32082058 132.24453195 151.06559198 169.70261501 188.5066982 205.75666863 225.91544271],[1.37730651e+01 2.14705529e+02 9.93818057e-02 7.78301434e+01 1.24394829e-01 2.11124283e-01 2.11846947e-01 1.72317981e-01 2.49947416e-01 3.09775326e-01 2.28340858e-01],__,310.16777181287335,0.14058632857112677,
20190318,534319912,1127,1552941665.103109,57.651287432645795,1118.9686266278748,95.1143491086121,1552941645.4639819,313.4128585872444,[19.8209213 40.2638543 60.90884842 80.38105602 102.9184301 121.91329437 142.19501133 162.64803006 182.84631248 202.54958254 225.51381072 243.34203408 263.0714653],[1.33903670e+01 2.60356433e+02 7.94051284e-02 7.27987349e+01 1.50115324e-01 1.24716435e-01 9.36525376e-02 1.61314895e-01 1.26206219e-01 8.10856998e-02 1.41688976e-01 1.16702414e-01 1.06857886e-01 1.57346735e-01 2.43974715e-01 1.44012677e-01 2.53297813e-01],__,313.4128585872444,0.13950124120273857,
20190318,534319912,1128,1552941674.9324343,56.19562820820754,1078.7810164068655,99.96423309277631,1552941659.8556826,304.1128018609612,[40.44561514 60.9468507 81.17428372 102.27062016 121.9787339 142.27515165 162.61518394 183.05202807 202.99235634 222.8708415 243.75569567],[1.34616932e+01 2.59158283e+02 7.30416360e-02 7.28209705e+01 1.19267113e-01 8.65060480e-02 1.22785336e-01 1.06009951e-01 7.73690547e-02 1.20210443e-01 1.01107115e-01 9.48852193e-02 1.57007465e-01 2.22009253e-01 1.42417417e-01],__,304.1128018609612,0.05986315524065834,
20190318,534319912,1149,1552942025.468507,55.30384624688836,1003.1410603425849,80.39382441902815,1552941990.8987398,305.14908442992373,[40.52678686 60.89350862 81.04514645 101.23691638 121.95668333 142.43511616 162.52144136 182.8871142 202.51811336 223.16245231 243.68898293],[1.35252926e+01 2.44103760e+02 9.41525051e-02 7.47573383e+01 1.47573723e-01 1.16775741e-01 1.73473087e-01 1.70273550e-01 1.00402811e-01 1.51343389e-01 1.37452343e-01 1.16495952e-01 1.99236570e-01 2.70800256e-01 1.63651160e-01],__,305.14908442992373,0.10172471331583104,
20190318,534319912,1150,1552942041.8142612,56.54443493959441,436.8010413024886,77.35509033486935,1552942002.510396,312.5221985570749,[20.46307361 40.31002494 60.84606891 81.09261812 101.2994813 121.67364828 142.25781084 162.21684476 182.43868065 201.57842245 221.34280321 241.87944714 262.02547062],[1.50610481e+01 1.16451447e+02 4.04878833e-02 8.32951501e+01 1.94034919e-01 1.63404227e-01 1.16603903e-01 1.48381876e-01 1.24090153e-01 9.34008654e-02 1.49009610e-01 1.05112051e-01 9.74219542e-02 1.76491861e-01 2.37374336e-01 1.63949217e-01 2.41263025e-01],__,312.5221985570749,0.1278667842602535,
20190318,534319912,1151,1552942058.294084,55.03372904837127,549.975426600023,73.64665535067142,1552942014.1077597,308.7526311810394,[40.35805044 61.07620634 82.85841094 101.75907343 122.09139339 142.72907101 162.77880591 183.16017737 204.01509668 224.49315235 244.17257963 263.05370644],[1.46509005e+01 1.47033934e+02 4.81411464e-02 8.21669885e+01 1.75142009e-01 1.07085908e-01 1.39793816e-01 1.36217701e-01 8.98723552e-02 1.19491278e-01 1.06646808e-01 9.19799218e-02 1.94132762e-01 2.39540214e-01 1.52770615e-01 2.44821166e-01],__,308.7526311810394,0.14189413325353725,
20190318,534319912,1152,1552942071.7430508,53.70271424912979,1144.676740873916,72.92238105583348,1552942026.032412,305.54023462684,[40.32731393 60.93522572 80.75380273 101.29749009 122.33890058 142.10196011 162.22337412 182.76354133 224.22585183 243.15780553 261.61642913],[1.27196599e+01 2.72609157e+02 1.36218886e-01 7.23692528e+01 1.39608822e-01 1.20285753e-01 1.65770186e-01 1.46405723e-01 1.00172197e-01 1.31453944e-01 1.38468010e-01 1.43135665e-01 2.43434886e-01 1.70273796e-01 2.49786455e-01],__,305.54023462684,0.18190499417188127,
20190318,534319912,1153,1552942089.3222184,51.20050128167527,1561.6024152984116,74.55594937648624,1552942045.4849222,308.1233401973771,[41.2865855 60.98347795 79.53003617 99.38828043 121.72254246 140.9547025 161.61421064 182.34742039 200.96618004 221.87728352 241.09453525],[1.08540012e+01 3.33342829e+02 2.97349930e-01 6.53602435e+01 1.94951050e-01 1.71268323e-01 1.73704648e-01 2.11958361e-01 1.24760712e-01 2.01253362e-01 1.96547726e-01 1.83173391e-01 2.63457362e-01 2.96912012e-01 2.35937253e-01],__,308.1233401973771,0.24937140914438324,
20190318,534319912,1154,1552942103.4165292,54.65244381316398,1968.5034279879194,74.0717489089132,1552942058.9659076,306.74301785682854,[61.25756242 79.18604004 101.30745251 122.12383643 143.30441227 162.76398982 182.75577725 201.52814291 221.08572986 244.79985275],[1.02979362e+01 3.70325567e+02 1.78311084e-01 5.78861797e+01 1.28966017e-01 1.48419557e-01 1.77632502e-01 9.84990011e-02 1.73319119e-01 1.54729914e-01 1.28243525e-01 1.95513310e-01 2.75506522e-01 1.83752315e-01],__,306.74301785682854,0.24489565525904983,
20190318,534319912,1156,1552942130.3851213,49.96115991145125,959.2472708249412,89.0640362575492,1552942101.0931945,309.49396167136473,[59.57503309 99.50451015 120.16508826 140.23142247 160.32651787 180.1491891 200.66004517 220.36938263 240.55403759],[1.24741193e+01 2.40625868e+02 1.28274425e-01 7.72286396e+01 2.35108421e-01 2.36301489e-01 1.11278712e-01 2.02582728e-01 1.84314972e-01 1.69698782e-01 2.39419007e-01 3.33097750e-01 2.03364573e-01],__,309.49396167136473,0.11019693621115025,
20190318,534319912,1157,1552942143.4702353,51.971353256312916,559.574931765785,88.36337640342353,1552942114.2027495,313.6923133184804,[40.2704907 60.57121637 80.79043998 100.8026623 121.12999769 141.78800652 161.6325639 181.8759122 202.34289677 222.39824703 242.15882713],[1.38375852e+01 1.48017508e+02 6.17272192e-02 8.36572855e+01 1.67487108e-01 1.09011240e-01 2.05471253e-01 1.38447973e-01 1.07313743e-01 1.40863333e-01 1.34670637e-01 1.24588112e-01 2.13910347e-01 3.07024363e-01 2.09758477e-01],__,313.6923133184804,0.07425281685020668,
20190318,534319912,1158,1552942156.4126027,55.72802557555242,427.49536150339907,87.3349104564405,1552942127.2811844,308.307259330052,[60.71741238 82.55653416 101.14031994 120.82590473 141.06479378 161.26249603 181.45910434 200.31146343 223.83360115 241.04798615 261.99171266],[1.50626357e+01 1.15807765e+02 4.97769640e-02 8.33293686e+01 1.18687616e-01 1.62555316e-01 1.55357827e-01 9.19376584e-02 1.77020141e-01 1.28341794e-01 1.09274358e-01 1.92775840e-01 2.51681713e-01 1.67907648e-01 2.84762281e-01],__,308.307259330052,0.20117348473231292,
20190318,534319912,1159,1552942172.5121663,55.96646726587739,490.0935820813345,86.12499476804818,1552942142.4267492,311.71396343878837,[40.41240787 60.62694001 81.18837802 101.04644885 121.85268571 142.39808102 162.49977967 182.89896141 201.72187925 223.31611163 243.31232339 264.41021647],[1.48720359e+01 1.30415515e+02 5.11212093e-02 8.28481816e+01 2.03776711e-01 1.39261701e-01 2.16275248e-01 1.68207467e-01 1.10128545e-01 1.92640956e-01 1.63005610e-01 1.23160309e-01 2.20227866e-01 2.83410912e-01 1.81998827e-01 3.49286008e-01],__,311.71396343878837,0.10251137998523595,
20190318,534319912,1160,1552942187.4244373,57.280468119096504,593.2576208687324,87.55189841231334,1552942158.3180676,312.65170634816485,[40.67058716 60.72302226 81.35619314 101.51678152 121.56283203 142.32254393 162.17914599 182.34267101 202.41776609 222.30632851 242.12007186 262.98469598],[1.48735939e+01 1.54828005e+02 5.20170150e-02 8.11469536e+01 2.13541563e-01 1.54822001e-01 1.74184776e-01 1.63819184e-01 9.80403673e-02 1.76338726e-01 1.41959743e-01 1.25007522e-01 2.07184973e-01 2.63992032e-01 1.64710013e-01 3.01291883e-01],__,312.65170634816485,0.11685268589438277,
20190318,534319912,1161,1552942204.7462318,58.02681022181634,507.97948764499625,89.52041463421918,1552942177.0578396,310.35671313222866,[38.89113565 60.00034227 79.27921874 99.86006022 120.00446526 139.79617535 159.96793498 180.26227939 199.17309249 219.17350645 240.37598776],[1.52868729e+01 1.33599233e+02 5.12860942e-02 8.18011728e+01 2.39052304e-01 1.33608843e-01 2.20504262e-01 2.07369868e-01 1.33466111e-01 2.13423037e-01 1.62159655e-01 1.35260996e-01 2.15908010e-01 3.37753406e-01 1.96018513e-01],__,310.35671313222866,0.11282503952673575,
20190318,534319912,1162,1552942221.8092473,60.48491475892514,643.8659866947829,85.82275246540469,1552942189.8865302,310.2878710371457,[59.79206362 79.27432064 98.79277522 119.7022641 140.72186784 159.67442087 179.59644029 198.74616801 219.87370325 238.50755978 256.63008319],[1.54364289e+01 1.64972750e+02 5.70622180e-02 7.91617112e+01 2.03913215e-01 2.86067051e-01 2.20029002e-01 1.11465456e-01 2.19977350e-01 1.56324292e-01 1.42251830e-01 2.21013366e-01 4.20177748e-01 2.39965598e-01 4.38390878e-01],__,310.2878710371457,0.13799537948575785,
20190318,534319912,1164,1552942246.6306791,51.60772686299979,454.74324918434684,78.61225654372396,1552942207.1396828,304.6138051340895,[62.00243732 123.47208612 186.42185452 245.82618791],[1.42461257e+01 1.22509454e+02 1.20848495e-01 8.45900839e+01 2.53526658e-01 1.86650417e-01 3.33068401e-01 3.80479213e-01],__,304.6138051340895,0.1531353043631623,
20190318,534319912,1165,1552942258.5218768,57.872489995970255,653.3824515416586,80.2816284196253,1552942222.8254695,313.3657577282074,[61.18687862 80.35391815 101.10708987 121.69387565 140.79101276 158.85253088 181.85187735 200.19840331 242.20889389],[1.48234518e+01 1.68152655e+02 8.76903270e-02 8.02237657e+01 2.00210321e-01 2.92018222e-01 2.90936527e-01 1.56327951e-01 2.75773415e-01 3.31520477e-01 2.37897902e-01 3.04243319e-01 3.25457926e-01],__,313.3657577282074,0.16757482615391162,
20190321,534899218,1029,1553197237.6981337,62.848846837972594,1286.6197615786066,115.95240673721045,1553197119.1997838,312.7262145089492,[38.5428946 57.57023363 75.23997553 96.67114244 114.23830019 133.09815531 153.83275696 171.07838946 193.58104269 210.50677266 225.60406353],[1.37963082e+01 2.81883305e+02 1.17353838e-01 6.86549946e+01 1.47872954e-01 1.40249888e-01 8.16234081e-02 1.00089196e-01 1.32467697e-01 1.69315386e-01 1.54594169e-01 1.14990947e-01 1.36226958e-01 2.21452500e-01 2.04403807e-01],__,312.7262145089492,0.34336928380797826,
