20190214,528485724,1251,1550173007.4153903,96.15189656590698,2908.0480547072475,113.21464542453289,1550173006.4805202,323.1564085378336,[36.55612264 54.59406169 73.27502172 109.94952102 146.65096546 164.75603999 182.82518513 219.56905387 237.06166584 256.31693923 274.24307439],[1.30168245e+01 3.93972840e+02 8.32904805e-02 4.37471363e+01 1.11494056e-01 8.99281089e-02 1.13063087e-01 7.64126640e-02 8.85996256e-02 1.09494484e-01 1.20761429e-01 1.37527931e-01 2.29530776e-01 1.95914292e-01 2.26321191e-01],__,323.1564085378336,0.05267193873942882,
20190214,528485724,1271,1550172830.8874078,92.52155444933027,2586.952637135503,113.14990756010324,1550172829.4039505,304.5494689082366,[55.0096236 73.47094436 110.21949918 147.17858047 165.53085396 184.0457128 202.47430419 220.99577227 239.58828945 257.46439051 275.89083458],[1.36930209e+01 3.83772998e+02 7.65491877e-02 4.50558654e+01 1.38774174e-01 1.53131387e-01 7.96863812e-02 9.74559959e-02 1.07903326e-01 1.37826117e-01 3.13893276e-01 1.53209019e-01 3.91888345e-01 2.13947691e-01 2.60155053e-01],__,304.5494689082366,0.04987816849680237,
20190216,528853433,1246,1550349176.9275692,104.12963757830066,2012.1929227894652,116.99937975411555,1550349178.2403052,311.5182508853668,[54.8050908 73.46081918 110.63860594 147.0562947 164.83831351 183.33272182 220.5719378 237.24877948 255.41678515 274.45037987],[1.69089630e+01 3.26559652e+02 5.83720433e-02 5.06081311e+01 1.20410815e-01 1.70870917e-01 8.63762753e-02 1.05942631e-01 1.32810559e-01 1.61316106e-01 1.61552819e-01 2.71383875e-01 2.71448439e-01 2.59009661e-01],__,311.5182508853668,0.1485094213180193,
20190216,528853433,1250,1550345751.0844882,78.11208211736952,1356.370008935113,116.37976500495778,1550345750.6056142,313.2610562228472,[37.90603334 55.86305523 74.17917306 111.61538034 148.94906298 167.28308514 185.71177276 203.7762993 223.12399886 241.69013661 260.54064554 279.05160573],[1.59429195e+01 2.78417886e+02 6.45443199e-02 6.38662138e+01 1.72587782e-01 1.36329943e-01 1.29454930e-01 9.31794763e-02 1.08892417e-01 1.15367636e-01 1.33379533e-01 3.27053805e-01 1.62434681e-01 2.71623080e-01 2.10756054e-01 2.47400463e-01],__,313.2610562228472,0.06226447041641624,
20190219,529392751,1280,1550605166.5785925,95.48210966270186,3603.9130005850825,112.84528407726904,1550605167.716517,300.5291323393602,[111.99643748 149.22752168 167.96973854 186.38472489 223.68003201 260.67371235 279.97472722],[1.13313717e+01 4.27442149e+02 1.42232848e-01 3.57082750e+01 1.06411147e-01 1.48837423e-01 1.65432862e-01 1.68573239e-01 1.69162759e-01 2.90994436e-01 2.97240637e-01],__,300.5291323393602,0.1142172753890071,
20190223,530109351,1238,1550953305.193578,102.59573263687379,1557.7747917399952,117.2650177994047,1550953305.6613183,328.69016371341553,[36.1595379 55.11731671 73.94013086 92.49484463 111.12966308 129.17466299 147.88309662 166.76627976 185.9252147 221.85954827 257.21735502 275.34789661],[1.80697505e+01 2.75243747e+02 4.31420719e-02 5.78279794e+01 1.55332466e-01 1.56489411e-01 1.16357653e-01 1.67540595e-01 7.77891347e-02 1.63425747e-01 9.83323465e-02 1.26570271e-01 1.65484112e-01 1.55414593e-01 2.18057647e-01 3.22529745e-01],__,328.69016371341553,0.13649141186412916,
20190223,530115978,1244,1550950132.5207832,81.0181004730148,2426.348752736981,116.2963199399485,1550950134.0653434,308.95295427439856,[36.76421124 55.20879413 73.82840707 91.85726707 110.85525103 129.2822943 147.94579726 166.43488874 184.66025281 202.67061217 221.74811651 240.56139215 259.12787172 277.74069613],[1.27504289e+01 3.81869407e+02 7.78313554e-02 4.86285415e+01 1.31544862e-01 9.34847851e-02 9.90109272e-02 1.91887832e-01 7.70358207e-02 1.31587520e-01 8.87748173e-02 9.80833827e-02 1.14151551e-01 2.17284346e-01 1.32130192e-01 2.15715228e-01 2.02498290e-01 2.16086801e-01],__,308.95295427439856,0.07701284787707222,
20190225,530463787,1235,1551123575.5906305,78.56176032178946,1613.5521198766799,116.25254668812623,1551123575.4774594,312.8914902986265,[37.51949318 56.22274725 74.65047985 92.80076011 111.85747099 129.77313271 149.17177032 167.92941311 186.02253199 223.40798399 241.72580157 259.61831044 204.11193331 278.2308759],[1.51020289e+01 3.10184470e+02 6.45419083e-02 6.01755010e+01 1.38139089e-01 1.33503077e-01 1.64869979e-01 1.65620342e-01 8.15925662e-02 1.63110783e-01 9.81344186e-02 1.32871394e-01 1.40990135e-01 1.51109563e-01 2.95076396e-01 2.50943118e-01 2.83157936e-01 3.84343846e-01],__,312.8914902986265,0.0757714910060645,
20190305,531778247,1300,1551748679.2002864,96.54052862756606,2111.4246998216645,116.44839535565481,1551748679.4108922,323.8924200307745,[55.40685051 74.2846999 93.61515195 110.74951615 129.85299496 147.7264997 165.99958078 184.57501536 221.88170028 258.43139829 275.97989396 239.03550024],[1.55032464e+01 3.40248591e+02 6.11583123e-02 5.19844765e+01 1.25798909e-01 1.15888485e-01 1.81315204e-01 8.28958670e-02 1.73803528e-01 9.31850633e-02 1.11634524e-01 1.36688964e-01 1.46514833e-01 1.96219159e-01 3.21790523e-01 2.93472092e-01],__,323.8924200307745,0.09135059864759627,
20190308,532471556,1302,1552067353.416024,73.68650913161308,993.2140640429673,116.49650033191035,1552067352.5686471,296.24003483529094,[73.96568155 110.88302975 128.6407817 147.82305701 166.31309222 184.7594097 205.02993921 222.12156175 243.37575653 259.13589492 276.14803417],[1.70150512e+01 2.29592222e+02 4.70850592e-02 6.83846573e+01 1.60394553e-01 8.58232577e-02 1.42762865e-01 1.12378454e-01 1.15586137e-01 1.36076280e-01 2.60108289e-01 1.55709234e-01 2.58414830e-01 1.92754751e-01 2.67884078e-01],__,296.24003483529094,0.13138612403345215,
20190302,531295348,1025,1551496266.029263,66.31698923461019,1957.7608466994507,114.90269151909884,1551496264.4571667,311.73278140303825,[40.97127373 61.64508523 82.07737275 102.79500538 123.21710062 143.86248904 164.00501848 184.91833395 204.04860919 223.88199269 245.31977446],[2.09773094e+01 6.21098194e+02 1.15499131e-01 9.84950384e+01 1.27762113e-01 7.91645148e-02 1.17388456e-01 1.38589001e-01 8.04588352e-02 1.17949400e-01 1.27540638e-01 1.01968240e-01 1.64512608e-01 2.01207467e-01 1.70589591e-01],__,311.73278140303825,0.11970522861363145,
20190302,531295348,1026,1551496278.4389184,66.06165241289007,1602.139905051831,115.183208401185,1551496276.4464,311.43740954917337,[40.58630935 61.61649145 82.16210796 102.8241493 123.17531463 144.22712112 164.83264577 185.20821158 205.27520933 226.17924773 246.80834785 269.17986254],[2.08876567e+01 5.05659024e+02 8.17055514e-02 9.85364474e+01 1.00586826e-01 7.46315495e-02 1.15844703e-01 1.21197397e-01 7.34478241e-02 1.05206763e-01 1.18074621e-01 9.64405747e-02 1.52841514e-01 1.82742569e-01 1.41821031e-01 2.54103937e-01],__,311.43740954917337,0.1018161067016396,
20190302,531295348,1027,1551496291.6274226,67.29244328281914,1629.569672659619,115.87857706795417,1551496289.9864452,304.51781975634594,[40.87045428 61.74992784 81.88726475 102.52942173 123.13030873 143.672352 163.91079053 184.5078541 204.33182217 225.19929008 246.53520069 266.98259874],[1.34898419e+01 3.25929212e+02 9.57442539e-02 6.11037032e+01 1.04566586e-01 8.37507712e-02 1.33101700e-01 1.47058506e-01 8.16465249e-02 1.35093243e-01 1.33252229e-01 1.00542289e-01 1.70090329e-01 2.05759256e-01 1.54671545e-01 2.79546818e-01],__,304.51781975634594,0.1338980059522985,
20190302,531295348,1028,1551496304.7401104,67.18916838291842,1621.4900502682924,117.1726678735954,1551496304.6806304,298.2003306288118,[41.30556471 61.60507695 82.26864533 101.29867942 19.78319083 122.54094808 142.84138147 163.44082053 183.64647635 202.07432262 224.58961589 244.55138857 265.75740243],[1.36098382e+01 3.27669269e+02 8.28121619e-02 6.04218611e+01 1.02053509e-01 7.64912731e-02 1.07718465e-01 1.20247529e-01 1.73128250e-01 7.57028607e-02 1.14878563e-01 1.16457383e-01 1.02235517e-01 1.38802546e-01 1.86515353e-01 1.65154238e-01 2.10890170e-01],__,298.2003306288118,0.1683131841978524,
20190302,531295348,1029,1551496318.8844244,62.73445584680308,1186.9576997977256,116.77681602428147,1551496318.4648454,302.8183596091978,[41.33660713 61.78144089 82.68806402 102.8119948 123.98582859 143.60800843 164.95511552 185.19432262 206.50837593 228.76187873 249.44225969 260.31780685],[1.42963020e+01 2.73860688e+02 7.51882195e-02 6.87880441e+01 1.04924539e-01 8.23705437e-02 9.79154809e-02 1.34844552e-01 8.20609084e-02 1.28884715e-01 1.20989627e-01 1.05620044e-01 1.71685218e-01 1.68863762e-01 1.47747229e-01 1.80149192e-01],__,302.8183596091978,0.28673693732727207,
20190302,531295348,1030,1551496327.5486658,63.89200296056104,1095.7251465922134,117.31597674505028,1551496327.4809377,297.9398480569069,[40.85820021 61.02444172 81.37035479 101.1648697 121.97763384 142.25290471 162.7661091 182.55710324 202.41434669 226.99043013 244.81145731 261.65057314],[1.49268226e+01 2.62702174e+02 9.34773789e-02 6.90596179e+01 1.46097680e-01 1.01848051e-01 1.88074646e-01 1.39997123e-01 9.87997299e-02 1.65222103e-01 1.98054203e-01 1.38392537e-01 2.07910859e-01 3.10848806e-01 2.09873325e-01 2.74357532e-01],__,297.9398480569069,0.17090077593270003,
20190302,531295348,1031,1551496341.130276,67.39877997419924,890.9738486354909,119.05165601721204,1551496342.8167489,319.2086365643677,[40.23291263 61.10451876 81.53303195 101.41804287 122.17232529 142.90124198 163.1036657 182.81091025 203.38137285 223.88126665 243.74387176 261.10545289],[1.57034218e+01 2.07955186e+02 5.43673805e-02 7.43807272e+01 1.33997191e-01 8.53209795e-02 1.45396755e-01 1.27752524e-01 8.10879818e-02 1.58275908e-01 1.25514415e-01 1.11080653e-01 1.72171682e-01 2.41320167e-01 1.75039622e-01 2.47764407e-01],__,319.2086365643677,0.12498549156665546,
20190212,528149263,1194,1550015146.1798296,98.98511813150995,6063.2221551261055,94.60776412658927,1550015134.386474,280.1104281953484,[118.2948942 238.35658089],[7.78707771e+00 4.71273192e+02 3.62729998e-01 2.24412734e+01 2.35362416e-01 4.92572621e-01],__,280.1104281953484,0.17231870425580284,
20190212,528149263,1197,1550015123.0176537,106.35496048207548,6214.06072433286,96.10871430529932,1550015112.5554883,303.859226250106,[119.41224699 239.62546485],[3.34638984e+01 1.96030161e+03 3.95430727e-01 9.54704500e+01 2.93921007e-01 6.11412203e-01],__,303.859226250106,0.07709873511591468,
20190215,528525050,1113,1550189300.6606317,148.90914070484268,6268.587823552208,106.13965648549632,1550189300.5254395,305.32689406303484,[111.86927612 224.31026176],[1.08331355e+01 4.53570295e+02 1.69326444e-01 2.23499562e+01 2.07166657e-01 5.10018003e-01],__,305.32689406303484,0.021184565444568315,
20190215,528525050,1116,1550189284.3239753,166.77065203102046,7247.134771998908,107.17732956532615,1550189285.004925,335.128221072265,[82.34444962 110.17637246 129.36448919 136.46441167 220.07635436],[1.05300366e+01 4.56468466e+02 1.07301008e-01 2.12203317e+01 2.14876655e-01 1.70701872e-01 2.42024176e-01 2.67343260e-01 3.37726762e-01],__,335.128221072265,0.08450233121996543,
20190219,529424542,1114,1550619675.8679338,125.13709367996421,5540.127513730886,103.99363353053562,1550619672.2370112,309.1315810288197,[28.01233888 59.35735482 112.16053978 140.60772327 167.86185498 186.47036785],[1.02874986e+01 4.52892302e+02 1.61589511e-01 2.56193522e+01 1.62857012e-01 1.64970731e-01 2.50854492e-01 2.79130739e-01 3.90267635e-01 4.66397685e-01],__,309.1315810288197,0.1616143201367447,
20190220,529553357,1130,1550704466.507085,100.65731115540251,6214.016726325389,107.49673376975969,1550704467.48141,309.8228118812871,[28.85409971 61.39360322 61.69715346 86.50741277 115.3090744 144.25738809 172.63181623 202.49648651],[3.11854304e+01 1.92733353e+03 2.52776855e-01 9.59855773e+01 8.60305676e-02 1.19506109e-01 1.14373483e-01 1.71917367e-01 2.06571356e-01 1.99032603e-01 2.94477350e-01 3.89384912e-01],__,309.8228118812871,0.0345030898146592,
20190220,529553357,1131,1550704457.5506186,101.63452564839899,6389.607028594921,105.74535928358603,1550704456.8503988,310.5294413994039,[28.87126124 61.53695996 61.76348028 86.6658788 115.61249749 144.40790679 172.95064181 201.84400956],[3.13766241e+01 1.97203197e+03 1.87514101e-01 9.59032291e+01 6.55857116e-02 9.13043552e-02 8.79292429e-02 1.53957615e-01 1.62081686e-01 1.48013399e-01 2.29510198e-01 2.93710158e-01],__,310.5294413994039,0.03447628905976586,
20190226,530691012,1122,1551223966.129258,106.06160637437394,5946.940224428281,109.27282069289495,1551223968.841294,305.78971667145794,[28.47692111 60.85263644 115.21034787 144.03734789 171.36768013 202.49286278],[3.31750054e+01 1.86049863e+03 2.07373666e-01 9.56160409e+01 1.17600728e-01 1.58062200e-01 2.40165671e-01 2.35214489e-01 3.28778792e-01 4.56045000e-01],__,305.78971667145794,0.09200777488034809,
20190228,531051334,1110,1551397440.2351186,115.95160055301466,6187.867051609939,107.92313853541864,1551397441.6337144,299.6979318317665,[27.41580244 58.7003851 113.03225954 141.61121794 168.81232566 197.05939135],[8.76789743e+00 4.65224164e+02 2.22793630e-01 2.28743646e+01 1.38641377e-01 1.71440117e-01 2.21366372e-01 2.09324892e-01 3.22536879e-01 3.80953334e-01],__,299.6979318317665,0.12824467384468222,
20190303,531456648,1238,1551586695.2805278,141.97321271090127,3937.663711460986,112.17127130261916,1551586695.3933928,315.8700383174381,[112.71805438 225.29459645],[1.46270200e+01 4.05426488e+02 9.44768334e-02 3.25708438e+01 1.36312159e-01 2.71404626e-01],__,315.8700383174381,0.029268967114908572,
20190303,531437440,1241,1551572449.6300907,97.76055406036579,4404.119079434301,118.87301905142597,1551572461.4586883,307.74883951487345,[55.42562409 110.78721664 221.35652809],[3.06920331e+01 1.38620460e+03 1.87396300e-01 9.64984187e+01 1.24821155e-01 1.07540948e-01 2.99242657e-01],__,307.74883951487345,0.14662140880742763,
20190308,532310999,1014,1552016252.4839506,106.43828563589186,4672.2398244718315,113.99416618251018,1552016260.1591666,310.193472382513,[28.53449099 58.98119053 65.60754764 84.60048224 114.80604307 144.43461409 171.22172372 200.67297418],[1.01969796e+01 4.46483768e+02 1.43354808e-01 2.97974259e+01 1.32024071e-01 1.16149151e-01 9.42610260e-02 1.60253576e-01 1.65174846e-01 1.33621074e-01 2.09560564e-01 3.02406944e-01],__,310.193472382513,0.21688849370155466,
20190308,532310999,1017,1552016229.136804,106.48900304939819,4600.524080582701,118.09176893712798,1552016240.8835995,332.5792021234643,[28.56324917 58.93382295 65.36683751 85.52582884 114.59320521 142.35200925 171.03242951 198.51922146 283.20594555],[1.02756813e+01 4.41814441e+02 1.18858203e-01 3.20941569e+01 7.37476362e-02 8.56869327e-02 9.08019503e-02 1.32906507e-01 1.41666594e-01 1.10021116e-01 1.85066851e-01 2.83172194e-01 2.86837600e-01],__,332.5792021234643,0.1725591897111624,
20190312,533006429,1086,1552363423.3838625,124.62693554124614,5842.101193799806,104.96857404507092,1552363422.606396,294.4552560857897,[28.38725048 86.01867044 115.1708677 144.24847581 173.69678567 201.7835768 231.04402457],[9.78976260e+00 4.58527443e+02 1.40476087e-01 2.31693000e+01 1.10907922e-01 1.55047166e-01 1.11302605e-01 1.81892821e-01 2.82715690e-01 3.29712255e-01 2.29050494e-01],__,294.4552560857897,0.10171593843663,
20190312,533006429,1087,1552363416.2156537,137.16265368805034,6875.873794172734,103.84688499508226,1552363414.2483668,317.158858522245,[28.73690833 85.85011598 114.67521293 143.62433791 228.5608401],[4.03819106e+01 2.00234814e+03 1.88678088e-01 9.36933768e+01 1.20048007e-01 1.92668766e-01 1.18613304e-01 1.97304602e-01 2.38735402e-01],__,317.158858522245,0.06406777033250131,
20190319,534507164,1034,1553032360.0491936,118.72648694639662,7054.809902113123,107.56335121775535,1553032359.641211,296.6468673797106,[55.17877828 83.33833441 139.28034765],[8.04956905e+00 4.72054995e+02 2.45495533e-01 2.04982397e+01 1.85437650e-01 2.67790490e-01 3.48131047e-01],__,296.6468673797106,0.07005354641419866,
20190320,534482097,1130,1553040570.406846,113.78032816455871,6204.9650063345125,108.5638192334918,1553040572.2642248,305.9784396907605,[86.8202076 114.65555861 229.40585275],[3.53556105e+01 1.93050842e+03 3.91513153e-01 9.50541398e+01 2.24647173e-01 1.50036071e-01 3.33931878e-01],__,305.9784396907605,0.11263779529424546,
20190227,530888457,1302,1551311019.9108534,43.12414157817913,1424.8258954922344,113.84529306082923,1551311017.1840472,310.69322204497496,[19.92207489 39.18367194 59.48536818 69.79772942 79.21973862 89.69632313 97.53629428 118.88412966 139.93781519 158.76062715 177.93679883 189.3841083 197.72083611 209.85816078],[1.37953754e+01 4.56827344e+02 1.86625504e-01 9.93427502e+01 1.27065255e-01 9.77171819e-02 8.63388917e-02 9.50544543e-02 9.93698490e-02 1.14503169e-01 1.02325432e-01 1.12696379e-01 8.46041216e-02 1.22119734e-01 1.34801353e-01 1.83324112e-01 1.54108215e-01 1.36588245e-01],__,310.69322204497496,0.10851666827209167,
20190227,530888457,1303,1551311027.4459434,46.611848771305944,1119.821265575085,118.09091680531914,1551311027.772846,310.95094479444674,[19.68505751 39.19569349 59.11593844 69.84822733 76.84211287 86.64123178 98.09204842 117.73652508 138.84978723 157.28989345 175.70882248 188.08968766 195.98276853 207.71415396 226.80616509],[1.48884290e+01 3.58237576e+02 1.17722842e-01 9.92595404e+01 9.26093872e-02 8.15163215e-02 8.08463304e-02 8.98905849e-02 8.52819874e-02 1.27414665e-01 8.75602016e-02 9.49316060e-02 9.20219990e-02 1.17746469e-01 1.30465436e-01 1.84790469e-01 1.71036693e-01 1.57828546e-01 2.22071497e-01],__,310.95094479444674,0.16250371921090015,
20190227,530888457,1304,1551311026.649428,48.01044764976664,601.1733411961724,119.68783879105202,1551311027.4968145,311.08917914776094,[19.52701488 39.03617005 58.57574353 69.15381222 77.46218819 87.60513146 97.78594328 116.93321603 137.48335564 156.07388317 175.56064148 195.05938065 206.53858644 225.30412175],[1.29780589e+01 1.62560438e+02 7.44455156e-02 8.41059424e+01 8.21195745e-02 8.14682178e-02 8.55139607e-02 1.19874114e-01 1.05143286e-01 2.21785456e-01 9.41817734e-02 9.42735875e-02 1.03821506e-01 1.07642391e-01 1.20896505e-01 1.22200609e-01 1.29334695e-01 2.70321620e-01],__,311.08917914776094,0.06528398618718866,
20190228,530888457,1303,1551312065.7267537,48.63709819554457,855.2302044594395,65.24321710202143,1551312013.7265568,311.750439148103,[19.2880455 38.71387251 49.04222647 57.98002908 68.40492691 76.07039184 96.19214514 115.82567515 137.13382967 154.41026845 174.24766602 191.46791953 205.85559427],[1.54921435e+01 2.72824326e+02 1.22010126e-01 9.92124959e+01 9.80047011e-02 9.78015901e-02 2.48980383e-01 9.74820101e-02 9.67491688e-02 1.03068157e-01 1.07296210e-01 1.30441902e-01 1.05531739e-01 1.53299509e-01 1.55007066e-01 1.87898165e-01 1.73898891e-01],__,311.750439148103,0.1395586892925338,
20190228,530888457,1305,1551312075.1439276,43.079467886541366,1012.3064153463504,74.58957146301074,1551312033.7908912,310.02617089195485,[59.24138671 78.3555135 98.54671045 117.54989732 138.13405526 157.04997068 176.63081079 196.61121505 207.64442322],[1.37350264e+01 3.17291727e+02 2.27960605e-01 9.93726073e+01 2.00392237e-01 2.03325084e-01 1.94792801e-01 1.73102352e-01 1.80600756e-01 2.03489064e-01 2.19906974e-01 2.46153789e-01 2.45000657e-01],__,310.02617089195485,0.09913155300347488,
20190213,528293430,1002,1550089092.8095207,54.29285123564877,1118.044774909608,114.7394521356528,1550089090.071054,305.90380533673954,[80.62681497 93.49801049 106.66096163 120.70029759 135.29144599 146.99880279 159.79159136 174.3108058 188.73222408 202.57412298],[1.29333580e+01 2.67143226e+02 2.04467426e-01 7.29597041e+01 3.02907878e-01 2.69768202e-01 2.56498902e-01 2.82284704e-01 2.17008231e-01 3.54449029e-01 2.60161157e-01 3.25771167e-01 3.67252040e-01 3.31364891e-01],__,305.90380533673954,0.16289539732731198,
20190213,528293430,1003,1550089080.1084971,56.564190815032966,964.0068403435715,115.74715304267522,1550089077.7462475,307.2946264366788,[13.44935874 26.6913908 40.09382388 53.59750583 67.1693766 80.25950323 93.97740519 107.65286804 121.10282636 134.86017614 147.54557726 159.3478897 175.14868095 188.82928293 202.08077706 225.02211884 239.7191577 247.87246467 269.85826662],[1.38364438e+01 2.36167178e+02 9.37261212e-02 7.51610236e+01 1.15420211e-01 1.35520960e-01 1.49331752e-01 1.67590040e-01 1.41298433e-01 1.40510252e-01 1.69507700e-01 2.17917690e-01 2.09694202e-01 1.37782432e-01 2.86367393e-01 1.98687817e-01 2.37767140e-01 2.98185657e-01 1.98059751e-01 2.58752454e-01 2.58618593e-01 4.02732259e-01 4.43118393e-01],__,307.2946264366788,0.039158433609285316,
20190213,528293430,1004,1550089066.4314022,56.13155556779638,437.91890162537334,116.7650577653776,1550089064.3728733,309.56740231252826,[13.3632628 26.65463338 40.24187585 46.47005647 53.65235528 60.09486432 67.41626324 73.24315635 80.56140676 94.16831167 100.94084784 107.58813787 113.055087 121.22128329 128.10304466 135.1147814 147.6795385 160.47956462 174.91947128 188.34116156 203.35300248 226.01774837 240.76428351 248.75925706 271.10910932],[1.50814225e+01 1.17546108e+02 4.41238793e-02 8.31938445e+01 1.54188258e-01 1.42699284e-01 1.45857743e-01 2.96769060e-01 1.63685277e-01 3.39216169e-01 1.33900329e-01 3.51011423e-01 1.30936195e-01 1.51045449e-01 2.58444407e-01 1.55589015e-01 2.69402826e-01 1.43369750e-01 3.21276507e-01 1.13741891e-01 1.75078042e-01 1.50265486e-01 1.73116846e-01 1.79206702e-01 1.49481555e-01 1.78870642e-01 2.10225869e-01 2.55132113e-01 2.05659219e-01],__,309.56740231252826,0.03647282721734495,
20190213,528293430,1007,1550089022.9259548,56.11578340083976,1168.9029165938628,114.89382500270182,1550089020.3664658,308.0954189863617,[13.47079192 26.97605345 40.51390022 54.02690744 67.66066257 80.97687893 94.72118553 108.10195214 121.62629622 135.75771708 148.69688712 160.97975822 175.81888906 189.46009919 203.88881588 226.49979795 241.3681574 250.06545352 271.00283299],[1.30621733e+01 2.72318357e+02 8.92408698e-02 7.17155935e+01 1.08201915e-01 1.03508467e-01 1.02188346e-01 1.00389348e-01 9.51902423e-02 9.78359453e-02 1.14164459e-01 1.17385490e-01 1.21632584e-01 1.16175730e-01 1.41975003e-01 1.44600222e-01 1.61276384e-01 2.01141158e-01 1.72123927e-01 2.92951220e-01 3.13241151e-01 4.49071026e-01 4.79873443e-01],__,308.0954189863617,0.022919093320524938,
20190310,532812123,1019,1552245234.3700957,49.91161271620993,2653.901892187796,120.0266890832251,1552245238.1055272,309.5774924920576,[13.22887341 26.60868641 39.80592041 52.69397508 66.37737264 79.50138644 93.08091798 106.72516549 119.41856515 133.57597133 144.40129049 158.12431396 199.92739239 221.30265372 236.49834359],[1.59173087e+01 8.42545529e+02 4.31520356e-01 9.90326460e+01 1.23336184e-01 1.18554306e-01 1.35996843e-01 1.46053250e-01 1.54069359e-01 1.56749898e-01 1.87656175e-01 2.16111385e-01 2.38168692e-01 2.25751709e-01 2.70669274e-01 2.68950422e-01 3.26599534e-01 3.99318389e-01 4.17134059e-01],__,309.5774924920576,0.09474745182759088,
20190310,532812123,1020,1552245254.5319285,43.47093854824584,1328.2390310408105,115.80743798375137,1552245253.252611,310.33817400281424,[13.47838518 27.01591379 40.53621724 54.01073697 67.61725452 80.70088213 94.55027407 107.93993754 121.4953858 135.72979589 148.44601198 160.8085307 175.09987876 189.09406 203.68077779 226.57942828 241.66589932],[1.39112377e+01 4.25056919e+02 1.89540698e-01 9.93389660e+01 1.00083343e-01 9.60525347e-02 9.94030756e-02 1.08502537e-01 1.07475913e-01 1.12192299e-01 1.22668061e-01 1.34405459e-01 1.45792964e-01 1.20280643e-01 1.53266383e-01 1.49770550e-01 2.22074664e-01 2.38489854e-01 1.85128701e-01 2.61631147e-01 2.88189270e-01],__,310.33817400281424,0.01890277176726892,
20190313,533392212,1016,1552510766.0007217,54.33748844504367,415.2298689152318,117.58803137903028,1552510764.9753342,311.1243047376012,[13.51652957 26.61812269 40.0747594 53.43577577 67.17055163 79.87258074 93.68377922 110.13876884 135.09977172 158.85754381 203.20542992 268.60572929],[1.47107652e+01 1.13621353e+02 1.09689314e-01 8.42137862e+01 1.94475973e-01 2.37248933e-01 1.88503881e-01 1.96410830e-01 2.11453937e-01 2.50984682e-01 2.63544090e-01 3.66023052e-01 2.45441823e-01 3.08616322e-01 4.00119770e-01 5.37947065e-01],__,311.1243047376012,0.1497480597732868,
20190313,533392212,1017,1552510750.469181,55.27779650224325,366.55933168333365,118.39131562175542,1552510750.0799556,313.07787404972044,[13.34692476 26.64763242 40.21546075 53.48662378 67.03660944 79.98649966 93.42193987 107.07988884 120.47415034 134.32254613 147.36779735 158.91252443 174.14504931 187.59568976 200.9719602 223.66840307 238.95489729 246.27536491 269.21073766],[1.49124052e+01 9.89698193e+01 5.40216347e-02 8.44946982e+01 1.54355077e-01 1.40375405e-01 1.24174949e-01 1.30420018e-01 1.36594748e-01 1.48477649e-01 2.11375991e-01 1.87422569e-01 1.95337317e-01 1.53004145e-01 2.17139783e-01 1.93873001e-01 2.57279715e-01 2.81777873e-01 2.26330712e-01 3.07149319e-01 3.03489952e-01 5.40614067e-01 3.11393292e-01],__,313.07787404972044,0.03150786232190421,
20190213,528271370,1160,1550087774.4970102,149.5067151274423,4184.44968353836,111.69193403909227,1550087775.0858896,320.61946440520495,[68.63583873 135.93548744 203.01122685],[1.46121291e+01 4.08407237e+02 1.13090663e-01 3.13977460e+01 1.53906975e-01 2.78967747e-01 5.10038261e-01],__,320.61946440520495,0.10344654037254465,
20190213,528271370,1168,1550087821.8130746,134.16440785754705,3303.467443682344,111.07742985575949,1550087821.8114326,303.7334293419098,[34.74237145 69.79412705 139.85537064 207.22536419],[1.57360580e+01 3.87582826e+02 1.46468212e-01 3.57400132e+01 1.91802424e-01 1.70869623e-01 3.00960044e-01 4.59391735e-01],__,303.7334293419098,0.1281086863225294,
20190213,528271370,1169,1550087829.088323,137.78316194618017,3411.967651326536,111.09270417545557,1550087829.0622063,306.66016873640916,[17.7283207 34.32344604 69.94554601 140.52731821 210.51991122],[1.57085328e+01 3.89368520e+02 1.33063090e-01 3.50533972e+01 1.95395296e-01 2.15977939e-01 1.58875232e-01 2.80073804e-01 4.46498671e-01],__,306.66016873640916,0.10660588758211989,
20190213,528271370,1178,1550087884.9563186,148.4247109345136,4421.163837306687,110.64481979029765,1550087884.8851755,317.65005602454835,[17.55255238 34.89490514 68.90732923 137.8792786 206.20808989 272.2330133],[1.39975227e+01 4.16628102e+02 1.42059317e-01 3.00302715e+01 1.69580269e-01 1.68269544e-01 1.30902743e-01 2.06491397e-01 3.66068526e-01 3.66265240e-01],__,317.65005602454835,0.17060240230985288,
20190213,528316932,1194,1550096085.6770215,149.3250808401121,4441.831920139295,109.49485431898488,1550096084.8092012,309.51478360590266,[17.52949465 35.04198952 69.93201251 105.89356653 139.94449708 210.04376407 279.29412031],[1.40453813e+01 4.17451359e+02 1.07963452e-01 2.91439338e+01 1.21363793e-01 1.70845062e-01 1.01207369e-01 2.08308685e-01 2.02110026e-01 3.37748180e-01 3.37079147e-01],__,309.51478360590266,0.10866895142576226,
20190213,528316932,1195,1550096081.6287909,155.8082745554583,4543.839929678484,110.75304339279712,1550096081.7030342,321.2664466059111,[17.35319832 34.23064319 52.06682998 69.40012371 85.36849016 102.66866334 138.54173181 207.34230023],[1.42498379e+01 4.15186269e+02 9.81308953e-02 2.94376171e+01 1.78088294e-01 1.66522232e-01 1.94612685e-01 1.22701537e-01 2.37160547e-01 2.33149833e-01 2.38114436e-01 3.66641555e-01],__,321.2664466059111,0.08866959328295482,
20190214,528480326,1160,1550171120.0126529,129.50513264651713,3599.0096466053064,110.33484160094102,1550171119.4701817,298.88617787829105,[35.22020619 69.88706907 140.06089522 210.31326669],[1.45554679e+01 4.04410976e+02 1.23693352e-01 3.36741879e+01 1.92568437e-01 1.74198809e-01 3.30218535e-01 5.02357927e-01],__,298.88617787829105,0.12171463664227489,
20190214,528480326,1175,1550171213.9396007,144.49975120923153,4123.465621562189,109.96484072676333,1550171212.562676,323.96829338691435,[35.06285394 51.85794601 69.02100687 86.43397932 137.76473606 206.60918737],[1.43479457e+01 4.09139440e+02 1.01446959e-01 3.22334480e+01 1.73819217e-01 1.88413895e-01 1.35261703e-01 2.21688924e-01 2.22787089e-01 3.85025153e-01],__,323.96829338691435,0.07854762968253398,
20190214,528480326,1178,1550171235.5982838,128.69850813720893,3163.3022257993384,108.55418486309132,1550171232.8201778,295.3602559240029,[17.82305599 35.90520225 52.65574757 70.10014469 74.01973207 89.01329024 141.51985121 215.12437314 255.36761481 284.67280105],[1.56458463e+01 3.87421276e+02 8.02235603e-02 3.58267356e+01 1.28980962e-01 1.56084185e-01 1.56340284e-01 9.46023968e-02 1.34419435e-01 1.85369485e-01 1.61298944e-01 3.01968123e-01 2.82726609e-01 3.22868743e-01],__,295.3602559240029,0.33209054475220645,
20190214,528480326,1183,1550171268.910222,147.15394789937062,4254.323391572859,111.38590161586968,1550171268.9754856,326.50180107124254,[16.8353453 33.97278472 51.50209522 68.49019756 85.7820403 137.29844019 205.15133148 273.86278029 287.00242322],[1.42326832e+01 4.11165919e+02 8.68292626e-02 3.16340046e+01 1.11835483e-01 1.33086626e-01 1.59302552e-01 1.16984615e-01 2.23459548e-01 2.05404201e-01 3.10147389e-01 3.54447113e-01 4.25349210e-01],__,326.50180107124254,0.15582263864030313,
20190214,528507632,1104,1550183296.8010662,142.78104314658214,3603.1409011627916,110.62859128717942,1550183296.982298,309.40066190770585,[70.1888307 139.96359354 210.42650036],[1.56550572e+01 3.94242865e+02 1.48832127e-01 3.45081759e+01 5.68489126e-01 1.10329744e+00 1.72455302e+00],__,309.40066190770585,0.05660251846311939,
20190215,528702258,1131,1550267871.0702899,129.76188742717915,3299.784006527094,111.84435489221269,1550267872.0428102,294.04093722366736,[69.43508573 138.31589622],[1.54422927e+01 3.92468778e+02 1.40411923e-01 3.51398750e+01 2.21628122e-01 4.19281255e-01],__,294.04093722366736,0.06398920886238889,
20190215,528702258,1136,1550267838.7922928,139.3322282117785,4001.4841733576654,110.54408666480114,1550267838.6636472,305.15504487949215,[68.8021364 137.07719435 206.13214791],[1.43227824e+01 4.11032520e+02 1.03508807e-01 3.14514642e+01 1.70409553e-01 3.35432652e-01 5.22741982e-01],__,305.15504487949215,0.06310204475078492,
20190215,528702258,1193,1550267528.5190315,148.54309703825584,4378.957496720485,110.94337336863089,1550267528.8082204,318.07941720745106,[16.31637866 33.94023601 68.70001042 102.68361289 137.1421169 205.42159961 274.38176204],[1.40975196e+01 4.15141613e+02 9.94192328e-02 3.02407583e+01 1.31529293e-01 1.31871762e-01 1.25114966e-01 2.28396170e-01 2.27904853e-01 3.97075147e-01 3.95244169e-01],__,318.07941720745106,0.1354263831001427,
20190218,529224524,1113,1550528849.1014163,129.3888363885842,4523.130314953528,110.57692911410318,1550528849.5584347,307.95646137124555,[17.50412707 35.10290233 51.7530942 70.07610635 88.27349807 105.85252276 140.71089342 210.25452434],[3.96646789e+01 1.38930135e+03 1.21852792e-01 9.43793168e+01 1.11100974e-01 1.24342560e-01 1.74142495e-01 8.73571117e-02 1.84301246e-01 2.02843349e-01 1.54190149e-01 2.85527893e-01],__,307.95646137124555,0.09404231798219143,
20190218,529224524,1121,1550528793.6948102,126.83826937214918,3828.5817720532627,110.8201619647593,1550528793.7470667,302.73409560542837,[13.70716017 17.14046998 34.77151054 52.69164194 70.21118575 140.63940542 211.08760192 278.5319031],[1.37174696e+01 4.13752948e+02 1.05083885e-01 3.27692568e+01 1.72829719e-01 1.53496508e-01 1.26360059e-01 1.28639958e-01 9.27513978e-02 1.51599345e-01 2.92004171e-01 3.47377370e-01],__,302.73409560542837,0.11225646509445882,
20190220,529567936,1110,1550700454.0677142,135.60105151453132,4628.917614209229,109.76659241391371,1550700453.2797825,320.9098031289206,[34.72627329 51.8563682 69.30081204 86.56339007 138.84419098 207.72653631],[1.25931276e+01 4.29090226e+02 1.27809484e-01 2.98676249e+01 1.36736210e-01 1.90044586e-01 8.63924267e-02 2.03226491e-01 1.51045213e-01 2.76801015e-01],__,320.9098031289206,0.06323762691505616,
20190222,529935813,1175,1550863351.6043873,129.1248443285975,3309.181453236399,110.0403290215146,1550863350.2278614,297.0990881132414,[35.30455998 52.14829226 69.83285787 87.1025968 139.30594193 210.68334972 278.5888647],[1.53118743e+01 3.92741125e+02 1.08031250e-01 3.52784877e+01 1.83675816e-01 1.96221981e-01 1.39321499e-01 2.32212383e-01 2.30737962e-01 4.20275712e-01 4.54165195e-01],__,297.0990881132414,0.13063357441611004,
20190222,529935813,1176,1550863358.7287462,143.15128269547415,4112.580179983252,110.13664992937841,1550863357.4557495,316.7954111972651,[17.4279871 33.84013293 51.62822707 68.80514819 85.5886901 137.40324851 205.29508776 272.88660494],[1.42994869e+01 4.10542524e+02 1.05890510e-01 3.17055408e+01 1.53759251e-01 1.54698187e-01 1.49863258e-01 1.24115381e-01 2.10638536e-01 2.11786285e-01 3.72605165e-01 4.19125819e-01],__,316.7954111972651,0.10575891807230067,
20190222,529963208,1122,1550873504.7688003,134.49180581935093,3113.3699508148743,110.16115438910893,1550873503.835905,294.9363638576489,[71.89901427 142.7519558 216.48504849],[1.63310617e+01 3.80360647e+02 1.07189744e-01 3.58613502e+01 2.37395620e-01 3.94915655e-01 7.37005865e-01],__,294.9363638576489,0.08026169096327809,
20190225,530483364,1092,1551132437.9169354,127.53673758536843,4074.634294004999,109.64151433602136,1551132436.4569526,301.4435590757995,[17.11757117 34.4690853 51.87602882 69.51959912 86.47477595 138.79686866 208.89477819 279.13757776],[1.31973785e+01 4.21352921e+02 1.20659318e-01 3.12293618e+01 1.55996432e-01 1.33768294e-01 1.39096586e-01 8.99719093e-02 2.00349341e-01 1.63925590e-01 2.83131556e-01 3.29692793e-01],__,301.4435590757995,0.09721542856235595,
20190228,531037035,1149,1551382332.01448,122.94776150178966,3298.8241222484953,111.03885058079433,1551382331.6615677,293.90406801498585,[17.39782631 34.8620279 52.20882424 69.98965647 86.8495556 139.93463261 209.81523192],[1.48011074e+01 3.97758915e+02 8.78215273e-02 3.53684171e+01 1.47990635e-01 1.40303257e-01 1.31478975e-01 1.30309652e-01 2.25208271e-01 2.28016035e-01 3.18919217e-01],__,293.90406801498585,0.06964462315958202,
20190301,531232513,1149,1551470465.8110847,130.1382072213729,3653.4510182098256,64.46473744765956,1551470419.0427823,301.9494677542079,[17.09253806 34.55632009 69.13931314 87.00349466 103.59878814 138.45089423 208.62867714 276.32725667],[1.44298766e+01 4.05427719e+02 9.15756637e-02 3.34960762e+01 1.10014026e-01 1.19907291e-01 1.00864229e-01 1.81829605e-01 1.76891494e-01 1.61199663e-01 3.06917786e-01 3.36730700e-01],__,301.9494677542079,0.1446948546792942,
20190301,531232513,1151,1551470473.4275343,135.43173423453425,3814.568808014015,71.78680991591052,1551470433.7735958,311.94028886300083,[16.87069194 34.50341225 51.79185767 68.83211468 137.82148914 207.08979264 272.90538754],[1.44267374e+01 4.06103101e+02 9.52978553e-02 3.32852935e+01 1.54235733e-01 1.65983025e-01 1.86674741e-01 1.17640937e-01 1.98367552e-01 3.49145314e-01 4.60708009e-01],__,311.94028886300083,0.07467280173347601,
20190301,531232513,1180,1551470654.5092242,130.11224172748555,3680.1432108091512,110.26937513245623,1551470653.3654451,299.8287273168261,[68.67148846 137.42673088 206.28064007],[1.43829046e+01 4.06712579e+02 1.07553103e-01 3.31739993e+01 9.85079319e-02 1.49081374e-01 3.36430700e-01],__,299.8287273168261,0.03058624633018501,
20190301,531253346,1114,1551478191.573817,142.052139534859,4444.82842265564,111.32695491415124,1551478192.354257,309.90881698966695,[33.83032943 69.16734711 85.6092183 137.28336893 206.39226221],[1.35027970e+01 4.21852390e+02 9.46826623e-02 2.95054788e+01 1.41474179e-01 1.10513610e-01 2.01460260e-01 2.01359888e-01 3.56002067e-01],__,309.90881698966695,0.10094674646901385,
20190304,531749517,1097,1551736901.8878107,146.8055020951742,3965.896349104136,101.63415993129776,1551736892.319946,309.6687526323718,[17.14956958 33.99303621 51.25888368 68.96135984 85.17377345 107.83716382 136.94725347 206.56176291],[1.49615788e+01 4.03905709e+02 8.18146547e-02 3.15906222e+01 1.28945137e-01 1.41075766e-01 1.42405790e-01 9.68563562e-02 1.99027617e-01 2.00879422e-01 1.65299824e-01 2.70037947e-01],__,309.6687526323718,0.09744805148047868,
20190306,532131461,1105,1551912829.1773696,128.5142488404027,4492.252234238418,109.36742252454502,1551912828.0793803,310.84628913557947,[16.94475658 34.41233959 51.63501215 69.08293962 86.22740325 138.19848618 207.06855547],[3.90639338e+01 1.36218755e+03 1.25117369e-01 9.45571754e+01 1.67608246e-01 1.28167585e-01 1.65516971e-01 8.19158591e-02 2.02925521e-01 1.47486111e-01 2.41767218e-01],__,310.84628913557947,0.0625113199798934,
20190308,532513793,1120,1552083179.3131669,119.63416765082248,3704.4494113359715,112.35015813957096,1552083180.8551972,308.5790707862598,[16.61278611 33.96226692 51.4335962 69.30981148 85.6761374 101.94478216 138.63024367 208.34308919],[3.69228737e+01 1.14375163e+03 1.44079933e-01 9.52342417e+01 1.60697572e-01 1.71660679e-01 1.90841582e-01 9.83832459e-02 1.84773673e-01 2.11286650e-01 1.56560772e-01 2.69495982e-01],__,308.5790707862598,0.12133877492751374,
20190313,533365188,1142,1552501521.889465,129.10441809985926,3038.499023820455,110.4131386661534,1552501521.6943831,291.2822809996292,[16.96268025 71.98072664 142.32942787 216.94554264],[1.61271200e+01 3.80934265e+02 9.15456465e-02 3.64260039e+01 1.37499627e-01 1.83511617e-01 3.08262489e-01 6.03362206e-01],__,291.2822809996292,0.15130078523876736,
20190320,534689838,1166,1553105652.6910892,143.87720329432997,3628.094981087699,111.74432962839236,1553105653.3225772,308.6794811637005,[16.65251971 33.96969395 51.61686915 68.73751865 136.84847958 206.5091763],[1.56058939e+01 3.93273814e+02 8.23920949e-02 3.35256377e+01 1.47627864e-01 1.50495394e-01 1.67175609e-01 1.22246851e-01 2.23098734e-01 4.19135520e-01],__,308.6794811637005,0.10033595685497007,
20190321,534917320,1115,1553202155.385722,122.21545321374118,4398.535670973268,111.68052988618851,1553202156.5083985,307.42420030560646,[16.77184009 34.02552129 50.44119273 69.47865288 83.7259103 103.03476732 138.54364367 206.64988595 5.01557003 11.96508597],[3.77106946e+01 1.35561024e+03 1.29198808e-01 9.49123124e+01 1.12905080e-01 1.53953054e-01 1.97478798e-01 8.40566055e-02 1.63668566e-01 1.95874975e-01 1.39547840e-01 3.21646481e-01 1.63699971e-01 1.40150782e-01],__,307.42420030560646,0.14084156867286035,
20190212,528121421,1212,1550001733.105328,117.29182293255813,4753.734000651641,91.14592216356245,1550001715.1926975,306.98007076776486,[25.87137805 130.7681285 145.40247592 260.79073036],[1.09800677e+01 4.43441966e+02 2.04974087e-01 2.89159127e+01 1.48984066e-01 2.38524870e-01 2.80000953e-01 4.45294272e-01],__,306.98007076776486,0.21132217458955127,
20190212,528121421,1214,1550001719.206227,119.40506953408872,4841.749592763512,92.69298440444463,1550001702.552162,308.15074957656157,[26.42688172 51.85425176 78.62064066 103.52506738 130.07703761 259.67642204],[1.09829141e+01 4.43878156e+02 1.71992441e-01 2.84848364e+01 1.24518487e-01 1.53594562e-01 2.15003222e-01 2.46394079e-01 2.14902300e-01 4.54086696e-01],__,308.15074957656157,0.12630846638550658,
20190212,528135910,1214,1550008321.5828872,110.83742668858865,3997.5225702360776,110.0752316903532,1550008322.0455406,300.75978944106913,[25.00655464 51.5565264 76.75441398 102.35972683 129.11610174 258.7957457],[1.19318842e+01 4.29631313e+02 1.68312091e-01 3.24443378e+01 1.20730824e-01 1.41354634e-01 2.01423818e-01 1.89177654e-01 1.31225763e-01 2.85392990e-01],__,300.75978944106913,0.1732174315679544,
20190213,528297736,1218,1550086618.8813074,135.64100544090468,4825.67991989304,91.58991912082344,1550086600.2006896,302.22390779869914,[25.77997272 51.65826488 129.16363045 256.4745901],[1.22668528e+01 4.35711013e+02 1.63837783e-01 2.73797357e+01 1.09127947e-01 1.36858102e-01 1.22787611e-01 2.71412066e-01],__,302.22390779869914,0.13198725370025038,
20190213,528297736,1220,1550086610.9493272,138.54333204861356,4482.792633003876,92.2596161542551,1550086592.6161327,310.81199497541655,[25.78085437 51.32982181 76.26585087 102.77560895 128.84284792 257.17260893],[1.31395192e+01 4.24925093e+02 9.90882869e-02 2.95077402e+01 7.78050499e-02 1.54077110e-01 1.94473120e-01 1.92572612e-01 1.39494519e-01 2.95772649e-01],__,310.81199497541655,0.10246852151739785,
20190213,528280389,1160,1550080312.73829,137.39182797320237,4088.1877556410873,74.16287036696905,1550080275.9933774,318.1210054390782,[130.31156209],[1.39144847e+01 4.13503150e+02 1.75133007e-01 3.23164586e+01 1.70664716e-01],__,318.1210054390782,0.059722732818768436,
20190213,528280389,1161,1550080319.9150007,131.5306112708513,4079.7640422878353,72.21321323732148,1550080281.4015474,303.70782248620105,[131.02230723 262.85042751],[1.35142254e+01 4.18730838e+02 1.61070438e-01 3.12564832e+01 1.56896052e-01 3.21349487e-01],__,303.70782248620105,0.18210677487657823,
20190213,528280389,1162,1550080324.9924319,137.31341018827305,4966.763056355267,72.26043658066367,1550080286.7768533,314.00993295425235,[25.99441984 51.37919727 77.66666282 102.67684116 129.85085912 258.10306829],[1.21233672e+01 4.36830366e+02 3.94462787e-01 2.79755109e+01 1.84833345e-01 1.81480529e-01 2.21262958e-01 2.41674178e-01 2.12669149e-01 4.17509383e-01],__,314.00993295425235,0.220858282236065,
20190213,528280389,1168,1550080362.3453329,130.0403482435054,4033.6818154119696,73.52192374584678,1550080324.9183712,300.7490703017426,[25.82450149 51.36901325 76.93770563 103.76037228 129.96511661 258.76465555],[1.35112732e+01 4.18639801e+02 1.39715684e-01 3.12970484e+01 1.52595547e-01 1.71032739e-01 1.95789076e-01 2.39303802e-01 1.70788832e-01 3.17203717e-01],__,300.7490703017426,0.20341960073271478,
20190214,528489908,1091,1550174171.857048,131.5229775997856,4534.906809521706,94.78574282613233,1550174157.1699936,289.71184145667866,[128.0934494],[1.27468769e+01 4.33881514e+02 2.73107812e-01 2.88886473e+01 6.50595584e-01],__,289.71184145667866,0.03588934425859235,
20190214,528489908,1092,1550174165.8159997,150.16770621210694,5593.258587768504,92.2679315117721,1550174148.610537,314.49239872096433,[24.82631204 49.82536552 76.03211399 101.01271781 116.42573618 127.36912551 254.31329099],[1.18998363e+01 4.42224393e+02 1.70455635e-01 2.50089525e+01 1.33405784e-01 2.00348143e-01 2.06858942e-01 2.31564397e-01 2.45541367e-01 1.54969838e-01 3.31165626e-01],__,314.49239872096433,0.1604793544523013,
20190214,528489908,1214,1550173493.1367795,138.2102587213151,4806.0141424047715,72.0764960797311,1550173455.7099416,302.88661024917803,[26.29515101 51.89566976 77.18503993 102.83861864 118.35647345 128.80752456 257.3506116],[1.24958757e+01 4.33825846e+02 1.16108407e-01 2.74424881e+01 9.22228229e-02 1.30550392e-01 1.94228485e-01 2.16405939e-01 2.51705601e-01 1.72075204e-01 3.42222435e-01],__,302.88661024917803,0.10948293176868895,
20190214,528473220,1180,1550168132.928669,121.82984856474953,3557.7598466182576,75.09753621507731,1550168096.6029146,306.5608411084414,[26.00116196 52.00514727 77.92017491 104.08827576 119.88836327 130.02732909 260.63129818],[1.39335193e+01 4.06837099e+02 9.19875786e-02 3.50737220e+01 7.41659940e-02 1.13346905e-01 1.75024418e-01 1.91392966e-01 1.55258123e-01 9.97335859e-02 2.36074884e-01],__,306.5608411084414,0.0962987687848941,
20190215,528682603,1101,1550259945.7528808,124.41377767224601,4377.126721661531,91.16814134802445,1550259927.4214747,299.1529104277836,[25.75021704 51.74798145 103.70936188 117.63683021 129.01785128 257.31499274],[1.22827593e+01 4.31916965e+02 1.18778705e-01 2.95746371e+01 1.15751138e-01 1.28074945e-01 1.81586253e-01 1.98927881e-01 1.32248083e-01 3.04507241e-01],__,299.1529104277836,0.12593982078689198,
20190220,529566557,1156,1550689783.2427197,136.83882004751467,4010.6790489995474,71.36316159918738,1550689743.5585046,309.55549431776825,[25.1059577 50.77944623 76.55563616 127.83890949 256.48312713],[1.40745689e+01 4.12226992e+02 1.16329433e-01 3.18748168e+01 1.54846221e-01 1.55513734e-01 1.67509504e-01 1.38792380e-01 2.91114325e-01],__,309.55549431776825,0.22243781203206608,
20190220,529566557,1159,1550689802.7857838,135.98157907362878,3952.649123666772,72.98022048417764,1550689764.773935,308.1930600140251,[25.47251981 51.15651034 76.59469475 128.4365198 257.17479103],[1.41518012e+01 4.11175850e+02 1.55385132e-01 3.21389637e+01 1.42757057e-01 1.56966307e-01 1.95491691e-01 1.68664681e-01 3.08846749e-01],__,308.1930600140251,0.18357044513579113,
20190220,529579639,1092,1550695767.6829271,118.10867838079368,3667.0025549909637,101.45786863398344,1550695757.754609,312.393509989808,[25.92097707 51.20777596 76.63250878 102.40245076 116.83852203 129.74697842 259.11339164],[1.32980165e+01 4.12612786e+02 1.22377757e-01 3.52200808e+01 8.90806629e-02 1.36847876e-01 1.50373935e-01 2.07928980e-01 1.96580159e-01 1.25281006e-01 2.95268612e-01],__,312.393509989808,0.12332807396317523,
20190220,529579639,1097,1550695730.5853906,116.30365722769264,3546.826251608451,99.39164712067297,1550695718.478596,305.9256626091359,[25.51328669 51.63469329 77.81635837 104.62917479 116.40850012 129.95300459 260.08088392],[1.34709926e+01 4.10488191e+02 1.33657142e-01 3.54806245e+01 1.76123970e-01 1.77252674e-01 1.99430521e-01 2.19049318e-01 1.89721743e-01 1.22213518e-01 2.81474958e-01],__,305.9256626091359,0.13020920580127382,
20190227,530839854,1155,1551291169.2754433,130.3410251753457,4047.9970822082987,49.30088817081166,1551291107.6815233,303.85210988417657,[25.49590058 50.82731541 76.74154631 114.69480162 128.38240534 257.24335115],[1.34763330e+01 4.18414677e+02 1.03083291e-01 3.14378591e+01 9.39590338e-02 1.44216154e-01 1.47983408e-01 1.42749643e-01 1.05275504e-01 2.39306364e-01],__,303.85210988417657,0.15865670254033445,
20190306,532113754,1114,1551904126.7593877,109.7141958655626,4647.197764018097,89.6542078405477,1551904107.1500242,306.0766808181138,[26.19367758 77.27824674 105.02926977 131.21254569 262.74408324],[1.05243820e+01 4.44936449e+02 1.59858716e-01 2.94189091e+01 1.00983112e-01 1.90172701e-01 1.77261515e-01 1.22200407e-01 2.48255850e-01],__,306.0766808181138,0.06346204530424432,
20190307,532278142,1151,1551980760.8557143,131.62908128622777,3778.4266092838807,96.28832124505848,1551980746.294468,308.51050796191396,[25.07514939 49.78996798 101.9920565 127.58495078 255.94595384],[1.42103497e+01 4.07874947e+02 9.00567132e-02 3.33215018e+01 1.19950915e-01 1.60370234e-01 1.76405903e-01 1.16692317e-01 2.44222463e-01],__,308.51050796191396,0.13436112797384062,
20190308,532471895,1153,1552066261.265612,141.60179676560278,3945.692973163471,76.96027210881707,1552066227.1728337,310.4227718003667,[25.50928475 127.06118058 253.11743384 50.81536136],[1.46080163e+01 4.06675770e+02 1.05930182e-01 3.20594706e+01 1.30464395e-01 1.47534310e-01 3.22971147e-01 1.83643379e-01],__,310.4227718003667,0.13529897890393197,
20190311,533032439,1105,1552343446.1188278,126.40419521591666,3622.945060389743,91.21822032268656,1552343425.5963874,311.0085510796636,[25.59297294 52.06326494 78.35476991 103.41976161 130.63792866 261.34650322],[1.41471732e+01 4.05376479e+02 1.02923777e-01 3.48318507e+01 1.03261172e-01 1.66445261e-01 1.88757720e-01 2.08837101e-01 1.11735221e-01 2.54936141e-01],__,311.0085510796636,0.11841887033057302,
20190311,533032439,1107,1552343429.4027479,122.19919377935496,3441.5245145479603,92.76128199444149,1552343410.18814,301.3508391093187,[26.08570842 51.3564843 104.05956071 130.98407928 261.70197532 77.83243578],[1.43081461e+01 4.02793699e+02 1.04607207e-01 3.53142654e+01 1.21098693e-01 1.77953947e-01 2.04755099e-01 1.39494400e-01 2.79338051e-01 2.18125790e-01],__,301.3508391093187,0.10635356271940159,
20190319,534474064,1157,1553013730.2984598,136.3036205567217,3583.678792998242,84.1327279077827,1553013703.5980237,289.8754374666575,[25.18126073 50.24038519 74.70238619 100.23470529 126.2204698 253.52028293],[1.52039156e+01 3.99862016e+02 1.00376485e-01 3.23658009e+01 1.11494121e-01 1.72725401e-01 1.97256980e-01 2.05280947e-01 1.46097000e-01 3.00816604e-01],__,289.8754374666575,0.15152274278124095,
20190320,534674516,1166,1553099932.1922252,136.71269408538708,4065.6332518362433,96.30450285549674,1553099917.7342699,314.5175206707208,[25.25112123 50.27027656 76.05649147 126.73313517 255.11789088],[1.39112600e+01 4.13387162e+02 9.44981147e-02 3.20321086e+01 1.04217549e-01 1.50050531e-01 1.67328066e-01 1.43098966e-01 3.28100591e-01],__,314.5175206707208,0.1358422097591077,
20190321,534873038,1157,1553186209.3304262,138.4878503505215,4008.573383172633,80.44890502990609,1553186178.8140283,317.9593024919962,[25.46362191 51.22336427 76.62046225 103.03310907 117.36075098 128.62066593 214.32515865 258.00627647],[1.41595494e+01 4.09965353e+02 8.38890919e-02 3.25284069e+01 1.08179896e-01 1.37201561e-01 1.64717347e-01 1.92685383e-01 2.00229387e-01 1.12509208e-01 3.18345265e-01 2.69608138e-01],__,317.9593024919962,0.2133277724018515,
20190222,529930264,1149,1550860802.5155153,99.1694302902675,2412.593465511344,72.40524309347099,1550860759.4846845,312.6588305265249,[32.39070147 65.22370431 97.50008094 194.85189498],[1.49514393e+01 3.64781119e+02 1.43089670e-01 4.72481286e+01 1.59611159e-01 2.35694635e-01 2.07314079e-01 4.39024046e-01],__,312.6588305265249,0.045180159365886985,
20190222,529930264,1174,1550860995.6431427,97.0720483217655,2830.73154576917,86.50439436248988,1550860967.7148526,300.1161311296786,[63.03844817 96.01723999 126.98178714 191.65720901],[1.35307011e+01 3.94777236e+02 2.97544828e-01 4.20005415e+01 1.89521783e-01 1.39169116e-01 2.19916390e-01 2.93065822e-01],__,300.1161311296786,0.07488607626759107,
20190222,529930264,1186,1550861092.407377,104.93771429105222,2018.3720445916804,88.83105531524754,1550861064.1134806,321.134530712749,[31.1104865 64.19842471 97.40257469 194.07333815 289.35926471],[1.68447088e+01 3.23880799e+02 8.98708393e-02 5.15912792e+01 1.14285046e-01 1.58189195e-01 9.20240525e-02 2.15085450e-01 3.79259705e-01],__,321.134530712749,0.10738840094943651,
20190222,529948401,1107,1550867061.993478,105.15284321721772,2969.6811867631864,97.72276718791572,1550867043.940042,300.43415171310676,[96.65342652 193.37627211],[1.40155764e+01 3.95733786e+02 2.67960211e-01 4.03298300e+01 1.95373282e-01 4.48038749e-01],__,300.43415171310676,0.09997274126602798,
20190222,529948401,1110,1550867031.7916818,91.08909632749906,2099.332736410559,109.37170669401192,1550867024.0143604,309.98794786277426,[94.40775942 188.78077226],[1.50903513e+01 3.49848542e+02 4.03947937e-01 5.17298919e+01 2.23232673e-01 3.97797136e-01],__,309.98794786277426,0.03461004085030911,
20190222,529948401,1119,1550866958.433549,98.73635559489766,3045.4874611927066,100.85994759190599,1550866944.3766053,298.0910038077206,[32.23312019 64.52679804 96.5261485 193.88142853],[1.31190966e+01 4.04295446e+02 1.84204409e-01 3.97036857e+01 1.17044670e-01 1.75039915e-01 1.08381701e-01 2.76606107e-01],__,298.0910038077206,0.07029482832556541,
20190228,531022273,1152,1551376613.558191,107.7001320166417,2463.835606730179,79.82521886966373,1551376577.2298865,317.01576315796603,[96.63045465 192.80472833],[1.56787156e+01 3.58842986e+02 1.03515024e-01 4.61770937e+01 1.06396835e-01 2.45523714e-01],__,317.01576315796603,0.03561364557807048,
20190228,531022273,1153,1551376618.4111586,102.45022162318944,2493.8577420107754,85.63878022722486,1551376585.4051905,300.78167950823416,[31.54731107 63.38174526 96.44964679 192.52047387],[1.51759503e+01 3.69618710e+02 1.05375186e-01 4.45955174e+01 1.70557346e-01 1.53694382e-01 9.19040905e-02 2.29180612e-01],__,300.78167950823416,0.06220027422786478,
20190228,531022273,1166,1551376713.1586564,102.10779602148422,2618.600984570898,90.36565725993728,1551376686.8176172,302.4339348464737,[31.89079786 64.20269122 96.62026668 192.51080652 290.25225576],[1.47247795e+01 3.77560348e+02 1.38899147e-01 4.37005647e+01 1.37648144e-01 1.57444882e-01 1.13381818e-01 2.99684864e-01 4.19827563e-01],__,302.4339348464737,0.0655838371350922,
20190301,531214310,1168,1551462979.9886813,99.0352278522825,2724.347569458259,65.12948072885527,1551462925.5409486,293.1583334879821,[31.38999606 95.69011382 191.85983796 62.99423041],[1.41422777e+01 3.88555599e+02 1.32535546e-01 4.19094125e+01 1.72710255e-01 1.21065768e-01 2.55742424e-01 1.37741802e-01],__,293.1583334879821,0.17344025012991215,
20190215,528673253,1109,1550256980.1214871,102.9255674543788,2427.0606426284176,113.4258189384301,1550256979.6420426,300.3912007359951,[99.29057445 198.83452128],[1.54678105e+01 3.65658358e+02 2.55386438e-01 4.53698344e+01 2.04948783e-01 5.17414643e-01],__,300.3912007359951,0.04231790802029497,
20190215,528673253,1114,1550257022.1186483,106.16225252534511,2114.45715765372,113.65064565759796,1550257021.2169514,307.608119100706,[24.97844875 49.1627367 74.74898553 98.87682491 197.92311484],[1.68139237e+01 3.35341055e+02 9.74139226e-02 4.87441121e+01 1.79546794e-01 1.81168352e-01 2.02659970e-01 1.15098767e-01 2.56494324e-01],__,307.608119100706,0.06076647675590786,
20190215,528673253,1123,1550257100.8249643,105.21432112343354,2342.1169149839843,111.91851597059078,1550257098.7801535,305.31876552884677,[24.54619983 48.11303719 99.31637567 198.47383662],[1.59511623e+01 3.55338610e+02 1.41026984e-01 4.63704553e+01 1.63876696e-01 1.48016371e-01 1.29590237e-01 3.05463199e-01],__,305.31876552884677,0.07051974577197812,
20190215,528689027,1108,1550262779.4472413,119.01353420856107,5209.689054252327,107.96472934859344,1550262779.4515867,297.9975658125468,[97.8899113 195.83233979],[1.04049767e+01 4.51748005e+02 2.62122893e-01 2.63845912e+01 1.93692169e-01 4.24580258e-01],__,297.9975658125468,0.019798565483804816,
20190219,529361650,1067,1550607992.3260663,136.37859695222465,5564.411358949223,106.4173238943366,1550607990.7589805,298.9891083703808,[24.38649942 48.6964143 73.23314558 97.59303021 122.40337191 153.35235508 195.79678216],[1.10222435e+01 4.49512365e+02 1.46400629e-01 2.42291111e+01 1.13653322e-01 1.47700961e-01 2.05579407e-01 1.32592715e-01 2.69100637e-01 2.20958370e-01 3.25502214e-01],__,298.9891083703808,0.06692117056902376,
20190219,529361650,1246,1550606978.0102506,141.44901199285803,5703.424326552537,108.0208733218224,1550606977.4923646,314.63662239825544,[24.53988847 48.78889767 73.5768055 98.61328356 123.3414119 153.89483833 197.15850884],[1.11258744e+01 4.47863563e+02 1.36423953e-01 2.48093954e+01 1.24503458e-01 1.04905197e-01 1.38852618e-01 9.84183803e-02 2.15634546e-01 1.78384406e-01 1.98118228e-01],__,314.63662239825544,0.05472651819860334,
20190227,530696852,1049,1551228121.0402486,128.17360018510522,5533.564994490197,108.09381053167185,1551228120.2908587,296.45656603234295,[25.87887674 52.15061666 78.13971197 104.37872969 129.81268232 151.82872168 182.90710192 208.5014697],[1.04957890e+01 4.52631199e+02 1.17524026e-01 2.43145516e+01 8.95271704e-02 1.01923121e-01 1.30988875e-01 9.84968991e-02 1.84981191e-01 1.87595260e-01 2.97365842e-01 2.11619239e-01],__,296.45656603234295,0.04589004849634095,
20190301,531217131,1152,1551466102.7092373,120.88650680138502,5265.46960375852,107.76815202451549,1551466101.4884589,314.02283034108996,[96.89657336 193.82733124],[1.03724702e+01 4.50022066e+02 1.75890029e-01 2.70623996e+01 1.34375337e-01 2.98846950e-01],__,314.02283034108996,0.018627981228420777,
20190301,531217131,1169,1551466223.7131596,118.3936205977256,5472.484225467136,110.40693289834611,1551466225.3979838,311.20364099774264,[24.54094429 48.38342793 72.139304 91.85989059 96.368581 144.66448693 191.96172847 287.0708108],[1.28175192e+02 7.19256779e+03 1.29921063e+01 3.29497566e+02 7.93420217e+00 8.74639771e+00 1.19539655e+01 8.78068495e+00 6.86465810e+00 1.32853309e+01 1.31864631e+01 1.99835309e+01],__,311.20364099774264,0.17504530777205188,
20190301,531237775,1100,1551472118.1630704,125.37270799919762,5664.593553055831,108.60248803274614,1551472118.4398017,315.797384524819,[24.7225845 49.10482184 72.88064932 98.70330564 123.24468028 149.26344369 197.50942526],[1.00827879e+01 4.53973058e+02 2.00133076e-01 2.55186283e+01 1.11450731e-01 1.28081210e-01 1.69832195e-01 1.04086112e-01 1.97184461e-01 2.01156939e-01 2.07214427e-01],__,315.797384524819,0.08872021846422336,
20190306,532109091,1115,1551902851.82708,113.65708368162382,5362.080765999518,105.42486984314723,1551902848.968016,312.38084605634197,[26.81499465 48.21169682 73.2357513 97.7824184 161.61826459 195.6207838],[3.47206139e+01 1.63809251e+03 1.56395051e-01 9.54433734e+01 1.31196294e-01 1.41508675e-01 1.59983880e-01 1.00446388e-01 1.94057656e-01 2.40300909e-01],__,312.38084605634197,0.10139358002700068,
20190306,532109091,1125,1551902770.3611186,111.337461225694,5288.742358735146,108.02319100005754,1551902770.2465744,306.9146746494261,[24.2199946 48.22802989 73.22474299 97.61215343 160.85274575 195.11582133],[3.46427770e+01 1.64991865e+03 1.45008200e-01 9.54522592e+01 1.38576480e-01 1.71979599e-01 1.65940430e-01 1.02683119e-01 1.99110460e-01 2.19821017e-01],__,306.9146746494261,0.06163484209463306,
20190306,532096032,1154,1551898001.999296,157.83455012197163,5672.6817260680955,107.40488318670292,1551898000.6051626,322.9011281082333,[46.10316944 70.64542498 94.50857551 116.45270823 158.02030376 188.25182116 281.66958863],[1.22365855e+01 4.39300260e+02 9.24148376e-02 2.50714887e+01 1.44515611e-01 1.74657498e-01 1.17413256e-01 2.09983252e-01 2.46890715e-01 2.55640090e-01 3.47198556e-01],__,322.9011281082333,0.17546822450792202,
20190312,533189022,1226,1552417963.89326,117.92915195274759,4806.766504818096,97.0169693664543,1552417952.2983742,298.8136951253049,[25.46806801 49.03390653 98.60776981 155.26609948 195.67135165],[1.09361122e+01 4.44889635e+02 1.53272410e-01 2.77760770e+01 1.24489178e-01 1.29991620e-01 1.11412794e-01 2.06038563e-01 2.96542661e-01],__,298.8136951253049,0.13575900928610612,
20190313,533347562,1151,1552498300.4943366,138.98529680926384,5148.8155261715565,81.94532074455913,1552498274.0324836,317.8740417991747,[24.19311192 48.2587325 72.08005573 96.60207535 120.26159723 152.90546156 192.60731279],[1.18636502e+01 4.39035845e+02 1.04915262e-01 2.71757301e+01 1.07879913e-01 2.25210583e-01 1.50984248e-01 1.01550111e-01 2.03980276e-01 1.80081096e-01 2.24762485e-01],__,317.8740417991747,0.06268276907523251,
20190315,533784076,1082,1552690331.4456775,107.469372823654,5512.978921457818,107.07847418548052,1552690330.1283035,311.0643402519758,[24.5037803 49.90644532 74.80584546 99.16850926 123.09794755 156.64375123 148.30031928 198.79046604],[3.30821664e+01 1.69673406e+03 1.62457729e-01 9.57697314e+01 9.60287370e-02 9.58770094e-02 1.40373279e-01 1.04296348e-01 1.93820174e-01 1.73392251e-01 1.97118932e-01 2.23319566e-01],__,311.0643402519758,0.10684422732907195,
20190320,534699509,1118,1553109348.9437554,116.86488936444488,4542.677713131228,108.6719353985876,1553109347.9741583,318.8643268127361,[23.53766042 49.87171304 97.81710031 156.50449359 194.80714192],[1.12697188e+01 4.37530526e+02 1.38007713e-01 3.08072680e+01 1.66321416e-01 1.23696758e-01 1.04494564e-01 1.79354551e-01 2.61155747e-01],__,318.8643268127361,0.10495034151924332,
20190320,534674280,1157,1553103580.4955714,142.25344349127656,5265.171504233707,104.85245947763674,1553103578.7023466,292.52993761813764,[49.11656688 98.42639824 153.43584073 198.13587715 296.40507352],[1.19524932e+01 4.42171847e+02 1.45251226e-01 2.46278943e+01 1.40676370e-01 1.05766994e-01 2.48355552e-01 2.39134751e-01 3.48945526e-01],__,292.52993761813764,0.13867446292513602,
20190321,534881233,1151,1553190172.0918603,128.87786473252712,4810.831619742679,108.34894957368483,1553190171.6253297,301.5912838783306,[23.75606929 48.11017032 72.66148727 97.36748638 121.57781091 194.79107597 291.38762895],[1.17805184e+01 4.39005287e+02 1.09400146e-01 2.76091511e+01 1.45630471e-01 2.22563563e-01 1.86315453e-01 1.14727337e-01 2.08369566e-01 2.43633506e-01 4.16048131e-01],__,301.5912838783306,0.08154589266822079,
20190322,535080597,1157,1553276772.0089612,127.02951535242322,3594.900373829924,110.20199200724214,1553276773.483161,309.86872937294237,[24.69620299 48.35711422 73.4555859 98.84686927 148.1809672 198.07018057],[1.42983682e+01 4.03778479e+02 9.53505675e-02 3.49174025e+01 1.07574975e-01 1.38010361e-01 1.40406373e-01 1.08500340e-01 2.05603663e-01 2.28017449e-01],__,309.86872937294237,0.1598468857665362,
20190225,530480996,1002,1551128011.101505,112.12429545678579,5748.847505409151,62.23354417690319,1551127967.497521,303.6283320523357,[110.65064146 192.98505611 222.23077466],[3.51842462e+01 1.80543969e+03 5.04839266e-01 9.52130203e+01 2.49622749e-01 4.80070795e-01 5.93019195e-01],__,303.6283320523357,0.066283191649009,
20190225,530480996,1003,1551128016.3583636,118.94383297670339,6839.968268297233,64.3875007981288,1551127974.9359605,301.3936458301483,[26.57554295 52.87154836 108.08451432 134.63609769 188.34987131 217.06444244],[3.72339550e+01 2.13842603e+03 3.25825726e-01 9.43931835e+01 1.23706442e-01 1.60544844e-01 1.15623812e-01 1.79536192e-01 2.89290588e-01 2.89224660e-01],__,301.3936458301483,0.12775298144018965,
20190225,530480996,1004,1551128022.0195959,120.63681175744256,7085.652339432373,65.48424505354964,1551127981.6577275,302.7875387895412,[54.02093709 80.51350361 107.97993846 134.44278332 189.39529919 216.68581784],[3.76292168e+01 2.21318366e+03 3.09499101e-01 9.42161378e+01 1.23220344e-01 1.39403222e-01 1.12750859e-01 1.46848861e-01 2.66657781e-01 2.57710760e-01],__,302.7875387895412,0.0979278303717411,
20190225,530480996,1005,1551128027.7674794,116.91106811460567,6666.006709726419,67.17257514196871,1551127989.1259553,299.2965473591499,[26.90450896 54.75388232 82.18495108 109.26144967 137.04382677 192.38327576 220.30817516],[3.69513883e+01 2.10568855e+03 3.47418603e-01 9.45015310e+01 1.60352543e-01 2.23113687e-01 2.59600412e-01 2.14701737e-01 3.47056587e-01 4.66200330e-01 5.42813579e-01],__,299.2965473591499,0.09642966538609526,
20190315,533783993,1024,1552690456.3905418,82.80737162087313,1429.8330600615627,115.22423516761118,1552690454.4042485,304.945098436169,[61.73044453 91.68962194 121.85228726 183.58737307 151.52792431],[1.65358233e+01 2.85600322e+02 1.15330583e-01 6.09510404e+01 2.20517125e-01 1.53490044e-01 2.26991509e-01 2.48134309e-01 2.45022771e-01],__,304.945098436169,0.1736142148923418,
20190315,533783993,1025,1552690461.7759037,79.29066022866942,638.4427557079491,117.75091953268341,1552690461.2197015,317.315868329473,[30.7790502 61.33041514 93.06374906 123.30797219 183.6976119],[1.83460520e+01 1.47963939e+02 8.09972877e-02 7.34657292e+01 2.02905875e-01 2.34678060e-01 1.82715187e-01 3.28671359e-01 2.88347047e-01],__,317.315868329473,0.11811680743966932,
20190315,533783993,1027,1552690482.9681141,85.93131248967792,431.37915286095057,116.99123599970483,1552690481.1368752,315.96902202069947,[29.30066492 60.0649224 92.89694319 179.31117461],[1.97414328e+01 9.93106672e+01 8.46298143e-02 7.26863104e+01 2.85486197e-01 3.69521071e-01 1.89818002e-01 3.40138566e-01],__,315.96902202069947,0.23897920967802344,
20190315,533783993,1028,1552690492.9950109,83.27175660332172,220.7439407415966,116.64560424370877,1552690490.8019314,313.3608843697445,[31.74440775 64.92784707 94.24725002 130.40258869 192.81200396 231.01966629 287.84607228],[1.97880474e+01 5.30389581e+01 4.08707311e-02 7.44285791e+01 2.21977719e-01 2.89087805e-01 1.97957315e-01 3.20920823e-01 4.15043409e-01 4.93605483e-01 5.14361880e-01],__,313.3608843697445,0.34778261785387427,
20190315,533783993,1030,1552690507.9639974,95.12048323719347,1458.8361314976885,121.73759441088836,1552690511.1804287,320.51586880501793,[28.75084547 55.86885919 87.06423462 114.50847795 143.06510366 162.80082793 194.79450556 261.20908127],[1.77016089e+01 2.72870945e+02 9.90875151e-02 5.96240793e+01 1.88168188e-01 2.43010814e-01 1.83384989e-01 2.56331723e-01 3.08297601e-01 3.11283340e-01 4.21834375e-01 3.73764071e-01],__,320.51586880501793,0.4441324910240176,
20190316,533783993,1023,1552695033.0569596,93.67707154169213,1101.5768911050625,117.18498920949075,1552695032.1077557,311.5873432688984,[30.46244415 60.85206237 92.23217876 121.4662374 153.37902809 182.76553632 212.45153816 276.74095616],[1.89983751e+01 2.24265988e+02 9.04557047e-02 6.32073705e+01 2.06361365e-01 2.20130483e-01 1.83103371e-01 3.62592298e-01 4.77965365e-01 3.75220658e-01 6.43612905e-01 5.15888969e-01],__,311.5873432688984,0.0975360240703814,
20190316,533783993,1024,1552695025.296842,88.17844126446626,424.09158006337316,117.27610473517407,1552695023.7776213,308.63243329728977,[31.58993926 62.16815514 93.85681593 123.1071323 155.27312944 186.48410285 216.01787376 281.51874709],[2.02889156e+01 9.76214838e+01 4.70550285e-02 7.10611764e+01 2.87165631e-01 3.48531723e-01 2.00223397e-01 4.23566307e-01 4.29268651e-01 3.77989982e-01 8.32593444e-01 5.91337535e-01],__,308.63243329728977,0.08613234112546102,
20190214,528473737,1057,1550172062.174925,152.77980241122478,5981.3198415128245,34.34015066320859,1550172061.5502183,287.1627862908491,[25.99889936 53.41338239 80.33757383 106.74157708 214.2400492],[1.15547480e+01 4.49668278e+02 2.09099361e-01 2.19142532e+01 2.08989649e-01 2.04907512e-01 3.16191489e-01 2.86014033e-01 6.00728661e-01],__,287.1627862908491,0.0881927527657241,
20190214,528473737,1058,1550172058.513516,150.03313637063178,5527.309250483095,34.79501657467922,1550172058.2539732,288.4756369955459,[27.31626462 54.4263843 108.50763175 165.32420425 217.55442936],[1.20846882e+01 4.43875454e+02 1.88278063e-01 2.34121128e+01 2.16471220e-01 2.56870246e-01 2.99589239e-01 5.85855482e-01 6.29331632e-01],__,288.4756369955459,0.08103532377098656,
20190214,528473737,1059,1550172055.302742,155.53294084863938,5913.98835507225,34.67770097516098,1550172054.956634,294.06271463308065,[106.92539184 214.75004533],[1.18316576e+01 4.47110597e+02 2.18840307e-01 2.25934528e+01 2.86761902e-01 6.02082191e-01],__,294.06271463308065,0.04640873028489935,
20190214,528513333,1076,1550184639.4587731,105.53242166474766,5133.6227465908405,109.87530659396683,1550184641.3070543,305.34963465340974,[109.13396689 218.50577619],[3.33106338e+01 1.65481868e+03 8.17816788e-01 9.57940722e+01 4.01690605e-01 9.22773667e-01],__,305.34963465340974,0.043316608769382085,
20190214,528513333,1077,1550184643.1421418,103.89076025130453,4915.2996088810805,108.89816038526551,1550184643.8747094,306.41629677738854,[110.82170596 221.39583843],[3.25611635e+01 1.54646619e+03 4.13569596e-01 9.60040253e+01 2.11494831e-01 4.30603027e-01],__,306.41629677738854,0.04122120427491866,
20190216,528756142,1079,1550301840.0429173,141.89470829674121,5926.312343717294,106.51866065893248,1550301838.6283865,307.1567602602713,[56.28517455 84.92852532 113.4247061 139.94013824 226.18940303],[1.08345611e+01 4.51572735e+02 1.16072267e-01 2.34979841e+01 1.49978376e-01 1.70326469e-01 1.18981715e-01 2.03106678e-01 3.22739221e-01],__,307.1567602602713,0.07974123352405608,
20190216,528756142,1085,1550301804.8021214,147.47929831017015,5897.963368475355,106.74144147975535,1550301803.4259703,319.23088476343855,[28.41561622 56.84489331 85.05299809 113.70459279 141.64228063 227.06753975],[1.12172135e+01 4.47879819e+02 1.06202278e-01 2.43251059e+01 1.08012013e-01 1.40292503e-01 2.19421692e-01 1.34453257e-01 2.13579346e-01 2.71153047e-01],__,319.23088476343855,0.05907366307537683,
20190220,529473306,1299,1550644915.8506157,103.61490447763632,3667.7170744428813,80.65353895139009,1550644887.9718575,290.3717862426716,[113.0612706 228.17211941],[1.20319766e+01 4.26448747e+02 1.65481786e-01 3.36895267e+01 1.24091456e-01 2.38822989e-01],__,290.3717862426716,0.19847844242286744,
20190220,529473306,1300,1550644912.6865127,113.55737337839722,4399.877553253305,82.09300197589245,1550644886.0033236,300.12861614184584,[110.24082595 220.3102601],[1.13234760e+01 4.38703160e+02 1.61404055e-01 2.99666246e+01 1.05690000e-01 2.99179451e-01],__,300.12861614184584,0.07746765389091446,
20190225,530369426,1073,1551081367.0518105,123.85256842778905,6418.286762083831,109.28142030515403,1551081372.1975002,294.45664143278697,[106.93575526 214.26112189],[9.04761991e+00 4.65242650e+02 3.02703926e-01 2.17317986e+01 1.53910662e-01 3.20681413e-01],__,294.45664143278697,0.0450918064869579,
20190225,530369426,1074,1551081370.5777159,126.96378093667758,6637.119644464385,106.56592445996048,1551081372.8134274,293.38118447294636,[107.7218169 215.94578901],[9.00678181e+00 4.66316830e+02 2.59098056e-01 2.10487571e+01 1.92602377e-01 4.16531453e-01],__,293.38118447294636,0.02636334849160539,
20190303,531497972,1066,1551613625.6905358,150.84385122665537,6988.737269973163,104.9353920171326,1551613624.1648283,308.1706481589778,[109.3911801 218.53123012],[1.00111730e+01 4.60804818e+02 1.44496028e-01 2.06026807e+01 2.91297859e-01 6.40453451e-01],__,308.1706481589778,0.025420464697228935,
20190307,532272942,1001,1551978919.144759,109.62511599071833,4772.195315942307,110.92493223530647,1551978922.479732,293.63263774220525,[115.54069485 231.89696721],[1.03816626e+01 4.49060439e+02 4.59800887e-01 2.81256479e+01 1.52413477e-01 3.30827322e-01],__,293.63263774220525,0.10985874121361937,
20190307,532272942,1004,1551978898.104122,96.23748515790975,3858.849224818881,116.35157816574396,1551978906.7200098,285.91259174724524,[113.08773627 226.36479606],[1.09297643e+01 4.37292211e+02 4.48745438e-01 3.27676500e+01 1.52764984e-01 3.42115022e-01],__,285.91259174724524,0.042351389985839136,
20190311,532958447,1063,1552315903.997947,132.06532853166456,5481.385406255202,107.60153083607705,1552315905.3401787,286.13165625656876,[28.25925476 54.89997831 110.1572976 220.88964195],[1.08796943e+01 4.51077493e+02 1.30513157e-01 2.35894686e+01 8.55313558e-02 1.17229459e-01 1.14157070e-01 1.98220021e-01],__,286.13165625656876,0.046987511877230215,
20190311,532958447,1065,1552315913.155705,139.73494487055174,5723.124320850292,107.77050421214608,1552315914.3292084,301.95577825709853,[27.43929067 54.97278551 82.19829939 110.14706242 220.06975016],[1.10003653e+01 4.50010620e+02 1.09221862e-01 2.38050307e+01 1.06818998e-01 1.13162410e-01 2.01369825e-01 1.24507059e-01 2.54369187e-01],__,301.95577825709853,0.03687222674498874,
20190311,532919352,1077,1552304510.3628578,113.11253495970018,6174.229954139855,105.50014599872725,1552304509.65715,309.85808910211347,[27.69984773 56.11416875 83.8918887 112.63023478 139.68609071 167.2841945 225.08566763],[3.47663753e+01 1.89920178e+03 1.72211341e-01 9.52174592e+01 1.09788328e-01 1.20290015e-01 1.94945526e-01 1.05658150e-01 1.99117933e-01 2.41625849e-01 2.45966452e-01],__,309.85808910211347,0.06556460946802865,
20190318,534339896,1149,1552951529.9635494,152.92654252839023,4925.028144115864,107.23272315835251,1552951529.3339567,288.0427927623703,[27.13670516 81.20612354 109.57619261 219.67578691],[1.33541337e+01 4.30023445e+02 9.24803526e-02 2.51742698e+01 1.00561193e-01 2.08285352e-01 1.77065285e-01 2.99447075e-01],__,288.0427927623703,0.0827353175883197,
20190325,535607057,1157,1553520093.9890676,133.3929236432944,5669.9811504996005,53.316018851029234,1553520038.7025783,310.3343682375847,[112.76510774 225.75423447],[1.06129074e+01 4.51536351e+02 2.29955707e-01 2.48248716e+01 1.05014050e-01 2.51298011e-01],__,310.3343682375847,0.12348310873296836,
20190227,530879905,1023,1551307376.0179482,76.35900524347355,3097.1482201132635,117.70317117995198,1551307379.7491012,309.70221462693934,[40.82641186 60.75725486 81.85983047 91.55440077 122.69703964 163.68143341 183.634171 202.85301799 247.53143587],[2.41481958e+01 9.80243492e+02 1.24012316e-01 9.78987569e+01 9.88867531e-02 8.47115276e-02 7.82831526e-02 9.43735262e-02 9.41911706e-02 1.13637857e-01 1.48235616e-01 2.28268975e-01 2.05485547e-01],__,309.70221462693934,0.18376098098847227,
20190227,530879905,1024,1551307382.2982361,75.66435201661476,2560.5124197846512,118.6400040253253,1551307384.4738278,309.55038693420164,[42.27748429 62.01749679 82.96127806 123.8856264 165.90556416 186.51053858 207.56400526 229.64436238 249.22707106],[2.39318832e+01 8.05410319e+02 9.49636210e-02 9.80033128e+01 1.01262759e-01 8.51025727e-02 7.02184586e-02 6.94515390e-02 9.44349188e-02 1.03524148e-01 1.33522789e-01 1.79834580e-01 1.40393161e-01],__,309.55038693420164,0.07430001755832302,
20190227,530879905,1025,1551307390.1157458,74.90364430929527,2364.2777933582493,121.73805134373285,1551307393.0711572,310.5545396418651,[39.93134852 61.87052239 82.46935331 123.75975672 143.81520526 164.2650491 184.51341285 205.43889755 226.10938495 247.11421453],[2.36555214e+01 7.47523680e+02 9.68508589e-02 9.80666805e+01 1.72148442e-01 1.00595361e-01 7.25804336e-02 7.80133204e-02 1.47420832e-01 1.06494923e-01 1.33902502e-01 1.60758959e-01 2.04077189e-01 1.54652917e-01],__,310.5545396418651,0.06617453895352653,
20190227,530879905,1026,1551307400.4384708,75.6477960158693,2284.4866351401706,121.68150769843764,1551307402.448823,311.29108029284794,[41.43126902 62.33430342 82.57474256 124.24524044 145.08085896 165.81006153 185.81608295 206.9401386 227.98010043 248.16996615],[2.38162297e+01 7.18101271e+02 8.02198601e-02 9.80514786e+01 8.34721184e-02 8.06550476e-02 7.38597550e-02 7.44064770e-02 1.23311492e-01 9.03816263e-02 1.29894173e-01 1.43634405e-01 1.73736577e-01 1.40611235e-01],__,311.29108029284794,0.05829841244696047,
20190227,530879905,1027,1551307411.1365964,76.71049487716228,2335.695156472995,119.93159616708904,1551307412.3341446,309.88934737346113,[41.2966296 62.38404301 82.79863296 124.38852183 144.91937072 166.10202158 185.97917188 207.57336366 228.39235219 248.98447092],[2.42529184e+01 7.38422928e+02 8.59167847e-02 9.79762469e+01 1.54430118e-01 9.86959748e-02 7.10397248e-02 7.35334121e-02 1.11869099e-01 9.28329407e-02 1.41460054e-01 1.80117637e-01 1.86297111e-01 1.42040813e-01],__,309.88934737346113,0.06308074128309292,
20190227,530879905,1028,1551307422.1636856,79.29123078093819,2562.1490542276997,117.99285872779959,1551307422.2325022,310.8432636655749,[20.33861135 41.53490657 62.24636333 82.97994951 103.1773748 124.50935461 144.91039802 165.98849498 186.46393157 207.62329572 228.42624788 249.5263973],[2.48965757e+01 7.95182006e+02 9.03267552e-02 9.78531215e+01 1.86668592e-01 9.13067775e-02 8.14986175e-02 7.18060362e-02 1.30859938e-01 7.40818253e-02 9.95355156e-02 9.29858168e-02 1.26098745e-01 1.32084521e-01 1.56071150e-01 1.36981835e-01],__,310.8432636655749,0.03670104848596603,
20190227,530879905,1029,1551307432.5274835,78.90004587739303,2549.8584946679634,118.09264581190007,1551307433.0138624,310.5852086943826,[41.94544567 62.74031656 83.35993764 104.24744556 125.07440117 145.94383303 166.91316403 187.63419366 208.64864978 229.56551172 250.22354513 270.25847085],[2.48680445e+01 8.05019953e+02 8.89162870e-02 9.78542158e+01 1.05508405e-01 9.14750573e-02 7.51066343e-02 1.26772013e-01 8.20954299e-02 1.14781413e-01 9.42558591e-02 1.25033499e-01 1.43790587e-01 1.52062681e-01 1.51775529e-01 2.30346596e-01],__,310.5852086943826,0.03729692417570927,
20190227,530879905,1031,1551307451.152001,79.56608029281549,2849.683788017411,114.2920120838407,1551307450.3380651,310.106965823363,[41.08888497 62.61701001 83.47867963 104.37548827 125.16509167 145.90329106 166.95068176 187.76986685 208.78673846 229.63710721 250.49824336 272.01239482],[2.50301552e+01 8.90617314e+02 1.34327641e-01 9.77949469e+01 1.53989026e-01 9.79049882e-02 8.31690794e-02 1.25023656e-01 8.76282625e-02 1.35656459e-01 9.55257168e-02 1.23565743e-01 1.74080009e-01 1.59500475e-01 1.49805254e-01 3.42520653e-01],__,310.106965823363,0.028045271940513063,
20190222,529805251,1005,1550803701.3834512,79.41779910953493,1681.420095320528,115.72858989145445,1550803700.6029499,305.9623297682675,[14.39208849 28.59764366 32.55698299 44.03686193 48.15922771 65.37205613 81.6835344 88.16131272 97.94196691 114.24453943 131.19911767 146.89692238 158.53359663 163.17045355 179.49356039 195.95226215 202.71262502 212.3512523 229.32559877 245.69367725 261.68180046],[1.50953747e+01 3.19821479e+02 6.92278376e-02 5.81574712e+01 2.94176120e-01 3.19987429e-01 1.64710864e-01 9.70864415e-02 1.16938439e-01 1.03761729e-01 1.20691235e-01 1.28472581e-01 1.08154918e-01 1.17546384e-01 1.51572793e-01 1.82706086e-01 1.68582864e-01 1.51138364e-01 1.77454206e-01 2.43578235e-01 2.55519581e-01 2.15791202e-01 2.61371045e-01 2.90737633e-01 2.78022770e-01],__,305.9623297682675,0.04750452148537764,
20190222,529805251,1006,1550803691.8818614,81.06535025910253,1199.856655689356,116.56475357306329,1550803690.9543524,310.4137728969858,[14.85710808 28.15924045 32.39784304 43.92984635 47.38047788 65.09286929 73.10732265 81.44563823 87.62793769 97.58535905 113.79169135 130.49680007 146.47145585 157.97596489 161.68302096 179.23890352 195.46054718 201.32338089 211.60134493 228.20069056 244.19999978 260.63262738 277.28928309],[1.70172799e+01 2.51916567e+02 4.93416271e-02 6.51646798e+01 2.06974852e-01 3.54658702e-01 1.84302325e-01 9.80853466e-02 1.40388955e-01 1.07315455e-01 2.75677809e-01 1.18925104e-01 1.24233245e-01 1.03335777e-01 9.82259280e-02 1.40252597e-01 1.59725192e-01 1.55629394e-01 1.62865430e-01 1.51014431e-01 1.90854993e-01 2.71605002e-01 1.87167478e-01 2.25751309e-01 2.60095196e-01 2.34238994e-01 3.12903525e-01],__,310.4137728969858,0.04946673889783675,
20190222,529805251,1007,1550803683.768247,80.86589054034326,580.124496106859,117.7291785479961,1550803682.8438435,308.59483868968834,[14.41997896 28.72961926 32.18294488 43.7201658 47.75733305 64.91213049 81.02451014 87.78410801 97.35451421 113.39506787 130.79724322 145.91951813 157.55926559 162.40399111 178.85863165 195.40069898 203.07260628 211.29732042 228.00550031 244.15429612 260.45334464 277.0437527 293.00908751],[1.89897858e+01 1.36339396e+02 3.67035151e-02 7.24616194e+01 2.12650933e-01 2.55168133e-01 1.59740858e-01 1.07480842e-01 1.44824736e-01 1.15515632e-01 1.34924255e-01 1.30514290e-01 1.13722284e-01 1.16226160e-01 1.63323691e-01 1.65801031e-01 1.34149720e-01 1.40829520e-01 1.69703480e-01 2.39627645e-01 4.88200260e-01 2.37868963e-01 2.33504878e-01 2.51139604e-01 2.27771403e-01 2.73393184e-01 4.98919165e-01],__,308.59483868968834,0.05204433812911986,
20190222,529805251,1008,1550803676.3554022,81.53735118406314,261.03736096027404,118.28848377418369,1550803675.4427385,309.5629211707259,[14.32176273 43.8841494 47.91603506 64.91764446 81.13392021 87.79587362 97.47679159 113.51682884 130.10503529 148.49366167 164.37585906 179.28222767 195.22330856 211.69743831 227.61806993 244.15487906 260.78023608 276.40668275 292.69265583],[1.96365381e+01 6.30545120e+01 4.77497252e-02 7.45473858e+01 2.02771616e-01 1.06524222e-01 1.91618579e-01 1.08571241e-01 1.31840237e-01 1.66441250e-01 1.22733631e-01 1.09425086e-01 1.40034808e-01 2.48937695e-01 2.84880871e-01 2.06598136e-01 4.46583677e-01 2.66393554e-01 3.00123089e-01 3.29679539e-01 3.23114730e-01 3.12248317e-01 2.92270610e-01],__,309.5629211707259,0.042646875799455024,
20190222,529805251,1211,1550801589.249674,106.61132571729193,3458.9888710662926,92.95475785957285,1550801565.7303772,306.2744310652632,[31.57185686 42.37944737 45.14266208 62.73646775 78.39915675 84.58692524 93.96973422 109.31220399 126.57942034 142.31990144 157.78043134 171.99548576 187.22715578 197.92491489 206.78433418 223.47226457 237.31061697 250.93105707],[3.35010463e+01 1.09107878e+03 2.43079054e-01 9.60716290e+01 2.25030803e-01 1.41047545e-01 1.53414437e-01 1.53490724e-01 1.82970836e-01 1.88161576e-01 1.86705850e-01 2.18110389e-01 2.71251276e-01 3.03310137e-01 3.17657796e-01 3.10126900e-01 3.57839595e-01 4.75289809e-01 4.39013119e-01 5.94030173e-01 5.00025871e-01 6.23369251e-01],__,306.2744310652632,0.08668389813938304,
20190214,528355590,1005,1550116895.4937408,27.213259878620015,322.0939150286541,98.01856164759536,1550116875.8991477,311.16674882292773,[75.70049146 94.61432687 113.71561592 132.48418031 151.7122831 227.43888769],[8.74452334 105.37500322 0.32004752 99.75354287 0.13042337 0.17971505 0.22029349 0.2762046 0.23180208 0.33773943],__,311.16674882292773,0.06818007420861978,
20190214,528355590,1006,1550116908.0713325,42.92581496603865,460.72558068144116,103.9238111024935,1550116893.2126796,313.12995977146886,[59.02390914 78.23603627 96.84640705 115.9394459 135.86810932 155.13425917 174.08810728 194.89808341 213.27331974 233.33863765 250.6382265],[1.20784975e+01 1.32157816e+02 9.23200451e-02 8.76569874e+01 2.35387096e-01 9.54419266e-02 1.23203570e-01 1.45078333e-01 1.57926715e-01 1.23626907e-01 1.88531047e-01 2.43543128e-01 2.20967983e-01 1.90244547e-01 2.34850989e-01],__,313.12995977146886,0.16831806739423177,
20190214,528355590,1007,1550116916.2048416,41.07881293184796,553.5886910775304,112.48003585347367,1550116910.2208211,311.4637314309095,[38.92761091 58.07686064 77.47116517 96.8641489 116.19534311 135.5365019 154.97159348 174.38138048 193.7061444 213.5420378 232.40437118 251.01367679],[1.31043188e+01 1.75926706e+02 9.37179241e-02 9.94421625e+01 2.27579961e-01 1.76620137e-01 9.51886288e-02 1.11178405e-01 1.06154927e-01 1.17005813e-01 9.87222943e-02 1.16147610e-01 1.63512826e-01 2.52019596e-01 1.44993298e-01 2.30169429e-01],__,311.4637314309095,0.09156468179372489,
20190223,530132508,1081,1550960374.4733906,42.59898428846434,2530.708542237065,119.0035895786467,1550960379.1215992,310.61881021181114,[82.4879283 103.13855079 124.15988063 144.44849049 164.8607362 61.85364167],[1.35868425e+01 8.10266928e+02 6.79113945e-01 9.92665144e+01 1.07862791e-01 1.78394749e-01 2.26191917e-01 2.34787081e-01 1.76776060e-01 1.74846606e-01],__,310.61881021181114,0.06825687971324744,
20190223,530132508,1082,1550960356.020305,40.94091036683067,2395.6563283794953,118.93093768498859,1550960360.4307911,310.53271322812986,[62.18334086 82.21740558 102.20737691 122.83948812 144.59806027 164.57875194 202.24561359 226.94204041 245.47663262],[1.30672660e+01 7.62858588e+02 5.38370617e-01 9.93251283e+01 1.31236543e-01 9.61081901e-02 1.35432902e-01 2.05656825e-01 1.88857441e-01 1.61473627e-01 2.67965107e-01 2.81816227e-01 2.44624779e-01],__,310.53271322812986,0.13279471304226567,
20190223,530132508,1096,1550960090.6674654,50.565776271110295,2457.2599583104234,90.81873250596493,1550960066.7413952,309.76103006810956,[83.22658622 103.32884594 124.76170599 146.0160408 166.31469184 230.10552941 250.14500113],[1.61062366e+01 7.72830681e+02 4.18825537e-01 9.90344048e+01 1.09419341e-01 2.47149660e-01 2.03085460e-01 2.21160713e-01 1.35047297e-01 2.66955099e-01 2.36588191e-01],__,309.76103006810956,0.1793200850486203,
20190224,530155121,1113,1550968975.456089,47.926801270823354,2282.41463355782,94.09950640310363,1550968954.8259275,310.68828482269845,[40.73213178 60.87069404 81.57165989 101.74583999 122.68584508 163.34291311 203.1894214 225.05512372 245.16023586],[1.52243925e+01 7.15541543e+02 3.10350448e-01 9.91414851e+01 1.67994603e-01 1.58828294e-01 6.97760664e-02 1.24879636e-01 1.63965198e-01 1.00745128e-01 1.89468554e-01 2.39037414e-01 1.62876543e-01],__,310.68828482269845,0.09897944620572875,
20190224,530155121,1195,1550970210.2449841,54.69290382459559,2871.907680593628,110.72602129306087,1550970206.131314,310.5987764051532,[82.86100422 103.57983007 124.40493787 145.66397018 165.69678993 187.07618924 207.52626837 228.22561344 248.04363099],[1.76322216e+01 9.51092184e+02 3.10036112e-01 9.87986887e+01 9.04915967e-02 1.23060744e-01 1.62930311e-01 1.76420122e-01 1.31540012e-01 2.08505143e-01 2.13032913e-01 2.25381489e-01 2.03879686e-01],__,310.5987764051532,0.08855340628921736,
20190302,531420576,1003,1551562423.0,48.830886039115114,451.4512611240584,118.319747577195,1551562422.2467701,311.09829011591415,[76.90649513 97.20266182 115.0099264 137.41540074 155.35854844 175.08123756 206.24441872 226.91868206 243.46944542 38.57660136],[1.50507417e+01 1.08761040e+02 6.47117763e-02 9.92700229e+01 1.25710206e-01 1.62248154e-01 2.46424413e-01 2.10790045e-01 1.58637208e-01 1.63448714e-01 2.59821999e-01 2.52561117e-01 3.50483323e-01 2.15094554e-01],__,311.09829011591415,0.39474975976538423,
20190302,531420576,1004,1551562437.0,45.736711041785,345.2589229932924,119.19393539682441,1551562437.0275378,311.7463297522481,[37.06046624 58.27140204 78.11266755 98.33350432 118.46035597 137.21465161 157.08475648 177.46914017 191.59708143 208.46988378 224.2950436 239.25059469],[1.28976334e+01 9.32001035e+01 5.23019302e-02 8.83474194e+01 2.00654753e-01 1.98519423e-01 7.94390378e-02 1.09696916e-01 1.76548503e-01 1.42845568e-01 8.92264319e-02 1.12726299e-01 1.83510822e-01 1.75604005e-01 1.98281799e-01 1.41071355e-01],__,311.7463297522481,0.3710619032378836,
20190302,531420576,1005,1551562448.5158079,47.94666872812008,282.6881920987067,117.15370770729638,1551562447.5321894,311.699449473587,[38.68497954 58.15171428 77.29211896 97.4783752 116.81046192 135.28870088 154.5907311 174.31479208 192.32058696 212.69365914 232.24523189 250.98285638],[1.35122972e+01 7.96835620e+01 4.16623365e-02 8.78519478e+01 2.12533745e-01 2.64321231e-01 7.43511687e-02 9.83670032e-02 1.54876740e-01 1.44598116e-01 7.72411847e-02 9.65410444e-02 1.77762563e-01 1.46515784e-01 1.34132598e-01 1.92098563e-01],__,311.699449473587,0.15209169108997808,
20190302,531420576,1006,1551562461.0,48.10435737150194,389.8894550560236,109.16645099969489,1551562453.3470888,306.18765531339943,[77.48081334 95.8265592 114.78969421 134.30383711 154.71155582 173.78029496 211.44011446 231.90815491],[1.35892845e+01 1.10577589e+02 6.42894615e-02 8.63777116e+01 1.08223465e-01 1.46298337e-01 2.32171536e-01 1.98223302e-01 1.14597129e-01 1.92534871e-01 2.17569459e-01 1.90623462e-01],__,306.18765531339943,0.14277853205552982,
20190223,530122923,1077,1550953927.6989837,55.341731740416755,1153.655963220167,111.1444644095747,1550953922.3273857,307.0973608261417,[38.79724828 59.42908598 80.51026849 97.32058934 119.38863808 138.71714894 159.49554243 179.08807863 198.11388859 215.96395742 238.65610162],[1.29721547e+01 2.71745375e+02 8.70317446e-02 7.19747143e+01 2.10345259e-01 9.35473158e-02 1.00505210e-01 1.18451770e-01 8.11012118e-02 1.00702493e-01 9.83784970e-02 1.00545903e-01 1.69162346e-01 2.18219827e-01 1.44840980e-01],__,307.0973608261417,0.21694877989768963,
20190223,530122923,1078,1550953911.3735385,55.47946829109627,926.1504994398001,133.73461771529523,1550953928.1103942,311.947880483137,[79.453528 118.6351133 158.10585393 57.55855577 99.10512825 137.10394502 177.32011525 198.41635804 217.43105767 237.26886924 257.44447885],[1.76038323e+01 2.94009064e+02 6.95171609e-02 9.89840492e+01 8.64527801e-02 8.77094223e-02 1.05029903e-01 1.07150555e-01 1.29671424e-01 1.20930740e-01 1.04273270e-01 1.50606039e-01 2.12090644e-01 1.59021743e-01 2.43539883e-01],__,311.947880483137,0.15099958953178363,
20190223,530122923,1079,1550953896.6028976,56.47197358808194,986.1847720932865,115.4136302560785,1550953894.473102,322.56730038706326,[57.8619871 80.70189052 98.10437421 119.81204543 139.82946668 160.04686595 178.99075508 199.18180331 219.51073844 239.34700914],[1.33768722e+01 2.34369047e+02 7.65530686e-02 7.62755601e+01 1.05501692e-01 9.32668826e-02 1.24265807e-01 8.19298956e-02 1.14630980e-01 1.04814709e-01 1.03502222e-01 1.63844674e-01 1.99141811e-01 1.38569216e-01],__,322.56730038706326,0.19384472572304356,
20190223,530122923,1215,1550951727.1844492,52.78114383715352,1821.0356822420795,87.62648174547536,1550951697.7561657,309.7777106326692,[83.15095432 121.55784003 166.33956213 182.21346903 245.25161596],[1.70370299e+01 6.03477135e+02 5.25607665e-01 9.89903424e+01 1.55597001e-01 1.85150382e-01 2.34830519e-01 2.54500692e-01 3.65912188e-01],__,309.7777106326692,0.1937269958857461,
20190223,530122923,1269,1550950938.109248,55.191128586808674,1709.797278175863,96.89159888258621,1550950918.5499153,311.03215191902365,[60.75483957 84.31223556 120.85415278 180.24645827 200.84048089 220.39955684 242.23533997 257.59582398],[1.75646584e+01 5.45788732e+02 1.50333628e-01 9.89411979e+01 9.60992858e-02 9.41476707e-02 8.70940574e-02 9.63806365e-02 1.49015049e-01 2.02620407e-01 1.61248449e-01 1.86791565e-01],__,311.03215191902365,0.23332544910878633,
20190223,530122923,1272,1550950898.209813,54.00944304049659,1045.6304502117455,117.10385503456878,1550950897.6417646,310.681882023413,[119.08828502 79.65099209 158.92210197 178.00991331 198.7939364 218.86631795 238.17317002],[1.72158667e+01 3.33529322e+02 9.24140811e-02 9.90221593e+01 8.25420385e-02 7.73211270e-02 9.19824216e-02 1.01468103e-01 1.62923250e-01 2.06392460e-01 1.40225694e-01],__,310.681882023413,0.08619310476758864,
20190223,530122923,1289,1550950601.7224617,42.224905210300236,1508.0682859795586,110.23291818489388,1550950595.7315032,311.1556195929385,[80.64797014 119.40800467 161.43453179 179.07238305 203.78901908 218.71655596 221.77444912 239.15642112 240.74975962],[1.34502105e+01 4.77033893e+02 2.04079182e-01 9.93688697e+01 9.16068662e-02 8.21954281e-02 1.04647450e-01 1.22208218e-01 2.10083022e-01 2.08320185e-01 2.26007834e-01 1.72044069e-01 1.75064997e-01],__,311.1556195929385,0.1433215936080106,
20190223,530122923,1290,1550950585.4580004,41.46724016900772,1201.8827691423699,112.03505732094519,1550950580.4544291,310.85211076345075,[80.66169395 119.42278153 119.58951514 161.44075425 178.98257343 179.17847195 201.18231719 203.46459211 218.87893429 221.76064777 239.44449301 240.25752567],[1.32594129e+01 3.83877816e+02 1.42806514e-01 9.94030825e+01 9.88224214e-02 1.04589195e-01 1.04887502e-01 1.09180488e-01 1.16997998e-01 1.17480737e-01 2.00460305e-01 2.05899420e-01 2.03661961e-01 2.32002478e-01 1.42411071e-01 1.49741970e-01],__,310.85211076345075,0.09656676549092903,
20190223,530122923,1292,1550950541.945579,45.87929491796597,1451.2062096577854,110.3385612184422,1550950534.5849934,310.95363734414747,[59.68154558 80.86234184 119.27229553 120.26273744 139.73875017 160.88109366 161.86730585 179.24125127 182.33262812 200.05855329 204.14351364 218.05066352 223.40255772 238.23128318 241.34585372 39.3998336 99.54568901],[1.46880078e+01 4.68313472e+02 1.73652697e-01 9.92585264e+01 1.90198126e-01 8.92073437e-02 9.98919532e-02 1.30062759e-01 2.06186653e-01 1.19262297e-01 1.18954810e-01 1.30855347e-01 2.19139093e-01 2.34788149e-01 2.33100872e-01 2.58866037e-01 3.63671970e-01 2.22471796e-01 1.85984393e-01 2.45210695e-01 1.64040241e-01],__,310.95363734414747,0.06403946848345697,
20190309,532654074,1303,1552156744.188574,133.82216351635262,4175.819787900838,113.27177983042283,1552156738.6353955,302.4683964060212,[25.77458746 51.69504995 76.85810434 90.52189734 104.30655734 116.24440336 129.50045555 143.38651995 154.27341553 166.43496102 183.13213183 194.80811164 196.0902463 217.03701518 225.7665856],[4.15226150e+01 1.29053295e+03 7.02326038e-02 9.39290885e+01 1.52352319e-01 1.03365447e-01 1.23381428e-01 2.09631839e-01 1.77424945e-01 1.74909507e-01 2.37791545e-01 2.24558754e-01 2.21877759e-01 3.13410872e-01 3.15242926e-01 3.86969165e-01 4.16238775e-01 4.52228280e-01 4.42206555e-01],__,302.4683964060212,0.28442322385701935,
20190309,532662692,1271,1552159493.3102067,36.08639193168091,1425.59462605474,100.56182249557855,1552159477.1407166,310.5096628499689,[78.74182869 118.11125974 157.52513348 177.24131555 237.02580815],[1.12761554e+01 4.07792993e+02 1.26257730e+00 9.95627885e+01 2.45665065e-01 3.26350039e-01 4.34884447e-01 4.71502089e-01 6.47989702e-01],__,310.5096628499689,0.12747977427610407,
20190309,532662692,1272,1552159465.6345832,25.47288424288097,435.8798970593618,121.98911476009832,1552159470.4058225,311.3313742986761,[75.94938725 114.07326058 151.93864087 171.03600974 227.25831835],[8.08025665e+00 1.33088921e+02 2.25015028e-01 9.97871716e+01 1.33194040e-01 1.17706235e-01 1.50693350e-01 1.35441623e-01 1.66177238e-01],__,311.3313742986761,0.09576141569394905,
20190309,532662692,1273,1552159449.021768,32.8131297227929,1205.0823115125092,119.05571207437416,1552159450.7368493,310.6649532325497,[74.82325003 112.49396399 149.71110874 168.61764698 224.47197022 241.46413964],[1.04291185e+01 3.74082990e+02 3.68953757e-01 9.96210522e+01 1.14740761e-01 1.11306481e-01 1.52828024e-01 1.44148104e-01 1.91873571e-01 2.47950828e-01],__,310.6649532325497,0.13453725346424514,
20190309,532662692,1282,1552159238.0115638,44.80866557527848,593.7074875578262,118.54568739530507,1552159238.2319827,311.3861369469841,[56.43959091 75.23915275 112.84591053 150.48608218 169.33057317 226.05646522 245.26731318 187.98501647 206.71012863 133.02499912],[1.42906075e+01 1.89006987e+02 8.61752488e-02 9.93364603e+01 1.89311270e-01 1.09632415e-01 8.21188405e-02 1.43037782e-01 1.22128468e-01 1.77876799e-01 2.08734606e-01 2.33897332e-01 2.12013821e-01 1.85411803e-01],__,311.3861369469841,0.16884569038764632,
20190316,533959741,1304,1552775241.5116074,46.99130835184653,557.183470728559,118.51833055194467,1552775241.947131,308.2303443839492,[76.11196081 114.31919531 132.35045542 152.67381325 171.64339926 190.32766286 210.33090143 230.34528267 247.12725664],[1.29321112e+01 1.53120534e+02 6.79290419e-02 8.48896090e+01 1.27252564e-01 9.08726177e-02 1.72881966e-01 1.18324384e-01 1.21787353e-01 1.42031756e-01 2.08423749e-01 1.85192758e-01 2.73266378e-01],__,308.2303443839492,0.16176128807338738,
20190215,528669408,1306,1550255747.5220609,67.1554665987595,1425.422754793174,116.81932132135655,1550255747.3863456,305.2845934001866,[74.34604568 111.10703977 129.2595811 148.51033323 167.16732326 184.77467602 201.84959512 222.55383239 240.69396241],[1.41633296e+01 3.01367155e+02 7.61342041e-02 6.43691656e+01 9.46433381e-02 8.59654727e-02 1.90435704e-01 1.17673429e-01 1.19026786e-01 1.57811792e-01 2.45114246e-01 1.68451121e-01 2.75351880e-01],__,305.2845934001866,0.08940721454828977,
20190303,531444832,1217,1551578714.2288775,61.17072034798492,3462.889868708914,113.87185486270775,1551578714.3619204,309.4761223560284,[72.99881063 109.12785416 145.57935538 163.77348579 182.04515687 218.22927673 235.99544612 253.47040365],[1.94492833e+01 1.09618316e+03 2.17814903e-01 9.85120577e+01 7.66259259e-02 7.48179423e-02 9.95230737e-02 9.50983258e-02 1.44894679e-01 1.33559000e-01 2.30381696e-01 2.12299705e-01],__,309.4761223560284,0.09273380438652239,
20190303,531444832,1218,1551578722.5869684,60.88847341220554,3078.968599372927,114.95688557809238,1551578723.3471756,310.3130042748779,[33.36382199 54.06250485 72.42250822 108.72369068 144.93344218 163.08659115 217.16606951 253.75706516 180.88713991],[1.93583597e+01 9.81808076e+02 2.06480318e-01 9.85771299e+01 1.41815729e-01 1.66020978e-01 7.43763560e-02 8.11472386e-02 1.01957993e-01 1.14603722e-01 1.52748217e-01 2.35085107e-01 1.70516819e-01],__,310.3130042748779,0.0726355405794505,
20190305,531770141,1215,1551746089.2026024,51.01077736896733,2812.4068414738135,112.25707096475725,1551746086.8956757,309.5512285158116,[73.59446992 110.32943727 147.03726145 165.42894717 220.54324579],[1.61803590e+01 8.76401123e+02 3.38099389e-01 9.89886965e+01 1.02889850e-01 1.23514060e-01 1.55426444e-01 1.73584733e-01 2.42556008e-01],__,309.5512285158116,0.037958005841623,
20190305,531770141,1217,1551746060.8498616,47.465924713724924,2307.106920264176,109.8272472894192,1551746056.132015,310.43944271256447,[73.72752018 110.57054444 147.65743624 165.96145891 184.70658703 221.1864526],[1.49865789e+01 7.02494394e+02 2.20446405e-01 9.91686309e+01 7.17906435e-02 7.67820476e-02 9.65025372e-02 9.61411748e-02 1.31677529e-01 1.41283207e-01],__,310.43944271256447,0.04827094650747465,
20190309,532662270,1304,1552160675.0189385,45.65067151208686,328.67099924498996,118.85395719042323,1552160674.9026382,313.706326511452,[60.9293007 103.23328261 123.9462497 145.36641218 163.87480434 186.24978559 205.38346645 247.44432318],[1.28738742e+01 9.30601866e+01 7.15609922e-02 8.83958773e+01 1.86294917e-01 2.16171036e-01 9.95537996e-02 2.28735018e-01 2.47685106e-01 1.45589158e-01 2.39024342e-01 1.70926948e-01],__,313.706326511452,0.20171660464519317,
20190211,527958214,1009,1549922462.904435,54.62719974436885,1543.321550360446,65.20503399837872,1549922413.2516048,310.6954342234479,[56.90927239 75.65218714 94.75235587 113.70886148 134.47053685 151.18341102 170.62448424 207.878121 227.15362575],[1.73510038e+01 4.86205136e+02 1.94312671e-01 9.89797623e+01 2.00468847e-01 1.63201784e-01 1.75932272e-01 1.15941494e-01 1.56848354e-01 1.55465032e-01 1.43125764e-01 2.27754030e-01 1.99218842e-01],__,310.6954342234479,0.11307674355612651,
20190214,528502194,1023,1550177789.2386246,47.44854169618297,1315.1456343716795,117.3153546902487,1550177791.8586652,310.8048083074252,[39.11828045 59.20258139 77.23197232 116.70874858 136.08860108 156.00289356 175.35949399 194.55510458 212.83704026 233.74005727],[1.51721788e+01 4.22920185e+02 1.66784717e-01 9.92210030e+01 2.01864986e-01 1.10981454e-01 2.49449050e-01 1.03722350e-01 2.20686778e-01 1.92991442e-01 1.58206546e-01 2.07665634e-01 2.37080995e-01 2.54187535e-01],__,310.8048083074252,0.13731338791215963,
20190214,528502194,1024,1550177797.1981785,52.45597717213267,986.9028343961817,117.06018320988045,1550177797.6240199,310.9933133437398,[58.32205075 77.52413538 116.89238078 135.99401313 155.84393107 175.66838942 195.2323915 234.04691692],[1.67185899e+01 3.15190850e+02 1.20526737e-01 9.90795742e+01 1.82616915e-01 2.78518762e-01 1.00103843e-01 2.25656972e-01 2.00426434e-01 1.50327920e-01 2.30586956e-01 2.13552656e-01],__,310.9933133437398,0.05535820936744595,
20190214,528502194,1025,1550177805.5084739,48.233853936666705,1605.9554118642911,123.99676374246091,1550177812.389478,311.67220943221844,[59.28427273 113.69374936 130.56155035 148.94045006 165.2664 204.08801702 216.28517197],[1.56609965e+01 5.42415787e+02 7.28566244e-01 9.91581515e+01 3.21986381e-01 5.30211659e-01 6.48129631e-01 7.41953293e-01 7.29122854e-01 8.77843461e-01 9.60790139e-01],__,311.67220943221844,0.5502104202946828,
20190214,528502194,1026,1550177820.3312578,53.336808078794256,1024.554390018551,115.35613031906959,1550177819.4235234,310.89025116802236,[58.68473066 117.50683039 136.36940018 156.34520825 97.31792246 176.18194761 195.12779398 235.30911468],[1.69569289e+01 3.23379680e+02 1.36414055e-01 9.90525910e+01 1.63315591e-01 1.07615523e-01 2.74951998e-01 2.40570593e-01 2.50832406e-01 1.79169172e-01 2.60834847e-01 2.29313767e-01],__,310.89025116802236,0.06088175025815671,
20190214,528502194,1027,1550177833.0654209,54.064340686219815,1317.8808695995067,116.66538386530925,1550177834.4145434,310.49015326097623,[58.88027024 118.02417188 176.61658796 236.72034838],[1.72090220e+01 4.17781960e+02 2.48322889e-01 9.90097487e+01 1.72839704e-01 1.29176172e-01 1.97525822e-01 2.74984153e-01],__,310.49015326097623,0.05543797264183507,
20190214,528502194,1028,1550177847.3778443,52.801788136878336,1617.415068620936,116.97568134677228,1550177849.9959383,309.35277757694377,[58.35686225 117.66583098 176.39854945 214.39300901 235.16586049],[1.69033922e+01 5.16242229e+02 2.96277617e-01 9.90233307e+01 2.11088872e-01 1.41443166e-01 1.96160300e-01 3.19530430e-01 2.80211044e-01],__,309.35277757694377,0.08203853511231796,
20190214,528502194,1029,1550177867.311236,61.55053576099051,2525.255898763108,109.8048725388211,1550177863.3235357,308.8284757105988,[117.84464273 176.56041671 235.31290501],[1.93789605e+01 7.82435623e+02 6.66538409e-01 9.86724869e+01 2.71941356e-01 3.81699532e-01 5.99452775e-01],__,308.8284757105988,0.05453184468048279,
20190214,528518474,1006,1550187776.9446495,57.19641427588183,1409.6314128470117,114.63261091169885,1550187777.5513706,308.81049822440787,[116.35091597],[20.86312806 538.38885156 3.34869125 98.97639252 4.81067513],__,308.81049822440787,0.12010215789538928,
20190214,528518474,1007,1550187764.1925879,56.40427733145532,1206.2418203701955,115.63003811955718,1550187765.237358,304.5428859161715,[57.69828797 115.69801808 134.48226054 173.52759962 230.84681766 212.72492641],[1.30645885e+01 2.80404472e+02 1.55591268e-01 7.05371484e+01 1.65432364e-01 1.27039394e-01 2.64104568e-01 1.66585782e-01 2.28575438e-01 3.51133626e-01],__,304.5428859161715,0.09439227511802102,
20190214,528518474,1008,1550187750.9849875,61.6348583898488,1655.4615195270378,116.31201379807689,1550187752.5122907,309.190595394549,[113.9773357 170.82589533 227.33046879],[1.97399587e+01 5.36602367e+02 3.01812405e-01 9.86858523e+01 2.58937786e-01 3.50411866e-01 4.91385487e-01],__,309.190595394549,0.07726576519258117,
20190214,528518474,1009,1550187737.5347757,55.36118832855751,1009.258897245741,117.41201641704147,1550187738.6854777,304.98551968331816,[114.73901185 172.1488705 228.98760951],[13.52732719 255.1174849 0.53115348 74.85636752 0.32420185 0.51188485 0.71021322],__,304.98551968331816,0.13539561135199704,
20190214,528518474,1010,1550187724.813791,59.49727528890261,796.4268800208758,116.07004239539657,1550187723.361601,303.4114595787487,[115.75976732 172.58579845 231.78835313],[15.03924468 204.3046155 0.2666949 76.71739483 0.27465821 0.41175585 0.58816396],__,303.4114595787487,0.18151361893774406,
20190214,528518474,1011,1550187712.615097,59.14260101278428,480.4240491306856,117.20123731135429,1550187711.551192,309.20223627693537,[57.36323738 77.2027941 96.17216629 115.82346876 135.51945131 173.8891221 212.31916038 231.532888],[1.55995510e+01 1.26809094e+02 5.96690162e-02 8.15833083e+01 2.27281437e-01 2.59233608e-01 2.37405731e-01 1.21797408e-01 2.26823530e-01 1.55916440e-01 3.77370593e-01 2.34221135e-01],__,309.20223627693537,0.08935362504012535,
20190214,528518474,1012,1550187698.8012464,58.360242702278775,721.7910543129578,116.7988776688574,1550187697.9671888,307.4363013616636,[115.11516444 172.70688714 192.93614747 211.19564121 230.59142667 249.36058608],[1.49111865e+01 1.84693286e+02 8.31122693e-02 7.85574896e+01 1.24510782e-01 1.73015976e-01 2.93919146e-01 2.95428086e-01 2.37889524e-01 3.52791007e-01],__,307.4363013616636,0.08870705615997473,
20190214,528518474,1013,1550187682.3631432,53.27555082887093,828.4428687496559,117.43656421402925,1550187682.7565684,303.63162762011376,[115.19740693 172.45962956 230.09250207],[1.37092675e+01 2.13967845e+02 1.80241854e-01 7.81758347e+01 1.59247502e-01 2.70911569e-01 3.40094443e-01],__,303.63162762011376,0.11370333321726551,
20190214,528518474,1014,1550187666.5771613,57.447988668586774,1264.62875686253,113.7482047135864,1550187663.8619976,299.02800855121075,[116.25944688 174.71303617 231.79710523],[1.31659028e+01 2.93675521e+02 2.48654768e-01 6.85511899e+01 1.94945543e-01 3.53946904e-01 4.56394977e-01],__,299.02800855121075,0.08734536567525747,
20190214,528518474,1015,1550187649.9155543,54.51135090093144,1245.1158615923184,113.69399903174778,1550187647.8243048,301.76088762337224,[116.58182749 174.69705867 232.57519722],[1.26300229e+01 2.93354402e+02 3.14664725e-01 7.00882261e+01 2.04739224e-01 3.49543979e-01 4.39170367e-01],__,301.76088762337224,0.07806611089887136,
20190214,528518474,1016,1550187631.6712945,47.76435932222943,835.7717684960536,117.88117239846635,1550187633.751627,305.8972009249441,[116.16762411 174.41127483 232.39865798],[12.64180458 240.97594758 1.41657292 81.07353941 0.94905059 1.42035133 1.89442119],__,305.8972009249441,0.0693210709088077,
20190214,528518474,1017,1550187618.350744,61.75122477795901,1751.6146628878905,113.14775990827671,1550187616.0515287,309.6766048327234,[115.98928923 230.48894002],[1.97738485e+01 5.72199090e+02 4.71278963e-01 9.86744723e+01 2.33370710e-01 5.13760675e-01],__,309.6766048327234,0.1704098661588908,
20190214,528518474,1018,1550187603.6608558,29.091781856310174,420.3977236991026,111.59908684188183,1550187600.635937,308.7536578322876,[117.18944797 236.3536682],[8.74289426 132.92717428 0.57528595 92.37043212 0.30759146 0.6231216],__,308.7536578322876,0.5297424362252806,
20190214,528518474,1019,1550187585.7634544,62.13535325920439,2090.753580869753,111.57720940116944,1550187583.290208,310.6843765665159,[117.01121605 175.52761256 232.67656341],[1.97360954e+01 6.66117656e+02 3.22429054e-01 9.86474086e+01 1.25619812e-01 2.30603678e-01 2.89899430e-01],__,310.6843765665159,0.15428031580788723,
20190214,528518474,1020,1550187572.0660422,50.147911282331904,1336.2651894095902,115.26398407087008,1550187573.3604286,309.13465672333234,[114.62533938 228.98321398],[16.14859891 439.7453464 1.16394232 99.14813496 0.46786749 1.00687093],__,309.13465672333234,0.047507081354123404,
20190214,528518474,1023,1550184643.6806734,48.57865225430411,1593.322585319095,113.64031510149985,1550184642.8780396,310.4039430970206,[117.89101327 136.5856113 157.96238762 176.70674832 215.27722301 234.98569488],[1.55212378e+01 5.09420133e+02 2.57371446e-01 9.91690445e+01 1.43053845e-01 2.42686685e-01 2.42956138e-01 2.19126408e-01 3.41267226e-01 3.46727439e-01],__,310.4039430970206,0.13148928919049246,
20190214,528518474,1024,1550184650.8730202,49.40503332013807,855.1855701441167,114.60834776385879,1550184648.7905695,304.22701537581935,[117.99112297 156.94015155 177.39794008 197.47604229 236.2629194 58.60523019 79.12300518],[1.28014594e+01 2.22539278e+02 1.53422364e-01 7.88429036e+01 1.34609662e-01 2.87423655e-01 2.16238796e-01 2.97588481e-01 3.16653986e-01 2.55075086e-01 3.31742421e-01],__,304.22701537581935,0.12299632726681871,
20190214,528518474,1026,1550184671.6801171,52.42369062402281,809.1195680540583,115.28446499216662,1550184670.1908388,304.8002080462409,[58.91281231 117.8818247 176.95875469 235.3771117 255.13340485],[1.35542407e+01 2.09769271e+02 1.16812222e-01 7.87836898e+01 1.42122860e-01 1.05249396e-01 1.48147456e-01 2.31979389e-01 3.02939717e-01],__,304.8002080462409,0.06172605620111574,
20190214,528518474,1027,1550184682.1097648,51.74302796682785,978.9051238881,115.13757979248736,1550184681.727609,310.1809581166521,[119.02397329 238.25226588 59.02166299 178.15997928],[1.65696479e+01 3.16949301e+02 2.75328119e-01 9.90972183e+01 1.87140236e-01 3.88285162e-01 2.40648121e-01 2.63405280e-01],__,310.1809581166521,0.11324542490177161,
20190214,528518474,1028,1550184693.9626846,54.44413007127025,1562.205049648728,111.93971355553602,1550184691.8758254,308.57994929586204,[120.15042253 180.05949775 240.5187803],[1.76005007e+01 5.14359227e+02 1.04309438e+00 9.89622330e+01 4.66192902e-01 6.54873582e-01 8.99755247e-01],__,308.57994929586204,0.16172598703886434,
20190214,528510459,1006,1550181899.3713295,28.880880010955824,304.06437860915025,101.89256346654943,1550181887.1084678,310.52451211347625,[128.39981517 239.9728149],[9.29266434 100.5847987 0.36937226 99.72280514 0.23814094 0.49120008],__,310.52451211347625,0.5028673405250921,
20190214,528510459,1007,1550181884.3150985,61.03426885720897,1860.26163484048,113.31722302642356,1550181883.0174978,310.0386228753679,[58.08840982 116.57995967 174.86353404 232.12069079],[1.94311918e+01 5.92956104e+02 2.14641482e-01 9.87061776e+01 1.59037976e-01 1.28111586e-01 1.74196372e-01 2.57274058e-01],__,310.0386228753679,0.15636710495821438,
20190214,528510459,1008,1550181870.0039585,54.17522148101305,1369.1955040752541,112.11459196176936,1550181867.1895657,290.84881483111434,[116.99213399 175.62881334 233.35598331],[1.23618722e+01 3.13585472e+02 2.38224147e-01 6.64140472e+01 1.70272190e-01 2.45140931e-01 3.07676831e-01],__,290.84881483111434,0.12966532377469694,
20190214,528510459,1009,1550181856.345989,58.541839170804685,976.4286382200384,115.16180365475151,1550181854.8156242,309.77360940472886,[59.02139002 76.70234318 117.16546456 176.25643075 233.87859534],[1.41059328e+01 2.37768656e+02 1.84087107e-01 7.47151492e+01 2.70330868e-01 3.36800116e-01 2.37804973e-01 3.96197214e-01 5.33802875e-01],__,309.77360940472886,0.1250281482992544,
20190214,528510459,1010,1550181842.8943968,60.37039592231634,555.7146778043036,118.10006966392838,1550181842.7955189,311.2075375857005,[58.07395272 77.50389551 96.45130487 116.64070983 174.87353224 232.72234862 251.99920229],[1.56054232e+01 1.44291376e+02 9.09344686e-02 8.04324040e+01 1.91606367e-01 3.03333940e-01 2.74992340e-01 1.59748671e-01 2.20786021e-01 2.99844650e-01 3.72247373e-01],__,311.2075375857005,0.11289955975781332,
20190214,528510459,1011,1550181832.4984717,61.32068490474694,353.0773216771158,117.55874505305879,1550181831.327613,307.39403080408476,[39.07457767 58.57661392 78.00634101 97.40219939 117.13240841 136.50086773 175.59075137 214.4106088 233.37142291],[1.63114651e+01 9.37753696e+01 5.25230356e-02 8.18182471e+01 3.49532271e-01 1.71128057e-01 3.94114655e-01 2.13153631e-01 1.41026780e-01 2.50743379e-01 1.73248060e-01 4.28445786e-01 2.36786906e-01],__,307.39403080408476,0.04709130134006956,
20190214,528510459,1012,1550181820.0,59.185376853121156,728.408407208988,117.04772616137257,1550181819.6029723,301.7017066524541,[116.14574899 174.28882539 212.82682146 232.11290585 250.49246897],[1.52311074e+01 1.88005764e+02 1.07429690e-01 7.76000022e+01 1.56453753e-01 2.14874774e-01 4.11431010e-01 3.16210143e-01 4.56305270e-01],__,301.7017066524541,0.07310354136813628,
20190214,528510459,1013,1550181805.205245,57.28855724665253,1083.3664586608954,118.12382827707357,1550181807.036732,302.0965174456155,[115.91921283 174.60373504 232.0718549],[1.37111654e+01 2.62558510e+02 2.59814168e-01 7.24379974e+01 2.10834975e-01 3.65435997e-01 4.67770087e-01],__,302.0965174456155,0.05615076686749328,
20190214,528510459,1014,1550181792.9943023,51.92992357927459,1337.5313182723164,112.17070187644356,1550181790.2037551,308.73067733352974,[117.53480155 236.01085096],[1.63752989e+01 4.24046383e+02 9.19708158e-01 9.91328025e+01 3.90595042e-01 8.90837227e-01],__,308.73067733352974,0.2809734145595764,
20190215,528711629,1007,1550273562.8316312,60.38263809276753,1867.972569580435,111.3726503090577,1550273559.7008688,309.91893075992226,[59.22841038 118.23683932 177.29829779 218.24010412 236.74239276],[1.92565633e+01 5.98250438e+02 2.13338160e-01 9.87263727e+01 1.21103819e-01 1.01375384e-01 1.23422470e-01 3.04757078e-01 1.83152751e-01],__,309.91893075992226,0.06242540119711894,
20190215,528711629,1008,1550273546.1621952,61.132333492516764,1718.3593061145978,112.71057528895423,1550273543.849811,310.50300311809,[59.23679688 118.44364899 157.46505783 177.60236072 217.07583034 236.66711452 255.77602432],[1.94405256e+01 5.47342340e+02 1.69888133e-01 9.87162703e+01 1.35284496e-01 1.04867505e-01 2.07952766e-01 1.39021144e-01 2.62538302e-01 1.76523954e-01 2.69260691e-01],__,310.50300311809,0.10701435367251236,
20190215,528711629,1009,1550273534.900063,59.22954516512124,960.1907856176551,115.8430945445695,1550273533.8423073,311.45349743412623,[59.10226992 78.8608571 98.57968188 118.06845128 137.53749433 157.84435446 177.26754642 235.99302814 254.8258624],[1.42462416e+01 2.31292905e+02 1.22228609e-01 7.49326341e+01 1.61601692e-01 2.74845218e-01 2.29910801e-01 1.12952785e-01 3.05757530e-01 2.67672791e-01 1.96230880e-01 2.59259343e-01 3.36610761e-01],__,311.45349743412623,0.13696656004291155,
20190215,528711629,1010,1550273523.4652627,59.31140573451285,575.414871609338,115.35743118032458,1550273520.6430058,308.108809462299,[38.55851604 59.11712978 78.60705855 98.24389079 118.0383185 138.09692996 157.29508984 177.22566574 196.44315297 235.86968267 255.52888209],[1.54556982e+01 1.49882893e+02 7.06843908e-02 8.03172221e+01 3.08812906e-01 1.53123223e-01 2.72814415e-01 2.21320077e-01 1.25089758e-01 2.84671810e-01 2.41777606e-01 1.51289166e-01 3.24374500e-01 2.05641476e-01 3.47996680e-01],__,308.108809462299,0.094140480195455,
20190215,528711629,1011,1550273509.2727926,58.700666511931566,507.1704066277642,117.21709609569962,1550273508.2172468,309.0618986155819,[39.47404551 59.20365008 78.64563925 98.79297407 118.31281265 138.43674897 156.79489179 177.57920306 216.94048185 236.40202213 256.0899656],[1.54635116e+01 1.33675310e+02 5.14823651e-02 8.14240427e+01 1.96335346e-01 1.29901361e-01 2.16143976e-01 1.46930480e-01 8.91181527e-02 1.61225081e-01 1.79755485e-01 1.09665215e-01 3.37918900e-01 1.60577160e-01 3.34715752e-01],__,309.0618986155819,0.060406998367467095,
20190215,528711629,1012,1550273496.0302122,57.43545481861938,788.311309596421,116.41454357687012,1550273495.2591767,311.3435138780005,[39.33926488 59.20186737 79.80064633 98.56458376 118.44478664 138.17838173 158.14342253 177.73680597 197.56283216 216.56214214 236.20716812 255.64985309],[1.44293489e+01 1.98627326e+02 7.40620052e-02 7.81808509e+01 1.92028362e-01 1.24357745e-01 1.91759164e-01 1.66460667e-01 9.97190583e-02 2.27966878e-01 1.86902754e-01 1.18404759e-01 2.19527192e-01 2.50286549e-01 1.73983949e-01 2.41155449e-01],__,311.3435138780005,0.09489129402894214,
20190215,528711629,1013,1550273480.420813,56.62193019043103,1056.6025228838319,116.68128824635781,1550273480.7585053,303.22022952592897,[97.76682165 117.76472643 137.72759438 156.91990357 176.70880431 197.15031829 216.88889111 235.13752736 254.01843554],[1.36418137e+01 2.55484174e+02 1.06961333e-01 7.29934290e+01 2.07746615e-01 9.25715484e-02 2.35820727e-01 2.05895447e-01 1.36683756e-01 2.39696012e-01 2.65813084e-01 2.18269872e-01 2.69018524e-01],__,303.22022952592897,0.13649808038887673,
20190215,528711629,1014,1550273467.4769297,58.046603801891,1533.8640876186696,114.98488221140917,1550273467.2560587,310.11616224346324,[58.9902022 117.27521051 156.18866324 176.09135344 214.48886784 234.37654459 254.40836264],[1.84982977e+01 4.89112931e+02 1.74995646e-01 9.88461542e+01 2.19042698e-01 1.20906771e-01 2.78419599e-01 1.71622535e-01 2.74184569e-01 2.53802254e-01 3.70448420e-01],__,310.11616224346324,0.09383653669889952,
20190215,528711629,1023,1550270437.062451,52.41209349165579,1223.4623391463656,114.3175604158192,1550270435.788489,310.93794824603856,[39.28571525 59.14522953 79.01131285 98.39594881 118.17701222 138.07331162 157.69694703 177.28861141 197.27649923 216.77308745 235.89244278],[1.67066097e+01 3.90717548e+02 1.11704163e-01 9.90688024e+01 1.40772088e-01 9.55205336e-02 1.55883056e-01 1.23596731e-01 8.87696836e-02 1.90100387e-01 1.51424264e-01 1.27254873e-01 1.85180291e-01 2.30223544e-01 2.16455233e-01],__,310.93794824603856,0.06506961785310603,
20190215,528711629,1024,1550270443.6911802,53.36640941091199,727.9920304947071,115.36080285663792,1550270441.799486,309.36695825549685,[38.6509027 59.09487069 78.9709306 98.75477384 118.51135756 138.26544383 157.91611903 177.8431199 216.80319873 236.69149718 256.36873414],[1.38466477e+01 1.89004888e+02 7.26697619e-02 8.02684890e+01 1.90750682e-01 1.11134548e-01 1.58952905e-01 1.41110647e-01 7.88435854e-02 1.40739738e-01 1.28474082e-01 9.41177447e-02 2.05470482e-01 1.44989497e-01 2.24230394e-01],__,309.36695825549685,0.09577615808894624,
20190215,528711629,1025,1550270451.6918297,52.426847523762554,846.0176970096085,114.87478516281931,1550270449.7430649,302.18531917266796,[38.48989851 59.21579202 78.63981974 98.90742322 118.81074753 138.62266863 158.19115719 178.12955524 198.13970906 217.18127695 237.61838936 257.3366794],[1.35201353e+01 2.18155559e+02 8.10507973e-02 7.78993424e+01 2.43413154e-01 1.08744466e-01 2.02270942e-01 1.36942070e-01 8.43385643e-02 1.33290861e-01 1.38689817e-01 1.09730817e-01 1.89116600e-01 3.01291708e-01 1.45815418e-01 1.85095621e-01],__,302.18531917266796,0.06991349257380834,
20190215,528711629,1026,1550270464.242879,53.68608301819959,1342.3564156770522,113.33302702085419,1550270462.1648324,310.56940487681237,[21.56174043 40.10477479 59.46893572 78.94973157 99.03774311 118.86500999 138.24239697 158.63401971 178.45354869 198.0211805 216.89930073 237.55786979 257.16540713],[1.71109883e+01 4.27481007e+02 1.21914217e-01 9.90178627e+01 1.95980767e-01 1.56840776e-01 9.81284847e-02 1.77426878e-01 1.68675056e-01 8.38200605e-02 1.66433318e-01 1.59995825e-01 1.09781014e-01 2.26023664e-01 2.47847818e-01 1.81538162e-01 2.54164717e-01],__,310.56940487681237,0.091507661811362,
20190215,528711629,1027,1550270478.3929179,55.80047920721369,1988.210631970604,110.5079136326067,1550270474.720024,310.89591606313684,[38.7276869 59.55393658 79.01703391 99.36671858 119.06970264 138.20022748 157.84013081 178.64003183 217.84818981 237.93145353 258.44765867],[1.77519117e+01 6.33210801e+02 1.92173318e-01 9.88970796e+01 1.99496728e-01 1.05163400e-01 1.82514725e-01 1.66197123e-01 1.03639987e-01 1.94861983e-01 1.85384094e-01 1.34124914e-01 2.41032302e-01 2.00573351e-01 3.26266054e-01],__,310.89591606313684,0.1070129274631807,
20190215,528698927,1007,1550267767.279297,61.89635773601501,2203.9187177133126,109.78101968486594,1550267762.9905534,309.2164117488396,[59.66301905 119.403859 179.14013464 238.6905831],[1.96750081e+01 6.92722435e+02 3.62636798e-01 9.86487564e+01 1.51509900e-01 1.51552274e-01 2.05966890e-01 2.83017803e-01],__,309.2164117488396,0.04060502420227341,
20190215,528698927,1008,1550267751.7461042,58.11046028967861,1607.8234496321647,111.78198662166787,1550267748.9878247,310.4573025273327,[59.77367205 119.37044694 178.98738353 238.25465995 158.9664753 138.54344078 79.11032467 98.90215023 218.62162157 198.43046411],[1.85071104e+01 5.13294867e+02 1.37267645e-01 9.88390485e+01 1.23560497e-01 1.05269121e-01 1.44625036e-01 2.14572310e-01 2.10397283e-01 2.22253375e-01 2.15744394e-01 1.93938091e-01 2.90800095e-01 2.24539268e-01],__,310.4573025273327,0.1151817562598606,
20190215,528698927,1009,1550267741.7506626,57.01794172083279,980.2038241351623,113.99669997523773,1550267739.3717625,305.37300402532446,[59.21494136 79.12958948 118.15737294 177.41709809 235.84607666],[1.39188340e+01 2.40248398e+02 1.38319812e-01 7.45197827e+01 1.90220474e-01 3.09074719e-01 1.09790021e-01 1.90047155e-01 3.09365202e-01],__,305.37300402532446,0.07838677403445438,
20190215,528698927,1010,1550267727.8378446,61.76320786864224,704.7976877652656,116.66461131025375,1550267726.7273498,312.7450977530446,[38.51919259 58.91822293 77.76279605 97.83869971 117.77006954 157.61105488 176.98214856 214.98315942 235.65279316 254.36781407],[1.54381151e+01 1.76875961e+02 7.26341150e-02 7.81365045e+01 2.21048262e-01 1.43048557e-01 2.24175072e-01 2.32931828e-01 1.33314203e-01 2.24793519e-01 1.70598289e-01 3.88759063e-01 2.46591870e-01 3.22782831e-01],__,312.7450977530446,0.14751004870510334,
20190215,528698927,1011,1550267716.3604326,60.786992201717794,413.73086083132546,118.26846928685273,1550267716.0820742,310.8457106910128,[38.64405727 59.08687998 77.71188616 98.19298646 118.13951998 136.84401826 157.56909595 177.39085928 214.57092248 235.55295386 253.62852924],[1.59897093e+01 1.08972405e+02 4.53215346e-02 8.17645701e+01 2.11598547e-01 1.36817900e-01 2.40883063e-01 1.65889867e-01 9.37250735e-02 1.73786960e-01 1.79755997e-01 1.14883264e-01 3.07868012e-01 1.68303951e-01 3.52856465e-01],__,310.8457106910128,0.11389594007924417,
20190215,528698927,1012,1550267702.975742,61.31198310235353,682.0082327183402,117.69540901688013,1550267703.0456827,309.0346751380555,[18.5571719 39.37752571 58.74555089 78.28178339 98.06982142 117.56809689 136.98083051 156.61425785 176.43921454 196.10630518 215.04373909 234.81530047 253.67144073],[1.55288204e+01 1.72764986e+02 5.49338971e-02 7.82884065e+01 1.50501183e-01 2.04357428e-01 1.07598965e-01 1.80256078e-01 1.65153581e-01 9.72665465e-02 2.20325391e-01 1.51831771e-01 1.18349212e-01 2.22647004e-01 2.60841896e-01 1.97080908e-01 3.00025025e-01],__,309.0346751380555,0.10689395595030173,
20190215,528698927,1013,1550267691.2086492,63.51860704919298,1090.5232846774184,116.0776712985703,1550267690.6403975,318.16877244896546,[58.69116208 77.67058546 97.90407779 116.87020328 136.82552124 156.09607132 175.32227576 196.17017723 213.55504051 233.48251551 252.7457962],[1.44314645e+01 2.48985150e+02 8.31053167e-02 7.22045267e+01 1.99335644e-01 2.83654618e-01 2.30186136e-01 1.07610881e-01 2.12763483e-01 1.85785612e-01 1.36567682e-01 2.20379509e-01 2.72752164e-01 2.21918219e-01 4.06545145e-01],__,318.16877244896546,0.07933206664067724,
20190215,528698927,1014,1550267678.8264968,66.60555772189349,2134.079341526218,111.40772931930245,1550267674.9264336,310.34478504680635,[58.52179627 97.75120082 117.01541867 135.9277866 156.3339533 175.72049549 195.68583573 215.28974582 232.94155432 251.6813348],[2.12488443e+01 6.89043797e+02 1.67818567e-01 9.84386386e+01 1.67207067e-01 2.08567609e-01 1.41412248e-01 2.87133675e-01 2.43414358e-01 2.15505653e-01 2.86496110e-01 3.74340682e-01 3.09475603e-01 4.36736859e-01],__,310.34478504680635,0.12416915018479206,
20190215,528698927,1022,1550265032.9180806,53.81896882106984,1839.8505946939044,112.37611117157718,1550265030.7571857,310.82193530406863,[59.36556454 78.16993492 98.42116338 118.28478866 138.20542517 157.41344944 177.43399282 197.1609262 217.46236894 236.35926187 256.40084131],[1.71479178e+01 5.87103317e+02 1.88196426e-01 9.89778075e+01 1.35401951e-01 2.00784069e-01 1.50493457e-01 9.32356602e-02 2.26955546e-01 1.67759421e-01 1.29305020e-01 2.36546088e-01 2.54587969e-01 2.18584252e-01 3.28361595e-01],__,310.82193530406863,0.10378508739789165,
20190215,528698927,1023,1550265040.382296,52.7479265164354,1009.2998339741771,115.11978086650979,1550265038.8377113,311.14073135648425,[38.92198528 59.42049469 79.14736053 98.81484072 118.48712169 137.57523862 158.13084574 177.87513957 197.50342432 216.34750129 236.63551959 255.29597393],[1.67950443e+01 3.21542696e+02 9.94182235e-02 9.90702864e+01 1.38391446e-01 1.19865035e-01 1.69657514e-01 1.20795746e-01 9.67147735e-02 1.84482389e-01 1.68961856e-01 1.34971671e-01 2.08172536e-01 2.79248502e-01 1.73494658e-01 3.71708273e-01],__,311.14073135648425,0.0615854241596069,
20190215,528698927,1024,1550265046.326273,53.001890474567666,738.7869643932524,114.7606131314683,1550265043.7024858,312.54244109411974,[38.2782004 59.47718921 79.00694868 99.09879462 119.03243686 138.9670859 158.63349248 178.54297065 198.16794817 217.2207475 237.73150315 257.4107347],[1.36519176e+01 1.90424681e+02 7.49033599e-02 8.05101494e+01 2.36557306e-01 1.13107365e-01 1.75038956e-01 1.47556137e-01 9.56325803e-02 1.51283749e-01 1.38104703e-01 1.04053266e-01 1.76449512e-01 2.22880177e-01 1.68608458e-01 2.11241736e-01],__,312.54244109411974,0.05500034684234209,
20190215,528698927,1025,1550265051.923145,53.16756822754265,1328.2263458090347,113.21946946374005,1550265049.3155406,308.83807777009685,[59.4816459 78.97383067 98.77222606 119.2009007 138.99623201 158.72395291 178.81334407 198.16626858 217.92020649 238.28781819 258.11479496],[1.19691256e+01 2.99113131e+02 1.19573317e-01 6.95438975e+01 1.23157834e-01 1.65023420e-01 1.52866824e-01 8.57993945e-02 1.59296735e-01 1.38508682e-01 1.09220332e-01 1.93850298e-01 2.37167212e-01 1.54660916e-01 1.94784837e-01],__,308.83807777009685,0.08737190603797522,
20190215,528698927,1026,1550265065.453507,53.71997718530506,2052.2682010963913,109.67296674612598,1550265061.143531,310.9258403810066,[39.74133122 59.75482012 99.14773361 119.44943649 139.42128773 159.30227607 179.2377152 199.44197246 219.03973064 238.65857814 257.7351099],[1.71087549e+01 6.55270110e+02 1.99371981e-01 9.89633639e+01 2.04423880e-01 1.11606892e-01 1.84306196e-01 1.15793041e-01 1.95606091e-01 1.61421242e-01 1.49064580e-01 2.37481490e-01 2.52218471e-01 2.26309474e-01 3.53182007e-01],__,310.9258403810066,0.06633959678077953,
20190219,529409728,1020,1550610910.7345736,52.521646645130865,2020.4841062160178,116.09089632623574,1550610912.91652,310.4255692296521,[15.17735557 24.43233228 38.9937646 58.5598465 78.34475139 97.62858126 117.11708682 136.58597716 156.3365452 175.77282305 195.13944746 213.94747445 233.80598931],[1.67335241e+01 6.41174136e+02 1.83807684e-01 9.90083429e+01 1.89472620e-01 1.70372681e-01 1.09915928e-01 8.70222176e-02 1.42459907e-01 1.19429921e-01 1.11247930e-01 1.72828456e-01 1.57843350e-01 1.47641139e-01 2.00887783e-01 2.44973997e-01 2.39168619e-01],__,310.4255692296521,0.07092844439519502,
20190219,529409728,1021,1550610926.1353552,52.64183246383991,1491.9496137056087,115.30135832462616,1550610926.3368294,310.96601274511573,[18.32265882 38.99296848 58.54151623 78.02800061 97.7723336 117.15580701 137.05835697 156.29691295 175.85385576 195.44251818 215.04315882 234.61050818],[1.67659446e+01 4.75267992e+02 1.18729245e-01 9.90459422e+01 1.49370745e-01 1.32245006e-01 9.33024215e-02 1.58764232e-01 1.12802748e-01 8.21548252e-02 1.59522603e-01 1.28929928e-01 1.00587004e-01 1.49806561e-01 2.26182770e-01 1.49816922e-01],__,310.96601274511573,0.0414117912541016,
20190219,529409728,1022,1550610937.1678772,53.289072468277375,1117.0845984466998,116.5048992014019,1550610937.356914,310.9002605473569,[18.76902091 38.90619236 58.82218483 78.49205243 98.10984754 117.55298241 137.18460033 156.82075297 176.3650631 195.78700639 215.70918689 235.16925088],[1.69776231e+01 3.56012954e+02 9.40087230e-02 9.90450512e+01 1.59452505e-01 1.83634515e-01 8.77270297e-02 1.46836772e-01 1.16663591e-01 8.41412587e-02 1.53513411e-01 1.27620160e-01 9.70932753e-02 1.67588448e-01 2.23505240e-01 1.53609921e-01],__,310.9002605473569,0.04053378876362813,
20190219,529409728,1023,1550610944.856022,51.827400455070524,1059.0458464081714,116.21631402030665,1550610944.7624912,307.2540094092832,[39.14105697 58.86285115 78.46510627 98.27499208 117.85013112 137.57164611 157.39470167 176.82649199 196.58076618 216.36569404 235.49707313 254.1050489],[1.26044248e+01 2.57606809e+02 8.87971909e-02 7.47298924e+01 1.30645144e-01 8.85685229e-02 1.46646109e-01 1.04653350e-01 8.21690118e-02 1.20186768e-01 1.27959873e-01 1.06079611e-01 1.56514479e-01 2.15974442e-01 1.74314099e-01 2.88052076e-01],__,307.2540094092832,0.06314991987434886,
20190219,529409728,1024,1550610951.4918563,54.87977932616254,1831.588590985145,115.08496040086726,1550610951.8561165,310.4022284757569,[18.94148057 39.05188202 58.80556885 79.21619611 98.10320158 117.62308091 137.41327882 156.89799562 176.43982685 195.69093703 213.7320108 235.02630548 253.77617985],[1.73900544e+01 5.69905944e+02 1.47445220e-01 9.89549517e+01 2.11553509e-01 1.12227716e-01 9.10338283e-02 1.67350407e-01 9.76034315e-02 8.74651602e-02 1.09269888e-01 1.19701917e-01 9.87179069e-02 1.56786713e-01 1.88663674e-01 1.44699794e-01 1.85420248e-01],__,310.4022284757569,0.06069433921945494,
20190219,529416700,1021,1550614687.799907,60.49294672526403,2731.5116959710645,108.41293163666612,1550614681.972161,309.96498676463517,[58.19549846 116.42092335 174.64091033 232.75230521 78.03949056 97.27457795],[1.93497649e+01 8.83310081e+02 3.99648941e-01 9.86221565e+01 1.27952429e-01 1.25794023e-01 1.87686038e-01 2.60630065e-01 2.33559273e-01 2.28255828e-01],__,309.96498676463517,0.07152375371832488,
20190219,529416700,1022,1550614671.9093153,54.79207056192705,1343.6933326217377,115.15138223053916,1550614670.7665274,310.8583489137349,[58.71274498 77.43052978 97.95887897 116.88989302 136.99617902 156.70446243 175.61586012 234.00021007 252.79199843],[1.74062654e+01 4.22984607e+02 1.48080656e-01 9.89859325e+01 1.37050292e-01 1.81497361e-01 1.51228438e-01 9.28132130e-02 2.16122994e-01 2.28977881e-01 1.39089312e-01 1.92994463e-01 2.61508418e-01],__,310.8583489137349,0.10100742798866362,
20190219,529416700,1023,1550614666.2139783,53.223552745089584,585.071597396095,116.29123616365122,1550614664.232862,308.7633325781296,[38.58951646 58.29525883 77.51751219 97.07167598 116.68400169 136.32974431 155.60522338 175.00898436 194.96640673 233.38221756 253.13023984],[1.42011696e+01 1.56493360e+02 9.20885520e-02 8.23721502e+01 2.32770469e-01 1.41337992e-01 3.14488715e-01 2.41852210e-01 1.25934739e-01 2.03198707e-01 3.60730043e-01 1.49862133e-01 3.43277781e-01 2.11869570e-01 3.36665885e-01],__,308.7633325781296,0.042378861366950085,
20190219,529416700,1024,1550614658.503937,53.21099638820779,970.4000496655212,116.61552594919003,1550614657.7127728,304.93966625494335,[38.70116015 57.59233701 76.91981735 96.51590277 115.95438764 135.21005736 154.45812128 173.9590227 194.48379328 212.94419679 231.92645862 250.58750304],[1.32142498e+01 2.41297742e+02 9.98966132e-02 7.57617547e+01 2.37128467e-01 1.54721775e-01 2.44687146e-01 1.69409837e-01 1.13524953e-01 2.28161775e-01 1.93953317e-01 1.41158221e-01 2.42206517e-01 2.84423646e-01 2.22509635e-01 3.53673904e-01],__,304.93966625494335,0.07904746465109697,
20190219,529416700,1025,1550614649.2902114,53.563173991764025,1906.6578364372033,114.33443164613415,1550614648.54148,310.1860457603731,[58.11888742 116.15052247 156.58221656 174.5598536 213.32720391 232.42589989],[1.71099951e+01 6.12056235e+02 2.65005337e-01 9.89763343e+01 1.75146874e-01 1.13348992e-01 1.93939716e-01 1.76895775e-01 2.73184421e-01 2.39664515e-01],__,310.1860457603731,0.11016719399450947,
20190221,529754214,1009,1550781360.0,58.94967458303303,990.7733513333717,117.8010745909866,1550781362.3502624,320.67318028393606,[56.37127403 76.15452535 94.46378771 113.20099404 131.71381111 151.12835664 169.64133692 204.97073501 225.43346281],[1.38672865e+01 2.35726081e+02 1.41304212e-01 7.52540636e+01 2.51677134e-01 2.85073736e-01 2.92646987e-01 2.05234168e-01 3.09099422e-01 2.96100395e-01 3.09145576e-01 4.15160932e-01 4.28899450e-01],__,320.67318028393606,0.14685887115801508,
20190221,529754214,1010,1550781346.7704425,62.22932409095908,1295.6972782699975,117.67171266095171,1550781348.3134596,308.4180846769989,[112.10314091 150.6566419 168.19362339 205.28138675 223.75333519],[1.37086221e+01 2.89219376e+02 1.50027459e-01 6.77864012e+01 1.75960452e-01 2.83018896e-01 2.63352107e-01 3.92545846e-01 3.60181794e-01],__,308.4180846769989,0.13764388819901202,
20190221,529754214,1011,1550781331.5739982,62.48244919250865,1110.9833732212187,116.17808517945747,1550781330.5281272,304.3583374880773,[75.6412157 95.23668027 113.9048469 132.84285761 151.87139453 171.12963129 208.74920239 227.62822367],[1.45049179e+01 2.59071975e+02 8.82288104e-02 7.05923926e+01 1.70062781e-01 1.77334025e-01 1.01325042e-01 2.12040770e-01 1.57595298e-01 1.53748275e-01 2.68684646e-01 1.84826782e-01],__,304.3583374880773,0.10279306251813197,
20190221,529754214,1012,1550781316.6564536,62.71436535288225,507.4942935524598,116.17149696025166,1550781314.5009558,306.019274918072,[57.81851042 76.93990225 95.87991246 115.20850213 134.47141581 153.4837789 172.85735628 210.01544313 230.24125633 248.7748561],[1.63265169e+01 1.32471685e+02 6.81231059e-02 7.96299811e+01 4.56145225e-01 2.82358205e-01 2.37021295e-01 1.65343818e-01 2.80142166e-01 2.30239386e-01 1.76940342e-01 4.62693950e-01 2.49753718e-01 4.09720972e-01],__,306.019274918072,0.07390101017652168,
20190221,529754214,1013,1550781302.9622304,63.68629682244565,262.19571444404556,118.40232176734091,1550781302.3593433,310.176740659918,[56.99760692 19.4225011 76.02963807 94.94311319 113.90402865 133.21045008 151.96890898 171.03007504 208.75871926 227.78933035 246.7746244 265.28249807],[1.67804616e+01 6.91538492e+01 4.06510972e-02 8.17384112e+01 2.45660255e-01 3.13063080e-01 1.67185966e-01 2.03220131e-01 1.29257758e-01 3.39685388e-01 2.03077901e-01 1.75792521e-01 4.41916939e-01 2.51856030e-01 2.87127170e-01 4.35499985e-01],__,310.176740659918,0.052556989187220945,
20190221,529754214,1014,1550781289.7365599,62.09775796667263,272.6337636940942,117.85589698665719,1550781288.701642,310.65324784533556,[57.08587112 75.66086917 95.6156718 114.38476773 132.66127408 152.39627637 171.5613974 209.8056146 190.14871508 228.76272216],[1.64593849e+01 7.24570306e+01 3.90006998e-02 8.23482667e+01 2.66110306e-01 3.30659790e-01 2.56540234e-01 1.29690665e-01 2.29452565e-01 1.94041115e-01 1.79924445e-01 5.18545702e-01 2.75058224e-01 2.80090636e-01],__,310.65324784533556,0.08330578074499491,
20190221,529754214,1015,1550781276.6575217,61.83180050505133,694.3900938204445,116.49609548993467,1550781275.3072948,308.35070724390823,[56.71642345 114.11054589 132.761599 152.10431204 171.29502091 190.1423697 208.49105864 228.03318911],[1.56184863e+01 1.76692835e+02 9.30454394e-02 7.78212562e+01 3.03898656e-01 1.93475584e-01 3.95759667e-01 3.05841604e-01 2.88428089e-01 4.58976156e-01 4.75344671e-01 3.62661676e-01],__,308.35070724390823,0.04660312733341303,
20190221,529754214,1016,1550781262.2865407,61.05812345671596,826.7939460099979,114.21716287060286,1550781259.2175114,312.0172331465055,[114.89443787 171.91455791 229.33926871],[1.49829283e+01 2.06435657e+02 1.96528713e-01 7.66023087e+01 2.61903758e-01 4.45544831e-01 6.46560752e-01],__,312.0172331465055,0.04739427197729413,
20190221,529754214,1017,1550781246.0304034,59.157308176715425,1077.4243138636928,115.36441873590329,1550781244.9744163,305.92559350734814,[57.90429436 115.17978117 153.86746893 172.85956962 210.52743395 229.56984024],[1.39863323e+01 2.56190340e+02 1.81772941e-01 7.24374430e+01 2.09109621e-01 1.73669834e-01 3.11516156e-01 3.02947346e-01 4.52855853e-01 3.63595199e-01],__,305.92559350734814,0.09920254178694804,
20190221,529754214,1018,1550781233.9071,57.12126578245254,1355.9386037769386,113.31501089263763,1550781232.167269,302.6843672958562,[115.03908429 229.17559907],[1.27344774e+01 3.11225239e+02 5.25543967e-01 6.84354773e+01 2.95580366e-01 7.20783287e-01],__,302.6843672958562,0.17451394595905861,
20190221,529754214,1019,1550777698.7094731,55.79076537510496,1208.0053126402636,114.519279431893,1550777697.4071214,312.0342078448012,[40.7893626 61.67872437 82.00758055 102.75201039 123.20965013 143.77439609 164.34625597 184.85576524 204.85828113 226.07613814 246.41928065 266.14322105],[1.27864228e+01 2.77133560e+02 1.04402504e-01 7.15397250e+01 2.44249940e-01 1.01638420e-01 1.11905250e-01 1.58400029e-01 9.67186922e-02 1.80035716e-01 1.10728869e-01 1.06702795e-01 2.10257847e-01 2.98743143e-01 1.62582571e-01 2.71735580e-01],__,312.0342078448012,0.05216006433066207,
20190221,529754214,1020,1550777713.1677284,57.50400145185014,1044.0802450913968,114.84019550609291,1550777711.205707,308.0411503482573,[40.37786545 61.70521269 82.30005641 102.84993996 123.33172431 143.86920712 164.48322155 185.06284281 205.71727261 246.74871043],[1.37383987e+01 2.49592452e+02 9.21946448e-02 7.36039512e+01 2.16161282e-01 1.20613848e-01 1.12524104e-01 1.46538399e-01 1.05835287e-01 2.01602516e-01 1.34188859e-01 1.30009507e-01 3.07490702e-01 1.83067274e-01],__,308.0411503482573,0.025463808697667054,
20190221,529754214,1021,1550777727.0032156,58.07403527509143,895.8908246333989,115.00348510541114,1550777724.6503017,310.5744998710059,[61.29689712 81.49652104 102.03990907 123.0655453 142.98848601 164.26451796 184.68665276 204.49274319 224.46912417 245.56573945],[1.42512764e+01 2.20178552e+02 7.28257127e-02 7.62107788e+01 1.43737399e-01 1.37729579e-01 1.76585925e-01 9.95512729e-02 2.17669402e-01 1.42151736e-01 1.17307213e-01 2.15492181e-01 3.78484841e-01 1.69187979e-01],__,310.5744998710059,0.06353452564630944,
20190221,529754214,1022,1550777737.9123268,59.212144803228185,1300.8362213722623,112.26379397682184,1550777733.7391963,309.0685827492523,[81.5876272 102.86261236 122.87707351 144.22753086 163.60631057 184.51556653 203.88157924 245.5501543],[1.31706027e+01 2.89667560e+02 1.37577499e-01 6.87767474e+01 2.03148028e-01 2.11672212e-01 1.13299269e-01 2.43055183e-01 2.16669358e-01 2.01544049e-01 2.99462627e-01 2.23678957e-01],__,309.0685827492523,0.0880591080838748,
20190221,529754214,1023,1550777742.8843768,64.09726778451629,2551.218846322661,109.7012261826533,1550777738.332898,309.17928477078027,[40.01129039 60.6607604 80.20525916 101.76958953 122.51907083 163.03188163 183.83327432 203.8169643 245.24463902],[2.04060094e+01 8.09904055e+02 2.33396094e-01 9.85122294e+01 2.03300132e-01 3.09737735e-01 1.28151899e-01 1.97813245e-01 1.29033757e-01 1.91557688e-01 2.14944091e-01 2.73873851e-01 3.38313119e-01],__,309.17928477078027,0.14358678881657488,
20190221,529788403,1300,1550791648.0,80.00493357662052,2825.118426616154,110.25282241381136,1550791643.922282,301.3541715066259,[69.99670024 103.48977206 153.44575745 172.28213102 191.01757261 201.43435359],[1.15448186e+01 4.08224546e+02 1.92053507e-01 4.36888745e+01 1.65351429e-01 1.75301494e-01 2.84042286e-01 2.75415370e-01 3.45963640e-01 3.85402727e-01],__,301.3541715066259,0.23228820505586711,
20190221,529788403,1301,1550791637.4673657,49.39853789319961,482.5956006812889,114.090494625583,1550791634.7170272,305.77526204071694,[112.46192668 168.28291227 188.98675802 223.87395176 241.33112718],[1.36503346e+01 1.27135709e+02 8.74706887e-02 8.53639182e+01 1.15596188e-01 1.35820471e-01 2.05216485e-01 2.38798755e-01 2.83909983e-01],__,305.77526204071694,0.3603449072748906,
20190221,529788403,1302,1550791638.031737,57.0403783353259,443.667270982945,115.60505961474196,1550791634.3643956,306.8854254375844,[111.97128614 150.63583361 166.52172296 186.04558657 205.90004509 223.19641863 241.56415376 259.52818335],[1.53452028e+01 1.19368860e+02 6.82843382e-02 8.25645121e+01 1.24140901e-01 2.07887088e-01 2.01109545e-01 1.95803674e-01 2.98024600e-01 2.21199849e-01 3.15949489e-01 3.47701892e-01],__,306.8854254375844,0.1586417499897808,
20190221,529775831,1301,1550790750.5665214,45.69585555260334,887.9085938500698,112.26806817154889,1550790746.6522477,301.8764337752389,[121.99731855 162.80424438 183.11443887 203.70749544 223.4123013 243.61295276],[1.19687108e+01 2.32530815e+02 1.59390195e-01 7.91524304e+01 1.49945351e-01 2.38182992e-01 1.93784064e-01 2.38107086e-01 3.08208433e-01 3.10491997e-01],__,301.8764337752389,0.06925508936523318,
20190221,529775831,1302,1550790749.9682505,50.19034917736688,455.21190332388954,115.68328823869601,1550790746.7994077,311.5452977827898,[81.43706028 101.29130658 121.22921125 141.93486201 161.03540172 181.90152273 200.79553062 222.11420044 241.9394851],[1.37409475e+01 1.24669528e+02 6.77987439e-02 8.53433653e+01 2.17341512e-01 2.27805193e-01 1.22090822e-01 2.39946529e-01 1.94540764e-01 1.46131263e-01 2.31665625e-01 3.07445597e-01 2.52594444e-01],__,311.5452977827898,0.08409104382486327,
20190221,529775831,1303,1550790791.0222728,53.15711776054079,790.2658932078315,80.22550286467687,1550790751.5473485,304.174602147296,[39.58561824 59.09381469 79.51743628 99.71247053 118.95268377 158.16290467 177.00298889 195.54585059 218.92296837 238.54634096],[1.37711886e+01 2.04183145e+02 9.53851941e-02 7.89513940e+01 1.67832824e-01 2.47570541e-01 1.43463174e-01 1.70105737e-01 1.15400037e-01 2.03352552e-01 1.94092395e-01 2.38406921e-01 3.54322749e-01 2.36519551e-01],__,304.174602147296,0.1543298199185671,
20190222,529970458,1009,1550878477.290818,56.597765383342555,740.7878534746374,114.15765846048957,1550878476.1580265,318.9655073642798,[117.24508525],[14.18302459 184.01629857 0.25780197 80.50987971 0.29626192],__,318.9655073642798,0.14044234705777536,
20190222,529970458,1010,1550878466.3678286,52.35622029722803,478.5105222638303,117.73376613207363,1550878467.8676395,313.1301871359318,[114.6484816 154.28014474 172.52944621 228.83114406],[1.41069654e+01 1.28482237e+02 1.11170508e-01 8.44758295e+01 1.43933102e-01 1.95519652e-01 1.98230666e-01 3.72061175e-01],__,313.1301871359318,0.20562574103134787,
20190222,529970458,1011,1550878455.6643758,57.721315446966436,649.6428884868468,119.27497845478558,1550878457.9286942,308.8600843056659,[110.91003133 148.19236677 167.00341889 222.91634201],[1.49371041e+01 1.68830344e+02 1.26347963e-01 8.00213270e+01 2.32963811e-01 3.52943090e-01 3.67409185e-01 5.28251099e-01],__,308.8600843056659,0.1819217876624201,
20190222,529970458,1012,1550878439.7816107,68.32058983587254,1714.2916708084665,114.83037793347975,1550878437.4614666,308.35832776629456,[112.13294486 149.3838173 168.65569396 224.92370347],[2.19675386e+01 5.64874746e+02 2.03001308e-01 9.83737956e+01 2.54265742e-01 3.52267804e-01 3.94266999e-01 5.27484509e-01],__,308.35832776629456,0.12366681380499261,
20190222,529970458,1013,1550878418.92325,58.13186362797806,925.6559896790664,114.04345720757561,1550878415.5559385,307.1381162927065,[117.14665475 136.92860546 156.09177848 175.46161342 214.23157812 233.22964722],[1.42624222e+01 2.27608500e+02 1.32527377e-01 7.53904913e+01 1.59179510e-01 2.96721211e-01 2.45582479e-01 1.95539162e-01 3.90641757e-01 2.49514446e-01],__,307.1381162927065,0.14510666758452667,
20190222,529970458,1014,1550878404.5459414,59.733856039116304,453.54190225941977,115.7898535870043,1550878401.8570075,311.4648942644466,[57.44416462 76.85627553 96.89140611 115.88900645 135.68777845 154.70477962 174.03571193 212.58421588 231.71359121],[1.56953622e+01 1.19543803e+02 5.86409152e-02 8.18159488e+01 2.56160173e-01 1.95590848e-01 2.13569439e-01 1.16647701e-01 2.33233207e-01 2.49928035e-01 1.63902626e-01 4.91919384e-01 2.20923323e-01],__,311.4648942644466,0.06970599393393606,
20190222,529970458,1015,1550878391.239119,61.8319342184287,172.84359304774682,117.56984287131141,1550878389.13671,311.06578432284357,[57.90998826 75.99873057 96.30732266 115.1006246 134.52402339 153.32905413 172.5663784 230.46167135 249.17953172],[1.64973488e+01 4.61644241e+01 4.59886795e-02 8.30170752e+01 2.78783682e-01 1.86036731e-01 2.61281239e-01 1.46040298e-01 2.43026248e-01 2.07293632e-01 1.96894790e-01 2.48988775e-01 3.67602127e-01],__,311.06578432284357,0.08228688725598599,
20190222,529970458,1016,1550878376.825928,62.94876146383471,268.3932661132687,116.79515149343437,1550878374.261972,311.60492343848034,[57.40802717 76.82435676 95.65801005 115.21516623 133.79410752 153.20038571 173.47596796 192.06387656 209.64992658 230.29270734 249.21818568],[1.65889243e+01 7.09697316e+01 4.07051968e-02 8.21100110e+01 1.98325285e-01 2.21337784e-01 2.26331810e-01 1.26517840e-01 2.72366469e-01 2.31547585e-01 2.05060971e-01 3.34435166e-01 4.99005967e-01 2.51528979e-01 4.39053199e-01],__,311.60492343848034,0.12969652009508742,
20190222,529970458,1017,1550878362.0162122,65.03398003019215,663.4169091778832,115.98959816390135,1550878359.5862565,310.2300817625118,[57.59831452 76.52274681 95.49578442 115.58736698 154.08852765 173.53481962 191.63741256 210.94129695 230.69352369],[1.62194211e+01 1.66195479e+02 6.75667627e-02 7.73262864e+01 1.72848280e-01 3.29412127e-01 3.47663289e-01 1.62172513e-01 2.31929422e-01 2.24955661e-01 3.17089928e-01 4.17969046e-01 2.92802646e-01],__,310.2300817625118,0.08565789039500768,
20190222,529970458,1018,1550878348.5681634,62.313525182748116,947.2156403538019,114.09931865252842,1550878345.6656897,307.5000007154072,[116.61959394 233.31570805],[1.49601783e+01 2.30580184e+02 2.72032012e-01 7.39911340e+01 2.20872052e-01 5.48178882e-01],__,307.5000007154072,0.04770759338071369,
20190222,529970458,1019,1550878333.7160995,65.35844466722176,1517.6299339510433,114.98297413952997,1550878332.848275,309.34598101849406,[58.00767216 77.55149903 96.97964163 115.91575219 154.5170813 173.80569389 231.98205159 134.9889095],[2.08469680e+01 4.87582638e+02 2.24518994e-01 9.85495361e+01 2.22411208e-01 2.96681296e-01 4.33032390e-01 3.04839333e-01 4.49783740e-01 4.70571136e-01 6.62316954e-01 4.79508020e-01],__,309.34598101849406,0.08232931674599277,
20190222,529970458,1020,1550878318.9864917,60.39673883399879,1452.3836171486846,112.83949626349136,1550878316.543278,291.5808572727074,[58.11161777 77.73075911 97.40862968 117.21412857 136.48813569 157.09740151 176.67165996 235.6445027],[1.31848422e+01 3.18280915e+02 1.82268860e-01 6.36002738e+01 1.96997366e-01 2.34644409e-01 2.51718423e-01 1.31515883e-01 2.87026538e-01 2.43039419e-01 2.08581973e-01 2.77000312e-01],__,291.5808572727074,0.1225006422532008,
20190222,529970458,1021,1550874490.8718178,51.69578365922565,1601.95547594028,112.23554829319495,1550874488.871348,295.5539944008904,[61.87029689 124.79901998 166.47227964 187.31096862 207.88463754 248.75896338],[1.10134628e+01 3.43489315e+02 1.94326563e-01 6.29051441e+01 1.50544626e-01 1.19183306e-01 1.99489965e-01 1.55844868e-01 2.61944018e-01 2.15063932e-01],__,295.5539944008904,0.08014114085841212,
20190222,529970458,1022,1550874500.5346909,55.487121396707174,1213.9125762309222,113.98677988990349,1550874498.2489576,308.62438160907396,[62.3227786 82.81674637 103.21920539 124.72511975 144.58708691 166.30858084 187.01593278 207.98337368 248.32622149],[1.27802476e+01 2.80419226e+02 1.24218466e-01 7.10654315e+01 1.30091347e-01 1.66965581e-01 2.15856243e-01 1.01707754e-01 2.38628980e-01 1.58862549e-01 1.32114196e-01 2.72410284e-01 2.09935002e-01],__,308.62438160907396,0.07448733653121604,
20190222,529970458,1023,1550874507.1547475,54.64675845442114,640.8738390396787,117.05187009132437,1550874506.317917,320.9843018174852,[61.57395827 82.83551512 103.32178584 124.09657678 144.12584602 165.4688814 186.22073724 206.30589922 228.23463763 248.33552897],[1.39894369e+01 1.63982788e+02 9.28341718e-02 8.22285891e+01 2.12509454e-01 2.07679344e-01 2.85614450e-01 1.67611717e-01 3.40884747e-01 2.46857056e-01 2.02564128e-01 3.17597248e-01 5.30727962e-01 3.24638503e-01],__,320.9843018174852,0.0526281891801804,
20190222,529970458,1024,1550874513.1263373,56.721137338897556,1147.549510734654,114.94196923688294,1550874511.1589596,311.3466137354068,[82.60105914 102.71966276 124.27885815 144.41107056 165.26124303 186.2948698 205.21739501 227.50304771 248.69678709],[1.31749749e+01 2.66679678e+02 9.53644096e-02 7.23281472e+01 1.75787702e-01 1.80563522e-01 8.37239824e-02 1.82339785e-01 1.40764171e-01 1.27104115e-01 1.87943822e-01 2.17653103e-01 1.52364498e-01],__,311.3466137354068,0.11407460059605717,
20190222,529970458,1025,1550874520.7316215,56.48432217523731,1905.899289627978,113.88932658737579,1550874519.9766312,310.5022568402866,[61.13254741 81.62034483 102.5159192 123.60758143 142.91862152 163.44034328 184.63764044 204.60891215 247.11856066],[1.79983550e+01 6.09358529e+02 1.82916565e-01 9.88749671e+01 1.88874942e-01 1.83462942e-01 2.07145082e-01 9.04942986e-02 2.11385113e-01 1.80208567e-01 1.67286347e-01 1.94190564e-01 1.80723536e-01],__,310.5022568402866,0.14208299481168588,
20190223,530144820,1020,1550964968.1473184,55.68888780754026,1659.8435724698627,113.55772128078432,1550964967.6261675,311.04099869924573,[58.17754987 78.38727689 116.65849182 175.11915077 232.62339307],[1.76541926e+01 5.20199833e+02 1.91841979e-01 9.89374116e+01 1.49010033e-01 1.41253386e-01 9.27669737e-02 1.33281919e-01 2.16204827e-01],__,311.04099869924573,0.1146790933249064,
20190223,530144820,1021,1550964955.08662,56.3388650712539,1369.760957848547,114.86997008358574,1550964954.220341,296.8128104032395,[57.25957411 116.44257875 135.81988506 155.39765735 174.65901527 211.78786593 232.95314867 252.31662303],[1.26530554e+01 3.07594260e+02 1.23289265e-01 6.66634032e+01 1.51812113e-01 9.16144664e-02 1.99740985e-01 1.44577337e-01 1.06690334e-01 2.03860749e-01 1.63697467e-01 1.89340238e-01],__,296.8128104032395,0.08418211457892937,
20190223,530144820,1022,1550964944.7481775,59.483801204197476,791.8152356384884,116.58732943419966,1550964943.6182735,316.3313031503069,[38.99376409 58.38495403 77.03552711 97.31655228 116.74102207 136.16838139 155.26581773 175.23772273 194.93454575 213.691619 233.58793766 253.14603846],[1.46701015e+01 1.95260123e+02 7.78353259e-02 7.80279209e+01 3.12479901e-01 1.53088995e-01 3.07533059e-01 1.79431689e-01 9.78860435e-02 1.94563551e-01 2.49441216e-01 1.34251972e-01 2.81471149e-01 4.36895992e-01 2.09916806e-01 2.45065929e-01],__,316.3313031503069,0.038673267990164926,
20190223,530144820,1023,1550964938.6464589,57.982964763671156,552.5222464402733,117.23340002227908,1550964937.5022905,308.4899992096836,[37.93278438 58.29233909 77.19943137 96.79301216 116.64479396 135.86324878 155.22185104 174.78696804 213.59811247 233.17004755 251.96945119],[1.52417864e+01 1.45445483e+02 6.20636861e-02 8.10852807e+01 1.92053419e-01 1.09445582e-01 1.95138606e-01 1.80826187e-01 9.51665670e-02 1.99721410e-01 2.10815485e-01 1.24083507e-01 3.47459699e-01 1.72059669e-01 3.23340340e-01],__,308.4899992096836,0.07116428823838236,
20190223,530144820,1024,1550961900.3714304,49.21287960962181,787.388195338853,117.32777275371564,1550961900.3342247,305.67920818159087,[20.01881947 38.81717517 58.81253453 77.90176551 98.29779297 117.71454342 137.6223036 156.86304611 176.58555936 196.238086 214.91554409 235.45297953 255.26035481],[1.29205957e+01 2.06850413e+02 9.04671281e-02 8.02327071e+01 2.87260530e-01 1.57584258e-01 9.89528451e-02 1.68605115e-01 1.30721577e-01 8.92188890e-02 1.38468660e-01 1.34677483e-01 9.71138199e-02 1.86479417e-01 2.45312174e-01 1.46640619e-01 1.96429759e-01],__,305.67920818159087,0.06969582516995232,
20190223,530144820,1025,1550961907.3235435,49.15362859654774,1439.5694856671817,115.56697303841538,1550961907.697249,307.3335569655324,[58.79308574 98.23139552 117.50332237 137.57786182 157.0676886 176.53386635 194.82292749 214.97695584 235.17306942 254.64034188],[1.08769320e+01 3.18873110e+02 1.52677218e-01 6.80367245e+01 1.04172709e-01 1.19804299e-01 8.32890611e-02 2.02109279e-01 1.72282222e-01 1.12675817e-01 2.16609768e-01 2.18859589e-01 1.53842121e-01 2.12642373e-01],__,307.3335569655324,0.06082729659366961,
20190224,530294995,1001,1551042832.0,60.33965386771501,948.8620417152702,113.22125670829577,1551042829.429239,302.08090868008196,[58.75219274 78.69579824 96.32553982 118.00943389 137.90516174 157.27202808 177.29769383 196.12798014 217.86232433 235.46695483],[1.47361733e+01 2.32394208e+02 8.51985584e-02 7.37100097e+01 1.42793643e-01 1.80154813e-01 2.11767653e-01 1.06694706e-01 1.89016842e-01 1.63676286e-01 2.11491446e-01 2.72788085e-01 3.43608674e-01 2.25083119e-01],__,302.08090868008196,0.17783846867610625,
20190225,530342801,1012,1551062605.972763,53.90921689220644,1756.1419364335225,113.48203499791344,1551062605.2898476,310.50917996228236,[124.01703384 62.07817363 165.22013187 186.08396272 206.20292369 247.77084861],[1.71907635e+01 5.61455906e+02 2.58566046e-01 9.89800691e+01 1.19476407e-01 1.99070623e-01 2.32117906e-01 1.75789627e-01 2.51096255e-01 2.22622729e-01],__,310.50917996228236,0.10118693749472484,
20190225,530342801,1013,1551062618.7061906,54.10732128262898,1514.6080903543002,114.19539474718844,1551062617.5567937,305.8380684025239,[62.25722458 83.10490682 103.53344162 124.41480709 145.21604412 165.85168683 186.49773696 207.25713743 247.84453855],[1.15943426e+01 3.24773021e+02 1.81630022e-01 6.56000128e+01 1.16469155e-01 1.39474333e-01 1.67120996e-01 1.09675208e-01 1.84703899e-01 1.35979829e-01 1.27249252e-01 2.30318121e-01 1.79885597e-01],__,305.8380684025239,0.15542688310107433,
20190225,530342801,1014,1551062634.1706884,55.2572770160332,1150.789161978918,114.82560916184075,1551062632.3399253,311.7826202045324,[20.12696122 41.35162172 61.98167901 82.71607973 103.45893364 124.13919105 144.8876879 165.49016077 186.15127936 206.56702332 226.67795665 247.9513835],[1.75330805e+01 3.64818148e+02 9.98090502e-02 9.89817507e+01 2.77094479e-01 1.90125562e-01 1.07908345e-01 1.45210792e-01 1.46160905e-01 1.00429334e-01 1.57166677e-01 1.20777315e-01 1.14059637e-01 2.48311485e-01 3.58569125e-01 1.72563023e-01],__,311.7826202045324,0.03674753272733036,
20190225,530342801,1015,1551062648.175297,54.2729030490547,718.429609076484,116.53411166649614,1551062646.7543492,311.9945585792636,[18.97204297 41.26042792 61.958578 82.72099595 103.19158641 124.0364347 144.69587939 165.42860451 186.0676069 205.72952076 227.7152684 247.87414717],[1.39787320e+01 1.85406546e+02 7.14244771e-02 8.03597110e+01 2.45842555e-01 2.45388491e-01 1.25053585e-01 1.67142231e-01 2.02734982e-01 1.04542584e-01 2.03223193e-01 1.39009632e-01 1.24989921e-01 2.52296017e-01 3.61552340e-01 2.03445930e-01],__,311.9945585792636,0.048408843322080015,
20190225,530342801,1016,1551062665.3593657,53.24890932262442,559.4644938645919,116.91613658206424,1551062663.8640406,313.79709766924253,[62.13004806 82.49624996 103.35190955 124.4405069 145.64428584 165.87274125 186.58743916 204.58485083 226.76092719 247.88096198],[1.41076531e+01 1.48644639e+02 6.40701977e-02 8.31140193e+01 1.29910899e-01 1.34774347e-01 2.05097714e-01 1.16052561e-01 2.16786525e-01 1.50107897e-01 1.47158988e-01 2.32642141e-01 3.85919946e-01 2.67049773e-01],__,313.79709766924253,0.06542915132501431,
20190225,530342801,1017,1551062681.3099508,53.35082427977564,567.5716889299711,115.5547101725236,1551062678.6965554,309.31061992405023,[18.93387944 40.70059738 61.40893551 82.64204718 103.03580155 124.11300945 144.79392974 165.43304057 186.11484426 206.3401658 227.10644578 247.85217724],[1.42482833e+01 1.51567657e+02 6.13719210e-02 8.26287716e+01 1.63774491e-01 1.97249356e-01 1.47032733e-01 1.57518783e-01 1.82220014e-01 1.00727295e-01 2.04721269e-01 1.41004975e-01 1.10327423e-01 2.11890311e-01 3.70601941e-01 1.64783725e-01],__,309.31061992405023,0.07824267677106601,
20190225,530342801,1018,1551066104.6147866,57.767404738053614,276.43095496333245,116.8673085245804,1551066102.111522,309.8583246047052,[19.32393647 38.50033501 57.53749038 76.68541434 95.74406991 115.09512409 133.94776304 153.45778393 172.5698095 191.41749404 229.94211858 248.78915172 210.21383618],[1.56575011e+01 7.52360070e+01 3.71226299e-02 8.39665807e+01 1.97261730e-01 2.77301690e-01 1.48215094e-01 1.22162326e-01 1.78707767e-01 1.01152586e-01 2.31009698e-01 1.44142116e-01 1.17179744e-01 2.51352708e-01 1.70806708e-01 2.77748536e-01 4.38127188e-01],__,309.8583246047052,0.03710865699924565,
20190225,530342801,1019,1551066089.2258787,55.252928366196414,386.8586740862157,117.37375303507305,1551066087.8940413,309.247097629046,[19.39707392 37.81275497 57.78547211 76.87768812 96.26824874 115.48371821 134.85622351 153.89203211 173.23573718 191.78388085 212.18295466 230.79933886 250.13863713 267.89725963],[1.50106138e+01 1.05376626e+02 4.39808577e-02 8.39840336e+01 2.60100098e-01 2.09480984e-01 1.32031599e-01 1.16420743e-01 1.61743467e-01 8.75432116e-02 1.62872315e-01 1.16732628e-01 1.21403193e-01 2.45249077e-01 3.39900000e-01 1.45321950e-01 4.65776734e-01 3.50010162e-01],__,309.247097629046,0.05750624243411005,
20190225,530342801,1020,1551066073.8940663,55.61093842667285,556.9104672160107,117.15689766205715,1551066072.9590483,310.3966188985856,[38.48025245 57.42040536 76.90974927 95.68707691 115.07517295 133.52156497 152.95225842 172.12450125 191.54412945 209.82452833 229.3145516 246.3546444 263.62773158],[1.47048167e+01 1.48520222e+02 5.86909087e-02 8.19597268e+01 2.16753104e-01 1.49070221e-01 1.53875797e-01 1.84565960e-01 9.74882413e-02 1.70186926e-01 1.32740272e-01 1.26304179e-01 2.44597580e-01 3.14517324e-01 1.78575314e-01 3.68538187e-01 3.72583825e-01],__,310.3966188985856,0.1080768901432586,
20190225,530342801,1021,1551066059.4298844,55.49823772819429,944.2583685716588,114.2507231296132,1551066056.788194,305.6167645591585,[38.32198817 57.54043109 76.79838008 94.99557863 115.66153053 135.85224367 153.91425522 173.2767191 191.70263142 212.37334774 229.94423126 247.99713892],[1.37295460e+01 2.35099260e+02 9.67881566e-02 7.54938743e+01 2.67789031e-01 1.51320360e-01 1.80716147e-01 1.96314846e-01 8.96975111e-02 2.30059354e-01 1.53603531e-01 1.27174920e-01 1.86038056e-01 2.26089857e-01 1.80291816e-01 2.79228175e-01],__,305.6167645591585,0.17342883121101,
20190225,530342801,1022,1551066047.2900722,53.329263600093476,1359.5868584411003,112.2842429132623,1551066044.444597,290.2395115858272,[37.82540823 57.68132312 75.78424037 96.06843591 115.11826529 134.70211142 153.44123725 172.64603102 210.34642185 230.01826226],[1.22250103e+01 3.13909723e+02 1.66106522e-01 6.64347814e+01 2.62215973e-01 2.37661385e-01 2.49665411e-01 1.88757896e-01 1.01333119e-01 2.53180581e-01 1.58443797e-01 1.60148477e-01 3.09160083e-01 2.22986086e-01],__,290.2395115858272,0.1004138519025344,
20190225,530489496,1006,1551134486.9354134,57.676570545853686,2073.032320439964,109.94252589231834,1551134482.7039359,310.424505928064,[57.37472474 116.97462689 174.8733814 229.51641626],[1.84569582e+01 6.75648737e+02 3.55260658e-01 9.88049974e+01 1.57885372e-01 2.30622866e-01 3.42616718e-01 4.66505873e-01],__,310.424505928064,0.18753266864119242,
20190225,530489496,1007,1551134471.927358,54.615186222661514,1589.357708408913,111.31781728485839,1551134469.0289674,310.98428447037963,[62.20030238 74.99377913 96.02184025 115.8349219 133.96900366 154.61648573 174.97948274 211.30648916 231.82551682],[1.73970024e+01 5.09231320e+02 1.56217456e-01 9.89690074e+01 9.05465754e-02 1.48335753e-01 1.86205437e-01 1.07049217e-01 1.47319344e-01 2.10165730e-01 1.60466213e-01 2.89250817e-01 2.30355624e-01],__,310.98428447037963,0.2614963766098778,
20190225,530489496,1009,1551134442.39314,57.59620671845292,1138.2323894276826,114.37547714457777,1551134441.211073,310.9461249269874,[68.13667432 96.05374339 74.67750733 115.92722077 134.32299418 153.89034487 173.76473236 209.97167228 230.90906933],[1.82107220e+01 3.54614759e+02 1.38977786e-01 9.89058187e+01 1.53404884e-01 2.21498762e-01 1.77076982e-01 1.32758204e-01 2.47793126e-01 1.82321147e-01 1.79802184e-01 2.89597013e-01 2.63860272e-01],__,310.9461249269874,0.31735127023162585,
20190225,530489496,1010,1551134428.6823163,51.48437699873593,584.5315943405874,117.78770173362625,1551134430.0934849,314.18193453433224,[77.04055459 94.09389761 114.27342447 151.95253878 171.77714972 207.90901008 228.78354603],[1.36610419e+01 1.53244995e+02 9.41844593e-02 8.36267311e+01 1.93553954e-01 1.67071845e-01 1.21671053e-01 2.28222711e-01 1.85682978e-01 2.80393082e-01 2.68681733e-01],__,314.18193453433224,0.19274639884281097,
20190225,530489496,1011,1551134415.0,57.54504416489804,839.0600456510682,120.05063459463237,1551134417.75772,320.5260558901971,[90.69798025 112.7091943 130.55523794 150.44870409 168.96982276 206.32320111 224.56987156],[1.40581857e+01 2.07990122e+02 9.70360201e-02 7.79949764e+01 1.81008251e-01 1.20392475e-01 2.45844076e-01 2.20356089e-01 1.76868254e-01 2.89515254e-01 2.57283764e-01],__,320.5260558901971,0.12988343762982069,
20190225,530489496,1012,1551134398.1575851,62.169046040646236,1280.4084953618797,115.77480420951521,1551134396.4272797,312.22248397149565,[37.42677979 55.86530409 75.9753306 94.18517166 113.86240377 132.84378334 151.87457656 170.7577495 208.12636764 227.28175902],[1.36971622e+01 2.82436539e+02 9.55952891e-02 6.88019546e+01 1.78705752e-01 1.95570367e-01 1.58801268e-01 1.24213741e-01 1.06909517e-01 1.84506376e-01 1.68048082e-01 1.52530972e-01 2.74087911e-01 2.25252759e-01],__,312.22248397149565,0.07040018811878909,
20190225,530489496,1013,1551134379.199445,58.792953914945855,824.3603033009059,115.8207428870756,1551134377.203377,308.9606110842045,[58.14915621 76.81431176 94.86121841 115.63765609 132.18407659 153.73514875 173.41390793 210.04431943 231.64688594 250.29997971 192.11398055],[1.46544326e+01 2.06050066e+02 8.41931147e-02 7.69473467e+01 2.04220090e-01 1.70187691e-01 1.44858796e-01 1.10809151e-01 1.74262325e-01 1.59553293e-01 1.37687708e-01 3.19826221e-01 1.82100905e-01 3.03694905e-01 3.00077023e-01],__,308.9606110842045,0.20476568171617376,
20190225,530489496,1014,1551134363.5888636,58.321402976314275,390.8246628510389,117.90280166838255,1551134362.6662815,306.70640908064286,[37.41789286 57.71292979 76.83282154 95.79893959 115.09723299 131.28324431 153.58057466 172.99446381 192.78923735 213.27099683 231.27581536 250.59048263],[1.57038242e+01 1.05256871e+02 4.03147777e-02 8.25690379e+01 1.96511782e-01 1.98352934e-01 1.25417603e-01 9.38503054e-02 8.10144832e-02 1.49366677e-01 1.26698891e-01 1.13751587e-01 2.15167673e-01 3.10830814e-01 1.54153258e-01 2.63074392e-01],__,306.70640908064286,0.150825198443111,
20190225,530489496,1015,1551134350.8728652,60.32326416383507,298.51058211380007,117.50153219686487,1551134349.013458,310.34287179053246,[56.84118593 76.07382695 95.02964119 114.53664273 133.63008357 152.9960716 172.03933022 190.51870399 209.05236753 229.32232069 247.6178256],[1.61047472e+01 7.98048246e+01 3.94800633e-02 8.28526229e+01 2.05466327e-01 1.93005624e-01 2.11328233e-01 1.21997248e-01 2.20466095e-01 1.68927945e-01 1.56712080e-01 2.47444332e-01 4.30915384e-01 2.21593511e-01 3.56471427e-01],__,310.34287179053246,0.10987343655511651,
20190225,530489496,1016,1551134334.4537847,58.80775966694118,483.0045669361706,118.73531051213551,1551134334.6077538,308.21162774090504,[18.21795971 37.3464887 57.27780365 76.16448641 95.72806686 114.66526454 133.95837649 152.88361359 172.23568559 190.49133994 210.76964599 229.01138032 246.5414624],[1.55662792e+01 1.28123370e+02 4.56055210e-02 8.15637673e+01 2.52125116e-01 2.59499770e-01 1.56028220e-01 1.70241917e-01 1.84932898e-01 1.04147844e-01 2.11070824e-01 1.38742650e-01 1.40297382e-01 2.21325857e-01 3.09387328e-01 1.90302153e-01 3.16965466e-01],__,308.21162774090504,0.10540140748466824,
20190225,530489496,1017,1551134321.6723256,58.94452220712345,899.7159721076151,115.60429599606567,1551134319.8577251,304.5460086662797,[57.08583393 76.28086317 95.92732119 114.34929358 133.41622365 152.42631356 171.55372212 189.12897226 209.69019164 229.09948852 249.25784872],[1.45694800e+01 2.22305362e+02 7.80277722e-02 7.52908550e+01 1.24198543e-01 1.67283372e-01 1.29807598e-01 1.03811342e-01 1.88507139e-01 1.26623323e-01 1.20878631e-01 2.39137665e-01 2.35905663e-01 1.70893554e-01 2.83467686e-01],__,304.5460086662797,0.09595630764384996,
20190225,530489496,1018,1551134308.0249743,57.59326753704523,1387.7555732096275,114.65991068110992,1551134306.92141,311.30742724653004,[57.54609142 114.33023028 133.04603709 152.16841416 171.54090531 208.29744407 228.46990406],[1.82896720e+01 4.40971866e+02 1.56861502e-01 9.88805779e+01 1.55504433e-01 1.03091694e-01 2.52687844e-01 2.17761902e-01 1.69829501e-01 3.03284167e-01 2.31459513e-01],__,311.30742724653004,0.07316661737278975,
20190225,530489496,1019,1551134293.2572138,61.41018862884101,2197.4869166453786,112.20782668864217,1551134291.0683174,310.6353643611923,[57.33143802 76.13413316 114.22248474 152.32003545 171.78402676 190.54639985 229.10530507 97.54266574],[1.94786670e+01 6.94183580e+02 1.78892225e-01 9.86703318e+01 1.30825088e-01 1.49132541e-01 9.15374694e-02 1.55348602e-01 1.45710687e-01 1.88895457e-01 2.10590522e-01 1.17659419e-01],__,310.6353643611923,0.16513473175371587,
20190225,530489496,1020,1551130932.198058,55.768672873258076,1882.5552582967296,113.66275881002744,1551130930.9880934,311.0143991704143,[61.65598869 81.72494756 102.61129672 123.24786383 144.35636994 164.22770827 184.77490152 205.01143207 246.15222786],[1.77406976e+01 5.99562884e+02 1.46792800e-01 9.89072650e+01 1.12938605e-01 1.18871033e-01 1.29427266e-01 7.64875050e-02 2.02573914e-01 1.21518700e-01 1.14115574e-01 2.14230794e-01 1.75884656e-01],__,311.0143991704143,0.08372574109482,
20190225,530489496,1021,1551130945.0,54.87423864584905,1143.6437970995582,114.73502500489339,1551130943.206771,313.60568070342487,[61.74731332 82.385419 102.72106163 123.69669765 143.99960581 164.871168 185.49053988 204.97634291 226.12995817 246.95869975],[1.27881932e+01 2.66712498e+02 8.61090409e-02 7.30856482e+01 1.03694360e-01 1.15023821e-01 1.32968563e-01 8.34300746e-02 1.59075354e-01 1.15204768e-01 9.87098151e-02 1.68888526e-01 2.71141682e-01 1.45396700e-01],__,313.60568070342487,0.06214576664149132,
20190225,530489496,1022,1551130954.0214167,54.582760884577134,765.2079400176038,115.55637084938499,1551130951.8923476,312.2107316442343,[61.92550145 82.26417286 103.09564982 123.72670254 143.51283446 165.15383606 185.75264066 206.08232855 227.09552089 247.61810816],[1.39084371e+01 1.95254333e+02 6.85796974e-02 7.95504949e+01 1.21434228e-01 1.21110028e-01 1.87621142e-01 9.00145697e-02 2.33857372e-01 1.21671001e-01 1.02077690e-01 1.80211059e-01 3.01119085e-01 1.51787725e-01],__,312.2107316442343,0.05894752724042121,
20190225,530489496,1023,1551130958.4760785,53.86508131685069,1081.7682627866493,116.8815705303937,1551130958.7109833,311.3786626717927,[41.20965698 21.07089963 61.69546021 82.52541115 103.21224426 123.8906858 144.52652615 165.13262475 185.89365132 206.34091603 227.22586081 247.71993028],[1.71134668e+01 3.43546088e+02 1.06365913e-01 9.90321891e+01 2.04620553e-01 2.80611744e-01 1.86480354e-01 1.44709246e-01 1.54201233e-01 1.06531169e-01 1.96499704e-01 1.49210850e-01 1.47418769e-01 2.13432963e-01 2.25468169e-01 1.99201504e-01],__,311.3786626717927,0.06202133961173962,
20190225,530489496,1024,1551130963.846987,56.43862807963013,2102.470202586409,113.80667532652008,1551130963.3810568,310.2501008833772,[61.92659657 82.30857984 102.64957774 123.51956056 143.91259092 164.72230757 185.33445968 205.442919 226.12721148 246.73692798],[1.79948472e+01 6.71795548e+02 1.55929343e-01 9.88573079e+01 1.72297439e-01 1.86694731e-01 1.40962067e-01 8.38827002e-02 1.48871547e-01 1.29529060e-01 1.26036702e-01 1.73106717e-01 2.36089859e-01 1.52644105e-01],__,310.2501008833772,0.07137000677790528,
20190225,530501643,1023,1551136174.1848698,48.57455703005184,1298.1745331205796,114.48278193655135,1551136172.843661,311.01140231505525,[39.2135402 58.86916242 79.08060526 98.00956327 117.67583916 137.36258065 156.88967491 176.48609416 195.95868942 215.50723821 235.20318838],[1.54884997e+01 4.13742829e+02 1.53423755e-01 9.91914790e+01 1.04690274e-01 9.68425395e-02 1.97236315e-01 1.16497442e-01 9.98429128e-02 1.91359384e-01 1.71830751e-01 1.53856583e-01 2.04043124e-01 2.67073756e-01 2.53573284e-01],__,311.01140231505525,0.032532626162150774,
20190225,530501643,1024,1551136179.40581,48.854615406504024,754.7154999892331,116.32423094479378,1551136177.9902244,310.6379825194378,[18.72510946 39.04891772 59.00371493 78.63133455 98.36389912 117.97516398 137.67580375 157.27832578 176.99530448 196.40054269 215.53958465 235.65888984],[1.27947812e+01 1.97784219e+02 8.45746772e-02 8.13660927e+01 1.68147852e-01 1.75403764e-01 1.07283926e-01 1.84068015e-01 1.25732033e-01 9.42375531e-02 1.40809749e-01 1.47826687e-01 1.06809426e-01 1.84326328e-01 2.01208489e-01 1.75707357e-01],__,310.6379825194378,0.05206218892043882,
20190225,530501643,1025,1551136185.3465474,51.09066495209517,1067.2217630629425,116.7332513127397,1551136184.9007387,311.3681436753586,[18.99175843 39.14969889 58.78260925 78.27096197 97.91622651 117.49017412 137.13969676 156.54346642 176.30831864 195.88932141 215.69032938 235.06074557 254.37412026],[1.62533387e+01 3.38863466e+02 9.81007972e-02 9.91254439e+01 2.66536958e-01 2.09485504e-01 9.40503463e-02 1.63023809e-01 1.01180564e-01 8.49867177e-02 1.29255284e-01 1.24803288e-01 9.87938363e-02 2.14480237e-01 2.78912303e-01 1.57387527e-01 1.82703807e-01],__,311.3681436753586,0.0487775591277522,
20190225,530501643,1026,1551136199.8511028,51.574839815379576,1572.5978557114945,114.56281596681274,1551136198.9378421,311.17892528757653,[39.11033637 58.52904196 78.28671974 97.4962388 117.15607752 136.59556265 155.94530528 175.64788572 194.77584024 214.28152738 233.99023037 252.79463594],[1.64385715e+01 5.03425326e+02 1.42962050e-01 9.90749800e+01 1.89415522e-01 8.60262586e-02 1.75098526e-01 1.06701034e-01 9.31871146e-02 1.68801937e-01 1.33658789e-01 1.11653142e-01 2.06334858e-01 2.48190866e-01 1.82455809e-01 2.41201650e-01],__,311.17892528757653,0.04935209998725591,
20190225,530501643,1027,1551136212.7091842,47.21956306732321,1533.97344875504,115.02991774768655,1551136213.7128766,311.25824323442777,[39.00504729 58.8470991 79.64291604 98.00178466 117.67005916 136.98472683 157.19056442 176.51410581 214.88851166 234.84100757 254.95309686],[1.50551859e+01 4.89269958e+02 2.25618191e-01 9.92191554e+01 2.12253627e-01 1.03888162e-01 2.32694279e-01 1.68190300e-01 9.86763174e-02 2.21880292e-01 1.79785476e-01 1.26583485e-01 2.82920727e-01 1.87366798e-01 3.26376039e-01],__,311.25824323442777,0.06989430212422969,
20190226,530681886,1005,1551217667.696422,48.6747426337633,1024.346562419805,115.5385644388949,1551217668.9012434,311.27363726486897,[41.54420054 61.58537112 83.48428971 100.71657105 121.10130326 140.77772694 162.11022662 181.41766044 199.82823592 222.85792352 243.60368685 261.08640227],[1.55285368e+01 3.27568433e+02 1.14626898e-01 9.92015199e+01 1.63365805e-01 1.23894039e-01 1.32487475e-01 1.59192255e-01 9.23590544e-02 1.55257572e-01 1.27190548e-01 1.18560188e-01 1.85759539e-01 3.01935632e-01 1.92781093e-01 3.18908016e-01],__,311.27363726486897,0.24101113137012437,
20190226,530681886,1006,1551217679.4444973,51.62135489907079,1021.9588369659731,116.12148059417711,1551217679.8814793,310.7761153475299,[102.62617944 122.14550373 163.27965132 184.00331856 245.09561626],[1.25970426e+01 2.49347302e+02 1.32219330e-01 7.58705830e+01 1.45394017e-01 8.72146768e-02 1.41680383e-01 1.35969046e-01 1.64505403e-01],__,310.7761153475299,0.11355990750405466,
20190226,530681886,1007,1551217697.4367259,55.49519598942442,1331.2873300125596,111.36334665374414,1551217692.6361113,310.86512483019317,[61.14961556 83.35921511 101.63197074 123.00748576 141.77827695 164.14763162 184.44994407 202.48789192 225.23720339 245.47232054],[1.75976803e+01 4.16658950e+02 1.35108804e-01 9.89654574e+01 1.59710995e-01 1.38749728e-01 1.41425023e-01 1.06284217e-01 1.80637184e-01 1.33878892e-01 1.23843275e-01 2.80607036e-01 3.35287339e-01 1.76519254e-01],__,310.86512483019317,0.12607434642193152,
20190226,530681886,1008,1551217714.8410363,53.09212285733304,1268.6590032561892,111.44722908178494,1551217709.9601405,308.9746996191317,[40.70190625 61.68773614 81.97130959 103.13286791 122.86211204 142.06442832 163.75464152 184.16284661 204.2997573 224.08202595 245.0762001],[1.21469676e+01 2.89959759e+02 1.11698428e-01 7.07455647e+01 2.07836784e-01 1.24329364e-01 1.38128381e-01 1.12394678e-01 9.30915264e-02 1.82458324e-01 1.19229837e-01 1.15757277e-01 2.43466017e-01 3.19547594e-01 1.76193645e-01],__,308.9746996191317,0.09476752177699298,
20190226,530681886,1009,1551217730.3337567,51.34776811996714,718.7205317728126,114.19716995826006,1551217726.6681223,315.85259340455025,[62.30815629 81.47601862 99.57977534 122.24494052 143.05483469 163.11728877 183.43454111 203.61439762 222.95850428 244.19670279 265.79099953],[1.32707574e+01 1.86278340e+02 7.54205247e-02 8.15971793e+01 1.18826537e-01 1.44553642e-01 1.12550259e-01 9.02680909e-02 1.41413660e-01 1.16905789e-01 1.05223217e-01 2.41744906e-01 4.75285956e-01 1.51213258e-01 3.57688090e-01],__,315.85259340455025,0.08766717556339795,
20190226,530681886,1010,1551217745.7728431,51.22234465242992,486.8874845576088,116.79748880527673,1551217743.6119182,311.7996169801982,[40.37108401 61.10304285 81.29604646 101.26796961 121.94959205 142.28124356 162.48553872 182.89115762 202.52838495 223.1716077 243.50505465 263.52884662],[1.38972565e+01 1.32184656e+02 5.90320836e-02 8.45998661e+01 1.91540802e-01 1.31357265e-01 1.14612142e-01 1.66460663e-01 1.07296917e-01 1.86821585e-01 1.38918549e-01 1.17344331e-01 2.58979391e-01 2.98995598e-01 1.83800959e-01 3.42019716e-01],__,311.7996169801982,0.048338120539786825,
20190226,530681886,1011,1551217760.1358721,48.96735094633832,541.6322566774115,117.00680396827869,1551217758.690161,307.53760656524247,[20.06856932 40.46589984 61.74893421 81.25639427 101.46906406 121.88218531 142.23312844 162.4424561 182.81082175 203.61497158 223.36931806 243.45504058 262.07310379],[1.34328664e+01 1.48811299e+02 8.96501402e-02 8.43455759e+01 3.00106307e-01 3.78437230e-01 2.23291889e-01 1.76371325e-01 1.70836991e-01 1.36232329e-01 1.83355348e-01 1.91284831e-01 1.53198556e-01 2.47593486e-01 2.62724445e-01 2.14627554e-01 3.85597592e-01],__,307.53760656524247,0.05989358314814324,
20190226,530681886,1012,1551217776.2445517,49.20167269673028,920.9049656315304,115.84519868969511,1551217774.98228,309.56189326976636,[61.32286512 81.37358142 101.80042931 122.25527279 142.59902843 162.73683474 183.29802568 203.39386369 224.1075962 244.52472473],[1.24299364e+01 2.33074912e+02 1.34126628e-01 7.82402777e+01 2.76652720e-01 1.57262178e-01 1.45954378e-01 1.18732590e-01 1.53766476e-01 1.59892339e-01 1.33133351e-01 2.28673221e-01 2.31588778e-01 1.96629759e-01],__,309.56189326976636,0.03241615044002505,
20190226,530681886,1013,1551217794.3643103,49.84782223067877,1252.9648607393788,115.27803527928867,1551217793.2649658,311.07294170007935,[60.76029255 81.538671 101.96709299 122.36861955 142.7036993 162.95149991 183.50185602 203.21304942 223.40135484 244.42437146],[1.58942379e+01 4.00272930e+02 1.45079337e-01 9.91527090e+01 2.20016551e-01 1.57041295e-01 1.22095791e-01 9.88149494e-02 1.43220349e-01 1.30283562e-01 1.10346663e-01 2.00763165e-01 2.11340904e-01 1.68798258e-01],__,311.07294170007935,0.051925320112115654,
20190226,530681886,1014,1551217815.7554069,51.39518388137242,1786.1068593668185,109.86974411609742,1551217810.1332164,310.53996916374035,[40.68485423 60.77133716 81.77481769 101.89916765 122.12007388 142.70258939 163.05162274 183.32879155 204.20530306 223.69768453 243.81510593],[1.63996657e+01 5.70940090e+02 1.70106940e-01 9.90629002e+01 1.83962592e-01 1.51419603e-01 1.55751966e-01 1.32519559e-01 8.77220130e-02 1.38073169e-01 1.22832618e-01 1.09636977e-01 1.93937647e-01 1.97398586e-01 1.49913392e-01],__,310.53996916374035,0.05636163547504892,
20190226,530681886,1015,1551217834.1151547,54.268966542136674,2476.282762318995,110.49791349299622,1551217830.1462324,309.97737847045954,[60.35543274 80.77856171 101.18641606 121.19970981 141.49998568 161.60021782 181.79163872 201.98470485 222.43009044 242.42342132],[1.73468953e+01 7.92735516e+02 3.39724479e-01 9.88928957e+01 2.45112281e-01 2.27939814e-01 1.62184478e-01 1.06520763e-01 1.75566681e-01 1.63342672e-01 1.45938441e-01 2.47351724e-01 2.35954203e-01 1.90632345e-01],__,309.97737847045954,0.04928222209542204,
20190226,530681886,1016,1551217854.1411953,50.33718206392515,2088.9317645291503,110.513542460645,1551217850.625323,310.28271507413547,[60.83115477 80.31905779 100.12024232 121.04328216 141.27089753 161.5072866 181.4391884 201.99721829 220.49454433 241.39185329],[1.60891080e+01 6.69589865e+02 1.90349900e-01 9.90680422e+01 1.48299324e-01 1.46620758e-01 1.55880513e-01 8.07309105e-02 1.59675743e-01 1.17774736e-01 1.08946399e-01 1.86813184e-01 2.11485526e-01 1.48387706e-01],__,310.28271507413547,0.10685798551702234,
20190226,530681886,1020,1551221247.5538828,58.739245597690996,1803.9193069020066,113.26897161105754,1551221246.2406516,309.8913186731952,[116.07471738 154.48668682 173.68893163 212.04855779 230.48670714],[1.87737229e+01 5.81911795e+02 2.14602979e-01 9.87905888e+01 1.32683286e-01 2.19903499e-01 2.15128188e-01 2.86701062e-01 2.65788021e-01],__,309.8913186731952,0.20634163288873697,
20190226,530681886,1021,1551221239.6597342,54.09902951437448,860.1417029088311,115.1244699481402,1551221237.8367438,305.1000923261008,[77.13754068 94.90882446 115.38943645 134.02174817 153.74525271 173.15819023 210.26360975 230.63837214 249.46424693],[1.37346090e+01 2.18795035e+02 1.40908086e-01 7.74594413e+01 2.03707736e-01 1.83458368e-01 1.29440810e-01 2.21527694e-01 1.94933120e-01 1.58368371e-01 2.83383953e-01 2.13183572e-01 2.85408900e-01],__,305.1000923261008,0.10800428399205242,
20190226,530681886,1022,1551221232.668682,57.307332304804554,276.56581300436716,117.67524855888394,1551221230.888259,310.2303664676243,[19.0869732 38.37250246 57.528249 76.77956352 96.06317291 115.43179468 133.74699617 153.74834059 172.99148774 210.22025486 230.82594335 249.49773356],[1.55521053e+01 7.51686477e+01 4.28272731e-02 8.41878242e+01 2.70793636e-01 3.34537865e-01 2.50101878e-01 1.23719253e-01 2.05069800e-01 1.07024413e-01 2.55951966e-01 1.59819713e-01 1.42925593e-01 4.58001402e-01 2.10840630e-01 2.72565115e-01],__,310.2303664676243,0.07493821453456649,
20190226,530681886,1023,1551221230.0590086,54.424193572550806,777.6366418861077,116.21339847842836,1551221228.7989073,309.1307285960248,[38.72007294 57.6991773 76.53643762 95.28435118 115.28473955 134.00896166 153.40913786 172.90947226 191.7748948 211.14681431 230.53212489 249.02954839],[1.39297661e+01 1.99239773e+02 8.60307158e-02 7.91248451e+01 2.56517804e-01 1.49943579e-01 2.31452065e-01 2.64284659e-01 9.84538714e-02 2.28184777e-01 1.66266238e-01 1.38219060e-01 2.30303600e-01 2.84814276e-01 1.74830508e-01 3.23911789e-01],__,309.1307285960248,0.09513768744020049,
20190226,530681886,1024,1551221229.0534463,53.00594798771266,1691.4978940730805,113.2637022531083,1551221227.748389,310.6876090660242,[115.21497554 134.47697184 153.70100872 172.71178579 192.47674146 210.25507256 230.24415482],[1.69172739e+01 5.42733467e+02 1.81817050e-01 9.90144883e+01 1.07914057e-01 2.37958312e-01 1.74081684e-01 1.60649497e-01 2.34620101e-01 2.50769275e-01 2.24321465e-01],__,310.6876090660242,0.09984620086589636,
20190226,530501643,1023,1551139279.2908843,58.424721865646525,1498.81961222722,77.40027421123513,1551139241.1706603,310.85827283276166,[39.05848749 58.99954114 77.88618504 97.87455656 117.93516071 138.60767352 156.76511884 176.84636806 215.95370528 235.88877145 255.15826299],[1.85838353e+01 4.77654804e+02 1.46196235e-01 9.88377141e+01 1.55181135e-01 1.02159026e-01 1.56308009e-01 1.32005103e-01 9.51682952e-02 1.83059187e-01 1.74957153e-01 1.16553878e-01 2.37312723e-01 1.67942221e-01 1.97141699e-01],__,310.85827283276166,0.0650201471516361,
20190226,530501643,1024,1551139272.3555596,58.671044295528056,848.6824950943586,69.52658766902546,1551139224.2680645,309.9134839631375,[20.11418845 38.93098125 58.88362197 78.09492286 98.12163051 117.96688793 137.65920531 157.09757526 176.90285301 196.76618396 235.77095123 255.28239397],[1.45270000e+01 2.10334868e+02 7.28705812e-02 7.67447371e+01 2.26105912e-01 1.83294983e-01 1.17162482e-01 1.73151863e-01 1.29222259e-01 1.04318489e-01 1.61938571e-01 1.51506533e-01 1.22344868e-01 2.31077621e-01 2.02038113e-01 2.51132352e-01],__,309.9134839631375,0.05125744600545403,
20190226,530501643,1025,1551139263.1366627,58.419203338074304,715.9725517844503,60.526972896924924,1551139205.6166623,311.5247469343642,[39.29711614 58.89183227 78.0403418 98.21490584 118.0483173 137.55061357 157.55653311 177.00055675 196.39069447 215.60832804 235.43754559 253.55849413],[1.48153413e+01 1.81932147e+02 6.72681609e-02 7.90025748e+01 1.91768887e-01 1.13708758e-01 1.93617171e-01 1.68052784e-01 1.18893437e-01 1.78843679e-01 1.63813475e-01 1.46400414e-01 2.42574479e-01 3.37468124e-01 2.34708736e-01 4.19804768e-01],__,311.5247469343642,0.06115178242821405,
20190226,530501643,1026,1551139249.612715,59.2869513751264,1138.8730056305812,46.92095464716322,1551139179.605726,308.8677668973252,[19.25737584 39.01890169 58.98585687 77.55212812 98.1731625 118.16460709 137.4227722 157.44148925 177.12486895 197.13033761 215.90787644 235.90827584 254.73208429],[1.37314999e+01 2.64339631e+02 8.91797703e-02 7.15225028e+01 2.21791477e-01 1.54124205e-01 1.05832437e-01 2.00219607e-01 1.31364208e-01 9.44122846e-02 1.86311191e-01 1.35862452e-01 1.05076369e-01 2.09093247e-01 2.46643217e-01 1.67700467e-01 2.49199545e-01],__,308.8677668973252,0.06886062619829973,
20190226,530501643,1027,1551139234.7407212,59.07417870539517,1450.1301603822744,31.472607726226787,1551139150.236826,302.6865974737298,[19.26315184 39.43390105 59.33167414 78.92919907 98.73938328 118.55649358 138.26499411 158.04720734 177.84128718 197.68856478 217.17298295 236.83392828 256.21385899],[1.27566281e+01 3.13502045e+02 1.87068987e-01 6.54134267e+01 2.21764401e-01 1.80664796e-01 1.28579663e-01 2.08283854e-01 1.73719495e-01 1.15983348e-01 2.09736752e-01 1.83899584e-01 1.54244989e-01 2.48957893e-01 2.58417221e-01 2.08786824e-01 3.18051744e-01],__,302.6865974737298,0.0762344368789353,
20190226,530672521,1020,1551217495.3403487,54.558234975940664,1411.0364206097665,115.11491400669372,1551217496.296115,311.33643130496176,[37.71268872 58.67384837 77.4092922 97.92104308 117.2978972 136.3899069 155.97996826 176.06939342 214.07896289 234.88858837 254.86657634],[1.73487871e+01 4.49314225e+02 1.37646020e-01 9.89872086e+01 1.93202778e-01 9.44333812e-02 2.33237249e-01 1.31930365e-01 9.55187533e-02 2.03253510e-01 2.01385995e-01 1.36793608e-01 3.04732898e-01 2.08669027e-01 3.55540599e-01],__,311.33643130496176,0.0925175380010412,
20190226,530672521,1021,1551217482.6333249,56.7505851771723,1256.4711030144222,115.79504234927063,1551217482.8977582,310.9076544243072,[58.54152086 77.11865529 97.328362 116.93246016 136.26047217 155.42479145 175.35772155 193.98487446 214.15927749 234.33582103 253.77062164],[1.80367253e+01 3.97881532e+02 1.11026873e-01 9.89182159e+01 1.14535043e-01 3.00843524e-01 1.67717281e-01 1.03701306e-01 1.74914966e-01 1.52289488e-01 1.21891224e-01 2.43409323e-01 3.11741515e-01 1.90670404e-01 2.17130074e-01],__,310.9076544243072,0.07899344177255334,
20190226,530672521,1022,1551217472.4564457,55.87507074170459,836.6542945572896,116.0388543226392,1551217471.3014994,307.13177006022045,[38.58374047 58.38100609 77.1738717 97.16479816 117.07271904 136.58059985 154.91319341 175.64622442 194.2134889 211.73286303 233.90243748 253.91605288],[1.41014890e+01 2.11596199e+02 8.67212757e-02 7.74892693e+01 2.38216717e-01 1.40604441e-01 2.45682792e-01 1.95560867e-01 9.77766030e-02 2.20228195e-01 2.02485171e-01 1.27481545e-01 2.47986298e-01 2.97169937e-01 2.04333002e-01 2.52074774e-01],__,307.13177006022045,0.1467087201112639,
20190226,530672521,1023,1551217463.511382,55.973515860562884,593.4591605167666,116.09530111302007,1551217461.4241085,306.441308265465,[39.31115451 58.79319166 78.14489446 98.18989848 117.52584659 137.28651577 156.73040355 176.46049669 194.69346159 216.2626681 235.43634571 253.72130115],[1.48175592e+01 1.57845753e+02 6.24102405e-02 8.10323067e+01 2.28253247e-01 1.00026425e-01 1.86813051e-01 1.62274737e-01 9.86117052e-02 1.81435667e-01 1.73142034e-01 1.13624116e-01 2.71643673e-01 2.93422317e-01 1.75539842e-01 3.11319883e-01],__,306.441308265465,0.07675267201682139,
20190226,530672521,1024,1551214026.5988386,49.82653027480681,685.8830724735208,117.86101127905864,1551214026.4194224,308.4593025254279,[39.16188088 59.13831748 79.37854598 98.52922387 118.20292933 138.03057948 157.6170922 177.43074039 197.26878326 215.52448256 236.33991145 255.77726172],[1.32436936e+01 1.82530015e+02 7.45655675e-02 8.19833969e+01 1.80430520e-01 9.71932093e-02 1.92389096e-01 1.24916826e-01 8.84240553e-02 1.38716725e-01 1.33028069e-01 1.03623634e-01 1.75348311e-01 2.25655525e-01 1.64483005e-01 1.96683089e-01],__,308.4593025254279,0.047200285836761946,
20190226,530672521,1025,1551214034.6120384,50.37445294644364,1314.45153609562,116.32184135626741,1551214034.871004,311.10615425009104,[59.38385913 78.84519473 98.82213721 118.53789291 138.49671721 158.27122687 177.89538873 197.8526549 217.05408039 237.15606163 256.61378474],[1.60491434e+01 4.18723356e+02 1.36630031e-01 9.91332810e+01 1.12443916e-01 1.94358903e-01 1.10027256e-01 8.57120850e-02 1.58427757e-01 1.35142702e-01 1.10980611e-01 2.16475729e-01 2.12833731e-01 1.52778898e-01 2.25848449e-01],__,311.10615425009104,0.04640807301069743,
20190226,530672521,1026,1551214050.748284,50.41657660812611,1891.0678895090853,113.64931336435187,1551214050.1042173,311.0357776517207,[38.22057456 59.14719113 78.35854841 98.58649094 118.35751411 138.24087942 157.84516433 177.51025097 197.36824899 217.06155678 236.62682335],[1.60698003e+01 6.04001417e+02 1.72705835e-01 9.90887699e+01 1.65353420e-01 9.38804504e-02 1.68221494e-01 1.04332927e-01 8.33727029e-02 1.71303021e-01 1.24361502e-01 1.01043735e-01 1.91322039e-01 2.21839732e-01 1.68320546e-01],__,311.0357776517207,0.05448405446568781,
20190226,530695031,1012,1551223147.2185392,52.017277318610724,1858.277875531838,113.68710211923194,1551223146.865991,310.58954164964854,[39.01117972 58.99567302 77.7930804 97.78919444 117.64258924 137.39422376 156.86999274 176.55582087 195.74470165 215.90736536 235.35526783 19.53564835],[1.65832749e+01 5.92108195e+02 1.74716191e-01 9.90377818e+01 1.55972832e-01 9.01951897e-02 1.36938315e-01 9.96906709e-02 7.61811587e-02 1.45911513e-01 1.44425954e-01 1.20643202e-01 2.05913480e-01 2.07627875e-01 1.80325190e-01 1.92664269e-01],__,310.58954164964854,0.06321180251799971,
20190226,530695031,1013,1551223164.4704552,51.324968509010944,1651.4021602735497,112.36182351413676,1551223162.4016697,310.7941746542122,[39.41174741 59.07081327 78.04540586 98.44246215 118.02266351 138.06371577 157.54086458 177.15969689 196.58994785 216.43064715 236.17435974],[1.63389288e+01 5.23438097e+02 1.41185228e-01 9.90808918e+01 2.40257525e-01 9.55547536e-02 1.49295150e-01 1.12542683e-01 8.28421305e-02 1.40192736e-01 1.18135018e-01 1.02573354e-01 2.03673844e-01 1.94957604e-01 1.62642491e-01],__,310.7941746542122,0.03956036494492085,
20190226,530695031,1014,1551223180.3983164,52.88106973845319,1674.7122672707176,113.75634034766937,1551223179.299353,310.8446008002788,[18.70467251 38.85647363 59.08489579 77.83192582 98.39690082 117.86222918 137.69056671 157.33652187 176.96224872 196.76172675 216.02997902 235.94499958],[1.68339726e+01 5.32454696e+02 1.27864376e-01 9.90256465e+01 1.64216873e-01 1.10185412e-01 8.12527820e-02 1.38131002e-01 9.43252793e-02 7.95119706e-02 1.48115394e-01 1.14420625e-01 9.97584654e-02 1.80224361e-01 1.96717115e-01 1.56038174e-01],__,310.8446008002788,0.05012721528736811,
20190226,530695031,1015,1551223197.3401153,52.61464199144984,1539.7133813965177,113.81257940893578,1551223075.604525,310.65331677093775,[19.80765274 38.69509413 57.36762493 78.71366576 97.21264656 117.10144329 137.37981575 158.56831541 176.85632579 197.91717315 214.42609912 236.57720771],[1.67615193e+01 4.88922679e+02 2.16335509e-01 9.90436429e+01 1.60347684e-01 1.91470772e-01 1.93358553e-01 1.36594479e-01 1.78213974e-01 2.11849978e-01 1.80945695e-01 1.29119561e-01 2.08468185e-01 1.89299356e-01 2.00371745e-01 1.87262176e-01],__,310.65331677093775,0.3454165785480166,
20190226,530695031,1017,1551223231.6857622,53.3623496318893,1387.7419240473378,116.00182808881596,1551223231.686901,308.87229248222457,[18.6176556 39.11157845 58.57696726 77.7168922 98.34229579 117.61290668 137.49563398 156.87705113 176.52303213 195.25875075 215.48155511 235.36290856 255.44209624],[1.18179923e+01 3.06916789e+02 1.01236297e-01 6.84494116e+01 1.35844190e-01 1.27617876e-01 8.52204950e-02 1.51686758e-01 1.05125245e-01 7.11639504e-02 1.50087865e-01 1.09369777e-01 9.30655672e-02 1.82297376e-01 1.89033487e-01 1.42256922e-01 2.85770689e-01],__,308.87229248222457,0.09360202336151699,
20190226,530695031,1018,1551223250.2174134,55.19846391443634,1209.982933592421,115.7883040642468,1551223249.1158829,310.83394733127653,[38.49232009 58.58702553 76.28056828 97.73461687 117.00490157 136.55987211 156.25329354 175.65402572 195.19928762 214.69463897 234.16454777 252.67481709],[1.75792261e+01 3.85837585e+02 9.64314666e-02 9.89728903e+01 1.48373577e-01 1.08617545e-01 1.47394778e-01 1.33943987e-01 7.78594144e-02 1.79611998e-01 1.31832792e-01 9.78671374e-02 2.12778180e-01 2.75109569e-01 1.91714825e-01 3.70187528e-01],__,310.83394733127653,0.0718266583096541,
20190226,530695031,1019,1551223266.2510884,54.05783535490005,710.8200858480632,117.64409251119076,1551223266.085947,310.33183935998034,[19.9203965 38.87173378 58.64422118 77.6304915 97.83063458 117.15192996 136.87202021 156.13789552 175.77451013 195.28359294 214.59264983 234.35212302 253.29705958],[1.40052138e+01 1.84321453e+02 6.60021518e-02 8.03996074e+01 1.86611796e-01 1.38252812e-01 9.94558824e-02 1.49714482e-01 1.13006336e-01 8.80754114e-02 1.56604651e-01 1.34638369e-01 1.01595526e-01 2.09366963e-01 2.68197564e-01 1.56009543e-01 2.44795013e-01],__,310.33183935998034,0.060362928170616205,
20190226,530695031,1020,1551223281.400194,53.63939216192086,528.8599693655655,118.3026744151581,1551223281.4738579,308.00521830720834,[21.21019301 39.31366081 58.95811322 78.23695529 98.27007237 117.53541804 137.50630345 156.99545793 176.72497357 194.76789419 216.76359883 235.38214293 254.98410662],[1.44390019e+01 1.42784834e+02 5.70049775e-02 8.28840144e+01 1.46611634e-01 1.56836725e-01 1.09612125e-01 1.40971976e-01 1.18645950e-01 9.12721442e-02 1.60103492e-01 1.40581850e-01 1.01016984e-01 2.34686733e-01 3.27197117e-01 1.86986543e-01 3.19816147e-01],__,308.00521830720834,0.08425687797730223,
20190226,530695031,1021,1551223295.8111572,54.34935194576068,592.3727075305608,118.67352495750035,1551223296.2746072,307.0563879319164,[20.0207347 39.01900893 59.29832278 78.74737833 99.1034465 118.27996376 137.75544588 157.55751268 177.310453 196.84086631 217.58930809 236.05012238 256.14000574],[1.44684086e+01 1.58076492e+02 5.51889202e-02 8.17078963e+01 1.86480147e-01 1.60031083e-01 9.14739472e-02 1.65347607e-01 1.11961158e-01 8.40149122e-02 1.39894235e-01 1.21494081e-01 9.47533410e-02 2.14237199e-01 3.45250268e-01 1.56147496e-01 2.53070164e-01],__,307.0563879319164,0.07084027063169646,
20190226,530695031,1022,1551223309.8578575,55.445465434434624,991.5944423844973,117.33486490446163,1551223310.0433986,304.8788320844501,[19.32476014 38.62612516 58.94486068 78.25559764 98.31244285 117.88797361 137.88699456 156.82505675 176.7839582 196.42571083 216.8229422 235.58908697 254.43683768],[1.35899904e+01 2.43608735e+02 8.31364640e-02 7.46849937e+01 1.91369803e-01 1.78106495e-01 9.39793066e-02 2.13186431e-01 1.01512309e-01 7.99070716e-02 2.03498853e-01 1.38759089e-01 9.21742133e-02 1.96110998e-01 2.96339694e-01 1.57244003e-01 2.56798131e-01],__,304.8788320844501,0.07046970463607197,
20190226,530695031,1023,1551223320.9934497,56.038515527473756,1552.867742753568,115.76502287459334,1551223321.5483987,310.79382067615495,[39.32487606 58.8600746 77.86253823 97.81446018 117.76581019 136.11685371 157.28155321 176.54212012 213.23968219 234.97444301 254.62162435],[1.78150230e+01 4.91599130e+02 1.30681534e-01 9.89252157e+01 1.23629398e-01 8.87964717e-02 1.94462769e-01 1.10016755e-01 9.52455496e-02 2.22788117e-01 1.77300276e-01 1.29712530e-01 2.51622206e-01 2.04063769e-01 3.39089076e-01],__,310.79382067615495,0.08349129807888914,
20190227,530706111,1009,1551228089.0020955,49.496556193163215,1440.3188050895744,114.80489349518187,1551228088.3777552,311.12248348694095,[59.16402692 78.68117078 98.61291911 118.24344678 137.93927109 157.86550411 177.41055465 197.04598944 216.47918078 236.22531218 18.25657111],[1.57747267e+01 4.59303593e+02 1.41170004e-01 9.91535345e+01 9.41839737e-02 1.70980106e-01 1.11958762e-01 8.50505732e-02 1.40209286e-01 1.29236233e-01 1.20660207e-01 1.77398089e-01 1.78611861e-01 1.77723735e-01 2.55742187e-01],__,311.12248348694095,0.050579029423792554,
20190227,530706111,1010,1551228103.7757652,50.07853652934741,993.0096066083362,116.21306192056844,1551228102.9960337,311.4404700435292,[19.15758497 39.36694946 59.34397163 78.58891364 98.66531106 118.32109409 138.03174069 157.56863097 177.35623053 196.74733589 216.65547469 236.38272179 255.11951298],[1.59438476e+01 3.16152632e+02 9.42217256e-02 9.91609344e+01 2.25839825e-01 1.79382681e-01 9.58152664e-02 1.78389526e-01 9.97422874e-02 7.88648202e-02 1.44748952e-01 1.27597482e-01 9.78836512e-02 1.84616819e-01 2.04054711e-01 1.71979662e-01 3.54992086e-01],__,311.4404700435292,0.05371632063051366,
20190227,530706111,1011,1551228118.9997773,49.57032450978425,577.8229399159895,115.92103253895766,1551228116.4824655,310.8277938238925,[19.16901347 38.78676742 59.45725659 78.67825321 98.78000893 118.3966338 138.18273073 157.92738987 177.626189 197.53428133 216.29763613 236.5562524 255.23992527],[1.33793744e+01 1.56158009e+02 6.32997207e-02 8.38887159e+01 1.49227526e-01 1.42979396e-01 9.28626583e-02 1.51118373e-01 1.17179230e-01 8.48131792e-02 1.48697329e-01 1.31652571e-01 9.00044656e-02 1.93799417e-01 2.40959340e-01 1.40552395e-01 3.28362790e-01],__,310.8277938238925,0.06393632504489725,
20190227,530706111,1012,1551231131.0742927,55.7387295895172,447.8135411888782,117.42565083220322,1551231129.4585757,308.91625343084644,[19.1378813 39.38927549 58.74969638 78.15497354 96.96466839 117.56246603 136.98462829 156.723564 176.33446865 195.61324703 214.05569507 234.72585434 254.16290695],[1.50061529e+01 1.20611674e+02 5.16173254e-02 8.31726091e+01 1.94292818e-01 2.19308578e-01 1.07905771e-01 1.81858908e-01 1.40872156e-01 1.04094784e-01 1.81802216e-01 1.49155811e-01 1.18574146e-01 2.67398753e-01 3.54639316e-01 1.93364852e-01 2.36205436e-01],__,308.91625343084644,0.06503291104425417,
20190227,530706111,1013,1551231115.9783337,56.19016534509229,441.84610325035624,118.17102695884071,1551231115.121419,307.19458372296936,[19.52925336 38.68792789 58.25642179 78.24624373 98.49312781 116.89981087 136.87288702 155.36832237 175.8973802 196.88069886 215.66795418 235.51602449 255.38247027],[1.51667926e+01 1.19053784e+02 4.85716060e-02 8.29359364e+01 1.98693140e-01 2.24968067e-01 1.20391426e-01 1.63335802e-01 1.13467012e-01 8.89146509e-02 1.74934989e-01 1.42295488e-01 1.14724733e-01 2.41584488e-01 2.78961131e-01 1.59647137e-01 2.75837344e-01],__,307.19458372296936,0.15936024923686595,
20190227,530706111,1014,1551231099.0995688,55.178994359529746,625.4874165282728,117.986924764059,1551231098.9144933,311.17167757676884,[38.24197742 58.47342148 76.69024761 98.96301878 117.62300939 156.60730893 176.42080911 196.34021323 214.9483982 235.35835218 254.93095023],[1.44263346e+01 1.63660430e+02 6.19616068e-02 8.13538852e+01 2.15185314e-01 1.16004093e-01 1.44715914e-01 1.40002298e-01 8.21491617e-02 1.32100841e-01 1.00072817e-01 2.14068341e-01 2.73137773e-01 1.96760668e-01 2.69089861e-01],__,311.17167757676884,0.1653349481617533,
20190227,530706111,1015,1551231083.711544,53.258808750101444,867.1093876096661,116.6123939750714,1551231083.2604115,311.4872280955736,[38.08823836 59.06693066 98.04537093 117.99471088 137.09643754 156.67766708 176.84508703 196.91645663 215.39333885 234.83255603 253.74708859],[1.33757926e+01 2.17340256e+02 8.54103232e-02 7.82777616e+01 2.15227124e-01 1.27219558e-01 1.40298172e-01 8.64462457e-02 1.32766904e-01 1.47274692e-01 1.18221579e-01 2.04010191e-01 2.24000854e-01 2.23115919e-01 3.58396484e-01],__,311.4872280955736,0.16225102781531522,
20190227,530706111,1016,1551231066.7392342,54.49733639492989,1142.59534396633,115.64023053513984,1551231065.8527498,311.1598389384228,[39.47058006 58.01237794 77.71438031 97.76555093 117.63971903 138.26284601 156.30538199 175.86785914 196.22324128 215.08279034 234.37788005 252.37157479],[1.73843923e+01 3.67966019e+02 1.17379093e-01 9.89980446e+01 1.65233633e-01 1.24660152e-01 1.77813622e-01 1.41403610e-01 8.81240430e-02 1.49663114e-01 1.63974923e-01 1.33319080e-01 2.41349398e-01 2.13094181e-01 1.80582660e-01 3.39241633e-01],__,311.1598389384228,0.1396117219404406,
20190227,530706111,1017,1551231050.1567264,54.65676881717657,1324.571503519929,114.50504308955593,1551231048.8330297,311.73361255234806,[7.43746251 38.71745068 57.51945535 75.9561484 99.15657823 117.5658959 136.54900799 156.98418803 176.90280965 196.6057039 215.42781982 235.38047254 254.1664304],[1.73458186e+01 4.20151307e+02 1.07691059e-01 9.89930956e+01 1.33046325e-01 1.28138911e-01 9.45109016e-02 1.57228873e-01 1.16559152e-01 8.55915642e-02 1.46376400e-01 1.51384989e-01 1.15428212e-01 2.27837954e-01 1.79386458e-01 1.76432975e-01 3.39616145e-01],__,311.73361255234806,0.190110365141508,
20190227,530706111,1018,1551231034.5405812,51.56666881841127,1373.424125244152,115.08362880026203,1551231034.9222152,308.134290353396,[39.27997126 59.14960091 75.88239408 99.25997766 117.69683517 137.4373209 156.85614279 176.70940812 213.81905783 235.29064656],[1.15308921e+01 3.07929106e+02 1.69572461e-01 6.88942140e+01 1.38106301e-01 1.13275525e-01 1.97090785e-01 1.36702244e-01 9.46390515e-02 2.17287124e-01 1.80718467e-01 1.59837794e-01 2.18178490e-01 2.06853684e-01],__,308.134290353396,0.1617100223086525,
20190227,530695031,1021,1551225979.281526,57.33992480771241,1530.3885247253575,115.79716239727809,1551225979.6957667,310.68553004311616,[39.7609394 59.25332686 97.98612095 118.27059928 137.74387757 157.92414792 177.56468744 197.79854894 217.16174469 236.15322088 255.41011005 79.5055114],[1.82544373e+01 4.87846084e+02 1.24732212e-01 9.88746440e+01 1.39585920e-01 1.08182825e-01 1.23893980e-01 8.09496143e-02 1.67647184e-01 1.29975698e-01 1.02583861e-01 1.89972574e-01 2.17294159e-01 1.49568393e-01 1.98009147e-01 1.54423025e-01],__,310.68553004311616,0.12383875697183683,
20190227,530695031,1022,1551225970.1604831,56.97994856052451,846.0729469174225,116.68260494095037,1551225969.4011602,309.48694741862823,[38.08847237 59.04103574 77.97821568 97.91371091 117.8961133 137.51433776 157.16881846 176.99436292 217.00865322 236.19648275 255.51538738],[1.42238212e+01 2.11408547e+02 8.26455528e-02 7.72526710e+01 2.49096848e-01 1.14969160e-01 2.19606056e-01 1.40268830e-01 8.21458716e-02 2.02897017e-01 1.57125074e-01 1.17231979e-01 2.73249661e-01 1.90310388e-01 2.33131418e-01],__,309.48694741862823,0.08661319296753167,
20190227,530695031,1023,1551225962.492511,57.28810683987256,408.8272899122812,118.02854151255171,1551225961.4901273,311.5165486601871,[58.90385399 78.16835387 98.55393252 117.86387132 137.1782388 156.870386 176.75660463 196.51510241 215.5583365 235.50420327 254.83685903],[1.53009282e+01 1.09352090e+02 5.24214331e-02 8.31990750e+01 1.46017551e-01 2.04732745e-01 1.78333432e-01 1.12431717e-01 2.00351613e-01 2.02280916e-01 1.27042812e-01 2.97139077e-01 3.04322563e-01 1.97209408e-01 3.27839745e-01],__,311.5165486601871,0.07182894575323277,
20190227,530695031,1024,1551225955.6582077,57.09956674778923,1106.6461775927226,116.78627898370979,1551225955.511666,307.4886315832487,[58.59014145 117.62771054 137.53585983 157.1217246 176.57507206 195.93713599 215.67917139 234.77716047 253.38761133],[1.34684919e+01 2.61233365e+02 1.12278831e-01 7.25685434e+01 1.84764607e-01 1.14802661e-01 2.25199873e-01 2.12718733e-01 1.79534361e-01 2.57134915e-01 2.75791722e-01 2.68272309e-01 3.45347685e-01],__,307.4886315832487,0.146934696858058,
20190227,530695031,1025,1551225948.0489454,58.5752796648954,2121.708849108868,113.30970204919431,1551225946.939245,309.90832767116035,[58.82843796 97.23509271 117.69973776 137.60721501 157.12220505 176.33680377 215.44566132 234.79911715 39.20973642],[1.86905510e+01 6.79168687e+02 2.08718913e-01 9.87727801e+01 1.31375980e-01 1.43767049e-01 9.02449080e-02 1.63266179e-01 1.69059384e-01 1.45401622e-01 2.39348608e-01 2.02140717e-01 2.34057703e-01],__,309.90832767116035,0.08884920774526361,
20190227,530842926,1023,1551293345.2294226,64.30379174972332,1732.2324692246923,115.07300056007102,1551293344.766386,310.6347425723272,[36.69514739 55.88689661 73.44723301 93.08067189 111.75662635 130.20688473 148.71637974 167.61702263 202.32153249 188.30150043 223.46226583 242.19079969],[2.04351697e+01 5.53093891e+02 1.27146556e-01 9.85863399e+01 2.24999793e-01 1.01696743e-01 2.22621531e-01 1.40359655e-01 1.15617059e-01 1.86582409e-01 1.83795713e-01 1.39234160e-01 2.46154155e-01 2.79951247e-01 2.23540947e-01 2.63357151e-01],__,310.6347425723272,0.08751802174906521,
20190227,530842926,1024,1551293336.1171458,61.63268709964497,797.7196889539208,116.9349838728221,1551293335.5308805,317.58396049758744,[37.30648427 56.08053534 74.59755913 91.68601876 112.1288998 130.32929993 149.62376254 168.32571991 185.3796555 202.75548707 224.21820469 241.43530533],[1.50175840e+01 1.93337824e+02 6.74069368e-02 7.74851670e+01 1.98297538e-01 1.20669041e-01 2.13074237e-01 1.25817240e-01 1.23103999e-01 1.60475322e-01 1.83774514e-01 1.50962722e-01 2.64781945e-01 3.40512958e-01 2.49123452e-01 3.09396918e-01],__,317.58396049758744,0.1381688004205809,
20190227,530842926,1025,1551291031.3922167,50.75889543408258,653.1317359993375,117.46903158119457,1551291030.46334,310.6447376876528,[18.8169013 38.24616393 57.37472547 77.65502127 95.9774365 115.30894396 134.5188566 153.45937238 172.72654794 193.19812654 209.39600788 229.92236334],[1.34611799e+01 1.73175609e+02 6.69821602e-02 8.23963789e+01 1.88009460e-01 1.54706375e-01 1.16716478e-01 1.48332824e-01 1.33623327e-01 7.62691814e-02 1.37745418e-01 1.17876600e-01 9.32011907e-02 1.57732702e-01 1.90726550e-01 1.42954642e-01],__,310.6447376876528,0.10369869064965855,
20190227,530842926,1026,1551291047.7184823,52.39786038992313,860.8445677161243,116.38194201661469,1551291046.230544,317.0251203774153,[37.99468624 57.2979533 79.82421826 95.77587655 114.94780154 134.26499148 153.27390985 172.30717044 191.82431403 208.98626619 229.4129685 248.51783771],[1.30763509e+01 2.15268649e+02 7.64642981e-02 7.90534767e+01 1.40002702e-01 8.22774102e-02 1.52963207e-01 1.15876990e-01 8.18217328e-02 1.25632376e-01 1.11441011e-01 8.81834374e-02 1.64599323e-01 2.18008082e-01 1.33969930e-01 1.82306622e-01],__,317.0251203774153,0.09300380326177524,
20190227,530842926,1027,1551291064.3440638,50.972372557882636,1032.2363526574086,115.71227617853101,1551291062.9405718,311.16655000181134,[38.20692337 57.24626055 77.29637617 95.59881941 114.86722914 133.98905887 152.96797466 172.26647858 192.15457555 209.56345038 229.56034491 248.61273444],[1.62442987e+01 3.29746391e+02 9.33968402e-02 9.91277253e+01 1.52446792e-01 9.81290885e-02 1.64447274e-01 1.09958916e-01 7.78492088e-02 1.56133346e-01 1.11420122e-01 8.38260596e-02 1.83505617e-01 2.15423207e-01 1.41751436e-01 1.75585200e-01],__,311.16655000181134,0.061075462356935006,
20190227,530842926,1028,1551291080.9440668,50.62093027740697,1249.3904620209644,115.59492786897061,1551291080.2294853,311.0735586513054,[38.23649702 57.33879044 75.90819162 95.69015986 114.92375001 134.04167839 153.1395911 172.33087646 192.52029814 209.78962126 229.67058711 248.47308664],[1.61353858e+01 3.98927289e+02 1.09745268e-01 9.91278536e+01 1.87854589e-01 9.93048001e-02 1.64318787e-01 1.04179543e-01 7.68538528e-02 1.48084776e-01 1.13759813e-01 9.07067324e-02 1.92787839e-01 2.04954537e-01 1.48093859e-01 2.01117785e-01],__,311.0735586513054,0.050944369234152215,
20190227,530842926,1029,1551293268.1575687,58.57095188199763,1469.2966130077293,114.61849208575278,1551293267.0837538,306.8847761377929,[37.01722359 55.98159726 74.46946158 93.76076129 112.53017326 130.74150218 149.97833224 168.73865467 186.67160712 205.12092222 224.47109102 245.29171885],[1.25280136e+01 3.14090294e+02 8.94188379e-02 6.56891716e+01 1.49056974e-01 9.64545328e-02 1.61521919e-01 1.28768498e-01 7.52567397e-02 1.64789416e-01 1.02887763e-01 9.16687708e-02 1.84533963e-01 1.87863870e-01 1.51544413e-01 3.18367741e-01],__,306.8847761377929,0.09605049158103873,
20190227,530842926,1030,1551293259.200578,59.89111749862699,2033.0379446885534,113.2082524478884,1551293258.3726988,310.6653600513415,[35.59956499 56.09574302 94.57838974 112.33979517 129.91378494 149.6872474 168.38800349 204.0753253 224.21505477],[1.90312091e+01 6.46140025e+02 1.52240693e-01 9.87407724e+01 1.55218972e-01 1.23951705e-01 1.45668783e-01 9.47676284e-02 1.75357092e-01 1.42379325e-01 1.46964187e-01 2.47951094e-01 2.38684504e-01],__,310.6653600513415,0.10055381682757017,
20190228,530893864,1011,1551316085.7002604,57.17336591261033,993.0522205690446,110.6847737911782,1551315961.9820945,291.10689416918854,[54.6755852 75.9708046 92.52377713 113.49673825 131.96725584 152.12133929 169.28128137 206.37538478 227.15717763],[1.42995181e+01 2.44148104e+02 1.63986347e-01 7.32143210e+01 2.19530964e-01 1.58845299e-01 2.25297096e-01 2.62279970e-01 2.30577638e-01 2.18725309e-01 2.12497265e-01 2.90767129e-01 3.22011856e-01],__,291.10689416918854,0.42372211416187777,
20190228,530893864,1012,1551316068.9433067,57.057128527934495,925.6245572744435,112.90668653279728,1551315946.7133665,311.0512921248347,[112.03137973 149.15004069 169.42671673 204.16857438 226.47454779],[13.94712396 229.45802011 0.29945979 76.35574388 0.45871557 0.56490288 0.62843949 0.75661098 0.99314033],__,311.0512921248347,0.29608293628417415,
20190228,530893864,1014,1551316037.000364,54.700219894941895,887.3605955053434,116.53555637235863,1551315918.1149895,309.62562160090624,[58.6485015 74.20057033 91.81485293 113.59319034 131.91804657 149.80768079 168.88296741 204.11533501 223.12703404],[1.36446372e+01 2.22285876e+02 1.65429074e-01 7.72967384e+01 1.56044369e-01 2.34359827e-01 2.46329021e-01 2.04300651e-01 2.20297512e-01 2.53969162e-01 2.94390489e-01 3.22595932e-01 4.39413319e-01],__,309.62562160090624,0.3046883880455266,
20190228,530893864,1015,1551316020.7670653,64.80938507430886,1897.9677549212433,120.32832665371023,1551316025.1365411,307.8913542883662,[109.56364944 55.37065214 128.1404315 146.72313232 164.35495204 217.12259068],[2.07316264e+01 6.06656176e+02 2.42025207e-01 9.85341988e+01 2.35908486e-01 2.12880587e-01 2.97934949e-01 3.23400559e-01 3.38860188e-01 5.36236486e-01],__,307.8913542883662,0.1861569019885288,
20190228,530893864,1016,1551316001.4356234,66.48340353835844,2616.9629900096984,111.50785460098417,1551315997.0728521,309.5046495641774,[94.66646857 113.54889572 130.20049637 151.10103877 169.8110685 206.56172484 226.41070864],[2.10960579e+01 8.25233278e+02 3.19482479e-01 9.84145322e+01 2.03251804e-01 1.55007250e-01 2.63166853e-01 2.23725072e-01 2.29287185e-01 2.96906026e-01 2.87567137e-01],__,309.5046495641774,0.15703345260784832,
20190228,530893864,1017,1551315983.45683,55.32398899226443,882.4225725633462,114.67212097940687,1551315981.3643694,311.3425012232246,[57.07762832 75.86871656 94.57421289 114.85746296 133.91718332 152.20981619 172.32383197 194.07497659 210.56303032 229.31667704],[1.37407367e+01 2.20174920e+02 1.03396540e-01 7.72739482e+01 2.22078613e-01 2.06571702e-01 2.38642438e-01 1.23366140e-01 2.84758896e-01 2.06800872e-01 1.53448984e-01 2.54466175e-01 2.60210572e-01 2.21742733e-01],__,311.3425012232246,0.177920422180736,
20190228,530893864,1018,1551315970.6418023,61.065719542148784,629.7462490745222,116.18324573219206,1551315968.5331273,312.2122218275428,[75.40706246 93.84899439 113.12141263 131.66728262 150.33927161 169.39809494 205.75341746 226.12001599 245.2125126 186.78928627],[1.55224687e+01 1.60435044e+02 6.87351641e-02 7.93601661e+01 2.22207038e-01 2.07805643e-01 1.35200121e-01 2.69789809e-01 2.23877331e-01 1.88808233e-01 3.45676064e-01 2.39894305e-01 3.94828257e-01 3.19972991e-01],__,312.2122218275428,0.1148751542674186,
20190228,530893864,1019,1551315955.0771916,58.9571882594539,236.20476841280424,118.72533410374166,1551315954.319745,310.9047039293438,[56.99739353 75.17277954 94.34966097 113.49048152 131.94934699 151.54830325 170.39566166 188.52875266 207.56278269 226.63610257 245.52057645 263.22869353],[1.58985203e+01 6.37694708e+01 3.86609077e-02 8.38430037e+01 1.72727829e-01 1.49724144e-01 1.83102837e-01 1.08623939e-01 2.15434143e-01 1.65388694e-01 1.47928494e-01 2.70829221e-01 4.13938382e-01 2.05248549e-01 2.84273097e-01 3.98760259e-01],__,310.9047039293438,0.09234752638704893,
20190228,530893864,1020,1551315940.326584,58.436381898769795,237.06768413539527,118.36177560981199,1551315939.2748685,310.9742250450807,[37.08272172 56.93822022 75.01569447 113.53722176 133.6115948 151.24772837 170.45033666 187.85769138 207.29690978 226.83567458 245.35460892],[1.57916710e+01 6.41464447e+01 3.92555465e-02 8.40561717e+01 2.27027747e-01 1.98706447e-01 1.82461160e-01 1.09141301e-01 1.97766680e-01 1.78270140e-01 1.51521736e-01 2.79563398e-01 4.54094175e-01 2.00284077e-01 3.43938982e-01],__,310.9742250450807,0.10940561701135026,
20190228,530893864,1021,1551315926.9334486,58.99164834221262,601.4712437429573,116.07378472367196,1551315924.758534,311.09935654659046,[39.40116285 56.14355183 75.3366034 93.90775384 113.32099874 131.96586169 150.78721419 170.05984786 187.94308394 206.98639857 226.81012716 244.88874256 264.18532226],[1.52352515e+01 1.55419358e+02 6.51409153e-02 8.03585302e+01 2.33610693e-01 2.18810943e-01 2.37327619e-01 2.00950156e-01 1.04748581e-01 2.39809070e-01 1.76176239e-01 1.45921409e-01 2.47585867e-01 2.76070083e-01 1.82593797e-01 3.52470672e-01 3.34778239e-01],__,311.09935654659046,0.1403151693564943,
20190228,530893864,1022,1551312198.235733,51.86896868327561,847.0737483930903,115.13140303575702,1551312196.4152465,310.3437050036155,[41.33611032 61.80825515 82.41530171 101.80141151 123.64036709 144.15123723 164.6320557 185.47595979 205.99423038 226.86561713 247.62657313],[1.31786020e+01 2.15131219e+02 8.32788346e-02 7.88839896e+01 2.76510488e-01 1.53564317e-01 1.34677940e-01 1.83704891e-01 8.79598801e-02 2.19441115e-01 1.19408432e-01 1.08094275e-01 1.87433530e-01 3.02085872e-01 1.69164509e-01],__,310.3437050036155,0.0853264720514768,
20190228,530893864,1023,1551312200.6343691,51.63240373299019,1017.601455620816,119.25810282712503,1551312203.584064,305.23914726438744,[40.83862305 61.35766533 81.65888877 102.41800874 123.41207367 143.71631142 164.29343031 185.14379498 205.27211126 226.84612807 247.55284891],[1.27413394e+01 2.51338018e+02 8.93272044e-02 7.53208623e+01 1.69793827e-01 1.52643793e-01 1.26438799e-01 1.28468673e-01 8.05435125e-02 1.55179000e-01 1.12676586e-01 1.13490105e-01 1.91704439e-01 2.78090316e-01 1.81095870e-01],__,305.23914726438744,0.1095675885831451,
20190228,530893864,1024,1551312201.2791638,52.68040757532542,1772.931202692266,122.18649576216585,1551312209.3519337,310.6961772807654,[60.87187419 81.32107431 101.88323154 123.29174994 143.7366432 164.32771553 184.88913224 205.28122391 226.4146061 246.58710147 60.55878521],[1.67810195e+01 5.63818902e+02 1.53917665e-01 9.90237345e+01 1.84965262e-01 1.48095397e-01 1.24363885e-01 8.24442066e-02 1.34024082e-01 1.19105877e-01 1.10528106e-01 1.60636549e-01 1.83729462e-01 1.44510545e-01 1.84624295e-01],__,310.6961772807654,0.09008481242985858,
20190228,531043310,1007,1551387323.357008,61.02347948568235,1725.6320147215629,111.41740914969245,1551387320.5601459,310.53421389477427,[116.01237749 152.05269512 173.20551951 233.43119156],[1.94232158e+01 5.52801789e+02 1.47506312e-01 9.87168723e+01 8.72437934e-02 1.67019340e-01 1.20497498e-01 1.54077475e-01],__,310.53421389477427,0.20156542540661768,
20190228,531043310,1008,1551387305.5048301,60.335682444954976,1304.7215671721433,114.10362666901769,1551387305.3926387,325.46704337802896,[98.40674807 117.80261794 176.98127934 157.18402854 236.71674075 79.28631974],[1.30054353e+01 2.84808059e+02 1.38681424e-01 6.99420193e+01 1.79826290e-01 1.17269649e-01 1.61342201e-01 1.72868634e-01 2.43319831e-01 1.76442091e-01],__,325.46704337802896,0.11874200646643758,
20190228,531043310,1009,1551387296.4831862,58.56961080520426,846.0095811362281,115.38897463607036,1551387296.2046554,315.1061713257053,[97.36986379 116.48189229 135.0515917 154.93054635 174.38595765 211.85969897 233.53237471],[1.43749776e+01 2.08179980e+02 9.53857083e-02 7.73241343e+01 1.83222268e-01 1.41468616e-01 2.34729452e-01 2.02972238e-01 2.00264776e-01 3.77026555e-01 3.24036260e-01],__,315.1061713257053,0.11450431192292797,
20190228,531043310,1010,1551387285.554084,61.31109904723699,944.1049977984703,114.93654804433538,1551387284.0311716,313.8714387231229,[115.29385286 152.767091 172.68503737 230.04578762],[1.46189804e+01 2.25595737e+02 1.26685820e-01 7.48452854e+01 1.46104152e-01 2.33194203e-01 2.24826355e-01 2.88274680e-01],__,313.8714387231229,0.11467008622469652,
20190228,531043310,1011,1551387271.9442606,60.732911052498025,896.5344849224365,116.4298174978215,1551387271.2317317,305.3788765849086,[37.96431392 57.18338275 76.53022704 96.10047391 115.00579738 134.3480768 153.24587701 172.61645599 210.93842585 229.28907437],[1.48884142e+01 2.20348464e+02 8.45140752e-02 7.48349123e+01 2.45105059e-01 2.70368267e-01 1.76940927e-01 1.51011867e-01 1.03924991e-01 1.84717920e-01 1.79531599e-01 1.44344041e-01 3.52834074e-01 1.94381059e-01],__,305.3788765849086,0.12127171410288504,
20190228,531043310,1012,1551387257.0,60.23016458614245,731.5559757664557,115.71603634463224,1551387255.340763,312.8406159004888,[76.45344642 96.35393612 114.29940176 134.51535074 153.57432298 173.31381336 230.04389006],[1.50795681e+01 1.82910002e+02 7.52315006e-02 7.83511612e+01 1.40149389e-01 1.42269702e-01 9.22118498e-02 1.87575761e-01 1.52339490e-01 1.48921569e-01 1.86716821e-01],__,312.8406159004888,0.21753771951490788,
20190228,531043310,1013,1551387241.5892994,50.869415233972305,487.80481083603576,117.22789045478619,1551387241.8741195,311.2810951873647,[75.48332228 96.49585555 115.87808796 134.30581588 154.69922745 173.94479673 209.76315937 230.76778753 194.5797076],[1.38293698e+01 1.32499922e+02 8.01815595e-02 8.47222918e+01 2.30151461e-01 2.31349836e-01 1.55195370e-01 2.50465318e-01 2.23477348e-01 2.11785112e-01 3.77381240e-01 3.30014788e-01 3.21047574e-01],__,311.2810951873647,0.24460502246276444,
20190228,531043310,1014,1551387228.4940615,56.430486094728074,763.8507129925293,118.07027703871634,1551387229.912937,313.35370313544024,[37.0726101 56.0265376 75.14779914 94.40763704 113.40104607 132.52504266 151.2473166 170.29562533 188.91014955 206.9538958 226.9272968],[1.42461112e+01 1.92563638e+02 7.12333287e-02 7.91534592e+01 2.10890236e-01 1.92239277e-01 1.74202727e-01 1.66015519e-01 9.73073939e-02 1.83028086e-01 1.55385863e-01 1.40366775e-01 2.17140704e-01 2.75866920e-01 1.72286002e-01],__,313.35370313544024,0.18148470391654947,
20190228,531043310,1015,1551387213.479384,36.258741258741246,-6068.396875730501,105.92535633908477,1551387202.9145868,311.1,[113.6701044713269, 169.84433369261222, 174.67681433824885, 226.23837507062277],[1.25e+02 1.50e+04 3.00e+01 1.00e+02 1.00e+01 1.00e+01 1.00e+01 1.00e+01],__,311.1,Forward Model,
20190228,531043310,1016,1551387199.550381,65.30828641974769,2459.4821946301877,107.60443933942365,1551387191.4803882,310.8371783091222,[37.68770587 56.12939816 75.67032274 94.0458596 113.42430111 131.93351729 150.83438322 170.39696869 207.73119767 227.27276932],[2.06709480e+01 7.76053111e+02 1.54212712e-01 9.84878545e+01 2.31794961e-01 1.78234937e-01 1.29953157e-01 1.36782150e-01 9.44610046e-02 2.06110536e-01 1.34339323e-01 1.35988362e-01 2.36372343e-01 1.65547129e-01],__,310.8371783091222,0.19740907960732682,
20190228,531043310,1017,1551387172.013168,57.30361746716594,923.4347206136422,114.57413898293676,1551387169.985042,332.7165468084489,[57.91117066 77.26032518 97.27201069 116.87885574 136.08996746 155.55646358 175.31140207 212.69578347 234.25295627],[1.34738720e+01 2.18305851e+02 9.02597926e-02 7.79973669e+01 1.87999982e-01 1.67205151e-01 1.41105688e-01 1.07876299e-01 1.96212891e-01 1.51907316e-01 1.40519633e-01 2.94870545e-01 2.35417734e-01],__,332.7165468084489,0.0841106281670957,
20190228,531043310,1018,1551387159.0,58.07518345591344,514.7899297658315,117.6697416942608,1551387158.3808022,310.48903666241,[57.99989223 76.6769034 94.72749123 114.86697773 134.13529704 153.20332756 172.32962938 209.35861151 229.85599231 250.06424678],[1.52792234e+01 1.35591432e+02 6.45310137e-02 8.16935292e+01 3.77498137e-01 2.05920341e-01 1.71346431e-01 1.12798159e-01 2.49838676e-01 2.02576418e-01 1.81779413e-01 4.39690682e-01 2.07095762e-01 5.29914540e-01],__,310.48903666241,0.07203156097399308,
20190228,531043310,1019,1551387145.0210176,59.91238159869582,233.3795741743258,118.79158740546362,1551387144.393674,312.29163573596514,[18.88950351 38.58098445 57.19158106 76.10813936 95.1506749 114.39698523 133.51807963 152.26977759 171.73192744 196.56531267 229.64275984 248.9619558 191.10823441],[1.60355214e+01 6.25369160e+01 3.87134763e-02 8.35894322e+01 2.52859363e-01 2.29244076e-01 2.05097532e-01 1.47745972e-01 1.84286210e-01 9.66698576e-02 2.17062589e-01 1.57949649e-01 1.43619897e-01 3.21098468e-01 1.78317867e-01 2.65314409e-01 2.54518378e-01],__,312.29163573596514,0.08788753337818124,
20190228,531043310,1020,1551382661.8574977,53.57561139943509,700.393010590429,117.61160880520552,1551382661.606403,311.03035716208063,[20.22907542 41.35033037 62.04192461 82.38308859 102.78125226 123.92406683 144.01232653 165.11181627 185.7391234 205.33963539 227.00915969 247.37861704],[1.39139108e+01 1.82089549e+02 6.72630730e-02 8.07809540e+01 1.90161092e-01 2.33119302e-01 1.71718461e-01 1.32505857e-01 1.56111910e-01 9.23907735e-02 1.87988273e-01 1.33124945e-01 1.19920921e-01 1.94926884e-01 3.97023797e-01 1.85068860e-01],__,311.03035716208063,0.06582002971463709,
20190228,531043310,1021,1551382676.0867922,55.182146497047015,849.0340062026561,115.91595797128787,1551382674.8551695,312.7199941632641,[41.03706183 60.22844002 81.72242796 102.9233745 123.63658438 143.54443092 163.95223325 184.66533197 205.38859607 227.09589591 248.89192866],[1.37757769e+01 2.11500606e+02 6.97926972e-02 7.81336939e+01 2.00933616e-01 1.40482758e-01 1.19681828e-01 1.39200610e-01 8.51252790e-02 1.39868573e-01 1.06020219e-01 1.12996169e-01 1.84025282e-01 2.44164699e-01 1.47375286e-01],__,312.7199941632641,0.12809640619233928,
20190228,531043310,1022,1551387103.383649,60.4657778269214,1577.2876967821403,112.93442725007134,1551387100.4010785,311.0472490731476,[115.56696015 135.18589176 153.73009964 173.52532208 193.4404578 211.8477527 231.40367597],[1.92060250e+01 5.02486641e+02 1.99198624e-01 9.87569038e+01 1.18459739e-01 2.86327658e-01 2.29529618e-01 2.04662025e-01 2.60228042e-01 3.38075956e-01 2.74036471e-01],__,311.0472490731476,0.11851793274309234,
20190301,531236830,1009,1551473188.1491284,59.07266297401036,1189.9839313677353,114.02422168016183,1551473186.6607058,302.9210771469405,[57.41632165 77.32806893 96.91479331 116.2841128 134.08630224 155.08627488 174.59626922 212.0914401 232.59916587 252.57915948],[1.36604091e+01 2.75442087e+02 1.52560605e-01 7.00168309e+01 2.19926343e-01 1.54400028e-01 1.45364197e-01 1.10429183e-01 2.05605782e-01 1.83973125e-01 1.42633738e-01 2.74214822e-01 1.93317823e-01 3.11166246e-01],__,302.9210771469405,0.1236745892223069,
20190301,531236830,1010,1551473178.771867,59.149052415757424,892.8926149610134,113.05807080516077,1551473175.3915577,314.0454348189445,[75.94313886 96.47659028 115.06512281 134.88905059 152.94409547 172.67801466 229.80106728 253.30736132],[1.43735112e+01 2.17019574e+02 9.82488773e-02 7.63241070e+01 1.70414308e-01 1.76045908e-01 9.31131802e-02 1.75582138e-01 1.82324095e-01 1.57943327e-01 1.62819071e-01 2.48598627e-01],__,314.0454348189445,0.2264597123172966,
20190301,531236830,1011,1551473163.9602046,61.77674535467487,956.0847567114938,116.59258853288193,1551473163.4290357,305.5588022263412,[57.13919778 75.83949133 94.57799419 113.87317542 133.50092153 151.70730969 170.4351246 190.00337706 208.89997793 227.24594643 245.57864172],[1.48825234e+01 2.30701880e+02 7.59476798e-02 7.35959333e+01 2.01374401e-01 1.34169929e-01 1.73056615e-01 1.21201272e-01 1.81556510e-01 1.72875919e-01 1.53479833e-01 2.87398645e-01 3.47044053e-01 2.41447575e-01 3.95529850e-01],__,305.5588022263412,0.11290618292142907,
20190301,531236830,1012,1551473147.4992125,61.24943177172688,1069.9146199550678,114.36796644296972,1551473144.4712503,296.29462562268327,[38.1899355 57.11724167 76.71782771 95.82714675 114.86774711 134.53745508 153.53997482 172.44523759 189.24442765 210.26694433 229.86219092 247.75730654],[1.46387320e+01 2.56173290e+02 8.04282133e-02 7.07022154e+01 1.87265543e-01 2.46845009e-01 1.24140107e-01 1.31059818e-01 9.75670450e-02 1.57105325e-01 1.48550851e-01 1.33297101e-01 2.49771289e-01 2.93744099e-01 1.69274706e-01 3.72239744e-01],__,296.29462562268327,0.08849507179732535,
20190301,531236830,1013,1551473132.6937919,56.378036172888535,795.2953464453088,115.15959852018123,1551473131.0025098,307.3170128834132,[57.30639591 76.23396257 96.40730445 115.28268728 133.9956285 153.21951264 172.46997428 208.75870923 229.85991196 36.87516339],[1.43202696e+01 2.02518435e+02 7.92108667e-02 7.80051826e+01 1.65098324e-01 1.52563215e-01 1.46700951e-01 9.96337297e-02 1.90242768e-01 1.78325673e-01 1.48360475e-01 2.49498594e-01 1.68575890e-01 2.27452231e-01],__,307.3170128834132,0.19484213924153734,
20190301,531236830,1014,1551473117.924137,52.553839376124515,588.9536809430066,116.42741376045687,1551472997.8429205,311.35627770016134,[113.46905661 133.09426018 150.62720099 166.59412668 206.60395133 229.11856584],[1.39719763e+01 1.57054257e+02 1.25386371e-01 8.27932612e+01 2.01343194e-01 2.29383444e-01 2.60577278e-01 2.71604961e-01 2.45865754e-01 3.14230034e-01],__,311.35627770016134,0.5773481001319843,
20190301,531236830,1015,1551473102.5636961,60.262520110296336,1068.1947057442785,118.79392897657473,1551473104.919094,318.48471515160577,[111.36943298 134.09060472 149.06971433 167.72192134 204.09421393 223.44227142],[1.39204081e+01 2.47955809e+02 1.66840513e-01 7.36772023e+01 2.41052762e-01 3.31261411e-01 3.42720691e-01 3.35534899e-01 4.74459150e-01 4.87172876e-01],__,318.48471515160577,0.2141174010899189,
20190301,531236830,1016,1551473087.7940412,61.324854472076595,2175.45164255289,113.27174276845493,1551473085.382484,310.66802728520065,[112.25785919 149.85276832 168.12660501 224.61121869],[1.98154330e+01 7.32685969e+02 3.49138589e-01 9.86177115e+01 1.40693481e-01 2.50342759e-01 2.17068355e-01 2.61964493e-01],__,310.66802728520065,0.10208018158084833,
20190301,531236830,1017,1551473061.928561,52.7089710162676,1282.779700939492,114.9314546697281,1551473060.9190402,311.5792130146766,[96.66932334 116.53264956 135.36062214 154.78301584 174.44418913 210.57323897 232.02345647 77.90752443 59.47931306],[1.70424122e+01 4.27853651e+02 1.98485762e-01 9.90263977e+01 1.77946755e-01 1.30766670e-01 2.77840725e-01 2.22446111e-01 1.82172447e-01 2.90013779e-01 2.46117036e-01 1.79799804e-01 2.33572056e-01],__,311.5792130146766,0.14100580000976767,
20190301,531236830,1018,1551473048.0134163,55.322697104804085,690.4731917116934,116.26331803119454,1551473046.847258,316.3378761730036,[76.60135035 95.64785794 115.37593426 134.78025226 153.91704584 172.85321689 213.87904184 230.4093181 57.92762985],[1.41397896e+01 1.76758614e+02 9.21810251e-02 8.08330057e+01 1.63724071e-01 1.57332312e-01 1.05803396e-01 2.11626727e-01 1.87600794e-01 1.43027578e-01 3.16577335e-01 1.85128037e-01 2.53909112e-01],__,316.3378761730036,0.08678175624930498,
20190301,531236830,1019,1551473033.3926308,58.05210023945942,466.898385126922,117.79963879731078,1551473032.51979,309.4058993576838,[57.72881953 76.3147903 95.51354792 114.71437141 134.01298032 153.05730504 172.18281672 208.99911786 229.09593035 247.79064991],[1.54103986e+01 1.23949748e+02 4.93155883e-02 8.21485450e+01 1.85176768e-01 1.34487235e-01 1.56148656e-01 1.03419953e-01 1.93484866e-01 1.36468444e-01 1.26479987e-01 2.86662594e-01 1.70142235e-01 3.21648658e-01],__,309.4058993576838,0.08802457073476008,
20190301,531236830,1020,1551473018.7402453,58.23078292902467,269.96907023163783,116.94550046174848,1551473016.365517,311.91896076234747,[18.37150089 37.59999801 58.4480949 76.08126372 94.79933765 114.7028482 132.52457911 153.0814429 172.19112689 205.8005525 229.57501655 249.15637977 191.65869788],[1.56813608e+01 7.27987793e+01 3.76021789e-02 8.40026730e+01 2.18774373e-01 2.01808810e-01 1.33130972e-01 1.38119306e-01 1.75569469e-01 1.05328121e-01 1.64845295e-01 1.30365734e-01 1.41957685e-01 2.63988497e-01 1.77753884e-01 2.26828241e-01 2.24057367e-01],__,311.91896076234747,0.20401502948922992,
20190301,531236830,1021,1551473003.1011937,58.22940236490619,378.8021655269804,116.5905861946217,1551473000.6709383,310.4466803226799,[18.40041852 38.90565063 58.89516258 75.54456248 94.67925428 114.8080668 133.84175608 153.42186728 172.62452815 192.54732578 211.14749364 229.25535104 249.55564316 267.69408579],[1.55736389e+01 1.01337767e+02 4.28925327e-02 8.30379483e+01 2.21198268e-01 2.56245665e-01 1.48001581e-01 1.54040868e-01 1.74770016e-01 9.33495353e-02 1.49152758e-01 1.34136212e-01 1.22478533e-01 1.94691149e-01 2.36489155e-01 1.69291629e-01 2.41052559e-01 2.90500055e-01],__,310.4466803226799,0.19169680675820347,
20190301,531236830,1022,1551469466.6568031,51.60289794010335,852.2068653397806,114.3945581016666,1551469463.7892628,311.129218507729,[63.00520936 83.9992751 105.58159094 125.11060679 145.57550469 166.76348942 187.93244729 209.76508093 249.74680714],[1.64407892e+01 2.71832983e+02 8.96407574e-02 9.91148716e+01 1.52437453e-01 1.36673809e-01 1.64958032e-01 1.02488843e-01 2.28665642e-01 1.34537468e-01 1.17616445e-01 1.92459443e-01 1.87547479e-01],__,311.129218507729,0.11957956551995952,
20190301,531236830,1023,1551469474.0834548,42.58757282687805,802.3638675697005,117.67004148819456,1551469475.6055312,310.5325235729594,[19.91587658 41.02013455 61.58609223 82.95653035 104.02448527 123.49674789 144.5863061 166.63888769 186.32148946 207.21515545 228.5749467 247.0948728],[1.36763998e+01 2.60273352e+02 2.23351749e-01 9.93851477e+01 2.64704898e-01 2.22231152e-01 1.67330864e-01 1.82598707e-01 1.66077483e-01 1.44946284e-01 1.88046177e-01 1.77893423e-01 1.95931594e-01 2.35986033e-01 2.51458976e-01 2.41691797e-01],__,310.5325235729594,0.19289548336133008,
20190301,531236830,1024,1551469482.3422725,52.741829274607646,2060.124440529923,110.67357083412696,1551469479.007003,311.27368156534465,[104.78913323 125.08499979 145.15053844 167.09830911 187.50575379 208.05712851 227.9703885 249.14843369],[1.67784764e+01 6.56274858e+02 1.74348655e-01 9.89987705e+01 1.50739618e-01 8.37774056e-02 1.20254862e-01 1.09212597e-01 1.16984517e-01 1.50211551e-01 1.69717652e-01 1.46868534e-01],__,311.27368156534465,0.10893456741911173,
20190301,531254054,1012,1551479383.4960034,58.357392431491775,781.8171900464744,117.4223970033476,1551479265.0481758,310.8743683555551,[75.41143376 88.66474357 110.91339529 131.33143753 149.27124066 169.25979331 205.32800474 224.82460939 244.24959276],[1.46478166e+01 1.97116102e+02 1.29717909e-01 7.79282940e+01 2.11887656e-01 1.58246601e-01 2.45088446e-01 2.11101146e-01 2.49054143e-01 1.98629834e-01 3.18461591e-01 4.38500992e-01 3.03185700e-01],__,310.8743683555551,0.4967788978765735,
20190301,531254054,1014,1551479351.1859632,94.57531160045512,4187.696273625045,106.67415002363413,1551479341.0617344,304.55143752773535,[28.11729909 42.44722879 56.96548653 70.11149479 83.73180468 96.08830036 113.80228154 129.19477568 134.52194453 151.07315757 166.99516507 170.16318604 208.67738401 227.74706761],[3.00339525e+01 1.33502106e+03 1.20306805e-01 9.66625876e+01 1.60694719e-01 1.56911056e-01 9.90219549e-02 1.23503173e-01 1.96921707e-01 1.42306759e-01 1.42478599e-01 1.64356756e-01 2.19047956e-01 2.23704261e-01 2.04701371e-01 2.04974319e-01 2.62612530e-01 2.73205895e-01],__,304.55143752773535,0.3390651138417748,
20190301,531254054,1015,1551479335.0621908,51.2558545644752,581.5145136386323,115.04591224305416,1551479332.455408,304.4351143589408,[116.60732327 136.93323446 154.6666681 174.51794916 213.7423706 231.56596643],[1.39511881e+01 1.60427882e+02 1.16559584e-01 8.25933548e+01 2.03236943e-01 2.10431182e-01 2.42005660e-01 2.17608971e-01 3.41121657e-01 2.94958411e-01],__,304.4351143589408,0.15816575046027168,
20190301,531254054,1016,1551479318.661303,56.44185127988928,574.3064920953094,117.69170908698652,1551479318.2979167,311.41668799968426,[56.5087033 76.89981879 94.61838445 114.18297476 132.74369337 152.78393469 171.30511872 188.15823296 207.15449012 227.78306004 245.6189137],[1.47917600e+01 1.50635306e+02 6.15554589e-02 8.16332660e+01 2.76200610e-01 1.56957769e-01 2.10205876e-01 1.08367852e-01 2.02237024e-01 1.44071465e-01 1.31842907e-01 2.19529255e-01 3.22358321e-01 1.86719085e-01 3.03569626e-01],__,311.41668799968426,0.13103131684294367,
20190301,531254054,1017,1551479305.3419898,58.258681368582145,372.9757337898699,116.63771520764718,1551479303.1016767,312.7084473415827,[55.85711183 77.22875501 94.82434528 114.04653597 133.4780831 152.61683564 171.34284091 190.09667349 208.90149377 227.44292532 246.38688958],[1.55162271e+01 9.97976117e+01 4.27266205e-02 8.32335294e+01 2.10552971e-01 1.61225344e-01 1.89100963e-01 1.01178974e-01 2.09496040e-01 1.52285583e-01 1.45637687e-01 2.61365892e-01 3.45976165e-01 1.92626617e-01 2.64922229e-01],__,312.7084473415827,0.1283658926536954,
20190301,531254054,1018,1551479290.597944,58.02534245964791,304.4901223027759,118.40521257643468,1551479289.973029,309.6760119825104,[37.20795344 56.96934638 76.38895552 95.05858741 114.04280317 133.17734573 152.13635021 171.35698537 190.37660643 208.2351634 228.10501972 247.5943214],[1.56741848e+01 8.23237790e+01 3.98827689e-02 8.36680013e+01 2.71335051e-01 2.07772725e-01 1.86252169e-01 1.94611527e-01 1.12940160e-01 2.36478009e-01 1.62400344e-01 1.55868257e-01 2.65449880e-01 4.32083493e-01 2.24671760e-01 3.48021424e-01],__,309.6760119825104,0.07511131068699252,
20190301,531254054,1019,1551479277.5340405,59.07550602997885,818.455844479871,117.80922942900958,1551479277.7720785,310.3299499878946,[56.37004097 75.78261002 93.90175645 113.40949536 132.31534322 151.1678884 170.06938665 189.75506485 207.36852939 226.88980162],[1.46819280e+01 2.03935997e+02 7.43201456e-02 7.71085691e+01 1.81024660e-01 2.07557799e-01 1.69545756e-01 1.08542899e-01 1.86692389e-01 1.54758408e-01 1.41230090e-01 2.21145315e-01 2.85396175e-01 1.83422117e-01],__,310.3299499878946,0.09746414216047199,
20190301,531254054,1020,1551479257.8058736,57.926418321813834,1241.2906580443441,122.27178077528444,1551479263.2135866,302.62025198512345,[35.48110843 56.66723423 75.99463367 93.36540506 113.19633242 131.7257642 150.59021723 169.46653679 187.74932555 206.74702922 226.5698495],[1.32733159e+01 2.84852677e+02 1.32260799e-01 6.93266677e+01 2.92603860e-01 1.77985886e-01 2.03416139e-01 1.50838295e-01 1.04848749e-01 1.71693650e-01 1.63571286e-01 1.27283007e-01 2.32131674e-01 2.15391055e-01 1.70591958e-01],__,302.62025198512345,0.13498250130885373,
20190301,531254054,1021,1551476026.936975,51.93397514592269,1368.4349205468511,113.52088087368213,1551476024.8156195,310.6905266074172,[62.81495021 82.68357181 102.81118093 123.68702509 143.66829378 164.73380736 185.64247703 205.70144069 226.94455785 246.93302303],[1.65760025e+01 4.38588388e+02 1.10887148e-01 9.90738659e+01 9.34494457e-02 1.32298321e-01 1.43451456e-01 8.68191486e-02 1.35709304e-01 1.19337808e-01 1.02401251e-01 1.63075524e-01 2.77368381e-01 1.48385442e-01],__,310.6905266074172,0.12075753490841908,
20190301,531254054,1022,1551476038.1218207,52.645745599688915,861.317437841037,115.05371250945639,1551476036.0009387,311.36518644308995,[61.99664186 82.61424314 103.36911432 123.88129533 143.61000127 165.15078368 185.86603036 205.42855215 113.26876154 226.26857634 248.08714623],[1.67481732e+01 2.73700723e+02 7.68475563e-02 9.90816166e+01 1.18940377e-01 1.13181790e-01 1.91181233e-01 8.38444479e-02 2.02539435e-01 1.10535240e-01 9.50577649e-02 1.98319762e-01 2.21857057e-01 2.47456774e-01 1.47522980e-01],__,311.36518644308995,0.06411418293728546,
20190301,531254054,1023,1551476044.591309,53.03104740684723,906.7786577589673,114.93626391586638,1551476042.422643,311.26281334886454,[40.85038341 61.78047787 82.67736994 103.13644381 124.18029386 144.26475045 165.56735464 186.28504971 206.07299655 226.88158323 247.72779526],[1.32151643e+01 2.26199238e+02 8.88499184e-02 7.75710635e+01 2.32324790e-01 2.03791837e-01 1.46573081e-01 1.73777565e-01 9.54780412e-02 2.05810687e-01 1.29642591e-01 1.20716889e-01 2.06587755e-01 3.23608819e-01 1.78414529e-01],__,311.26281334886454,0.06255278605426759,
20190301,531254054,1024,1551476049.2881658,53.15380446353579,1475.7070390812191,113.53923055315522,1551476047.6234608,311.2156460295382,[61.26843336 82.9257514 144.50623839 165.23118846 186.33918006 206.40001267 227.44462625 247.86432542 124.13499327],[1.69160810e+01 4.70175467e+02 1.30618123e-01 9.90307356e+01 2.06512090e-01 1.91093385e-01 1.81971432e-01 1.48172991e-01 1.43499853e-01 1.77843084e-01 2.52774431e-01 1.69906451e-01 9.07820738e-02],__,311.2156460295382,0.08931623969916991,
20190302,531272879,1020,1551487232.6214776,57.09903908612939,2281.2406465311146,112.48256963753836,1551487230.7863445,311.07511825596396,[37.92464501 58.47844922 77.7382287 97.54325018 117.07877707 136.19234728 156.82137831 175.87546905 214.69887793 233.71256844 253.56459543],[1.81255209e+01 7.22683366e+02 1.75987329e-01 9.88260561e+01 1.59166703e-01 7.61373534e-02 1.52303635e-01 1.10274120e-01 7.41605862e-02 1.52125642e-01 1.65738633e-01 1.06765054e-01 2.53052200e-01 1.53652590e-01 2.38139548e-01],__,311.07511825596396,0.1248120455389579,
20190302,531272879,1021,1551487217.898818,54.25050367493443,1483.4724632197128,114.76678715725342,1551487216.856526,311.239415334268,[18.82892563 39.1200344 58.48257914 77.49268086 97.31495837 117.38564294 136.55471211 155.32120926 175.55080762 214.53708235 196.50935315 233.83749798 253.27132439],[1.72935932e+01 4.77826562e+02 1.27732937e-01 9.89872594e+01 2.52775462e-01 1.70741115e-01 8.61468658e-02 1.57137396e-01 1.05710084e-01 7.42967317e-02 1.67502810e-01 1.17915969e-01 8.89252263e-02 2.20335083e-01 2.05242619e-01 1.28347720e-01 1.62419396e-01],__,311.239415334268,0.10832603714599401,
20190302,531272879,1022,1551487207.0171885,56.30291564264889,943.0185944841444,115.60118803621933,1551487205.0103548,316.31386575226,[19.45221248 38.96728838 58.72291535 76.88759811 97.68761479 118.01954881 137.43461769 156.40964995 176.22205614 197.20938972 215.6258282 234.38317927 254.11143695],[1.36101353e+01 2.29916628e+02 7.93473480e-02 7.63592050e+01 2.23288819e-01 1.88958581e-01 1.19085088e-01 1.76761378e-01 1.19324741e-01 7.72691447e-02 1.61739434e-01 1.41683798e-01 1.00109234e-01 1.93973760e-01 2.68307514e-01 1.57594455e-01 2.01373912e-01],__,316.31386575226,0.12215367423569398,
20190302,531272879,1023,1551487199.0823522,55.405595458596935,617.1278673484456,117.06018362436383,1551487198.0014994,310.7758079683508,[18.25997899 39.10385216 58.86700712 78.04050362 97.92057826 117.7329618 137.41034618 156.72211539 176.560388 196.6539029 215.87734052 235.6415444 255.07220971],[1.45040059e+01 1.61670921e+02 6.28070790e-02 8.13577905e+01 2.40637806e-01 1.78404040e-01 9.97741244e-02 1.85932856e-01 1.38391624e-01 8.91804355e-02 1.73227409e-01 1.76733248e-01 1.06875721e-01 2.17619253e-01 2.61275079e-01 1.51377442e-01 2.59855339e-01],__,310.7758079683508,0.0799510395072167,
20190302,531272879,1024,1551487192.8653703,54.373153868480614,1083.3341216034407,116.0194131737288,1551487192.830974,311.47880911146547,[38.58383723 59.08188596 78.04376054 98.50644574 118.00533332 137.47411718 157.45235233 177.01785696 196.70468953 216.23060479 235.95057434 255.85140765],[1.29319043e+01 2.57677283e+02 8.16889247e-02 7.40890838e+01 1.72199068e-01 1.13312574e-01 1.55827221e-01 1.23173011e-01 7.23615270e-02 1.43680106e-01 1.08671622e-01 8.67744700e-02 1.78974393e-01 2.03689248e-01 1.47259199e-01 2.12339490e-01],__,311.47880911146547,0.08239235697890322,
20190302,531417015,1015,1551560051.898032,53.96253963917183,1415.2724820030394,116.19733418340073,1551560052.9238143,310.9319168373638,[38.59204635 57.0836062 76.61737517 95.93329369 114.95658151 133.24873881 153.50205089 172.52969154 192.14837303 210.66294454 229.95752013 250.80861046],[1.71801872e+01 4.49508740e+02 1.22578013e-01 9.90058686e+01 2.38659893e-01 1.10585858e-01 1.99808157e-01 1.68487173e-01 8.26541292e-02 1.33259833e-01 1.26611210e-01 1.14824858e-01 2.05365115e-01 1.88421392e-01 1.64624774e-01 2.56312972e-01],__,310.9319168373638,0.13175665553175137,
20190302,531417015,1016,1551560067.9076762,52.952455544478184,1202.4595052092973,116.61441832736706,1551560068.5075786,296.16511433523584,[57.15817025 76.97951796 95.95357453 115.12982789 134.30129235 153.40347966 172.63043408 191.37461524 209.5645329 229.81615477 247.96947566 38.76939974],[1.25947208e+01 2.87006493e+02 1.00005442e-01 7.03461074e+01 1.27938303e-01 1.95632463e-01 1.62523778e-01 8.70580278e-02 1.97986622e-01 1.18398518e-01 1.14595063e-01 1.82725424e-01 1.96218860e-01 1.65276064e-01 2.58444878e-01 2.00718281e-01],__,296.16511433523584,0.1092771469918833,
20190302,531417015,1017,1551560083.128485,54.18327823761585,897.790589776672,115.46951247624628,1551560081.5749273,305.1925330065806,[38.63715212 57.31060198 75.54278335 96.20634046 115.47645049 134.68235651 153.94135243 173.19308489 192.0591336 211.24985576 230.80495472 250.04001412],[1.36321957e+01 2.25845100e+02 7.05840671e-02 7.67971160e+01 1.61150277e-01 9.65512073e-02 1.56264052e-01 1.34008962e-01 7.74246686e-02 1.61621916e-01 1.07146392e-01 9.57923196e-02 1.77325222e-01 2.17264204e-01 1.46612962e-01 2.30686647e-01],__,305.1925330065806,0.05537777572295227,
20190302,531417015,1018,1551560096.372043,55.62606656697617,700.6284925060074,116.98916269859966,1551560095.362695,309.66906266127387,[18.71961695 37.76736612 57.1021801 74.32669771 96.07429041 115.34491823 134.57065072 153.83433267 173.07638034 192.50971019 211.5599533 230.55853325 250.74239242],[1.43652576e+01 1.80893227e+02 6.15021220e-02 8.00039112e+01 2.21920210e-01 2.77627524e-01 1.22327290e-01 1.65998071e-01 1.32028816e-01 8.93881369e-02 1.70542726e-01 1.24296251e-01 1.02302302e-01 1.89477516e-01 2.90270190e-01 1.60948560e-01 3.36307783e-01],__,309.66906266127387,0.08339648563619864,
20190302,531417015,1019,1551560111.074046,56.34809780121826,688.4740234126101,117.20196185074862,1551560110.26648,314.8041126896305,[38.79384828 57.1776005 75.34493399 95.8945722 115.00607924 134.04205249 153.32956769 172.56447094 192.2818469 209.75716516 229.62010969 248.71517422],[1.43883673e+01 1.76146564e+02 5.73770719e-02 8.03773283e+01 2.11476583e-01 9.14585357e-02 1.11971597e-01 1.04066459e-01 8.19274094e-02 1.21088966e-01 1.13212088e-01 8.99524410e-02 1.93995999e-01 1.94222328e-01 1.42034669e-01 2.48797930e-01],__,314.8041126896305,0.0752151863915134,
20190302,531417015,1020,1551560125.7407334,55.280493634445904,789.7021075392424,117.43918174245752,1551560125.7465668,309.7099586740674,[38.26336932 57.61078849 75.02174163 96.07185279 115.17789006 134.05580812 153.69478786 172.86487044 192.16771911 210.15990223 230.43148141 249.85461894],[1.40471179e+01 2.00700066e+02 6.79112822e-02 7.87348620e+01 1.64140082e-01 1.11827089e-01 1.08494159e-01 1.19246291e-01 8.95605228e-02 1.35068937e-01 1.26954459e-01 9.94967560e-02 1.97305466e-01 2.67964206e-01 1.64012559e-01 2.26688777e-01],__,309.7099586740674,0.07142154232674942,
20190302,531417015,1021,1551560138.983305,54.666192307582904,1160.56791934512,116.36897191236127,1551560139.3225532,304.43773625458925,[57.52872836 95.2411225 115.46921028 133.84778439 154.21973828 173.42554433 192.00885777 211.08992993 231.29698706],[1.28900421e+01 2.74705206e+02 1.29201409e-01 7.17607047e+01 1.81277140e-01 2.03488853e-01 1.37457091e-01 2.10714657e-01 1.77908145e-01 1.84468625e-01 2.84497484e-01 3.24424906e-01 3.05305625e-01],__,304.43773625458925,0.14029676174167127,
20190302,531417015,1022,1551560150.4396248,58.41503617616929,2063.750203351255,112.25543918867598,1551560148.6728444,310.0801143274383,[95.97970036 115.47433736 134.3965705 153.72607112 173.19579697 211.14860278 231.00945255 249.20582709],[1.85843054e+01 6.53271483e+02 2.00048027e-01 9.87933459e+01 1.54206465e-01 9.87477508e-02 2.23433746e-01 1.51782235e-01 1.17434244e-01 2.54210277e-01 1.95275180e-01 2.70248501e-01],__,310.0801143274383,0.1023093174567563,
20190302,531424585,1014,1551564685.6597996,54.29618762143748,1719.6122573935281,110.64933318863432,1551564682.2269282,310.6478478213391,[58.30352251 77.89898156 96.28676654 116.49831104 135.97327498 154.59664345 174.70206822 195.05711413 213.02588345 233.02076632 253.27577049],[1.72746692e+01 5.44872692e+02 1.67070669e-01 9.89742256e+01 1.14998657e-01 1.80854330e-01 1.59673470e-01 8.99641032e-02 2.12280049e-01 1.75843963e-01 1.09840310e-01 2.23974536e-01 2.53300148e-01 1.64983859e-01 2.46370101e-01],__,310.6478478213391,0.09124016746976224,
20190302,531424585,1015,1551564675.5042405,54.30541396439949,1117.9052051276217,113.1199391578809,1551564672.4322107,305.988180341892,[37.60723975 57.69878771 77.6454576 95.75279492 115.72411033 133.77727187 153.8482161 173.59486128 212.78016008 231.8992512 250.86695614],[1.29291655e+01 2.66592723e+02 1.07006063e-01 7.28525746e+01 2.08432348e-01 1.43948046e-01 2.04889221e-01 1.38794277e-01 9.71386572e-02 1.69225479e-01 1.42723923e-01 1.13532148e-01 2.75452172e-01 1.92852312e-01 2.49549421e-01],__,305.988180341892,0.10974176525664453,
20190302,531424585,1016,1551564660.8549848,54.62578412328991,769.141662807427,115.46095277366427,1551564658.7075856,306.98270329855137,[57.77337187 77.56972845 95.94842743 115.53314729 134.78300285 153.76692186 173.32067331 189.37991284 210.97063886 231.23236416 250.15517039],[1.40547922e+01 1.98231672e+02 7.56203097e-02 7.89704441e+01 1.21151523e-01 2.01918276e-01 1.67442643e-01 9.47487956e-02 2.00738106e-01 1.48314255e-01 1.03289202e-01 2.23781070e-01 2.73472517e-01 1.56346240e-01 2.16184890e-01],__,306.98270329855137,0.11804049387553277,
20190302,531424585,1017,1551564648.597681,54.13747026843778,428.5875371287019,116.72959907175536,1551564646.5403867,309.82546763259387,[19.24101019 38.2024182 57.70908588 76.23309173 95.50802414 115.45147543 135.21246202 153.91530045 173.11246454 190.77536149 209.47994758 230.43145595 249.07268712 259.84019668],[1.46854443e+01 1.16470279e+02 4.64082709e-02 8.40366471e+01 1.92962385e-01 2.01166182e-01 1.10710145e-01 1.66799021e-01 1.41373156e-01 8.18871590e-02 1.28757421e-01 1.22593609e-01 8.83522635e-02 2.11971738e-01 2.20780423e-01 1.38229938e-01 2.68180499e-01 2.84941411e-01],__,309.82546763259387,0.13853811571080574,
20190302,531424585,1018,1551564636.2197375,52.987364398590316,652.39704659189,115.85477559356498,1551564634.171012,309.4881519359748,[36.58667506 57.47453706 76.21221241 95.82548385 115.40504671 137.80886163 154.18453433 173.41735127 192.7046553 211.11751107 230.5905573 250.15448424],[1.39644003e+01 1.72476610e+02 6.88254462e-02 8.15238520e+01 2.24649135e-01 1.76127878e-01 2.11819491e-01 1.87452510e-01 8.80548682e-02 1.53837952e-01 1.44422069e-01 1.17405663e-01 2.28146153e-01 2.47445085e-01 1.65213631e-01 2.87443647e-01],__,309.4881519359748,0.14102358478099283,
20190302,531424585,1019,1551564622.3855598,51.37267070729483,1058.3100538670092,116.45248326250801,1551564622.6860394,305.9607066003935,[37.97226982 57.3166059 76.10367922 95.57573553 114.69324973 135.29848452 150.08006003 171.9631965 190.52701826 209.72926693 229.89517421 248.87019375],[1.25469342e+01 2.58651309e+02 9.93376890e-02 7.47016483e+01 1.82323024e-01 1.07651099e-01 1.96899061e-01 1.27445233e-01 7.65603236e-02 1.36792954e-01 1.17303771e-01 1.16682231e-01 2.11491145e-01 1.84737161e-01 1.62332326e-01 3.24039861e-01],__,305.9607066003935,0.18560105196080473,
20190302,531424585,1020,1551564607.5544438,50.963093395767885,1548.834478444893,115.64937325283846,1551564608.4480357,310.56350873860924,[38.09847859 57.17851139 76.77670807 95.33337966 114.16354467 133.59795133 149.71182436 171.2596226 191.02934305 209.09935517 228.22624745],[1.63332512e+01 5.02496908e+02 1.88979390e-01 9.90866965e+01 1.41697119e-01 1.33767814e-01 1.92851557e-01 1.37919967e-01 9.76774215e-02 1.42906404e-01 1.28311976e-01 1.29290481e-01 2.40620222e-01 1.96658658e-01 1.94231458e-01],__,310.56350873860924,0.14813629755218558,
20190303,531583949,1015,1551651942.0738158,49.1669460894483,2181.2968894347473,111.62379503956208,1551651939.3388011,310.4939266296817,[57.18745302 76.66768346 95.50459659 114.78778262 134.25799468 153.15776475 172.31063199 191.45589065 209.93987861 229.66391759 248.37469705],[1.56642455e+01 6.91118428e+02 1.98721717e-01 9.91050761e+01 1.46956790e-01 1.49794453e-01 1.61150298e-01 7.62432505e-02 1.87150396e-01 1.20854838e-01 1.02054911e-01 1.31153375e-01 1.52892474e-01 1.35498370e-01 2.47882220e-01],__,310.4939266296817,0.0997090719454088,
20190303,531583949,1016,1551651960.2669206,49.956615919782166,2036.3541841907697,112.70130769589737,1551651957.9263856,310.6217129381416,[57.23502435 75.91898996 94.99142988 114.74680309 133.78006949 153.08401156 172.20491624 191.28158772 210.20397719 229.34420019 249.37848834],[1.59083088e+01 6.45203458e+02 2.03499577e-01 9.90940979e+01 1.10157015e-01 1.56045448e-01 1.60504432e-01 8.22653134e-02 1.76984476e-01 1.18044565e-01 1.16211226e-01 1.35909104e-01 1.90158017e-01 1.58216391e-01 2.62769640e-01],__,310.6217129381416,0.0711268699106729,
20190303,531583949,1017,1551651978.3214834,49.1732868312194,1558.7193128873066,113.73386445548155,1551651976.221973,310.9969015862725,[38.20286664 57.33947061 76.53600464 95.60572807 114.65046203 133.8422236 153.00135314 172.04109188 191.15310703 210.36531843 229.24285443 247.93036087],[1.57131269e+01 5.02836049e+02 1.17777939e-01 9.91502648e+01 1.29239892e-01 8.66447223e-02 1.28005685e-01 9.30679023e-02 7.23247042e-02 1.15338480e-01 9.74348447e-02 8.63489404e-02 1.02548388e-01 1.69945054e-01 1.27536462e-01 2.61038639e-01],__,310.9969015862725,0.03258575575978352,
20190303,531583949,1018,1551651992.417864,48.7811442085737,1160.556471601313,116.9478633729973,1551651992.7305746,314.7635585496699,[57.14188672 75.75230717 95.17349656 114.4976742 134.0538528 152.79427489 171.71546774 190.89795339 209.34083987 228.61797226],[1.15122030e+01 2.74733639e+02 1.02154579e-01 7.42530187e+01 1.11576756e-01 1.39424163e-01 1.16917613e-01 7.39396347e-02 1.43832717e-01 1.12001970e-01 9.14649737e-02 1.24558484e-01 1.67966207e-01 1.46580038e-01],__,314.7635585496699,0.051690810535197744,
20190303,531583949,1019,1551652008.2599168,47.87702196743771,1077.9610668822806,115.99206309581713,1551652007.8164763,311.0866494831455,[37.48328481 57.31234382 76.38409496 95.64526875 114.77656344 133.80013728 153.07183333 172.15096753 191.34567481 209.92163111 229.30011787 247.63801783],[1.52677821e+01 3.43998234e+02 8.98771521e-02 9.92248387e+01 1.84188763e-01 8.32380696e-02 1.12791453e-01 8.67460099e-02 7.25052061e-02 1.00940299e-01 9.49636884e-02 8.09781434e-02 1.07065259e-01 1.34463967e-01 1.28184335e-01 2.22510845e-01],__,311.0866494831455,0.05375126095889276,
20190303,531583949,1020,1551652023.7783456,48.74779247027007,1231.410291993896,116.92780198400992,1551652024.8895957,310.9789322620054,[39.27747987 57.2546843 76.05087053 95.90058478 114.77180361 134.06013018 152.87717858 172.24849128 191.36921371 209.5955047 229.67959012 249.19379234],[1.55503743e+01 3.93019351e+02 1.06357885e-01 9.91887005e+01 1.30417197e-01 1.00885679e-01 1.23862011e-01 1.03717035e-01 7.22077542e-02 1.21903485e-01 1.06408468e-01 8.91836978e-02 1.19549100e-01 1.82137245e-01 1.40917024e-01 2.33495681e-01],__,310.9789322620054,0.0841999608131253,
20190303,531583949,1021,1551652038.5270836,47.81253416042307,1475.1447287149588,114.19722834932793,1551652038.2068536,311.0897423543147,[38.75054008 57.60164965 76.70929198 95.91682091 115.11337176 134.35149626 153.56276309 172.75919512 192.15341433 210.1002512 230.31675606 249.35273513],[1.52399279e+01 4.69932328e+02 1.28756194e-01 9.92047557e+01 2.01744519e-01 9.68395416e-02 1.55502521e-01 1.10297366e-01 8.34410541e-02 1.31983491e-01 1.09837733e-01 1.01409709e-01 1.20219518e-01 2.05018879e-01 1.55553408e-01 2.32187187e-01],__,311.0897423543147,0.06382672552705948,
20190304,531605202,1008,1551662328.6670732,46.6376455974976,1582.4886868796464,113.03614582794661,1551662327.3188229,310.7107531937429,[57.69215107 96.39958877 115.38867077 134.48688837 153.81414664 173.14310104 192.58393979 211.4146112 230.85889325 248.2419215],[1.48650562e+01 5.01001859e+02 1.61453634e-01 9.92344268e+01 1.08250383e-01 1.32611649e-01 7.47367068e-02 1.52146674e-01 1.06493352e-01 9.08947902e-02 1.69903512e-01 1.51555273e-01 1.35483840e-01 2.40623690e-01],__,310.7107531937429,0.05706637469784927,
20190304,531605202,1009,1551662341.7880776,46.52923951424498,1037.5109737075206,115.11128329641672,1551662340.6799831,311.07221247689927,[57.69330262 76.08780066 96.33143412 115.72204562 134.16855945 154.33915263 173.71201221 193.21833215 211.42644351 231.7862848 250.66280472],[1.48392874e+01 3.29674971e+02 1.20262593e-01 9.92686670e+01 1.17317277e-01 2.05021438e-01 1.48856495e-01 7.66439226e-02 1.62270752e-01 1.34511324e-01 1.09272968e-01 1.90431874e-01 1.63634303e-01 1.53867538e-01 2.34049768e-01],__,311.07221247689927,0.13629096857452375,
20190304,531605202,1010,1551662355.2139652,47.77688399617953,774.5586896494323,116.75722286427485,1551662354.404534,306.5348307781681,[37.61626913 57.90739069 77.1410292 96.62993422 115.9326973 135.33018431 154.81409586 173.96216839 193.18194608 212.44420921 231.84632389 251.89620804],[1.26205917e+01 2.04704482e+02 8.27534706e-02 8.09766562e+01 1.77940037e-01 1.14908364e-01 1.58047093e-01 1.26925989e-01 8.30582553e-02 1.49380882e-01 1.29923316e-01 1.16237621e-01 1.53560032e-01 2.03858888e-01 1.56747874e-01 2.75940131e-01],__,306.5348307781681,0.12273629817237072,
20190304,531605202,1011,1551662369.8216832,49.124803755344175,713.8228680803952,116.15448472105497,1551662367.8843594,310.95956458705524,[57.98147807 96.74421821 115.98267874 135.45099664 154.95444296 174.14524931 193.03648637 211.73493933 231.97452053 251.21832955],[1.56721606e+01 2.27901396e+02 7.77717698e-02 9.91993772e+01 1.49478521e-01 1.34287123e-01 8.32895576e-02 1.38594204e-01 1.35434186e-01 1.03425484e-01 1.85589851e-01 1.88270793e-01 1.41881521e-01 2.75781810e-01],__,310.95956458705524,0.07033179887631887,
20190304,531605202,1012,1551662386.6047199,49.00938404799565,983.6812994523499,114.5455207667708,1551662383.9620621,306.8123930309672,[57.92509229 76.94226607 96.62080565 115.94439129 135.36237944 154.64222271 173.98015099 193.36679873 212.38454025 231.83343607 251.18454175],[1.22712582e+01 2.46455759e+02 9.11524921e-02 7.68201924e+01 1.29657882e-01 1.99678501e-01 1.13238030e-01 7.98116409e-02 1.16704821e-01 1.14201247e-01 8.92955050e-02 1.40533996e-01 1.98467307e-01 1.50027881e-01 2.14353612e-01],__,306.8123930309672,0.04687612148650975,
20190304,531605202,1013,1551662403.478873,50.125432451631006,1289.864727788919,113.3346011054454,1551662400.5409422,311.0165108533672,[57.81701986 76.53268176 96.63569489 115.91598266 135.39027757 154.42786732 173.96420555 192.96004873 212.13544623 231.90160465 250.16666893],[1.59765754e+01 4.11111109e+02 1.20096919e-01 9.91421024e+01 1.08729011e-01 2.13080137e-01 1.27075253e-01 7.55012909e-02 1.54238421e-01 1.31222175e-01 8.88752696e-02 1.52851868e-01 1.93520743e-01 1.47147306e-01 2.49557721e-01],__,311.0165108533672,0.09616534097460684,
20190304,531605202,1014,1551662419.6857095,50.588793490441404,1744.2403872686652,112.00826807566757,1551662416.6070118,310.6470316631127,[38.44424879 57.8664435 96.49784419 116.04381428 135.25611219 155.002889 174.0996294 193.40461692 212.32565529 231.89927642 251.21079704],[1.61215973e+01 5.54540535e+02 1.69774723e-01 9.90962013e+01 2.21296054e-01 9.41882158e-02 1.32948125e-01 8.47058313e-02 1.57071953e-01 1.15094726e-01 9.72472631e-02 1.63004592e-01 1.85680366e-01 1.41505936e-01 1.90477667e-01],__,310.6470316631127,0.04940342901955015,
20190304,531605202,1016,1551667479.1572084,61.457116232486094,2469.767228342113,110.63080008546949,1551667476.1276872,311.0785931124312,[37.91035969 58.08581122 77.02690621 97.36083866 115.63541601 134.80192711 154.23073226 173.5219217 191.38259489 211.16818407 231.49452113 250.29372836],[1.94905135e+01 7.83972321e+02 1.58268965e-01 9.86388527e+01 1.68369832e-01 8.19755229e-02 1.33606616e-01 1.26739515e-01 7.60301240e-02 1.62243808e-01 1.54089446e-01 8.69159847e-02 2.07406000e-01 2.11904813e-01 1.37188130e-01 1.95436285e-01],__,311.0785931124312,0.12110704192237434,
20190304,531605202,1017,1551667463.9875152,60.5271749007325,2026.0345648081066,111.93694634239262,1551667461.5215728,310.8879844399663,[57.82589088 75.22725402 96.46357995 115.87378823 134.99435981 153.88569142 173.84927634 193.39767953 212.73904145 231.96319935 251.13788131],[1.92095370e+01 6.41746246e+02 1.13355830e-01 9.87196071e+01 8.31272931e-02 1.32841123e-01 1.04722119e-01 6.92031630e-02 1.29388818e-01 1.05599921e-01 7.79662010e-02 1.85668992e-01 1.94337042e-01 1.32759301e-01 2.10603884e-01],__,310.8879844399663,0.09360845819843201,
20190304,531605202,1018,1551667449.6949677,58.84545112626895,1537.324215629057,114.06597661196236,1551667448.2405243,306.33202752101334,[38.01272179 57.81825216 76.56722343 96.25047541 115.88415597 134.53563842 155.06693436 173.95231048 192.81607602 210.23180237 231.46074285 250.63590158],[1.23594342e+01 3.22741832e+02 1.12203797e-01 6.43668104e+01 1.63100007e-01 1.07941934e-01 1.73286315e-01 1.39977099e-01 7.99516017e-02 1.49037589e-01 1.62353702e-01 9.77205357e-02 1.85026470e-01 2.93242006e-01 1.44473914e-01 2.65000165e-01],__,306.33202752101334,0.09755316530227431,
20190304,531605202,1019,1551667435.7981362,60.36864994801913,1340.5984574034749,115.45294324601238,1551667435.1051238,310.7839135730311,[57.79461262 76.25181085 96.51549371 115.68132833 134.62253557 154.32401526 173.66319386 192.83651177 213.98328059 231.66791116 250.29092859],[1.91867051e+01 4.26262101e+02 8.19540402e-02 9.87741888e+01 8.91448550e-02 1.67302708e-01 1.20035703e-01 7.18638535e-02 1.26903540e-01 1.06363513e-01 8.96741224e-02 1.60417500e-01 2.33632787e-01 1.27758809e-01 2.70897646e-01],__,310.7839135730311,0.08617524227382772,
20190304,531605202,1020,1551667421.761097,59.37254959504539,1216.6241586357614,114.45549271718316,1551667419.9075978,307.7382958713126,[37.4942767 57.895726 76.10432146 97.3557128 115.78264963 134.71028476 154.20342694 173.67143721 193.77199412 211.94232381 231.16846875],[1.35114135e+01 2.77123339e+02 8.27052015e-02 7.00282094e+01 1.84786668e-01 1.02996195e-01 1.67215422e-01 1.18562918e-01 7.83262355e-02 1.37847558e-01 1.17354421e-01 9.58848008e-02 1.73501234e-01 2.35098161e-01 1.49942728e-01],__,307.7382958713126,0.08338055128811289,
20190304,531605202,1021,1551667407.5283058,59.24631330697508,1186.369048757975,115.53168274193054,1551667406.9281418,309.80734325350477,[37.91783513 58.00663658 77.14502197 97.90656321 115.7282526 134.67633137 153.9162635 173.54391175 192.38408334 212.57205651 231.22867568 17.75348145],[1.35466182e+01 2.71398406e+02 9.02563102e-02 7.08447342e+01 1.55433713e-01 1.15333279e-01 1.85010796e-01 1.25467916e-01 7.65067212e-02 1.43424854e-01 1.23489579e-01 1.02589077e-01 1.74017782e-01 2.14560169e-01 1.38569278e-01 2.07591221e-01],__,309.80734325350477,0.09474668635922771,
20190304,531605202,1022,1551667396.2786267,58.708017526401974,1500.4370365271498,115.35250785062556,1551667396.4569223,306.1188895234232,[37.72590887 57.45770981 97.49512784 115.35778395 133.93156409 153.82645954 172.92471282 192.27077535 230.18627918 210.52119691],[1.24605665e+01 3.18660881e+02 1.34535834e-01 6.49873915e+01 2.08413681e-01 1.80920773e-01 1.61070166e-01 9.23203678e-02 1.87686028e-01 1.40579848e-01 1.49853643e-01 2.04476409e-01 1.57324550e-01 2.94309963e-01],__,306.1188895234232,0.09501415641122696,
20190304,531605202,1023,1551667388.687399,58.69149182073701,1928.4510187236172,114.35846608155478,1551667389.7543116,310.4911498363565,[38.36116688 57.50027069 94.4355596 115.05767074 134.25832342 153.13679712 172.08943565 191.44694333 210.36493623 230.14537288],[1.86571162e+01 6.11100763e+02 1.47616690e-01 9.87961865e+01 1.24656287e-01 9.55271767e-02 1.62495918e-01 8.04210798e-02 1.98798815e-01 1.25256040e-01 1.23315268e-01 1.88801250e-01 1.94495408e-01 1.66133030e-01],__,310.4911498363565,0.12399326333664401,
20190304,531743626,1303,1551734734.2925494,55.68481898323786,1647.8605141312198,114.16178038012899,1551734733.2398388,311.384668469443,[37.21307167 56.94927651 73.83646811 93.60507344 113.1864689 132.23418322 150.84895973 169.54293471 188.50235529 206.68126741 225.9844435],[1.76948003e+01 5.24544266e+02 1.30140065e-01 9.89313850e+01 1.40125139e-01 1.16515320e-01 1.07313489e-01 1.19552455e-01 7.53096385e-02 1.65401180e-01 1.27075490e-01 1.28733269e-01 1.51811069e-01 1.66037092e-01 1.62383430e-01],__,311.384668469443,0.16524115393648614,
20190304,531743626,1304,1551734726.9711568,54.177097402757894,602.659008129669,117.53108290628727,1551734726.1268456,306.41296543231385,[94.36914473 113.13742853 131.76282495 150.91515314 169.69318122 186.37947203 206.42701387 225.84956241 246.27266885],[1.44245355e+01 1.59834138e+02 5.29864752e-02 8.16574664e+01 1.79956875e-01 8.12289732e-02 2.07557301e-01 1.05191507e-01 9.72008573e-02 1.87172800e-01 1.52817729e-01 1.37267418e-01 3.07190308e-01],__,306.41296543231385,0.07544815442161477,
20190304,531743626,1305,1551734733.6711314,55.58502286791639,843.9151506930145,117.702115965641,1551734733.6549072,309.75473971377227,[93.32345 112.92268607 131.18503467 150.74253817 169.40412752 187.80729568 206.23263968 225.91726088 245.10328632 263.0173478],[1.39499409e+01 2.12033119e+02 8.06395450e-02 7.77358104e+01 1.74600466e-01 1.04060739e-01 2.40026986e-01 1.36549328e-01 1.14574981e-01 2.14212434e-01 1.63902988e-01 1.48294879e-01 2.56722463e-01 2.73247771e-01],__,309.75473971377227,0.15937832043719813,
20190304,531743626,1306,1551734731.7613885,52.698580989461234,1371.57015423256,115.86658408597538,1551734731.9924395,302.3865740178533,[56.35054507 73.08081525 94.44153126 112.77124339 131.02826559 150.08473324 169.32985524 187.18217456 206.20678105 225.33416528 244.34646335],[1.18551074e+01 3.08653210e+02 1.25856830e-01 6.81112691e+01 1.82581979e-01 2.00175142e-01 1.50895221e-01 1.06925986e-01 1.71790253e-01 1.41334127e-01 1.17113590e-01 1.98137507e-01 1.77463704e-01 1.72291837e-01 3.08495325e-01],__,302.3865740178533,0.12014180994365345,
20190305,531901801,1006,1551811067.9766233,52.52491855850403,1565.4451369860994,116.19102987887179,1551811069.9040298,310.37228885494517,[57.98739321 76.43365378 94.61478095 115.57983937 134.84201445 154.20403015 173.19271613 192.40574052 209.71001517 230.41181493 249.29371981],[1.67627978e+01 5.00357493e+02 1.50589068e-01 9.90409830e+01 1.65039753e-01 2.05415935e-01 1.83960967e-01 1.05503592e-01 2.27340007e-01 2.45038010e-01 1.32712636e-01 2.32294331e-01 2.34921177e-01 1.99829879e-01 2.50726244e-01],__,310.37228885494517,0.15170062465656947,
20190305,531901801,1007,1551811051.5156446,54.84477925259792,1913.252289203403,111.92065835347657,1551811049.1277668,310.8842037003897,[58.41984771 77.79778905 96.19057549 116.02847228 136.57990785 155.74579805 174.02724206 195.60383258 214.89265885 231.76577381 249.67113683],[1.75141563e+01 6.18414721e+02 1.67835091e-01 9.89279508e+01 1.08160762e-01 1.68141849e-01 1.59483021e-01 7.62706360e-02 1.98569200e-01 1.42936786e-01 9.14584473e-02 1.85395478e-01 2.27649329e-01 1.31711732e-01 2.09171788e-01],__,310.8842037003897,0.14237257646140208,
20190305,531901801,1008,1551811029.699153,54.07676163218906,1814.474943412104,114.56096976304208,1551811029.7711337,309.739010469647,[58.49985581 116.83692365 136.79159091 156.35311508 175.42749446 214.08733214 233.61070344 250.12349253],[1.72018313e+01 5.69460878e+02 2.44207085e-01 9.89769185e+01 2.08196626e-01 1.11974975e-01 3.24971592e-01 2.68263519e-01 1.58415813e-01 3.10589448e-01 2.11782867e-01 2.91086770e-01],__,309.739010469647,0.12475144539164464,
20190305,531901801,1009,1551811018.3734312,51.12960256033606,999.1113835143797,114.3847667558267,1551811016.4706483,307.33538444157244,[58.18314276 78.02666486 97.01492804 116.61403339 136.15331404 174.90193115 213.47339845 233.4434474 251.7302486],[1.26498373e+01 2.47121302e+02 1.47352205e-01 7.60936246e+01 1.70681135e-01 2.29308940e-01 2.26491406e-01 1.09007666e-01 2.23047405e-01 1.57691229e-01 2.82756248e-01 2.06029888e-01 2.76711382e-01],__,307.33538444157244,0.1605011358636296,
20190305,531901801,1010,1551811003.2690725,53.62338734817013,711.8824722380934,117.70156860420641,1551811003.2441497,310.49114492576774,[38.15159688 57.78362602 77.15246981 96.09147656 116.04052531 134.82499619 154.83709165 173.97497481 192.51260664 212.36059205 231.99831547 251.23943007],[1.39091545e+01 1.84831366e+02 7.77296343e-02 8.05411360e+01 2.34668472e-01 1.40156619e-01 2.14484362e-01 1.57932105e-01 9.04857073e-02 2.53468420e-01 2.48408684e-01 1.10225243e-01 2.31461634e-01 2.68458635e-01 1.57713397e-01 2.24353592e-01],__,310.49114492576774,0.1291811038729561,
20190305,531901801,1011,1551810989.2516754,54.42576293269823,502.0421182302358,118.48670192311234,1551810988.9576359,309.85644148537375,[17.90647573 37.95655339 57.58267417 77.31176592 96.67700607 116.40169768 135.4037807 154.90978685 174.49092211 193.21037983 212.19436371 232.3040092 250.55366143],[1.45977098e+01 1.34753088e+02 5.35644404e-02 8.31118023e+01 2.13501009e-01 1.94801591e-01 1.31207534e-01 1.70852890e-01 1.43806498e-01 9.79349135e-02 1.54396820e-01 1.40546421e-01 1.04387180e-01 2.19461542e-01 2.40380942e-01 1.66287503e-01 2.56667140e-01],__,309.85644148537375,0.1353511852473345,
20190305,531901801,1012,1551810973.14073,54.688614644922595,732.7378190167935,117.77730286778097,1551810972.7283251,310.6416664898575,[19.62503523 38.56077075 57.96500116 77.57068313 97.64418421 116.58181682 135.63040782 155.79173651 174.98379104 194.16427373 213.37501597 233.01111832 252.42823433],[1.40639673e+01 1.88561395e+02 6.96253163e-02 7.98914574e+01 2.41440985e-01 1.97206001e-01 1.38976161e-01 2.24242602e-01 1.73281342e-01 8.46529304e-02 1.63663550e-01 1.41245995e-01 1.07599080e-01 2.18581530e-01 2.68588618e-01 1.46699263e-01 1.99910035e-01],__,310.6416664898575,0.10613699241979317,
20190305,531901801,1013,1551810956.2707078,54.15309606120138,902.1038905214086,116.57126546156312,1551810955.3316345,311.3853020024678,[18.22570899 58.43962646 77.83021447 96.931023 116.90081699 136.83645187 155.90115155 175.54206252 195.30906442 214.5382553 234.03965682 254.14959429],[1.72188586e+01 2.86735626e+02 8.40929507e-02 9.90283713e+01 1.98132461e-01 1.62337219e-01 1.87564432e-01 1.60661110e-01 8.44353632e-02 1.77960543e-01 1.29889021e-01 1.13136784e-01 2.24918990e-01 2.34524009e-01 1.63729042e-01 2.63221069e-01],__,311.3853020024678,0.11577823772024254,
20190305,531901801,1014,1551810939.0392144,54.86245062937093,1130.3403038124497,115.53084024460603,1551810937.909492,322.69036509956146,[39.52544538 58.85391636 117.39514393 136.02303859 156.38225747 176.05996222 193.65188868 214.72478419 234.83835774 253.84620903],[1.26272816e+01 2.61388509e+02 1.04520155e-01 7.41842047e+01 2.40469525e-01 1.40669701e-01 9.25728797e-02 2.12533931e-01 1.59992972e-01 1.19830752e-01 2.15274970e-01 2.09433045e-01 1.92939436e-01 3.09158927e-01],__,322.69036509956146,0.08684336822341998,
20190305,531901801,1015,1551810923.042906,54.1245524737032,1526.2068986703728,113.71516033779302,1551810921.219379,310.73113743264383,[58.69686916 117.36419779 137.16015661 156.46610866 176.01733429 196.01694655 215.49435828 234.09705523 252.66233639],[1.72724549e+01 4.89751384e+02 1.40925633e-01 9.89872268e+01 1.97703704e-01 9.64154644e-02 1.83038447e-01 1.49649989e-01 1.38883355e-01 2.11405317e-01 2.28556116e-01 1.93847920e-01 3.03792911e-01],__,310.73113743264383,0.13408808765017213,
20190305,531901801,1016,1551810904.3736975,55.979403951631014,1840.0729511439906,113.77739656564898,1551810903.1034253,312.783436294409,[117.36303669 155.78922693 176.00787051 213.32961316 233.99058437 136.48014846],[1.76552964e+01 5.76244039e+02 2.07555217e-01 9.89235870e+01 8.93211721e-02 1.99271099e-01 1.58004083e-01 2.49094090e-01 2.27203174e-01 2.23252234e-01],__,312.783436294409,0.11303927314954411,
20190305,531901801,1017,1551810888.4349837,54.40191204414504,1897.0561833880638,111.81152633732174,1551810885.9696286,310.54602071427144,[38.58411804 58.79622824 78.34505582 98.00631628 117.49192468 136.49078388 156.80618701 176.42943714 215.36777613 235.15389853],[1.73085600e+01 6.00822285e+02 1.73076557e-01 9.89561383e+01 2.22638069e-01 1.35097781e-01 1.89202434e-01 1.91022063e-01 8.68069389e-02 1.95130551e-01 1.58371491e-01 1.25958772e-01 1.89483668e-01 1.82722938e-01],__,310.54602071427144,0.05963108164790605,
20190305,531901801,1022,1551807782.8902164,51.761783135491974,1351.2141290282643,109.04876932740929,1551807656.2069876,311.14795611880015,[58.86573666 99.40865098 117.57813117 140.24494268 161.62780005 178.74715754 217.8483721 240.04360695],[1.64449451e+01 4.25192926e+02 2.48592300e-01 9.90908556e+01 2.02374921e-01 2.12453470e-01 2.22404376e-01 2.11912544e-01 1.48873448e-01 2.29184376e-01 2.74071178e-01 2.44113991e-01],__,311.14795611880015,0.415746440893918,
20190305,531901801,1023,1551807792.3231971,55.26826674929567,837.8098147613027,114.74037680313108,1551807789.1446674,313.2093719356456,[19.8862427 39.23932808 59.13243563 77.24351638 98.60289908 118.21571762 138.18294175 157.57639026 177.39040016 197.67599344 216.95607653 236.43386044 256.50686129],[1.38102947e+01 2.10204520e+02 7.58131574e-02 7.82109979e+01 2.93110474e-01 1.33515476e-01 1.02620670e-01 1.71146193e-01 1.29184199e-01 9.03583680e-02 2.23876010e-01 1.37669444e-01 1.18913411e-01 2.24542771e-01 2.91617125e-01 1.60206951e-01 4.42064029e-01],__,313.2093719356456,0.05823454496282738,
20190305,531901801,1024,1551807800.3787959,55.11669553214429,713.523077036652,114.69522630594868,1551807796.783307,310.39913861407433,[18.48128359 38.33178974 59.02153548 77.57707073 98.41381735 118.09597013 137.50036396 157.30137375 177.12927396 196.47067356 216.42410597 235.91558485 256.37932714],[1.42094460e+01 1.83781880e+02 5.98046367e-02 8.00451307e+01 1.81659992e-01 1.62074342e-01 9.69256148e-02 1.49017428e-01 1.33267379e-01 7.55501530e-02 1.26846379e-01 1.15174641e-01 8.15842860e-02 1.91780228e-01 2.59212807e-01 1.31115460e-01 1.76748136e-01],__,310.39913861407433,0.06130980037671596,
20190305,531901801,1025,1551807809.5613437,56.91257495625235,1579.059637561573,112.27358773946926,1551807805.6377246,311.39334126460705,[38.85878724 58.92427356 77.82411014 98.42658221 117.95487051 137.83883003 157.30460324 177.07041457 196.45959175 216.74993072 236.04518491 255.74161405],[1.80772186e+01 5.02159680e+02 1.07437324e-01 9.88922660e+01 1.64587845e-01 1.03251819e-01 1.51549379e-01 1.07367742e-01 7.55124949e-02 1.58049476e-01 1.17090279e-01 9.43986352e-02 1.86252486e-01 2.11916562e-01 1.46691863e-01 1.82207922e-01],__,311.39334126460705,0.05947202940893298,
20190305,531901801,1026,1551807823.7525537,57.727025855628995,2331.934586501176,110.92270950306396,1551807820.2297034,310.0336356663825,[38.91230205 58.58772341 77.67373085 97.9084733 117.52729147 136.84509976 156.59829835 176.19674963 195.21510261 214.92318002 234.94266863 254.33871573],[1.83826079e+01 7.40563783e+02 1.46647650e-01 9.87897641e+01 1.23148286e-01 8.25176952e-02 1.51644760e-01 1.00493991e-01 8.10394811e-02 1.58241500e-01 1.15269225e-01 1.00658368e-01 1.79353315e-01 2.22786603e-01 1.55306495e-01 2.40733415e-01],__,310.0336356663825,0.05464506848302454,
20190305,531774192,1019,1551745413.5043726,57.307894634751804,2361.3642295975974,115.63015957121006,1551745414.8284218,310.28857937269163,[38.35848183 58.20007277 77.84581468 96.7223152 116.30617388 135.52365418 155.21110288 174.62503925 194.10007553 214.13442157 231.70249291 252.57462602],[1.82400094e+01 7.50368535e+02 1.44574106e-01 9.88033572e+01 1.61448147e-01 8.93551221e-02 1.60291770e-01 1.05141492e-01 7.06627838e-02 1.52724190e-01 1.11827336e-01 9.64651770e-02 1.60828392e-01 1.64554590e-01 1.42582302e-01 2.37460943e-01],__,310.28857937269163,0.12726439885436308,
20190305,531774192,1020,1551745431.2228234,56.17334275651292,1740.9501273858039,115.37203742117892,1551745431.5843408,311.5263714314255,[38.94170071 58.17899667 78.87332711 96.87722366 116.44811798 135.91112635 154.9833994 174.71700561 194.41913265 213.80053046 232.60529421],[1.78458285e+01 5.54554032e+02 1.22084146e-01 9.89067903e+01 1.42790978e-01 9.85548978e-02 1.48994754e-01 1.23528920e-01 7.88889729e-02 1.58698042e-01 1.14227062e-01 1.03688457e-01 1.63986213e-01 2.03377976e-01 1.79208228e-01],__,311.5263714314255,0.08855577189852178,
20190305,531774192,1021,1551745448.0263784,56.13556393669792,1350.5417617763103,114.29840040358717,1551745446.081015,311.1913984141011,[19.66839027 38.94116888 58.29225344 77.16587814 96.52526866 116.59798025 136.18722761 155.52413047 174.97424637 194.31511089 213.99533323 233.53827592 253.11352196],[1.78354190e+01 4.28061456e+02 9.17932309e-02 9.89358133e+01 1.36615560e-01 1.17470538e-01 9.00075261e-02 1.63753732e-01 9.34269443e-02 7.64235958e-02 1.65887346e-01 1.08924614e-01 9.52426153e-02 1.50497866e-01 2.02422077e-01 1.28406707e-01 2.38783772e-01],__,311.1913984141011,0.08671304324792457,
20190305,531774192,1022,1551745460.4054458,55.94004047382642,1026.803259914329,115.21613751202008,1551745458.117953,305.2967405748533,[38.65446568 58.21332661 77.78103977 96.95809079 116.44605387 135.75588239 155.42946882 174.8132421 193.91184659 212.86274681 232.73282488 252.08622719],[1.35612354e+01 2.49263133e+02 7.99040406e-02 7.39909425e+01 1.78480362e-01 1.04286001e-01 1.58195261e-01 1.20249829e-01 8.15590703e-02 1.53541131e-01 1.17091479e-01 8.94470066e-02 1.81017389e-01 2.48551892e-01 1.64431110e-01 3.09283887e-01],__,305.2967405748533,0.0877807021200976,
20190305,531774192,1023,1551745468.1941402,56.081489520497584,1161.8435545168823,114.64003639903957,1551745465.6961613,305.335920119822,[38.7176903 58.30503668 77.42737408 96.94783414 116.50786828 135.89366256 155.41328375 174.83865118 193.73454401 213.05522233 232.42801939 251.63735463],[1.31412055e+01 2.72240846e+02 8.20649126e-02 7.15558609e+01 1.33806276e-01 8.28607516e-02 1.62744884e-01 1.04421130e-01 7.71886904e-02 1.32777406e-01 1.13640106e-01 9.32004073e-02 1.78028894e-01 2.91133350e-01 1.42612894e-01 2.96031394e-01],__,305.335920119822,0.08916845026632833,
20190305,531774192,1024,1551745474.2194147,56.91819830607217,1884.1571407191402,112.16876856032123,1551745471.3153107,310.37276223874414,[38.82791731 58.3662726 75.71878592 97.38634283 117.06697228 136.48377933 156.08412581 175.58064465 194.93317522 214.57936264 233.77151727 253.21060418],[1.81302058e+01 6.00503082e+02 1.25961255e-01 9.88617034e+01 1.44943427e-01 1.05987108e-01 1.43361610e-01 1.13406763e-01 7.23143012e-02 1.34246927e-01 1.19093829e-01 8.42076580e-02 1.57441839e-01 2.20899175e-01 1.26506745e-01 1.59801462e-01],__,310.37276223874414,0.0825208700619952,
20190305,531774192,1040,1551747860.9970157,62.66774214186582,2619.445306270075,113.73763856635298,1551747860.6264827,309.9781290163464,[36.34703125 56.40263334 74.38061102 112.84330576 150.45132914 169.49687073 225.29406481 245.43224856 204.01899889],[1.99322944e+01 8.33336011e+02 2.09374481e-01 9.85650050e+01 2.08500774e-01 1.38014021e-01 2.03107063e-01 1.05562769e-01 1.89201449e-01 1.48240017e-01 2.21406205e-01 3.00319780e-01 2.53308931e-01],__,309.9781290163464,0.15298691432211095,
20190305,531774192,1041,1551747850.5969594,58.43835198456212,1300.7272244619103,113.87606426398789,1551747848.7486641,309.41340775786983,[56.40017735 113.05954628 150.10531623 169.4573159 187.23337139 206.27706734 225.74849498 130.4816267],[1.30226309e+01 2.90344231e+02 1.28524069e-01 6.89678908e+01 2.10407744e-01 1.03129561e-01 1.87376436e-01 1.48558034e-01 2.35778543e-01 2.55310707e-01 2.44280681e-01 2.39779816e-01],__,309.41340775786983,0.11923295429639105,
20190305,531774192,1042,1551747836.8732383,60.72772893667779,1022.6404832465214,116.16686083475898,1551747836.3216567,317.023663674197,[36.44042732 55.81298414 93.46719148 112.18098906 73.5924664 130.90743374 149.73397519 168.36933791 186.68832711 203.14932224 223.96304529 242.18500783],[1.41850968e+01 2.39021281e+02 7.60473048e-02 7.40436048e+01 1.70135149e-01 1.12953570e-01 1.34390261e-01 8.34662918e-02 2.04563270e-01 1.62452932e-01 1.51288544e-01 9.18131675e-02 1.92836089e-01 2.12840073e-01 1.33652506e-01 1.96123709e-01],__,317.023663674197,0.10519305731586111,
20190305,531774192,1043,1551747822.4099307,61.966472329627884,960.8446252126337,117.20493318055857,1551747822.3386338,313.76330350974314,[37.04978211 55.69089094 72.89156619 92.63558928 111.78927303 129.92312143 149.05204675 167.57528058 186.45164524 202.72836701 223.00611797 241.01187556],[1.46845236e+01 2.28200387e+02 7.24679971e-02 7.43363971e+01 2.04431911e-01 1.24466797e-01 2.40914904e-01 1.65715815e-01 1.04445056e-01 1.85701199e-01 1.49849875e-01 1.36008426e-01 2.00204478e-01 2.53698687e-01 1.94200323e-01 3.98589351e-01],__,313.76330350974314,0.07733790772823178,
20190305,531774192,1044,1551747808.2627766,61.8443367282881,939.0002260963568,117.55122156764651,1551747808.2477403,307.86940038379004,[56.14779274 92.96226703 111.8090115 130.49115366 149.01400791 167.74978297 186.04183826 204.13770854 223.45954781 241.88967914],[1.48873339e+01 2.26363031e+02 7.98786124e-02 7.41183045e+01 2.43637878e-01 2.69435079e-01 1.09973079e-01 2.26915306e-01 1.66000154e-01 1.51571431e-01 2.10335299e-01 2.85275713e-01 2.40300993e-01 3.53949558e-01],__,307.86940038379004,0.12598737103231855,
20190305,531774192,1045,1551747799.869985,61.36238383445421,1055.9249862268252,116.4335786221494,1551747799.3143623,308.2922676311532,[55.76988626 74.29699988 112.49756839 130.53388671 149.52038068 168.63570926 186.43111577 204.03158376 224.9075522],[1.44049190e+01 2.47955472e+02 8.86652978e-02 7.24126124e+01 2.03141451e-01 1.52883183e-01 1.13174312e-01 2.73484892e-01 1.75347093e-01 1.60890711e-01 2.57306075e-01 2.92303577e-01 2.40644003e-01],__,308.2922676311532,0.1413503574880022,
20190305,531774192,1046,1551747793.5585315,61.50613085210784,1626.9462921299425,112.96887124791233,1551747791.5725882,310.689126693968,[113.28424444 150.65103191 170.05384011 189.4975966 206.95691614 226.4053028 244.33409072],[1.95446152e+01 5.17958907e+02 1.52373754e-01 9.87104316e+01 1.11359152e-01 2.61019181e-01 1.75447364e-01 2.31997189e-01 2.72176271e-01 2.30350525e-01 4.06472603e-01],__,310.689126693968,0.08205128769343352,
20190308,532501367,1305,1552077850.992977,52.183128932957445,1882.8474488425104,114.73216948107766,1552077851.649106,310.2680350962861,[117.2294584 156.3692103 175.99897203 194.79739589 212.91506242 233.96836408],[1.66476059e+01 6.00144281e+02 2.06103743e-01 9.90291032e+01 1.17864058e-01 1.65998553e-01 1.52802932e-01 2.13548240e-01 2.21724588e-01 2.17842224e-01],__,310.2680350962861,0.13915238743757216,
20190308,532501367,1306,1552077854.188008,52.10709816338995,1151.2785398129506,115.4610199703574,1552077853.5869205,310.63158050176605,[57.92560085 97.57525943 117.42813534 137.68257605 156.6058342 176.29000024 196.3877 215.06428703 234.72694237 253.09845346],[1.66078150e+01 3.66135978e+02 1.01663474e-01 9.90835614e+01 1.47911683e-01 1.55392922e-01 9.54830588e-02 1.69191440e-01 1.25609465e-01 1.19721034e-01 1.85507594e-01 1.89283941e-01 1.67086452e-01 2.55906097e-01],__,310.63158050176605,0.10995461058283433,
20190314,533421550,1002,1552529076.632324,34.43900920835731,419.6922920819353,124.50727581133539,1552529085.0995986,310.9099127476228,[104.7494381 210.29569101],[13.11622516 217.46646035 1.74315266 99.60787413 2.09557762 4.09920135],__,310.9099127476228,0.11935713300139261,
20190314,533421550,1003,1552529068.3162377,54.606541344529006,474.6418886215749,117.26982900407918,1552529067.6086042,308.3542696524873,[55.47883904 92.54261465 111.10935693 148.40716486 166.54780436 222.1988505 239.46137173],[1.47387721e+01 1.28239451e+02 8.24380921e-02 8.32768421e+01 2.23262036e-01 2.79176768e-01 1.61443854e-01 2.29611202e-01 1.95904221e-01 3.98514798e-01 3.95793676e-01],__,308.3542696524873,0.12600556521965697,
20190314,533421550,1004,1552529056.9779606,56.208025130288625,270.45303410011746,117.45010641576164,1552529055.845303,310.4210331901146,[36.8198002 54.68384361 73.43315566 90.69098226 111.10127863 128.59974184 145.30191149 166.57835807 186.71470753 201.82060336 224.02267502],[1.53333120e+01 7.35440842e+01 4.47378931e-02 8.46899522e+01 2.29152743e-01 1.84077043e-01 2.31387704e-01 2.30292657e-01 1.11045609e-01 2.41720995e-01 1.64469644e-01 1.60528167e-01 2.01734601e-01 2.61309834e-01 2.03630726e-01],__,310.4210331901146,0.26606271139906584,
20190314,533421550,1005,1552529047.2512455,53.97465434676677,815.4570803573691,116.93761883027528,1552529047.4084568,306.762419971834,[111.18749439 222.85719048],[1.38007061e+01 2.10381799e+02 2.70922877e-01 7.84637791e+01 1.98889976e-01 4.52424356e-01],__,306.762419971834,0.0835636631033214,
20190314,533421550,1006,1552529039.6448228,68.8183418061702,700.3514524693298,113.07267676506709,1552529038.3659055,302.83048781673403,[142.7558102],[17.23942516 215.36827768 0.76282237 76.8906708 3.17762521],__,302.83048781673403,0.24550940040541996,
20190315,533770152,1005,1552685679.0,60.937961631530776,1417.7489283043697,117.37898471025889,1552685681.7487612,308.4032529163144,[111.50876611 166.79724196 222.62093461],[1.96644391e+01 4.69128950e+02 4.12226390e-01 9.87230739e+01 4.82148265e-01 7.00542357e-01 1.00606017e+00],__,308.4032529163144,0.059622751612688284,
20190315,533770152,1006,1552685667.273778,58.76413721207776,1377.5024798045522,113.3949629313334,1552685665.1027057,301.02481898780957,[114.31457748 170.53862815 227.51466099],[12.98248456 308.62588025 0.38761598 66.85030863 0.40827789 0.63293757 0.92745913],__,301.02481898780957,0.11493651416622126,
20190315,533770152,1007,1552685650.8714144,70.88567052273166,2085.96824884664,111.55035704098186,1552685646.5941126,309.6944001986404,[114.3274304 152.7410465 172.56997981 228.02193493],[2.24955862e+01 6.62605325e+02 1.65961523e-01 9.82691038e+01 1.59459792e-01 2.25907484e-01 2.47356655e-01 2.82663489e-01],__,309.6944001986404,0.1295963787228199,
20190315,533770152,1008,1552685636.8725102,73.00700884668976,1984.5315801803147,111.3157999921874,1552685632.3193192,308.31167630802446,[114.11855576 170.83188205 152.51171388 228.52490112 208.22553069],[2.32732547e+01 6.36114186e+02 2.12191895e-01 9.81636305e+01 2.98640612e-01 4.79509493e-01 4.46325060e-01 6.23835206e-01 5.96398702e-01],__,308.31167630802446,0.09252949849227403,
20190315,533770152,1009,1552685624.0959303,66.82230324040515,1001.8268136101874,114.55106630511025,1552685621.3483174,307.2494890892715,[114.97076054 229.94995846],[1.55725988e+01 2.36589508e+02 2.23331417e-01 7.17023764e+01 2.18068529e-01 5.65090207e-01],__,307.2494890892715,0.055248334391415674,
20190315,533770152,1010,1552685609.9161592,66.400053729965,546.8853273515355,117.23047374798402,1552685608.916606,311.89821970307474,[38.25205974 57.40413957 76.27717414 94.81584985 115.32408053 134.46930361 153.8963767 173.12623405 193.07010669 210.32665483 229.61820359 249.05317516],[1.66940695e+01 1.37849091e+02 5.61094657e-02 7.84028265e+01 3.50407634e-01 3.25441884e-01 2.57156251e-01 2.50280476e-01 1.41631380e-01 3.09325260e-01 2.40977699e-01 2.51184481e-01 3.33810236e-01 4.14758310e-01 2.82138454e-01 3.49893631e-01],__,311.89821970307474,0.1420836461074448,
20190315,533770152,1011,1552685597.3695111,65.27672630443308,331.78616074436917,117.53278382832823,1552685596.3322039,309.77019323515725,[57.09096209 75.90074018 95.14630886 115.55859496 135.77274365 154.23951765 173.34578664 191.41346043 230.75313084 249.28491351],[1.69858836e+01 8.65036201e+01 4.11834083e-02 8.05994093e+01 3.52340338e-01 2.59040587e-01 2.61851369e-01 1.35863743e-01 3.01030145e-01 1.81680138e-01 1.68018186e-01 2.64328120e-01 2.34821739e-01 5.23992889e-01],__,309.77019323515725,0.08964181892329652,
20190315,533770152,1013,1552685569.8374932,68.454798328454,349.00846363364116,118.33680211022264,1552685569.651647,310.97410512733114,[76.09556993 113.59569026 131.61059203 151.64315976 170.24358913 188.12263991 206.64753331 226.76968263],[1.74651280e+01 8.92204826e+01 4.47792991e-02 7.93381529e+01 3.19350518e-01 1.65306202e-01 3.02082290e-01 2.55902632e-01 2.25228445e-01 3.12103670e-01 5.22024815e-01 2.75815629e-01],__,310.97410512733114,0.09351534360691616,
20190315,533770152,1014,1552685557.3269448,69.8583833075481,429.33122915075637,118.30895381570251,1552685557.2276773,311.1858468566074,[56.0796553 74.90697724 92.20538591 112.80873001 130.92870082 150.21269142 169.45091321 187.40515111 226.33197723],[1.75496979e+01 1.07875297e+02 4.13653269e-02 7.81946654e+01 2.08658895e-01 1.90940028e-01 2.45863704e-01 1.46886871e-01 2.85385013e-01 2.05036850e-01 1.90910183e-01 2.61272336e-01 2.68318057e-01],__,311.1858468566074,0.15316842578629475,
20190315,533770152,1015,1552685542.583352,66.94681722239176,439.32651277662256,118.28337922862518,1552685542.6587508,309.5819733814688,[55.73391089 74.49658081 93.94800135 114.01124341 152.14835099 171.50389053 189.47781497 207.48278107 226.93833487 245.77140946 265.79674615],[1.70957198e+01 1.12321740e+02 4.20306346e-02 7.90543236e+01 2.28008399e-01 2.24374868e-01 2.29739572e-01 1.16634675e-01 1.76187034e-01 1.67998175e-01 2.35976526e-01 4.86963067e-01 2.31656740e-01 4.25513972e-01 4.23619364e-01],__,309.5819733814688,0.1642299494675163,
20190315,533770152,1016,1552685529.7833376,68.14667148883919,478.368127193914,118.27373377758303,1552685529.9704707,310.37348912863007,[36.98549872 56.55268612 75.74563224 93.94024547 113.57124468 132.79854669 151.70101052 170.63378743 188.87213498 207.09624536 227.46253632 246.55932821 264.07856978],[1.71935186e+01 1.20744525e+02 3.91826875e-02 7.83179495e+01 2.58776241e-01 1.96165452e-01 1.80518369e-01 2.47967151e-01 1.19143613e-01 2.77111532e-01 1.59730878e-01 1.50278180e-01 2.44022381e-01 4.11285940e-01 2.14722482e-01 3.50235584e-01 4.64165886e-01],__,310.37348912863007,0.12592235521411077,
20190315,533770152,1017,1552685516.1984546,65.30535334439813,472.1260167953763,118.2849186048554,1552685516.5834892,306.3760401330364,[35.90890352 55.61462457 76.19613099 94.15975538 113.43575955 131.23961118 151.90606984 170.14197012 188.26131396 207.33792341 226.88999612 245.67064588 263.20957936],[1.68600793e+01 1.22425037e+02 4.03232485e-02 7.90145971e+01 2.63841979e-01 1.87554014e-01 1.40453412e-01 1.82109231e-01 9.71291811e-02 2.65948514e-01 1.29488774e-01 1.35198597e-01 2.12869232e-01 3.74649201e-01 1.87620642e-01 3.36627913e-01 4.20061813e-01],__,306.3760401330364,0.1490416602210102,
20190315,533770152,1018,1552685504.008359,64.52610858492228,468.26575950703835,117.06824637301867,1552685503.1714828,307.4339601225957,[56.43235202 74.29647145 92.93250625 113.31169044 130.10991597 150.9479339 168.83345007 186.913806 204.25883594 225.76532316 245.10136637],[1.66876756e+01 1.21366032e+02 4.66001249e-02 7.94922282e+01 2.34464653e-01 2.67642115e-01 2.73988787e-01 1.36182869e-01 3.07686905e-01 2.01511918e-01 2.23665173e-01 2.68597728e-01 3.81256777e-01 2.57284757e-01 4.64743612e-01],__,307.4339601225957,0.1997025266681354,
20190315,533770152,1019,1552682518.5952337,53.73457512982838,1043.4722321264878,116.04605347430291,1552682517.9250054,310.22807008563336,[57.60020232 76.38832774 96.49272659 114.76795778 134.80369147 152.80642442 172.00786431 191.33876621 209.55893445 229.9287596 248.96682072],[1.29604574e+01 2.51813851e+02 8.36214983e-02 7.48384340e+01 1.42519435e-01 1.29815365e-01 1.28568020e-01 8.02697135e-02 1.67786341e-01 1.06388014e-01 1.03998767e-01 1.54513620e-01 2.43902861e-01 1.30362495e-01 1.99286687e-01],__,310.22807008563336,0.11732963212943352,
20190315,533770152,1020,1552682535.6710465,52.79467336972513,1055.933047639632,115.6076806420705,1552682534.7994409,310.5589369133443,[38.02297074 19.23251983 56.86460566 76.36043332 94.66753989 114.57837213 133.70649574 152.27420533 172.08547511 190.99873147 209.29093458 229.27099751 248.8425071],[1.68380045e+01 3.36875408e+02 9.58910303e-02 9.90632557e+01 1.98179485e-01 1.70485230e-01 1.65346950e-01 1.21409067e-01 1.07346674e-01 8.51578974e-02 1.74386636e-01 1.04098522e-01 1.13585578e-01 1.80939930e-01 2.32180078e-01 1.37833770e-01 2.35836339e-01],__,310.5589369133443,0.12584024609951738,
20190315,533770152,1021,1552685462.570305,61.46362996151149,757.4837578371357,117.58622995990856,1552685463.0119717,304.4637045252636,[56.85029234 73.22138971 94.04114101 112.25604497 132.14755507 150.18819903 169.15009821 185.1309406 206.98856428 224.529415 243.24667993 263.7948563],[1.54868388e+01 1.90182083e+02 6.32144351e-02 7.67563356e+01 1.14481982e-01 2.00118769e-01 1.69109172e-01 1.12003454e-01 1.92567917e-01 1.61074431e-01 1.61278938e-01 2.10005760e-01 3.62535159e-01 1.93399063e-01 2.96817307e-01 4.82073034e-01],__,304.4637045252636,0.24450244126579979,
20190315,533770152,1022,1552685448.106737,62.08644180211188,684.8806612526449,118.73072374007046,1552685449.5097687,316.1589925694791,[56.52125664 74.68104999 93.78152239 112.63211621 130.65112985 149.95125145 169.1094224 186.25970291 205.49245602 224.56112438 244.02304113 262.77696909],[1.54498689e+01 1.70524344e+02 5.61111147e-02 7.86587086e+01 1.76908310e-01 1.73975767e-01 1.77075912e-01 1.00906035e-01 2.05594923e-01 1.55436124e-01 1.48241997e-01 2.30624173e-01 3.09997146e-01 1.67031504e-01 2.98848502e-01 3.93014468e-01],__,316.1589925694791,0.11262231019014078,
20190315,533770152,1023,1552685435.1100159,64.5281733525086,732.3274294665664,116.89168720194492,1552685434.3965657,322.9448448025628,[56.57253895 75.35501756 94.31099039 112.89757587 132.06045925 150.56524018 169.25976697 189.04601401 207.00130732 225.68032532 243.78804089],[1.55669831e+01 1.78119363e+02 6.01835051e-02 7.77284055e+01 1.84557812e-01 1.60333348e-01 1.83285058e-01 1.01080272e-01 3.05398596e-01 1.55779178e-01 1.53522117e-01 2.71221495e-01 3.55564521e-01 1.74629791e-01 3.46184538e-01],__,322.9448448025628,0.11026264200946999,
20190315,533770152,1024,1552685420.974739,63.16107289573656,768.1019225767247,116.24266289211694,1552685419.6109362,314.9180376125046,[56.32193488 74.98937279 94.17237372 113.39661324 132.82905221 150.91202983 169.77364414 188.70151575 206.51421653 226.31959404 245.46954993 264.45875732],[1.54514644e+01 1.88780553e+02 6.09609641e-02 7.69740789e+01 2.35143954e-01 2.21807540e-01 2.35049172e-01 1.11384067e-01 2.66575263e-01 1.39646826e-01 1.35391192e-01 2.14614441e-01 3.78536854e-01 1.72079239e-01 4.07849279e-01 4.37567334e-01],__,314.9180376125046,0.14407776198722339,
20190315,533770152,1025,1552685407.1606507,65.54262809818431,1157.7730568874224,113.08520079647643,1552685403.1061602,312.21858171973537,[113.82239853 151.62086193 171.30192631 190.72004379 210.49454458 227.40670576],[1.46978269e+01 2.60187860e+02 1.03893412e-01 7.00119671e+01 1.07522673e-01 2.00125189e-01 1.80865456e-01 2.32886477e-01 3.06715438e-01 2.10964061e-01],__,312.21858171973537,0.10686596709886552,
20190315,533770152,1026,1552685388.3799844,62.682264786841515,937.0224940913163,115.85655415270662,1552685386.968843,306.8021102743953,[114.89448745 132.90630809 152.43897199 172.20810971 190.14364097 209.25547239 229.01951916],[1.50765136e+01 2.25329247e+02 9.41223389e-02 7.38309735e+01 1.26875129e-01 2.55997333e-01 2.24321096e-01 1.98903612e-01 2.62053506e-01 3.30774670e-01 2.15890852e-01],__,306.8021102743953,0.1644278842348629,
20190315,533770152,1027,1552685375.2015412,62.03655828401481,689.4532407616999,115.62182812570067,1552685373.185775,306.7452747791152,[115.05606765 134.95662831 153.28630921 173.12896555 192.33259497 229.52781165],[1.57169697e+01 1.76262844e+02 8.88876160e-02 7.76198960e+01 1.89794972e-01 3.53066547e-01 2.88138004e-01 3.00087085e-01 3.90881402e-01 3.38200998e-01],__,306.7452747791152,0.12756616701147294,
20190315,533770152,1028,1552685361.0108151,62.28325120652574,526.4845426693967,116.38523038914157,1552685359.4599364,308.84470594723285,[114.92340859 153.12480025 172.1781591 229.14192595 192.47570941],[1.61073817e+01 1.36747524e+02 8.13336172e-02 7.98609985e+01 1.92769621e-01 3.14675907e-01 3.03130957e-01 3.17942985e-01 5.35092404e-01],__,308.84470594723285,0.07725691317884634,
20190315,533770152,1029,1552685350.3594947,59.213744704867096,495.61033852046916,114.47186044849386,1552685347.2144377,306.5901762970961,[116.10771406 155.4259661 174.82847706 196.20613496 214.54172935 228.80829726],[1.56662527e+01 1.30710065e+02 6.62549749e-02 8.12023420e+01 1.51761523e-01 2.13799459e-01 2.13322916e-01 3.16607588e-01 4.00060759e-01 2.78980378e-01],__,306.5901762970961,0.1482856068879388,
20190315,533770152,1030,1552685338.1324077,52.7250696104066,347.9486834164547,115.25707802966757,1552685335.5894504,310.82011695675783,[118.67907742 138.69981587 158.47740915 177.89552526 197.00526892 221.35757003 222.90559721 238.61784021],[1.44920626e+01 9.56987912e+01 4.96908579e-02 8.54550331e+01 1.46693090e-01 2.55262828e-01 1.93794936e-01 2.07637518e-01 2.90900403e-01 2.75085551e-01 2.65190707e-01 3.67509544e-01],__,310.82011695675783,0.17514474951400036,
20190315,533770152,1031,1552685323.4753938,59.5583744364837,629.1040539060157,118.06616242930043,1552685324.372897,303.3663603478887,[113.76132636 152.10924767 170.80856177 226.13371555],[1.55104422e+01 1.64530022e+02 1.14821135e-01 7.91366004e+01 2.21450744e-01 3.36637974e-01 3.71177436e-01 3.87703006e-01],__,303.3663603478887,0.09996712399621493,
20190315,533770152,1032,1552685312.7184973,89.09809109521635,2118.4438564352104,114.29631747799937,1552685310.3267324,290.2865562525821,[108.95181921 217.95152971],[1.50796634e+01 3.60057246e+02 2.58708426e-01 4.96089362e+01 5.13568454e-01 1.11419949e+00],__,290.2865562525821,0.18301430890001513,
20190315,533770152,1033,1552685294.9018922,36.408201730888756,548.9727967887753,123.22718779983941,1552685302.595775,310.1166135711408,[110.3624051 218.77607704],[11.71773616 184.68823303 0.39192935 99.55354391 0.24804816 0.34226131],__,310.1166135711408,0.2608740410547863,
20190315,533770152,1034,1552685279.928339,68.44193676531599,1809.7809365166324,111.47178730792344,1552685275.948438,308.44290127855925,[115.71423898 230.52844169 173.88511061],[2.18897235e+01 5.85007919e+02 3.07800768e-01 9.83844942e+01 3.99530822e-01 8.17640901e-01 6.19970250e-01],__,308.44290127855925,0.2080325755782922,
20190315,533770152,1035,1552685268.3720367,67.17384416204855,1115.4822001998264,114.5171484133084,1552685266.223119,310.55695576897307,[96.17347061 114.67738803 130.58745547 151.96834661 172.8177911 228.81692913 245.99122661 207.26204377],[1.51571883e+01 2.52654624e+02 1.47655121e-01 7.00738843e+01 2.93404454e-01 1.51335146e-01 3.06178345e-01 2.60545815e-01 2.46257080e-01 2.84000468e-01 3.56094757e-01 3.58635591e-01],__,310.55695576897307,0.2621335863087349,
20190315,533770152,1036,1552685253.096859,61.166507891479334,974.0476012037706,114.06709626109257,1552685250.8724663,307.40525218859193,[116.47531975 234.41167568 175.54138229],[1.46663852e+01 2.36411403e+02 2.18833788e-01 7.38000104e+01 3.35893327e-01 7.07666391e-01 4.53335954e-01],__,307.40525218859193,0.28499584510051484,
20190315,533770152,1037,1552685240.8237827,134.60894319441095,4918.09321522943,117.57744228805828,1552685242.8284707,295.67068294006793,[91.43453906 128.21549828 184.98145584 50.95320254],[1.21712240e+01 4.39536073e+02 2.35954011e-01 2.72556905e+01 5.84441227e-01 7.96350701e-01 1.29227852e+00 3.50370849e-01],__,295.67068294006793,0.287336241407909,
20190315,533770152,1038,1552685229.1659856,64.56312790403447,1083.9325599731483,113.5075658179331,1552685227.6536965,308.0035020704408,[116.23694569 134.67190485 155.05272244 174.13702432 232.14398409 192.45561177],[1.48797991e+01 2.50704816e+02 9.81533323e-02 7.09685766e+01 1.52208978e-01 3.43677577e-01 2.05006707e-01 2.27399150e-01 2.94081165e-01 2.88264054e-01],__,308.0035020704408,0.13767048956782132,
20190315,533770152,1039,1552685217.1612349,65.38133819523465,1110.9076075466285,114.31819429509683,1552685216.3764024,304.51270506294526,[114.84666623 230.44828929],[1.50180141e+01 2.57015188e+02 2.06287497e-01 6.99761544e+01 1.93795868e-01 4.17965762e-01],__,304.51270506294526,0.1890420638929604,
20190315,533770152,1040,1552685206.8967414,61.270654841005864,1250.837931991861,115.9284175970749,1552685208.9132397,303.59531500450794,[113.75891878 169.92370766 152.50042529 226.46084875],[1.38219378e+01 2.82658091e+02 1.57698475e-01 6.85866090e+01 1.53460364e-01 2.38035817e-01 2.23214860e-01 3.08468009e-01],__,303.59531500450794,0.1561721665193976,
20190315,533770152,1051,1552685076.8392026,75.37937210980486,1846.9958647904316,113.8726697394619,1552685075.917431,309.84030037545705,[112.06180849 149.18105074 168.40785842 202.80828948 224.58981986 240.29425575],[2.38773679e+01 5.87054735e+02 1.54400305e-01 9.80818506e+01 1.85360902e-01 2.78185930e-01 2.94241433e-01 4.22510829e-01 4.41476901e-01 4.49171227e-01],__,309.84030037545705,0.1860310230194009,
20190315,533770152,1052,1552685066.3789783,71.93083446352317,1385.2888677336994,114.50076097333266,1552685064.9167619,310.12628739793786,[113.15563957 151.11790381 169.75341271 187.63380985 205.77642205 225.63403817 245.13413714 93.53395388 74.65947017],[2.27870187e+01 4.38674268e+02 1.02768251e-01 9.82815461e+01 1.56768675e-01 2.29906024e-01 2.16884290e-01 3.20248483e-01 3.90176538e-01 2.74854358e-01 4.19830742e-01 3.32052422e-01 3.03500907e-01],__,310.12628739793786,0.11110834255150835,
20190315,533770152,1053,1552685053.536583,70.83576036940744,1187.8481145693586,114.33902351239351,1552685051.4673898,304.69437073130626,[75.88577056 95.08985698 113.73212724 132.88950043 151.95060654 170.91620407 188.51118628 209.01332791 227.39780457 245.76068836],[1.56413557e+01 2.62773232e+02 6.47964291e-02 6.72604233e+01 1.59841202e-01 2.23448109e-01 1.05438095e-01 2.17857217e-01 1.43755418e-01 1.50246875e-01 2.07219274e-01 3.30507367e-01 2.18392433e-01 3.50176700e-01],__,304.69437073130626,0.10471645411019406,
20190315,533770152,1054,1552685041.0613296,70.0666473410403,900.2753810877283,115.46777617312767,1552685039.5271897,305.2848662638606,[56.68495597 76.45624812 95.23692785 114.430144 132.25547213 152.88264749 171.84346381 189.487366 211.46471185 228.42939178 246.05583336],[1.65069255e+01 2.12534131e+02 5.90126143e-02 7.18987211e+01 2.51362901e-01 1.79526592e-01 2.32434862e-01 1.22185666e-01 2.61685039e-01 1.62992924e-01 1.51798430e-01 2.36414577e-01 3.80556881e-01 2.08463139e-01 3.59357742e-01],__,305.2848662638606,0.14544263650461653,
20190315,533770152,1055,1552685029.000569,69.35959559219167,736.1909933247473,116.58054084958,1552685028.491286,309.12976061266664,[76.78239692 114.91921179 153.54312422 172.26351489 229.81477998],[1.67879953e+01 1.78534535e+02 6.98672478e-02 7.48354678e+01 2.43173980e-01 1.60954084e-01 2.25520598e-01 2.30241102e-01 2.86698365e-01],__,309.12976061266664,0.09324655658976047,
20190315,533770152,1057,1552685008.251672,65.15715423372671,1317.547018805201,114.89290950309524,1552685008.2696419,300.0051323210037,[114.1741823 151.28103361 170.64578375 208.26738042 186.884455 227.15864622],[1.43293407e+01 2.91427448e+02 1.50726330e-01 6.59261177e+01 2.14388950e-01 3.12597272e-01 3.19896446e-01 5.27982628e-01 4.22433988e-01 4.28163318e-01],__,300.0051323210037,0.10251905131161221,
20190315,533770152,1058,1552684996.5968552,65.18148886329716,1441.7751930448128,114.94040907793476,1552684997.8862712,303.54690920046465,[75.51060148 94.66863869 113.97610596 133.06970382 152.00427746 170.67002396 189.8258345 229.28038826],[1.38329775e+01 3.05500551e+02 1.28192340e-01 6.44480478e+01 1.82170652e-01 2.73020082e-01 1.19466053e-01 2.58191933e-01 1.93017017e-01 2.00586026e-01 2.61779483e-01 2.76199817e-01],__,303.54690920046465,0.12587335760451693,
20190316,533950817,1021,1552768410.994932,54.34350952529513,1748.44095310746,112.97878623183281,1552768409.083489,310.10786858302885,[57.64113846 79.17104071 95.18221683 115.24233379 134.54003202 153.87643109 172.98995797 192.33872423 211.07953477 230.40403399],[1.74037340e+01 5.66169843e+02 1.89252140e-01 9.89549230e+01 1.61415521e-01 1.86462054e-01 2.33583378e-01 1.22238039e-01 2.43977546e-01 1.97865551e-01 1.70843727e-01 2.35208452e-01 3.13739412e-01 2.55635029e-01],__,310.10786858302885,0.10527611252945014,
20190316,533950817,1022,1552768425.5910807,51.95301755228463,981.4350119852556,113.6853750149964,1552768422.6999617,310.7351310412867,[115.29166674 134.81980789 153.75730561 173.05895392 193.1690209 210.58329519 230.28058452],[1.65802708e+01 3.14851206e+02 1.12134567e-01 9.90944088e+01 1.04992112e-01 2.18867477e-01 1.64419108e-01 1.47682867e-01 2.04789713e-01 2.37945297e-01 2.05750630e-01],__,310.7351310412867,0.1377021274149679,
20190316,533950817,1023,1552768435.4051888,51.98812355682725,403.7902632912777,115.91539425833561,1552768433.117621,310.309665142162,[39.3635562 58.04777917 75.76386916 97.24982186 115.68787492 134.50288696 154.38460211 173.47685449 193.04484215 212.52749158 231.40345062 248.49125063],[1.42639668e+01 1.10935949e+02 5.39349143e-02 8.51402402e+01 3.34219049e-01 1.63263173e-01 1.76470931e-01 2.40429197e-01 1.15567990e-01 2.45573995e-01 1.59277641e-01 1.42560272e-01 2.15232318e-01 3.47495029e-01 1.88763679e-01 3.33385952e-01],__,310.309665142162,0.08942792251114094,
20190316,533950817,1024,1552768445.7591321,50.619294866642974,575.7490529949298,115.600563842856,1552768443.638052,307.0127364647324,[58.50391186 96.50119879 115.54964521 134.18942689 154.04041149 173.31881976 192.51701283 210.79005615 230.94071982 249.5932364 75.96284183],[1.37284563e+01 1.56383732e+02 6.83392098e-02 8.32489445e+01 2.25230965e-01 2.79176798e-01 1.05184333e-01 2.47323661e-01 1.46075821e-01 1.30902987e-01 2.18648469e-01 2.39751111e-01 1.67745085e-01 2.91521858e-01 2.91124053e-01],__,307.0127364647324,0.12503411916948803,
20190316,533950817,1025,1552768744.7773473,59.16561929310125,486.50741988794897,116.20804835616276,1552768742.981029,310.70653569138574,[57.90979977 76.13220926 96.08022596 115.68033223 136.05167083 154.31688878 173.89598411 193.6070185 214.2929053 231.42369002 249.17763781],[1.55431063e+01 1.28095133e+02 4.83030022e-02 8.16160168e+01 1.23043346e-01 2.38592190e-01 2.50596303e-01 1.11416954e-01 2.04441082e-01 1.67372586e-01 1.25962391e-01 2.45750123e-01 3.95684226e-01 1.98911256e-01 3.04392516e-01],__,310.70653569138574,0.15641969860199742,
20190316,533950817,1027,1552768714.3218431,50.823345002985015,712.3634033678577,118.71681016713208,1552768716.0884728,305.50799601151556,[113.25939645 132.56072738 150.62905825 169.89391638 187.84581566 206.12310448 226.60313415],[1.34735402e+01 1.89076892e+02 1.00048622e-01 8.09976605e+01 1.21933975e-01 3.07779768e-01 2.26707858e-01 1.52903124e-01 2.36439176e-01 2.94908858e-01 2.15244515e-01],__,305.50799601151556,0.07335779729625239,
20190316,533950817,1028,1552768699.7640948,46.74118149097198,858.0816617969466,117.04806383141698,1552768700.244239,302.18100508783846,[112.95604044 133.11468232 150.6839423 169.42559122 186.76083879 206.02347988 225.19940389],[1.22833064e+01 2.26895835e+02 1.71012144e-01 7.93251075e+01 1.52366367e-01 3.33918105e-01 2.51758962e-01 1.98770484e-01 3.67763701e-01 3.26197624e-01 2.63292487e-01],__,302.18100508783846,0.10312557806577276,
20190316,533950817,1029,1552768681.3009012,37.55300007035082,616.9146269032636,123.11047537182255,1552768687.9499137,304.1548825623292,[55.34685779 91.79136874 110.92704017 127.1839655 147.40389486 166.49790534 184.95280448 203.10390194 221.37064217],[1.06785357e+01 1.74282329e+02 1.55413832e-01 8.67770954e+01 2.45231680e-01 3.46070463e-01 1.29006839e-01 2.02714972e-01 1.59608317e-01 1.54773461e-01 2.16444054e-01 2.06037007e-01 1.83324357e-01],__,304.1548825623292,0.15263935324778127,
20190316,533950817,1030,1552768669.843689,68.89531746391773,2639.040400335274,106.07496742865196,1552768661.0120516,309.30668523200035,[118.21162014 159.46672523 178.35047468 198.56733991 220.07884688 238.50011206],[2.17700136e+01 8.25444548e+02 5.04688564e-01 9.83231073e+01 1.68738099e-01 3.02688385e-01 2.87523775e-01 3.28791744e-01 3.98658616e-01 3.56981856e-01],__,309.30668523200035,0.1801296845379779,
20190316,533950817,1031,1552768653.402585,57.58108713149036,1592.4810850998867,108.51287223577485,1552768647.437104,310.068683850879,[58.60928539 95.90707075 118.62306925 157.68976724 177.89764259 198.24294902 218.1996873 237.05152929],[1.82542053e+01 4.96067259e+02 1.77584011e-01 9.88732024e+01 1.41964537e-01 2.29279292e-01 1.01644780e-01 2.29814974e-01 1.75091536e-01 2.56089210e-01 3.51062195e-01 1.93242035e-01],__,310.068683850879,0.1857812957613997,
20190317,534116929,1305,1552852249.538214,54.395624424625,1352.9544440618556,113.18780576784123,1552852248.0696287,309.7662133499872,[114.66367881 154.94602591 173.01110648 230.71509823],[1.73422061e+01 4.29592930e+02 2.64732172e-01 9.89931017e+01 1.47758145e-01 2.48972466e-01 2.22235673e-01 2.94997408e-01],__,309.7662133499872,0.19236736014106384,
20190317,534116929,1306,1552852249.3931417,54.87553418607287,850.9519402841363,117.1415648678755,1552852249.7620206,310.16777181287335,[113.32082058 132.24453195 151.06559198 169.70261501 188.5066982 205.75666863 225.91544271],[1.37730651e+01 2.14705529e+02 9.93818057e-02 7.78301434e+01 1.24394829e-01 2.11124283e-01 2.11846947e-01 1.72317981e-01 2.49947416e-01 3.09775326e-01 2.28340858e-01],__,310.16777181287335,0.14058632857112677,
20190318,534319912,1127,1552941665.103109,57.651287432645795,1118.9686266278748,95.1143491086121,1552941645.4639819,313.4128585872444,[19.8209213 40.2638543 60.90884842 80.38105602 102.9184301 121.91329437 142.19501133 162.64803006 182.84631248 202.54958254 225.51381072 243.34203408 263.0714653],[1.33903670e+01 2.60356433e+02 7.94051284e-02 7.27987349e+01 1.50115324e-01 1.24716435e-01 9.36525376e-02 1.61314895e-01 1.26206219e-01 8.10856998e-02 1.41688976e-01 1.16702414e-01 1.06857886e-01 1.57346735e-01 2.43974715e-01 1.44012677e-01 2.53297813e-01],__,313.4128585872444,0.13950124120273857,
20190318,534319912,1128,1552941674.9324343,56.19562820820754,1078.7810164068655,99.96423309277631,1552941659.8556826,304.1128018609612,[40.44561514 60.9468507 81.17428372 102.27062016 121.9787339 142.27515165 162.61518394 183.05202807 202.99235634 222.8708415 243.75569567],[1.34616932e+01 2.59158283e+02 7.30416360e-02 7.28209705e+01 1.19267113e-01 8.65060480e-02 1.22785336e-01 1.06009951e-01 7.73690547e-02 1.20210443e-01 1.01107115e-01 9.48852193e-02 1.57007465e-01 2.22009253e-01 1.42417417e-01],__,304.1128018609612,0.05986315524065834,
20190318,534319912,1149,1552942025.468507,55.30384624688836,1003.1410603425849,80.39382441902815,1552941990.8987398,305.14908442992373,[40.52678686 60.89350862 81.04514645 101.23691638 121.95668333 142.43511616 162.52144136 182.8871142 202.51811336 223.16245231 243.68898293],[1.35252926e+01 2.44103760e+02 9.41525051e-02 7.47573383e+01 1.47573723e-01 1.16775741e-01 1.73473087e-01 1.70273550e-01 1.00402811e-01 1.51343389e-01 1.37452343e-01 1.16495952e-01 1.99236570e-01 2.70800256e-01 1.63651160e-01],__,305.14908442992373,0.10172471331583104,
20190318,534319912,1150,1552942041.8142612,56.54443493959441,436.8010413024886,77.35509033486935,1552942002.510396,312.5221985570749,[20.46307361 40.31002494 60.84606891 81.09261812 101.2994813 121.67364828 142.25781084 162.21684476 182.43868065 201.57842245 221.34280321 241.87944714 262.02547062],[1.50610481e+01 1.16451447e+02 4.04878833e-02 8.32951501e+01 1.94034919e-01 1.63404227e-01 1.16603903e-01 1.48381876e-01 1.24090153e-01 9.34008654e-02 1.49009610e-01 1.05112051e-01 9.74219542e-02 1.76491861e-01 2.37374336e-01 1.63949217e-01 2.41263025e-01],__,312.5221985570749,0.1278667842602535,
20190318,534319912,1151,1552942058.294084,55.03372904837127,549.975426600023,73.64665535067142,1552942014.1077597,308.7526311810394,[40.35805044 61.07620634 82.85841094 101.75907343 122.09139339 142.72907101 162.77880591 183.16017737 204.01509668 224.49315235 244.17257963 263.05370644],[1.46509005e+01 1.47033934e+02 4.81411464e-02 8.21669885e+01 1.75142009e-01 1.07085908e-01 1.39793816e-01 1.36217701e-01 8.98723552e-02 1.19491278e-01 1.06646808e-01 9.19799218e-02 1.94132762e-01 2.39540214e-01 1.52770615e-01 2.44821166e-01],__,308.7526311810394,0.14189413325353725,
20190318,534319912,1152,1552942071.7430508,53.70271424912979,1144.676740873916,72.92238105583348,1552942026.032412,305.54023462684,[40.32731393 60.93522572 80.75380273 101.29749009 122.33890058 142.10196011 162.22337412 182.76354133 224.22585183 243.15780553 261.61642913],[1.27196599e+01 2.72609157e+02 1.36218886e-01 7.23692528e+01 1.39608822e-01 1.20285753e-01 1.65770186e-01 1.46405723e-01 1.00172197e-01 1.31453944e-01 1.38468010e-01 1.43135665e-01 2.43434886e-01 1.70273796e-01 2.49786455e-01],__,305.54023462684,0.18190499417188127,
20190318,534319912,1153,1552942089.3222184,51.20050128167527,1561.6024152984116,74.55594937648624,1552942045.4849222,308.1233401973771,[41.2865855 60.98347795 79.53003617 99.38828043 121.72254246 140.9547025 161.61421064 182.34742039 200.96618004 221.87728352 241.09453525],[1.08540012e+01 3.33342829e+02 2.97349930e-01 6.53602435e+01 1.94951050e-01 1.71268323e-01 1.73704648e-01 2.11958361e-01 1.24760712e-01 2.01253362e-01 1.96547726e-01 1.83173391e-01 2.63457362e-01 2.96912012e-01 2.35937253e-01],__,308.1233401973771,0.24937140914438324,
20190318,534319912,1154,1552942103.4165292,54.65244381316398,1968.5034279879194,74.0717489089132,1552942058.9659076,306.74301785682854,[61.25756242 79.18604004 101.30745251 122.12383643 143.30441227 162.76398982 182.75577725 201.52814291 221.08572986 244.79985275],[1.02979362e+01 3.70325567e+02 1.78311084e-01 5.78861797e+01 1.28966017e-01 1.48419557e-01 1.77632502e-01 9.84990011e-02 1.73319119e-01 1.54729914e-01 1.28243525e-01 1.95513310e-01 2.75506522e-01 1.83752315e-01],__,306.74301785682854,0.24489565525904983,
20190318,534319912,1156,1552942130.3851213,49.96115991145125,959.2472708249412,89.0640362575492,1552942101.0931945,309.49396167136473,[59.57503309 99.50451015 120.16508826 140.23142247 160.32651787 180.1491891 200.66004517 220.36938263 240.55403759],[1.24741193e+01 2.40625868e+02 1.28274425e-01 7.72286396e+01 2.35108421e-01 2.36301489e-01 1.11278712e-01 2.02582728e-01 1.84314972e-01 1.69698782e-01 2.39419007e-01 3.33097750e-01 2.03364573e-01],__,309.49396167136473,0.11019693621115025,
20190318,534319912,1157,1552942143.4702353,51.971353256312916,559.574931765785,88.36337640342353,1552942114.2027495,313.6923133184804,[40.2704907 60.57121637 80.79043998 100.8026623 121.12999769 141.78800652 161.6325639 181.8759122 202.34289677 222.39824703 242.15882713],[1.38375852e+01 1.48017508e+02 6.17272192e-02 8.36572855e+01 1.67487108e-01 1.09011240e-01 2.05471253e-01 1.38447973e-01 1.07313743e-01 1.40863333e-01 1.34670637e-01 1.24588112e-01 2.13910347e-01 3.07024363e-01 2.09758477e-01],__,313.6923133184804,0.07425281685020668,
20190318,534319912,1158,1552942156.4126027,55.72802557555242,427.49536150339907,87.3349104564405,1552942127.2811844,308.307259330052,[60.71741238 82.55653416 101.14031994 120.82590473 141.06479378 161.26249603 181.45910434 200.31146343 223.83360115 241.04798615 261.99171266],[1.50626357e+01 1.15807765e+02 4.97769640e-02 8.33293686e+01 1.18687616e-01 1.62555316e-01 1.55357827e-01 9.19376584e-02 1.77020141e-01 1.28341794e-01 1.09274358e-01 1.92775840e-01 2.51681713e-01 1.67907648e-01 2.84762281e-01],__,308.307259330052,0.20117348473231292,
20190318,534319912,1159,1552942172.5121663,55.96646726587739,490.0935820813345,86.12499476804818,1552942142.4267492,311.71396343878837,[40.41240787 60.62694001 81.18837802 101.04644885 121.85268571 142.39808102 162.49977967 182.89896141 201.72187925 223.31611163 243.31232339 264.41021647],[1.48720359e+01 1.30415515e+02 5.11212093e-02 8.28481816e+01 2.03776711e-01 1.39261701e-01 2.16275248e-01 1.68207467e-01 1.10128545e-01 1.92640956e-01 1.63005610e-01 1.23160309e-01 2.20227866e-01 2.83410912e-01 1.81998827e-01 3.49286008e-01],__,311.71396343878837,0.10251137998523595,
20190318,534319912,1160,1552942187.4244373,57.280468119096504,593.2576208687324,87.55189841231334,1552942158.3180676,312.65170634816485,[40.67058716 60.72302226 81.35619314 101.51678152 121.56283203 142.32254393 162.17914599 182.34267101 202.41776609 222.30632851 242.12007186 262.98469598],[1.48735939e+01 1.54828005e+02 5.20170150e-02 8.11469536e+01 2.13541563e-01 1.54822001e-01 1.74184776e-01 1.63819184e-01 9.80403673e-02 1.76338726e-01 1.41959743e-01 1.25007522e-01 2.07184973e-01 2.63992032e-01 1.64710013e-01 3.01291883e-01],__,312.65170634816485,0.11685268589438277,
20190318,534319912,1161,1552942204.7462318,58.02681022181634,507.97948764499625,89.52041463421918,1552942177.0578396,310.35671313222866,[38.89113565 60.00034227 79.27921874 99.86006022 120.00446526 139.79617535 159.96793498 180.26227939 199.17309249 219.17350645 240.37598776],[1.52868729e+01 1.33599233e+02 5.12860942e-02 8.18011728e+01 2.39052304e-01 1.33608843e-01 2.20504262e-01 2.07369868e-01 1.33466111e-01 2.13423037e-01 1.62159655e-01 1.35260996e-01 2.15908010e-01 3.37753406e-01 1.96018513e-01],__,310.35671313222866,0.11282503952673575,
20190318,534319912,1162,1552942221.8092473,60.48491475892514,643.8659866947829,85.82275246540469,1552942189.8865302,310.2878710371457,[59.79206362 79.27432064 98.79277522 119.7022641 140.72186784 159.67442087 179.59644029 198.74616801 219.87370325 238.50755978 256.63008319],[1.54364289e+01 1.64972750e+02 5.70622180e-02 7.91617112e+01 2.03913215e-01 2.86067051e-01 2.20029002e-01 1.11465456e-01 2.19977350e-01 1.56324292e-01 1.42251830e-01 2.21013366e-01 4.20177748e-01 2.39965598e-01 4.38390878e-01],__,310.2878710371457,0.13799537948575785,
20190318,534319912,1164,1552942246.6306791,51.60772686299979,454.74324918434684,78.61225654372396,1552942207.1396828,304.6138051340895,[62.00243732 123.47208612 186.42185452 245.82618791],[1.42461257e+01 1.22509454e+02 1.20848495e-01 8.45900839e+01 2.53526658e-01 1.86650417e-01 3.33068401e-01 3.80479213e-01],__,304.6138051340895,0.1531353043631623,
20190318,534319912,1165,1552942258.5218768,57.872489995970255,653.3824515416586,80.2816284196253,1552942222.8254695,313.3657577282074,[61.18687862 80.35391815 101.10708987 121.69387565 140.79101276 158.85253088 181.85187735 200.19840331 242.20889389],[1.48234518e+01 1.68152655e+02 8.76903270e-02 8.02237657e+01 2.00210321e-01 2.92018222e-01 2.90936527e-01 1.56327951e-01 2.75773415e-01 3.31520477e-01 2.37897902e-01 3.04243319e-01 3.25457926e-01],__,313.3657577282074,0.16757482615391162,
20190321,534899218,1029,1553197237.6981337,62.848846837972594,1286.6197615786066,115.95240673721045,1553197119.1997838,312.7262145089492,[38.5428946 57.57023363 75.23997553 96.67114244 114.23830019 133.09815531 153.83275696 171.07838946 193.58104269 210.50677266 225.60406353],[1.37963082e+01 2.81883305e+02 1.17353838e-01 6.86549946e+01 1.47872954e-01 1.40249888e-01 8.16234081e-02 1.00089196e-01 1.32467697e-01 1.69315386e-01 1.54594169e-01 1.14990947e-01 1.36226958e-01 2.21452500e-01 2.04403807e-01],__,312.7262145089492,0.34336928380797826,
20190226,530505959,1301,1551140135.0,68.02782345796375,1384.98946610345,118.45721803263783,1551140134.8703623,310.5746669969995,[55.81911059 74.48556495 93.20273865 111.64739432 130.86937354 149.97743428 167.64007784 187.23309409 206.57057921 224.40258744 241.24348284 260.46528316],[87.98588556 2123.42555108 5.47373663 393.79287954 9.82777338 8.37789009 10.51393035 7.31685992 11.03175141 14.14048865 8.65881365 10.882583 15.47072219 14.00027275 15.61952026 15.67425565],__,310.5746669969995,0.17316133093359298,
20190226,530505959,1301,1551140135.0,68.02782345796375,1384.98946610345,118.45721803263783,1551140134.8703623,310.5746669969995,[55.81911059 74.48556495 93.20273865 111.64739432 130.86937354 149.97743428 167.64007784 187.23309409 206.57057921 224.40258744 241.24348284 260.46528316],[2.16335455e+01 4.45857506e+02 7.39138712e-02 9.84463220e+01 1.30211177e-01 1.10600178e-01 1.40626433e-01 9.69603462e-02 1.48736071e-01 1.95372535e-01 1.16748061e-01 1.48248643e-01 2.19870747e-01 1.96160437e-01 2.20142023e-01 2.19743725e-01],__,310.5746669969995,0.17316133093359298,
20190304,531757531,1019,1551740714.8416264,58.575912342736146,1082.571835874819,118.88079471473718,1551740718.306762,307.43230418142025,[60.58634784 80.77539165 100.98458071 121.18792274 140.73401517 161.41356823 181.70724207 201.16931433 222.35479701 242.60299675 261.39588414],[1.38250065e+01 2.55910524e+02 8.70455958e-02 7.25327208e+01 1.06179981e-01 1.27421538e-01 1.69114647e-01 9.07822824e-02 2.04258530e-01 1.23933367e-01 1.03306497e-01 1.94061755e-01 2.10785766e-01 1.53681365e-01 2.54632153e-01],__,307.43230418142025,0.06825726672468409,
20190305,531929060,1001,1551820645.4932122,51.24563044369971,866.4397229199917,117.72163520296556,1551820645.0077145,310.44066633744075,[56.08198791 74.56319454 92.53019992 112.10464178 130.78627444 149.27053808 168.34070959 186.92760991 205.09256121 224.10991655 243.5828947],[1.63883316e+01 2.78668423e+02 1.21380549e-01 9.91197351e+01 1.38839230e-01 2.02430571e-01 2.29519436e-01 1.05634038e-01 2.22660041e-01 1.85428978e-01 1.32078363e-01 1.88787724e-01 2.03340715e-01 1.75690573e-01 2.72182190e-01],__,310.44066633744075,0.07535692300033406,
20190305,531929060,1003,1551820679.622268,52.63099326531789,688.8466890131584,118.34144538555991,1551820679.2951238,310.9056565043559,[36.83564763 56.01336793 73.79119687 93.09129196 112.15106636 130.34845546 149.19672663 168.16450802 186.32135509 204.95155858 224.15801781 242.40441951],[1.37542685e+01 1.80094379e+02 7.21139136e-02 8.12626243e+01 2.01382137e-01 1.46824199e-01 1.91126059e-01 1.65750554e-01 9.31063823e-02 1.87034405e-01 1.74955762e-01 1.13994668e-01 1.63072495e-01 2.04227358e-01 1.65423233e-01 2.45680952e-01],__,310.9056565043559,0.09277330047446804,
20190305,531929060,1004,1551820696.6744323,52.779248219176196,441.97349100943967,117.98582028465545,1551820695.6090417,313.70736440101865,[37.08779803 56.13593252 74.09363267 93.13934462 112.37651991 131.1932826 150.06146008 168.42624037 187.22847167 205.73116267 224.47324556 243.21439385 262.18896007],[1.42512160e+01 1.19752230e+02 4.54478591e-02 8.46808792e+01 1.89292540e-01 1.43387805e-01 1.68446410e-01 1.29046073e-01 9.03236943e-02 1.66976227e-01 1.37192133e-01 1.04715000e-01 1.25766404e-01 1.60063883e-01 1.44574726e-01 2.52099037e-01 1.96097709e-01],__,313.70736440101865,0.04934211980997008,
20190306,531963997,1024,1551838032.2544534,69.32022195060213,642.4743868730518,117.12143686522887,1551838030.5932088,317.5904191303784,[19.64520893 38.61204144 58.03514096 77.93773475 97.03319091 117.36910796 135.92667236 155.5672083 175.07911449 194.10248144 213.52555299 233.30460716 250.1529332 271.09989448],[1.67770236e+01 1.55770642e+02 3.91361986e-02 7.68325334e+01 1.85277426e-01 1.86867642e-01 1.28631846e-01 1.73982483e-01 1.49490463e-01 8.14450840e-02 1.49127952e-01 1.35700320e-01 1.06736415e-01 1.52610211e-01 2.07097804e-01 1.68289503e-01 3.82386398e-01 2.50996058e-01],__,317.5904191303784,0.11384046487812048,
20190306,531963997,1050,1551837675.3004494,68.43197174382226,440.4824587974648,76.39180159706362,1551837634.9211578,305.8883053445883,[20.0879176 39.18102233 59.57129544 79.36514908 99.20304611 119.07660841 139.16799287 158.93457758 179.04683204 199.57296645 219.79354065 238.64359951 259.78460693 277.54740648],[1.74833719e+01 1.13150009e+02 3.52552374e-02 7.80537141e+01 1.89812019e-01 1.54242673e-01 1.39130222e-01 1.53306895e-01 1.47104213e-01 9.71157480e-02 1.65817021e-01 1.43842823e-01 1.26592929e-01 1.94323906e-01 2.22507705e-01 1.73062763e-01 2.72367176e-01 2.35613190e-01],__,305.8883053445883,0.157871226809241,
20190306,531963997,1051,1551837660.0755072,69.04397344709822,400.1899071921287,62.74211329836801,1551837606.4183736,307.62140382189034,[19.65396682 39.38019406 59.10249237 79.204935 99.25181101 118.78205906 138.82657219 158.94989987 178.34584637 198.80116891 218.63387313 238.59429262 258.32239597 277.13512302],[1.75973730e+01 1.03035303e+02 3.40200663e-02 7.83287353e+01 1.97694049e-01 1.64541961e-01 1.80338914e-01 1.57002294e-01 1.37893301e-01 9.06933733e-02 1.38479685e-01 1.42390558e-01 1.41815050e-01 2.19910247e-01 2.44903612e-01 1.88878976e-01 2.71105556e-01 2.34099339e-01],__,307.62140382189034,0.13332021189239893,
20190213,528313432,1286,1550094147.329224,87.67017083091052,1369.0467007872467,115.78481160717335,1550094145.4464579,307.97776568096657,[87.40761617 175.50671514],[1.73550053e+01 2.73306897e+02 1.95591340e-01 6.12180693e+01 2.32589709e-01 4.64115808e-01],__,307.97776568096657,0.05585044917465416,
20190213,528313432,1287,1550094151.5684338,79.1315100595141,517.5418808817466,119.01680336938297,1550094151.777014,310.827353386275,[85.03373456 170.32757547 255.73359867],[1.88124451e+01 1.23464942e+02 7.58638549e-02 7.39220030e+01 1.50333827e-01 2.56958098e-01 4.25472071e-01],__,310.827353386275,0.1116687063552011,
20190221,529783452,1301,1550790388.4799201,86.48295464855082,3101.1892207903584,111.67531687321417,1550790385.6372542,308.29588018070444,[84.91791044 169.73421227 256.92212603],[2.72479538e+01 9.70445421e+02 1.95743446e-01 9.73817804e+01 1.10790501e-01 1.89276708e-01 2.26849540e-01],__,308.29588018070444,0.13963608468840533,
20190222,529795101,1306,1550796014.8502338,75.65805134135445,2293.519067131514,114.13260095048142,1550796013.5637631,310.3379784540831,[85.42281003 170.8020448 255.70885954],[2.39020412e+01 7.25111859e+02 1.58227042e-01 9.80363259e+01 1.02142277e-01 1.60171432e-01 2.46284208e-01],__,310.3379784540831,0.03762598638260745,
20190223,530005000,1150,1550895386.9060154,77.93968942703818,2020.4753950688616,122.11904308682202,1550895395.328379,311.2042316947801,[81.80893181 164.34283041 245.57085129],[2.45403639e+01 6.37292417e+02 1.33035161e-01 9.79622893e+01 8.93698451e-02 1.45814151e-01 2.15675023e-01],__,311.2042316947801,0.06726330682110726,
20190228,530895313,1240,1551318586.5245128,78.7488998244441,886.7866010943217,117.79590265203132,1551318586.5625603,311.3743571778333,[29.22389783 88.92162426 146.27168444 177.48436639 265.68464864],[1.77284152e+01 1.99832736e+02 6.16806864e-02 7.00997658e+01 1.86807460e-01 9.92320838e-02 1.84760601e-01 1.11394856e-01 2.18532223e-01],__,311.3743571778333,0.07642655293045454,
20190309,532692343,1181,1552175614.1644108,55.96395624753398,3429.747669052147,107.6937961754707,1552175608.92896,309.2240540409033,[84.41312627 168.58421446 252.43914869],[1.77792193e+01 1.07909804e+03 6.70122410e-01 9.87292744e+01 1.51583241e-01 2.89741780e-01 3.92737639e-01],__,309.2240540409033,0.16820751662229974,
20190310,532692343,1152,1552176123.8108628,49.66188334412087,2863.3238681304506,107.44908385840255,1552176118.3524256,310.7654980839413,[82.90518302 165.82238029 247.28905352],[1.57756391e+01 8.93238350e+02 4.90683096e-01 9.90237049e+01 8.85017257e-02 1.40122557e-01 2.32826720e-01],__,310.7654980839413,0.08721366260869014,
20190314,533587121,1303,1552601593.2933688,65.73640116243593,1641.079579547219,115.94005471741814,1552601593.1346872,311.9469372598106,[29.15147886 56.5979999 87.28699735 115.23920365 174.523256 260.9167796],[2.06581701e+01 5.08003055e+02 2.00201571e-01 9.85677818e+01 1.42235815e-01 1.51380143e-01 1.04552198e-01 2.35512542e-01 1.80372750e-01 3.26236731e-01],__,311.9469372598106,0.1157052035208497,
20190221,529748414,1048,1550776235.5698547,145.46262805488982,6947.569135797628,70.60979619405646,1550776201.697931,299.79630458731594,[32.46919436 65.0845457 85.78620438 97.43188637 129.83002109 163.02118235 259.88122702],[9.72728470e+00 4.62674239e+02 1.82674753e-01 2.01492789e+01 1.10850905e-01 1.58703830e-01 1.58005601e-01 1.81902869e-01 1.77590695e-01 3.08965726e-01 3.37567262e-01],__,299.79630458731594,0.08771025634200008,
20190221,529748414,1049,1550776241.0475955,152.8976973454323,7526.278463305859,72.11049902057252,1550776208.6122246,312.41210758323757,[32.22703146 64.25121737 84.91037736 96.38381694 128.70249559 160.3047929 257.83089899],[9.47182113e+00 4.64804930e+02 1.62372535e-01 1.94330372e+01 9.28605501e-02 1.45974141e-01 1.40582272e-01 1.76159000e-01 1.53815147e-01 2.71864872e-01 2.88289941e-01],__,312.41210758323757,0.0692922035403027,
20190223,530126312,1086,1550953370.3150427,128.89693086375564,5257.227103133336,85.31827511695168,1550953346.8784971,306.51681617413016,[31.2758425 62.93466985 79.08625967 95.18629649 127.52809213 157.25630069 255.67038981],[1.09804370e+01 4.47010420e+02 2.14247441e-01 2.61934059e+01 1.48463589e-01 1.56160335e-01 1.36042353e-01 1.64259741e-01 1.34684582e-01 2.43181707e-01 2.41021206e-01],__,306.51681617413016,0.15464499034426624,
20190223,530126312,1088,1550953383.4472177,122.10854538585637,4641.13507804651,84.27822547639215,1550953358.6544611,293.19848896329034,[32.2195051 63.61315965 79.93876796 96.31796653 128.65779326 257.58401294],[1.16027671e+01 4.39981816e+02 1.95535663e-01 2.79418807e+01 1.61366154e-01 1.32724763e-01 1.58843462e-01 2.26989478e-01 1.74937545e-01 2.94866038e-01],__,293.19848896329034,0.1601450007567531,
20190223,530126312,1089,1550953388.4743783,130.3165843803698,5176.77273749185,83.43904113056004,1550953362.776641,306.86061366668025,[31.26746838 63.1684594 79.69057492 96.01073585 128.43529453 160.16161003 256.83438193],[1.12165813e+01 4.44827516e+02 1.40793931e-01 2.64620146e+01 1.34791990e-01 1.73862710e-01 1.34323716e-01 1.71364600e-01 1.25410737e-01 2.44751101e-01 2.44473750e-01],__,306.86061366668025,0.14182454194108773,
20190223,530126312,1092,1550953411.2731574,132.33976619781075,5434.8994158217465,80.85039448694882,1550953383.111163,309.7775356139711,[31.99609747 64.07074127 79.93614096 96.47871266 112.14969613 128.64867874 160.05197389 224.95939592 256.6502253],[1.09346410e+01 4.48035619e+02 1.45495673e-01 2.56764874e+01 9.58233251e-02 1.50492220e-01 1.45034390e-01 1.60339271e-01 1.98110411e-01 1.56297524e-01 2.73205563e-01 4.24805013e-01 3.13789618e-01],__,309.7775356139711,0.07979126827799408,
20190226,530670515,1080,1551219007.6900914,123.76275422781676,7564.835021770743,96.57575735304731,1551218999.0037913,307.6107307391772,[32.14978764 95.44022957 128.80270152 256.66729835],[3.78441639e+01 2.31520786e+03 2.56116803e-01 9.40514070e+01 1.55601738e-01 1.94767778e-01 1.50262057e-01 3.36745185e-01],__,307.6107307391772,0.1260997022796796,
20190226,530658000,1057,1551208839.4971213,169.05768112571585,7598.380904496484,74.68218111216214,1551208808.5864863,315.69299124463555,[32.82207514 65.50693835 80.49642329 99.49719031 106.33351967 131.32471934 163.91684016 260.89843685],[1.02587682e+01 4.60198606e+02 1.29808849e-01 1.91992612e+01 8.27823875e-02 1.20090297e-01 1.01724665e-01 1.08337756e-01 1.24762602e-01 1.13194061e-01 2.60423385e-01 2.48617662e-01],__,315.69299124463555,0.20716359709071086,
20190226,530658000,1058,1551208843.454255,151.5195696834131,6295.001405201024,75.86676496194089,1551208813.6005096,289.77525477044867,[32.76640286 65.34639858 79.93982625 98.07995191 107.80715004 131.16882181 163.86589558 196.74387202 263.05687172],[1.09518932e+01 4.53950878e+02 2.14828502e-01 2.10343494e+01 1.10117207e-01 1.74806942e-01 1.47975778e-01 1.77864773e-01 2.17106241e-01 1.46444032e-01 2.60626288e-01 3.12479166e-01 2.58756191e-01],__,289.77525477044867,0.08072774563175658,
20190226,530648372,1151,1551205489.1233182,144.92283325652244,6858.414563668372,76.90330440891438,1551205461.7439966,291.32730508011974,[31.00268526 94.93299281 126.46666336 158.89963082 252.62461871],[9.80229271e+00 4.62564924e+02 1.95188100e-01 1.97757267e+01 1.71547714e-01 1.82549424e-01 1.43185946e-01 2.79649267e-01 2.91536540e-01],__,291.32730508011974,0.14261350064321876,
20190301,531240338,1079,1551475879.0918727,146.98382271249275,6999.710600276772,87.771824272365,1551475861.5631106,296.8941978560059,[30.42197561 64.39843414 81.89722058 96.74810074 128.85586862 161.16458992 192.85228703 257.95430712],[9.74461166e+00 4.62871778e+02 1.79761276e-01 1.97578795e+01 1.60214284e-01 1.66221814e-01 1.56040341e-01 1.72075544e-01 1.53444746e-01 2.97938368e-01 3.45865613e-01 2.79321993e-01],__,296.8941978560059,0.1514811455072102,
20190301,531240338,1223,1551475127.641046,148.58786868181937,6904.016246721261,88.75611564907608,1551475111.030653,305.370194833217,[31.93639511 64.21014781 81.29547821 96.57666594 128.62096154 160.56642892 193.2566835 225.2727518 257.40394139],[9.94010233e+00 4.60820271e+02 1.46611654e-01 2.04801823e+01 1.35096871e-01 1.41707463e-01 1.30352449e-01 1.45238152e-01 1.17310680e-01 2.35751306e-01 3.34960702e-01 3.68864833e-01 2.55342014e-01],__,305.370194833217,0.11735836212851247,
20190319,534519028,1015,1553028990.9825351,146.77001933899368,6676.096521835839,69.73724064489208,1553028954.710598,298.7728381782134,[32.10090806 63.12409565 82.64195309 94.60591389 127.99670096 256.30053932],[1.01449450e+01 4.59561376e+02 2.01670569e-01 2.07583209e+01 1.37834366e-01 2.05766268e-01 1.97990373e-01 2.16663081e-01 1.76589487e-01 3.06350614e-01],__,298.7728381782134,0.13798432263531918,
20190319,534519028,1021,1553029023.3707228,146.181883933884,6563.208293685235,72.29633137076517,1553028989.6289093,302.9326269318107,[32.40149456 83.55693856 97.64515963 113.48433232 129.53836639 161.64376221 258.55045173],[1.02959444e+01 4.58360984e+02 1.69457464e-01 2.16032663e+01 1.86946363e-01 2.85941947e-01 3.39073812e-01 3.95478963e-01 3.77488601e-01 5.16089918e-01 6.92772712e-01],__,302.9326269318107,0.10243829065640292,
20190319,534519028,1022,1553029027.8174965,147.56107536648025,6864.832693256482,73.30426189859328,1553028995.2315521,302.2453628557495,[31.63890105 64.22314373 83.13510997 95.84425412 128.52888435 256.32757813],[9.98588115e+00 4.61049008e+02 2.05701082e-01 2.06395633e+01 1.79730933e-01 1.96816112e-01 2.16205303e-01 2.57570372e-01 2.26625237e-01 5.38087548e-01],__,302.2453628557495,0.13469714383151685,
20190216,528870421,1301,1550349032.787358,32.281847640004,899.1591975005884,113.36129782238362,1550349028.5401142,311.4362205112481,[79.13159707 117.66111413 138.23889471 158.13879704 176.97494159 197.53603235 217.62293984 236.85126181],[1.03230683e+01 2.88735398e+02 3.23839741e-01 9.96406502e+01 1.14823762e-01 2.52326457e-01 2.77532457e-01 1.69352648e-01 2.58818617e-01 3.02231206e-01 2.98531784e-01 2.73954967e-01],__,311.4362205112481,0.10463385179645511,
20190216,528870421,1304,1550349107.3937662,37.11504137423112,216.19988399363314,118.74752279934346,1550349106.6482878,311.82145475686224,[79.42622681 98.92321489 119.01059617 139.38751227 158.7542193 178.23038025 197.65205543 218.11343791 238.1125711 256.90548079],[1.09741782e+01 6.41210025e+01 5.92230579e-02 9.21865968e+01 1.07376346e-01 2.19998732e-01 1.50086983e-01 1.36067793e-01 1.11142370e-01 1.43104852e-01 1.80422811e-01 1.84279535e-01 1.51358750e-01 2.90742180e-01],__,311.82145475686224,0.08731449054759864,
20190302,531279310,1292,1551490221.11295,44.19216892586894,1732.7231520153216,120.20705756133874,1551490223.5238438,310.8267017011663,[76.89292702 134.06282057 116.02802802 153.92928212 173.83320197 192.32925355 211.66971502 230.7143016],[1.41367302e+01 5.56943472e+02 2.46891478e-01 9.92896265e+01 8.76280777e-02 1.96819776e-01 2.11569818e-01 1.31285293e-01 1.68238412e-01 1.83413567e-01 1.77995517e-01 1.91862357e-01],__,310.8267017011663,0.1872869366121095,
20190302,531279310,1293,1551490225.6469884,38.20910473705912,289.25396267153116,120.46764829318238,1551490226.8705423,314.5742915328212,[78.17529197 96.61142852 116.4909973 136.06805582 156.17177309 175.84665898 195.04836418 212.8381598 234.14766657 253.25367594],[1.11051212e+01 8.44085912e+01 6.75863856e-02 9.13609498e+01 1.15744928e-01 2.72722617e-01 2.13203384e-01 2.00743567e-01 1.26648302e-01 1.91758640e-01 1.91524437e-01 2.59521484e-01 2.06074950e-01 4.24447726e-01],__,314.5742915328212,0.09480006176562646,
20190302,531279310,1294,1551490226.640653,40.31526168893352,610.7179280613909,121.85595263095645,1551490229.8026156,311.88453708517136,[77.58139522 96.04009001 115.84874311 135.9168955 155.03430516 175.20848577 210.87911838 233.04919958],[1.27894438e+01 1.85921380e+02 1.23469373e-01 9.94676187e+01 8.74868585e-02 2.17176501e-01 1.98284787e-01 1.76133289e-01 1.17803333e-01 1.69244159e-01 1.91392904e-01 1.99767192e-01],__,311.88453708517136,0.2321440174169461,
20190302,531279310,1295,1551490213.0082717,39.925032352214,1372.704507688631,123.3734064935839,1551490218.9884396,311.0213217583335,[77.14178865 154.08773171 229.92660023],[1.25944605e+01 4.13804878e+02 3.11738069e-01 9.94535132e+01 7.90641360e-02 1.19682087e-01 2.40622538e-01],__,311.0213217583335,0.15917705711406305,
20190213,528313377,1024,1550092633.2111204,65.8859094621587,2171.1593762122284,114.60638847715028,1550092632.7029266,309.770250009997,[101.28131253 202.29396694],[2.09737449e+01 6.93294137e+02 3.49486236e-01 9.84757765e+01 1.13639241e-01 2.39639803e-01],__,309.770250009997,0.02258182133643648,
20190213,528313377,1025,1550092639.6697817,65.79607187118992,1903.8483325937304,115.0282130709101,1550092639.1646004,310.27513787508275,[23.20777036 48.69854223 101.52163225 101.004466 202.86680925 229.06138758],[2.09387077e+01 6.10626205e+02 2.67478214e-01 9.85041899e+01 1.68116945e-01 2.36259030e-01 1.10927132e-01 1.13432550e-01 2.10476128e-01 2.84926431e-01],__,310.27513787508275,0.1228765637935679,
20190213,528327454,1015,1550099278.9056158,63.49207446965332,1289.0557693924934,116.46604883150064,1550099278.663402,305.87115769404494,[95.9287609 103.92581505 207.23315169],[1.40316912e+01 2.85976968e+02 1.79351466e-01 6.77208365e+01 2.00657805e-01 1.89455497e-01 3.84535259e-01],__,305.87115769404494,0.029178550369886667,
20190214,528516310,1014,1550187376.0,62.4582618687165,408.9300700173036,118.24160318825773,1550187375.289295,311.0327456217741,[92.18312805 61.01452658 184.62755284],[16.32996819 109.48669337 0.15238492 81.2911435 0.49803002 0.45750327 0.98618357],__,311.0327456217741,0.06614877789105546,
20190214,528516310,1021,1550183711.6128168,55.227229360036375,985.9418444951517,115.1146464580603,1550183709.12737,311.7220484002545,[93.9248842 187.85873108],[1.74552058e+01 3.03462883e+02 1.37572014e-01 9.89999855e+01 1.11829320e-01 1.72177867e-01],__,311.7220484002545,0.048534915417068995,
20190220,529584443,1009,1550699480.6422386,55.513261774067225,1193.5808856247943,117.3301713142908,1550699480.3037534,310.5364711397802,[104.48340518 130.98587137 208.72271177],[1.77300893e+01 3.85129500e+02 2.32771998e-01 9.89576099e+01 1.67319985e-01 2.71631709e-01 3.67305810e-01],__,310.5364711397802,0.05723936918397625,
20190220,529434852,1005,1550624803.0,56.994068215990026,1592.3034329079726,117.1524076164016,1550624804.0829816,309.0376278344507,[26.5897952 52.66689235 78.76928888 104.68760368 131.48548838 160.43706988 183.75640387 211.3443097],[1.82329860e+01 5.11166133e+02 4.09868712e-01 9.88759432e+01 1.82412937e-01 2.23035666e-01 2.93254624e-01 3.57639784e-01 4.68752307e-01 5.52365215e-01 6.23501822e-01 7.77736749e-01],__,309.0376278344507,0.14424205741627308,
20190224,530304772,1021,1551044253.5746062,53.63772359693623,847.5451082940798,117.16289648070267,1551044252.8134773,310.86226437478854,[100.16681286 200.1867617],[1.70865474e+01 2.70408968e+02 1.41070205e-01 9.90455043e+01 1.21720609e-01 1.85789953e-01],__,310.86226437478854,0.054078363694749575,
20190224,530304772,1026,1551046861.489381,60.11688241670902,1868.561660562067,117.00612870019229,1551046861.9888537,311.0166706792703,[99.47514015 102.01412482 189.68890979 203.6378336 227.5624429],[1.91379390e+01 5.98590994e+02 3.04601073e-01 9.87419231e+01 1.33206326e-01 1.16254213e-01 2.63499670e-01 2.39068015e-01 3.05857553e-01],__,311.0166706792703,0.24242534514703007,
20190224,530304772,1031,1551046793.30895,57.7046617915986,1106.2199776472808,117.52017870759228,1551046793.4008048,304.0561456368031,[25.49106401 48.68175525 78.40081986 96.93069527 102.22206566 153.15740175 203.33584239 228.3737497],[1.36678004e+01 2.61049978e+02 1.23558938e-01 7.21871962e+01 1.91849682e-01 2.05351819e-01 1.30126653e-01 1.21439656e-01 1.06995512e-01 2.63288109e-01 1.97599573e-01 2.86331985e-01],__,304.0561456368031,0.281281865082137,
20190224,530304772,1032,1551046779.0075796,60.92567119406504,1270.4966667995668,117.87269934770774,1551046779.3266866,311.84073099964263,[25.06057013 49.43019912 77.54059327 97.91798075 102.13012185 151.33121768 203.28868666 226.35577945],[1.93921932e+01 4.11177980e+02 1.40875751e-01 9.87517360e+01 2.40910661e-01 2.03417636e-01 1.44678651e-01 1.14342446e-01 9.91359761e-02 2.25025916e-01 1.82749445e-01 3.31841463e-01],__,311.84073099964263,0.2017625162314171,
20190225,530506128,1012,1551137985.9413683,46.03943282775927,858.1054141899228,115.03075292134541,1551137982.6057055,311.2739235482972,[31.02457587 62.38873284 93.60889014 124.54302836 186.91118445],[1.47413646e+01 2.80438735e+02 1.52614855e-01 9.92848563e+01 1.34033315e-01 1.18058933e-01 1.01806107e-01 1.81972324e-01 1.21178268e-01],__,311.2739235482972,0.04756292624663563,
20190227,530869765,1023,1551301820.724066,50.74449707134446,989.2963906309972,118.52388699662225,1551301821.798586,311.136839752867,[26.5399013 53.05689494 79.93924668 106.02402459 132.58035072 159.09701029 185.75761731 211.25372219],[1.61090845e+01 3.07955149e+02 1.26291667e-01 9.91452402e+01 1.08554393e-01 1.08720054e-01 1.14687840e-01 1.07700220e-01 2.04851370e-01 2.24757734e-01 2.00089590e-01 1.95726990e-01],__,311.136839752867,0.06286208503751349,
20190301,531255461,1025,1551476650.6456819,54.524842303099774,1536.325745111627,114.45863981345293,1551476648.5873003,310.70955561741886,[26.14481275 52.40353055 79.50101359 106.23040169 132.44797439 211.94011675],[1.73564792e+01 4.88602825e+02 2.53185558e-01 9.89787964e+01 1.87177856e-01 2.31553204e-01 1.71458277e-01 1.04348798e-01 1.79333068e-01 2.16506987e-01],__,310.70955561741886,0.059805082133341646,
20190304,531737178,1005,1551729672.0946238,59.80397966078972,1266.221177965674,70.62778411714706,1551729625.3744547,309.704997774255,[59.97231375 89.95553728 179.91570065 269.81349728],[1.90769393e+01 4.04693318e+02 1.66491089e-01 9.87924617e+01 2.07138466e-01 1.14105568e-01 1.63962509e-01 3.27208883e-01],__,309.704997774255,0.04198263065990646,
20190304,531614496,1021,1551668164.7494757,54.61509270954436,1444.374739932692,117.5921606046552,1551668165.4533582,310.41104352701757,[105.52811532 131.60810416 159.94177301 183.7973703 210.28803474 25.86216579],[1.74432185e+01 4.65212577e+02 2.02839043e-01 9.89739242e+01 1.20643248e-01 2.08976731e-01 2.35857073e-01 2.86334976e-01 2.70633732e-01 1.86528904e-01],__,310.41104352701757,0.10101065695770609,
20190312,533208343,1015,1552424105.1943514,54.0900860639605,2276.518853346208,111.85364294461745,1552424100.8327224,309.83275812910455,[31.32930932 63.02993065 94.86657398 126.66248246 189.77340316],[1.72285813e+01 7.20930461e+02 3.57906019e-01 9.89308029e+01 1.37248516e-01 1.37156340e-01 1.05066194e-01 2.26716841e-01 1.75530417e-01],__,309.83275812910455,0.05796754651002782,
20190312,533204820,1008,1552422480.1088889,62.07148940513722,1325.4191166554813,114.59291102080822,1552422478.0712545,310.0105233157211,[25.51238234 52.12409641 77.7676764 104.20458174 128.23107725 207.43424517 233.97733132 244.19270811],[1.97540588e+01 4.21891975e+02 1.66025852e-01 9.87040248e+01 2.20096308e-01 1.58043185e-01 1.95392044e-01 1.01446934e-01 2.21185776e-01 1.93573936e-01 3.12939810e-01 3.25012834e-01],__,310.0105233157211,0.18228828079020787,
20190320,534549899,1006,1553040944.3697433,53.568262170942056,1262.146730535292,113.287188214633,1553040939.9517615,310.558890700732,[11.92053358 26.47030702 53.80112674 80.23329604 107.52022326 134.53889093 160.27331824 189.069685 215.18047601],[1.70366275e+01 3.98504404e+02 3.71721682e-01 9.90337816e+01 1.97837431e-01 1.65949753e-01 2.42111381e-01 2.18641409e-01 1.73293119e-01 2.56351935e-01 3.52273231e-01 3.21044269e-01 3.40685372e-01],__,310.558890700732,0.10816797714590042,
20190212,528131101,1247,1550010366.3169231,111.40711637828299,4999.578365642041,82.7245788767116,1550010350.3274171,305.66842154020895,[61.9386857 123.77087947 185.06728412],[3.47653520e+01 1.55224585e+03 3.10974700e-01 9.55068593e+01 2.40733179e-01 4.98584374e-01 7.23477670e-01],__,305.66842154020895,0.07263312767818418,
20190212,528131101,1248,1550010357.2096233,108.69938008501947,4611.526935626825,82.00445341111065,1550010340.219877,304.6876468503013,[62.55010215 126.89510183],[3.43553065e+01 1.47021140e+03 4.10913081e-01 9.56625402e+01 2.54412784e-01 5.27954068e-01],__,304.6876468503013,0.09129276154515327,
20190212,528131101,1253,1550010322.5237422,118.88213487391391,5794.728786816542,94.08854066920566,1550010309.2775815,306.01372193028743,[60.83739435 121.5894225],[3.68507269e+01 1.80818925e+03 3.73820213e-01 9.48158496e+01 3.65086332e-01 6.86113537e-01],__,306.01372193028743,0.041290102723764384,
20190212,528131101,1254,1550010314.7692683,115.81942084155313,5500.659493653605,95.53694218132753,1550010303.1035395,306.0168886443242,[61.10747002 121.86667223 182.91456723],[3.60100668e+01 1.71115708e+03 2.83701722e-01 9.50857673e+01 1.77021531e-01 3.35697707e-01 5.18656057e-01],__,306.0168886443242,0.06116532984243248,
20190212,528131101,1263,1550010252.29633,112.97833553968307,5271.476301534508,94.36706243569412,1550010239.0394418,304.75530635921604,[63.27944364 126.75270459 192.13270281],[3.57392129e+01 1.70877830e+03 3.70983825e-01 9.51575282e+01 2.03681681e-01 3.88896747e-01 6.55373092e-01],__,304.75530635921604,0.0832423097592614,
20190212,528131101,1300,1550009992.7188888,125.23600489812281,6226.192689282785,100.21186475603541,1550009985.4703748,304.06048405564223,[61.88214269 123.77682914 186.17108246],[3.87845028e+01 1.92830666e+03 2.66688615e-01 9.41959837e+01 1.36743326e-01 2.56799597e-01 4.18474180e-01],__,304.06048405564223,0.05594466237116272,
20190212,528131101,1304,1550009965.883775,118.97333362038098,4985.163225307413,99.59065310190962,1550009957.8566334,307.25819677707295,[62.6207075 125.44810078 188.3661283 251.54201628],[3.68393010e+01 1.54984194e+03 2.64011211e-01 9.50015433e+01 1.26738927e-01 2.05578219e-01 3.34646502e-01 3.77119910e-01],__,307.25819677707295,0.18690302968106184,
20190212,528100746,1232,1549993686.3155115,114.25646759023164,5906.761053792777,81.80510944158317,1549993662.0514548,304.47514149544435,[61.41297359 123.09971861 185.78962294],[3.57824181e+01 1.85863684e+03 2.40618521e-01 9.50175299e+01 2.13719228e-01 4.16950972e-01 6.67108235e-01],__,304.47514149544435,0.08465502603495098,
20190212,528100746,1234,1549993700.3476908,122.40935235868164,6476.943502163818,88.17512302529859,1549993682.2828226,304.6458872731972,[58.25930459 116.69682002 174.85432404],[3.78939456e+01 1.99619702e+03 2.04741544e-01 9.43632416e+01 1.10078854e-01 1.96916130e-01 2.91562995e-01],__,304.6458872731972,0.03787261405610329,
20190212,528100746,1242,1549993750.1833832,123.96082738684892,5628.246476691916,90.97117671848662,1549993735.1893616,309.74850334559744,[58.81461284 117.78989312 176.33909033],[3.78766590e+01 1.72181691e+03 1.93284186e-01 9.46064529e+01 8.49431063e-02 1.31132876e-01 2.14222999e-01],__,309.74850334559744,0.035824951306519394,
20190213,528269862,1160,1550076307.7984676,127.39454382497756,4634.794924664833,82.27666122652113,1550076281.4005384,310.4277827715232,[60.64277488 121.35912066 181.38102438],[1.20349197e+01 4.35369008e+02 1.85055558e-01 2.96105836e+01 1.93316173e-01 3.45144204e-01 5.90096453e-01],__,310.4277827715232,0.07011895676401515,
20190213,528269862,1161,1550076314.9807935,124.5650624290715,4805.931110423633,81.70454160153288,1550076288.256236,302.8803568204969,[44.43533728 60.73062794 79.85311169 121.32079798 181.68895681],[1.14842259e+01 4.41219903e+02 1.60335588e-01 2.81274118e+01 2.22159740e-01 1.74743117e-01 2.57313699e-01 3.19631495e-01 5.17528476e-01],__,302.8803568204969,0.10132925101888021,
20190213,528269862,1168,1550076356.2472456,128.83480016789858,4657.1561145385385,81.36121080374465,1550076328.4950986,308.7158694629908,[15.25436248 61.76552327 80.70093916 124.42446169 186.3314003],[3.94386415e+01 1.43163320e+03 1.42383221e-01 9.44135277e+01 1.22240891e-01 1.51584150e-01 2.27775927e-01 2.67818251e-01 4.66684377e-01],__,308.7158694629908,0.09483986517912762,
20190213,528269862,1169,1550076364.2363093,127.8125921311786,4479.187827554217,82.74397560035021,1550076337.7743092,309.82727602245404,[15.00388133 30.61853045 61.60496676 79.12005969 123.0640523 185.29660422],[1.23296552e+01 4.31175611e+02 1.38774072e-01 2.99715835e+01 1.38472605e-01 1.73161066e-01 1.10273914e-01 1.85490241e-01 1.73198172e-01 3.11753371e-01],__,309.82727602245404,0.11080883762707762,
20190213,528269862,1175,1550076401.2533002,125.42889878792998,4337.039037215918,86.38801347912764,1550076377.7853496,300.56131066059476,[61.23977399 122.77808275 182.85151357 243.79156771],[1.24601844e+01 4.30039462e+02 1.37536966e-01 2.99078366e+01 9.67262882e-02 1.50383464e-01 2.97975616e-01 3.29352338e-01],__,300.56131066059476,0.14469601113632433,
20190213,528312446,1196,1550099141.4597604,152.66517764179832,7192.86933573079,78.83423118711066,1550099111.8439217,311.80869273048654,[59.87366455 80.54603597 123.20664038 185.2463418 241.53816068],[9.83799880e+00 4.61987012e+02 1.77891996e-01 2.01737385e+01 1.08137431e-01 1.69358290e-01 1.82225477e-01 2.94008188e-01 3.19890544e-01],__,311.80869273048654,0.28525575185414737,
20190213,528312446,1199,1550099123.8339705,130.6321804833251,4806.415054663005,85.43780921551527,1550099100.596863,299.8391473224695,[60.85151471 121.91415143 183.09629166 243.96795948],[1.19386880e+01 4.38475687e+02 1.71028837e-01 2.75235542e+01 1.31150922e-01 2.35223059e-01 4.17131920e-01 4.69184520e-01],__,299.8391473224695,0.13220977863176733,
20190213,528315197,1208,1550092180.8830788,127.58592267657362,4289.41525702822,86.21418547278277,1550092158.8277977,294.67614592147726,[60.90419305 122.04609812 185.02581328],[1.27866740e+01 4.28698894e+02 1.56069507e-01 2.96995649e+01 1.75262318e-01 3.17413997e-01 5.09723766e-01],__,294.67614592147726,0.16521716565307482,
20190214,528467840,1081,1550165798.27423,113.77496259463278,6345.941817056129,61.300072727376765,1550165753.4178057,303.4805564928706,[14.97883916 30.26190769 61.1518682 122.48538537 183.63888447 245.83350309],[3.55716304e+01 1.98201515e+03 9.20530246e-01 9.49639307e+01 2.00749284e-01 1.69719980e-01 1.58067630e-01 2.89137144e-01 4.45272067e-01 5.57825407e-01],__,303.4805564928706,0.10237124448845149,
20190214,528466553,1097,1550165290.901515,129.41116162592118,4694.921772930685,106.32823496179539,1550165289.643211,306.33468488791635,[61.24986656 122.61455517 184.74893007 222.23253203 243.04764043],[3.98041892e+01 1.44007737e+03 1.75497686e-01 9.43092188e+01 1.37230072e-01 2.20973090e-01 3.94219412e-01 4.48388970e-01 4.32436906e-01],__,306.33468488791635,0.18945893112631876,
20190214,528466553,1109,1550165212.1098206,137.8256510295538,5169.713209856281,107.76867242162045,1550165211.758154,309.6709680451758,[29.93916719 44.67670405 59.6832016 75.5076421 119.48857392 149.99533086 179.40168633 237.76809557],[4.16948887e+01 1.56395428e+03 1.31251325e-01 9.36960793e+01 1.10795966e-01 1.34567250e-01 1.09698034e-01 2.19770020e-01 1.80353507e-01 3.15185925e-01 3.22510719e-01 4.98603294e-01],__,309.6709680451758,0.07462323521508242,
20190214,528445164,1173,1550158750.7401662,113.6437355780283,4470.57169258038,109.80043508435965,1550158752.0628912,299.97863686237235,[61.57742426 123.09918351 184.60922187 246.84420562],[1.12293468e+01 4.40177373e+02 1.96583926e-01 2.98554444e+01 1.39125649e-01 2.23094858e-01 3.53821075e-01 5.08958431e-01],__,299.97863686237235,0.06729959101328613,
20190214,528445164,1176,1550158771.447178,125.17773175334631,5575.9653777049725,110.80135060885915,1550158773.4051452,307.8225912301768,[29.43313904 44.47023418 60.01866647 120.0317139 179.46683519 239.73857633],[3.84322949e+01 1.71291389e+03 1.56947617e-01 9.44698592e+01 1.20008262e-01 1.36113662e-01 9.26967032e-02 1.70841841e-01 2.91713305e-01 4.21082458e-01],__,307.8225912301768,0.09221858474687074,
20190216,528843896,1130,1550338087.5463407,138.6548959917237,6169.219011977101,34.25641760006776,1550338015.3449008,303.2357570679746,[14.76288094 29.91217429 41.32659177 59.99372968 120.21670867 155.31945042 180.72534901 239.37028758],[1.02933301e+01 4.56425078e+02 2.58697216e-01 2.26464261e+01 1.41810965e-01 1.50308833e-01 1.43019728e-01 9.52774753e-02 1.36778047e-01 2.26359269e-01 2.51792521e-01 2.83073102e-01],__,303.2357570679746,0.1642971503045967,
20190216,528889538,1223,1550357056.088963,111.08247847163699,4602.873583389113,96.91748672906527,1550357043.395741,305.74135373876794,[30.75114374 62.05097891 123.99752963 186.07742553 249.8227099],[1.07513278e+02 5.54991003e+03 1.21254633e+01 2.86953386e+02 8.36302525e+00 5.29250899e+00 7.64366664e+00 1.09637858e+01 1.66666419e+01],__,305.74135373876794,0.08570857292177592,
20190220,529597826,1131,1550702054.665057,111.33463680227422,5530.2122333564075,95.45632289745471,1550702041.586273,311.819951911607,[15.29080816 28.84759892 61.16318952 122.45413146 183.44014358 243.97284777 81.47275498],[1.18825371e+02 8.02111265e+03 1.83114387e+01 3.17254297e+02 6.57192675e+00 9.96814533e+00 5.90272790e+00 9.27268252e+00 1.42139380e+01 1.80254371e+01 1.06097369e+01],__,311.819951911607,0.09008777729457333,
20190222,529813043,1180,1550804938.349272,130.0820967609944,5790.335042220043,91.07304913258558,1550804920.434586,311.53746637204017,[61.86000509 123.91057988 184.7199447 242.73692623],[1.12407519e+02 5.70938124e+03 9.49116094e+00 2.66895283e+02 4.83490319e+00 7.74357640e+00 1.30878265e+01 1.52013987e+01],__,311.53746637204017,0.13471556949402963,
20190222,529965781,1250,1550876927.4416323,146.7065160995626,6823.59901038225,107.36208409417485,1550876927.1971993,310.8993956838097,[29.67375481 44.71418712 59.29020267 118.75974833 177.92850185],[1.33656664e+02 7.58717956e+03 1.01109887e+01 2.78333595e+02 6.85528685e+00 7.42598978e+00 6.57206964e+00 1.10646514e+01 1.82684705e+01],__,310.8993956838097,0.04556065532567725,
20190222,529965781,1251,1550876922.2903926,140.56144894806508,6044.756154690163,107.01507723175352,1550876921.6084726,306.5478483465282,[30.73852559 45.19510347 60.28297102 120.7855733 181.69414581 242.77813599],[1.37151203e+02 6.84988779e+03 1.00848413e+01 2.94791885e+02 7.26295336e+00 8.11167950e+00 5.74128214e+00 9.42525562e+00 1.59447448e+01 1.93634836e+01],__,306.5478483465282,0.10931556702909445,
20190222,529924368,1122,1550858592.202579,93.64743815098115,5606.924717553658,106.9007743562471,1550858592.7781115,308.73503318291637,[30.65936576 46.2185526 61.63192376 123.22432593 184.52513792 246.11764383],[9.69154247e+01 7.78914044e+03 1.81333362e+01 3.05353936e+02 9.56600531e+00 9.77557080e+00 5.62791371e+00 8.35083256e+00 1.22987247e+01 1.66126931e+01],__,308.73503318291637,0.07412165819427594,
20190226,530637329,1072,1551201895.8049939,102.57850406175794,4826.207679468959,107.40736385074727,1551201895.0063214,306.07056471330117,[61.84459647 123.68862251 186.05030397],[9.07702763e+01 6.14833236e+03 1.32795555e+01 2.54356473e+02 5.73258209e+00 9.20560772e+00 1.43517532e+01],__,306.07056471330117,0.04825622267013749,
20190227,530718012,1160,1551235840.9670424,128.79442942389477,5199.900051709105,106.8781649231247,1551235839.23703,303.83484021481524,[30.37078891 44.09287997 60.0156319 119.91540265 179.95669564],[1.21918504e+02 5.88841303e+03 8.47573652e+00 2.82596252e+02 1.11844913e+01 9.11115709e+00 5.75679109e+00 9.12299687e+00 1.55786601e+01],__,303.83484021481524,0.05494463188870474,
20190227,530837746,1184,1551290837.3574698,150.2352211774398,5792.914713904631,111.76782259417394,1551290839.8460276,319.01209169364773,[28.99592342 43.77044414 57.89058265 116.07682737 171.27199924 225.99391891],[1.39589920e+02 6.02126045e+03 7.93437813e+00 2.94280874e+02 6.76681801e+00 8.62233713e+00 5.10651381e+00 8.59143114e+00 1.47430541e+01 1.72624872e+01],__,319.01209169364773,0.11702971181787603,
20190228,530900752,1138,1551314158.1376908,113.42656702490996,5986.068914356459,98.3454185248604,1551314148.2198472,310.6606154686506,[15.4157669 46.85111059 61.94927837 80.38113481 123.91624757 185.45738492 245.86538057],[1.18169780e+02 7.60513747e+03 1.44886351e+01 3.16198885e+02 6.78473206e+00 9.74445242e+00 5.73903626e+00 1.06328905e+01 9.37655683e+00 1.39492517e+01 1.83301654e+01],__,310.6606154686506,0.10600445817934406,
20190301,531225442,1150,1551467152.242727,121.49967807981155,5195.204618852515,108.22299786551798,1551467151.7495503,309.3710531491097,[14.43742759 30.06872089 60.8432418 121.69441783 182.2702118 242.84775487],[1.19912514e+02 6.01647351e+03 9.13776271e+00 3.00086014e+02 7.80460411e+00 7.25939444e+00 5.94182785e+00 9.26775439e+00 1.38951354e+01 1.72993107e+01],__,309.3710531491097,0.08384346858573212,
20190305,531760390,1128,1551748140.0852158,129.00570222824985,5278.719231644593,95.31222387421857,1551748126.8528337,305.50620687917433,[15.28282555 29.46202889 45.22345352 60.7046714 80.21047547 121.5174 182.876843 244.19124168],[3.98032756e+01 1.63577422e+03 1.08558805e-01 9.41661722e+01 1.29635170e-01 1.71670675e-01 1.72847585e-01 8.52092909e-02 1.57575198e-01 1.36146664e-01 2.37076465e-01 3.28562986e-01],__,305.50620687917433,0.09115273530969555,
20190306,532115657,1125,1551911149.3292792,101.70640821193824,4857.44320616459,90.4583938254472,1551911130.960447,309.50276854210284,[15.8470637 62.3911737 124.75592588 187.58971557 249.4332504],[3.16294192e+01 1.51301717e+03 2.18724988e-01 9.62199988e+01 1.23772339e-01 8.62652116e-02 1.30709106e-01 2.54471249e-01 2.95951276e-01],__,309.50276854210284,0.08181297372703243,
20190306,532080023,1100,1551891690.103838,113.09794092445921,5377.361615322154,89.49439240257715,1551891671.409661,309.1396324908151,[14.28026604 30.55580339 45.8752646 61.20807471 122.52836768 183.82492716 245.36233654],[3.48871410e+01 1.65530321e+03 1.80913351e-01 9.53913839e+01 1.50171347e-01 8.86452078e-02 1.02738093e-01 7.71592981e-02 1.21023761e-01 1.96993104e-01 3.28040769e-01],__,309.1396324908151,0.048315359259241374,
20190307,532131051,1120,1551922574.287802,113.91756505332015,4975.785318568803,96.45502185262687,1551922562.3306122,309.6968791952751,[13.65768289 30.84435869 46.23815206 61.96684887 78.75411202 92.67892519 124.03189957 185.88790327 248.69499054],[3.50956700e+01 1.52698014e+03 1.45715510e-01 9.54372651e+01 1.19798279e-01 1.05576704e-01 1.42568528e-01 8.47247960e-02 1.55410909e-01 1.75320757e-01 1.35160708e-01 2.12949034e-01 3.03375259e-01],__,309.6968791952751,0.12212250945742543,
20190309,532520957,1062,1552095613.8992298,103.94573889856852,5911.256461773682,75.81197825215041,1552095581.0279343,304.93415324248906,[14.96500604 30.35854707 61.563227 123.20142744 185.21451942 248.64977912],[3.27527033e+01 1.86633974e+03 3.32940435e-01 9.57035613e+01 1.53035134e-01 1.31940542e-01 8.28002955e-02 1.25828892e-01 1.97166035e-01 2.99932192e-01],__,304.93415324248906,0.11915361167883914,
20190311,532880874,1118,1552274913.8739796,121.54455535532706,5117.786288497807,107.19564407593924,1552274912.6031797,311.38321179797333,[15.52059763 30.65553114 46.22971857 61.41125027 122.83330983 184.84990646 245.56006409],[3.70775547e+01 1.56397580e+03 1.71912258e-01 9.49297786e+01 9.40680235e-02 1.82056791e-01 1.59007517e-01 7.98085287e-02 1.23103631e-01 1.97122882e-01 2.84036390e-01],__,311.38321179797333,0.09919019464957797,
20190316,533819833,1116,1552707128.6759079,108.24475038822686,5380.492535376631,106.42390540326369,1552707126.9601185,306.28526899832804,[15.11021854 30.68823794 45.68692662 61.75463893 79.97547187 90.76875388 123.57283585 185.11436542 247.05720548],[3.37819083e+01 1.67709242e+03 2.39182369e-01 9.56292888e+01 1.11014353e-01 1.22280278e-01 1.69290540e-01 7.87677541e-02 1.58944593e-01 1.81571341e-01 1.16765922e-01 1.96894971e-01 2.78451793e-01],__,306.28526899832804,0.10410912910979189,
20190318,534251910,1153,1552919632.0747626,129.1178107447672,4338.046188910706,108.21209038956002,1552919631.5016434,295.3573834913969,[14.53845128 29.57992602 44.55110248 59.61246323 119.17775389 178.98830827 238.58593795],[1.27603094e+01 4.28618597e+02 9.34256349e-02 2.92257361e+01 1.18270145e-01 1.34858538e-01 1.41553738e-01 9.25958584e-02 1.55691350e-01 2.40905051e-01 3.64229807e-01],__,295.3573834913969,0.1030149089412605,
20190319,534369939,1085,1552966412.5276167,103.14493674656953,5487.640792362525,110.01225828368787,1552966414.552646,309.45135035187985,[15.2661631 30.48447026 45.54924322 61.02008004 81.70055876 121.90637381 182.31206373 243.01259646],[3.20043312e+01 1.70445799e+03 2.32005025e-01 9.59986498e+01 8.56015916e-02 1.09365070e-01 1.46928376e-01 8.45272418e-02 1.81774689e-01 1.37609453e-01 1.94124929e-01 3.47027807e-01],__,309.45135035187985,0.06444525521109071,
20190321,534866445,1121,1553184249.4818165,118.96657152911276,6141.791102259851,106.71933523720838,1553184248.3237867,305.6708252979634,[14.66796275 29.85143727 60.9939208 81.34144824 121.87442313 182.0546219 243.03797179],[3.67783471e+01 1.88151700e+03 2.09923856e-01 9.47487832e+01 1.15555218e-01 1.30895762e-01 9.00411879e-02 1.48661457e-01 1.52217237e-01 2.56750141e-01 3.10585694e-01],__,305.6708252979634,0.10826752127214284,
20190322,535141599,1116,1553298570.0503075,97.73668835141953,5349.409092360367,107.42541257577749,1553298568.8344529,307.71400088376066,[15.48815121 30.94095796 45.04719775 61.33587451 122.55812343 183.52667155 243.9378716],[3.05194603e+01 1.65720596e+03 2.89242915e-01 9.63459733e+01 1.45361379e-01 1.65037427e-01 1.79976147e-01 1.02716186e-01 1.71611309e-01 2.58978467e-01 3.88115716e-01],__,307.71400088376066,0.08251907971065603,
20190323,535250369,1157,1553352566.5829217,127.87776888139665,5128.484508676026,108.873740041186,1553352566.7555249,303.81389029699886,[60.39462726 120.95477844 181.53732882 241.10711363],[3.96792612e+01 1.59438010e+03 1.47144633e-01 9.42317098e+01 9.83874612e-02 1.67055547e-01 2.90062033e-01 3.96468242e-01],__,303.81389029699886,0.09050431566381106,
20190212,528132990,1009,1550005905.0,49.14324729801774,405.6463504140792,102.49812655013578,1550005889.3550408,307.1720639813139,[262.56880036 245.11052455 227.51055048 209.78577243 192.74073532 174.75459051 157.65370524 139.41637973 122.36011293 104.97970839 87.52823823 70.13850063 53.22407969],[1.37482551e+01 1.13216115e+02 4.35593645e-02 8.59538284e+01 2.35603489e-01 1.99452949e-01 2.99555276e-01 1.45274475e-01 1.03911459e-01 1.34328198e-01 9.91229361e-02 1.72756394e-01 1.18083492e-01 1.13112521e-01 1.22002310e-01 1.52989346e-01 2.24387902e-01],__,307.1720639813139,0.062138220579091734,
20190212,528132990,1011,1550005917.715642,45.50488192614189,1067.5153545010842,114.23548071904919,1550005914.8371203,310.7050655000959,[71.03747402 88.77062039 106.43001182 124.19102639 142.09078976 159.64866279 177.45595796 195.31921193 212.96122728 230.80742331 248.35817771],[1.45304309e+01 3.39956147e+02 1.07057169e-01 9.92963353e+01 1.10398591e-01 9.60663679e-02 8.80506688e-02 9.24201146e-02 1.26894283e-01 8.95648512e-02 1.02740081e-01 9.53397276e-02 1.27073018e-01 1.89041041e-01 1.48886987e-01],__,310.7050655000959,0.03593239385498582,
20190215,528707323,1011,1550274037.0,50.52299853996515,658.6057666950666,123.20992594461453,1550274042.0602438,311.300408589536,[59.00319741 73.62262691 88.2210221 103.27518057 132.80095883 148.43313459 162.71519688 176.67985466 190.34261076 204.83327686 221.33349846 235.61400048 251.53086704],[1.60782879e+01 2.09553167e+02 7.37082478e-02 9.91596184e+01 1.46871804e-01 1.02830801e-01 1.02647229e-01 1.13522305e-01 1.28470683e-01 1.62293648e-01 1.21308391e-01 1.58469456e-01 2.11524052e-01 2.29900770e-01 3.37887429e-01 3.11750317e-01 3.64422741e-01],__,311.300408589536,0.18214171953303077,
20190215,528707323,1014,1550273978.634771,52.01819673260882,301.77188032798415,118.51985827062161,1550273978.0127335,309.7797153044609,[60.21228791 75.22011185 90.44502862 105.68017906 119.34977957 135.77136643 150.25974393 165.99763763 181.02750494 194.05886013 209.56440236 225.93441286 240.93892274 255.58624543 269.94511834],[1.44484604e+01 8.41160130e+01 3.55979684e-02 8.60130625e+01 1.77098623e-01 1.39718705e-01 1.35595954e-01 1.18786270e-01 2.10759746e-01 1.40638385e-01 1.76467054e-01 1.30690650e-01 1.34414131e-01 2.20943107e-01 2.72505687e-01 2.49237086e-01 2.34245600e-01 2.55725998e-01 3.66951459e-01],__,309.7797153044609,0.10442889914425123,
20190223,530132547,1012,1550958768.5406983,50.127464867796014,289.1766127738205,117.83748544485708,1550958767.0311487,309.6365551630593,[65.30465741 81.95152427 98.96426827 115.45751122 131.11167711 148.4297311 165.00973721 181.53083821 197.85748271 214.09188085 231.62142845 247.7142853 263.47444565],[1.40612749e+01 8.13455470e+01 5.09902330e-02 8.68340706e+01 2.50150723e-01 2.20999553e-01 1.81992164e-01 2.35238028e-01 2.91669799e-01 1.68909050e-01 3.06672403e-01 1.69986240e-01 2.04048879e-01 2.39069410e-01 2.79273385e-01 2.63556074e-01 2.95688171e-01],__,309.6365551630593,0.09358780033184018,
20190223,530132547,1024,1550955494.8868048,41.64946970974884,699.5257691748072,114.40427831494233,1550955490.991209,310.9151672744352,[35.53082547 70.57984796 88.09721108 105.70178592 123.36864071 141.48599775 158.35992962 176.18824326 193.66243772 211.18905219 229.94302204 246.22060235 264.17445694],[1.33392028e+01 2.26443587e+02 7.56371887e-02 9.94175616e+01 1.32373400e-01 9.21090041e-02 8.85790080e-02 8.34575334e-02 1.00813639e-01 9.96899429e-02 7.69130706e-02 9.29896379e-02 7.74468872e-02 1.00100792e-01 1.74799958e-01 1.35335698e-01 2.21304926e-01],__,310.9151672744352,0.06797682629751375,
20190304,531748623,1008,1551734477.6798344,43.091575011008345,1343.3949209771577,118.59171043791696,1551734479.8722017,310.34960764611736,[50.96851695 67.9127496 84.95250786 101.8329294 118.84574389 135.76268531 152.71632814 169.6917455 186.63610826 203.70847155 220.73791297 237.63398159 253.68892282],[1.38006723e+01 4.30419828e+02 1.33984247e-01 9.93473823e+01 2.02033498e-01 1.19166703e-01 1.11401247e-01 8.23087196e-02 9.25194386e-02 1.29464110e-01 8.39061058e-02 1.06448020e-01 8.17437303e-02 1.04198657e-01 1.35507678e-01 1.58966345e-01 2.40571732e-01],__,310.34960764611736,0.051845182185045066,
20190304,531748623,1012,1551734539.3917882,46.25889029518788,565.9844578546625,118.12738521807967,1551734538.7588809,305.1496699930923,[34.10216567 50.92511974 68.19036277 85.2655043 102.22809909 119.35305144 136.12977124 153.47660991 170.49567409 187.70524122 204.49588053 221.81144361 238.62140984 255.8073718],[1.28439788e+01 1.56037152e+02 5.25996216e-02 8.48188580e+01 1.87190488e-01 1.93849651e-01 1.05475751e-01 8.91367947e-02 9.22769251e-02 9.08008362e-02 1.22138715e-01 8.21664839e-02 9.22220318e-02 8.12667608e-02 1.14820968e-01 1.48930643e-01 1.59016447e-01 2.04247470e-01],__,305.1496699930923,0.02829378700022928,
20190304,531738343,1019,1551730302.8290682,42.89956332264344,1557.047062069056,111.63696644840009,1551730297.509059,311.00148209518477,[16.71555513 34.11476399 51.25855261 68.5971274 85.53823077 102.63291325 119.6827159 136.92213738 153.82403875 170.94706926 187.96637156 205.40301546 222.49469613 240.35465243 256.41002751],[1.35034876e+01 4.66329281e+02 1.27172649e-01 9.93662758e+01 1.33704954e-01 1.16110248e-01 1.41307117e-01 1.07885822e-01 8.95290356e-02 6.79838917e-02 8.08249113e-02 1.03582257e-01 7.38536800e-02 8.09085075e-02 7.73795319e-02 9.60029408e-02 1.22465296e-01 1.58228930e-01 1.78982505e-01],__,311.00148209518477,0.05236400164237969,
20190307,532294070,1005,1551985013.5276053,50.30532771002573,562.2471032486052,116.27310062263238,1551985010.927143,314.370931691228,[69.36145545 86.78597321 104.08317214 121.48499761 138.20081106 156.28432173 173.39830999 190.99121814 207.61446947 225.16152165 242.56020274 259.94445408],[1.34658383e+01 1.50551364e+02 5.94195296e-02 8.41479826e+01 1.54974633e-01 1.49584137e-01 1.30348637e-01 1.58698385e-01 2.52178095e-01 1.15006592e-01 1.64500902e-01 1.16388530e-01 1.51424684e-01 2.72831196e-01 2.05791893e-01 2.54087583e-01],__,314.370931691228,0.0340114016929027,
20190310,532843447,1008,1552253848.364499,46.7855679897772,1109.3263397421745,118.00594393209116,1552253848.9519813,311.2327504042979,[63.22145265 79.44185379 95.32406155 111.29657508 127.27191104 143.04024024 159.07113905 174.81069803 190.770346 206.67537882 222.6316742 238.53982202 254.69678857],[1.49170965e+01 3.53410220e+02 9.15847524e-02 9.92575215e+01 1.45878485e-01 1.00649216e-01 8.74520928e-02 9.05112641e-02 1.13518737e-01 8.88552140e-02 1.37283578e-01 8.55437571e-02 9.74015326e-02 1.14946122e-01 1.47944417e-01 1.57928600e-01 2.06983817e-01],__,311.2327504042979,0.055899210176811806,
20190312,533223558,1010,1552430566.3053317,45.89593898338665,993.1901372807977,115.89339824550802,1552430564.581912,310.7497788856396,[34.73380417 51.77491263 69.4285207 86.79441001 104.21835246 121.55305578 139.08675941 156.13643593 173.60898527 190.90049885 208.31023184 225.16076448 243.11432915],[1.46388057e+01 3.14650926e+02 1.02253952e-01 9.92898547e+01 1.49914108e-01 2.05982542e-01 9.95474373e-02 9.68400752e-02 9.76686540e-02 1.05864137e-01 1.32642524e-01 9.08445014e-02 1.06705917e-01 9.16133264e-02 1.17326696e-01 2.09788149e-01 1.61506364e-01],__,310.7497788856396,0.04540947336582065,
20190314,533410558,1024,1552523027.7317965,56.78142039958562,976.0928799338722,115.15918530550678,1552523025.2688406,311.36807546009305,[65.85511503 81.10337139 97.1182958 113.42529068 128.99627502 146.04660572 162.23690384 178.57981596 194.44903237 209.89835997 226.70734468 242.23324663 258.04617857],[1.37362455e+01 2.36252583e+02 7.35110951e-02 7.53286591e+01 2.42420749e-01 1.59748597e-01 1.30242760e-01 1.61617008e-01 2.20380703e-01 1.04103126e-01 1.85872983e-01 1.07279491e-01 1.31794802e-01 1.90441083e-01 1.97702746e-01 2.34022428e-01 3.17437272e-01],__,311.36807546009305,0.11336457640572958,
20190214,528487873,1011,1550179183.3237073,62.35523888715779,787.1943210025483,116.90483211568686,1550179182.250863,310.44245653956153,[58.52360679 78.07396273 117.57811287 136.69475141 155.28208169 176.43049363 195.28048707 215.58681498 234.47031961 254.37482901],[1.53794677e+01 1.94470110e+02 7.62759190e-02 7.65849251e+01 2.06460342e-01 2.57745748e-01 1.48070732e-01 3.06684260e-01 3.13110861e-01 1.82008271e-01 2.61751169e-01 3.68210785e-01 3.15662941e-01 3.75455407e-01],__,310.44245653956153,0.16173020824080295,
20190214,528487873,1012,1550179169.6847994,64.61335775686872,710.885046768018,117.28793294461177,1550179168.6786067,311.14329244017654,[58.57518406 78.01827104 97.58221825 117.12738968 136.65742993 156.02528037 175.82611498 194.28105501 214.59410143 234.00944428 253.83171211 274.60063853],[1.59834797e+01 1.75863918e+02 5.13309871e-02 7.69871564e+01 1.45406820e-01 1.68989481e-01 1.78819120e-01 1.16199228e-01 2.19335824e-01 2.38380069e-01 1.38368421e-01 1.87512372e-01 2.43314226e-01 2.57479881e-01 2.58852969e-01 4.60116537e-01],__,311.14329244017654,0.08053912251375916,
20190215,528681250,1020,1550264090.9359133,61.26762449573577,532.0591676425013,118.13333324122938,1550264090.3630664,306.12119065800425,[59.65009081 78.12513108 100.59270673 120.24582261 140.0042738 158.97362998 180.44963858 200.16873127 220.76616989 240.80317762 261.21156785],[1.60005275e+01 1.39092669e+02 5.16167518e-02 7.98965634e+01 1.61927178e-01 1.40414945e-01 1.58777894e-01 1.25759599e-01 2.11305683e-01 2.66519184e-01 1.22292713e-01 2.07244782e-01 2.36649204e-01 2.07187425e-01 2.84830115e-01],__,306.12119065800425,0.14599234004934686,
20190215,528681250,1021,1550264078.4766805,61.24838631194009,228.21187673130638,118.73159447746217,1550264078.105423,309.8310785557654,[60.12235302 80.1205694 100.28904574 119.87253359 139.87091758 160.57254659 179.86370709 199.37806988 220.77761282 241.04933106 260.50568235 278.50973676],[1.63863610e+01 6.13838786e+01 4.10852181e-02 8.28651122e+01 1.98782986e-01 2.52657797e-01 2.16017900e-01 1.24374060e-01 2.33916022e-01 2.61263852e-01 1.45559608e-01 2.58688385e-01 3.12411627e-01 2.80103562e-01 2.87120410e-01 4.27737401e-01],__,309.8310785557654,0.12022489714219545,
20190225,530467292,1001,1551127521.668224,52.52427905913981,249.91861086866305,118.1651938473434,1551127520.315236,314.8089304801677,[40.22363161 61.10744044 81.32775439 101.93781261 121.97519263 142.30289818 162.93256933 182.86843684 203.29327807 223.89840864 244.15804299 264.65823658],[1.44455097e+01 6.86235837e+01 3.45633885e-02 8.65653622e+01 2.25807872e-01 9.24598021e-02 1.25155327e-01 1.55685590e-01 8.27533474e-02 1.46992283e-01 1.57419049e-01 9.66078579e-02 1.60474340e-01 1.87212964e-01 1.79808540e-01 2.55717496e-01],__,314.8089304801677,0.05107082473510353,
20190304,531715679,1016,1551736438.5292792,53.367726143552375,2007.5764139434887,113.64000853250819,1551736435.626449,310.61691335484875,[60.32029476 80.44591768 120.43796333 139.76126566 159.63900596 180.52684068 200.39894239 221.12021455 240.40208145 260.65765335],[1.70167842e+01 6.41877269e+02 2.23409449e-01 9.89771015e+01 1.16237951e-01 1.82807360e-01 1.04587415e-01 1.92100983e-01 1.83116855e-01 1.18494445e-01 1.64984728e-01 2.41912262e-01 1.90331920e-01 2.89059420e-01],__,310.61691335484875,0.10067595472712551,
20190304,531715679,1017,1551736421.9762523,53.928116080961814,1737.5885980331784,112.3526866391741,1551736417.3738253,311.1645233554345,[60.24639806 80.31957667 100.47433194 120.58981434 140.65907867 160.77581233 180.8475304 201.07032769 221.18508226 241.19867182],[1.71354164e+01 5.49517159e+02 1.25625544e-01 9.89883510e+01 8.59098264e-02 1.20281676e-01 1.23252153e-01 7.30549163e-02 1.21574605e-01 1.30681417e-01 8.21359805e-02 1.24450220e-01 1.66188323e-01 1.58779206e-01],__,311.1645233554345,0.03595367274726566,
20190307,532313525,1291,1551993855.36475,50.26633297122989,1510.1639682765374,116.2061062039236,1551993854.8690867,310.41225961904354,[62.64279472 82.87042024 124.27389879 165.67227514 186.55595683 207.25504758 228.39165501 248.74924367],[1.60778781e+01 4.85951124e+02 1.40361071e-01 9.91166172e+01 1.15841941e-01 7.32230031e-02 8.47686708e-02 9.34878664e-02 1.13464990e-01 1.36266470e-01 1.64291482e-01 1.35843024e-01],__,310.41225961904354,0.047329414811420445,
20190310,532831022,1304,1552250438.8677185,62.26049292453604,759.5526524154336,117.13948825477588,1552250438.0961592,313.33837163947356,[81.35444298 122.03820842 141.99832678 162.4944474 182.98294807 202.80728524 224.00673858 244.25820051 263.46304124],[1.53589346e+01 1.87883984e+02 5.25549401e-02 7.72576736e+01 8.89819900e-02 8.89773448e-02 1.88399062e-01 1.04915672e-01 1.16201572e-01 1.63121410e-01 2.07432759e-01 1.52088376e-01 3.18904501e-01],__,313.33837163947356,0.06396238291753162,
20190311,532871277,1292,1552267809.6864226,67.349557446449,923.7139451235569,117.34002786368336,1552267809.4909518,308.8915483289651,[58.99355547 78.77141916 117.95450098 135.35962498 157.20056389 176.96921867 195.92098509 215.80964563 235.81145683 255.27171356],[1.58799990e+01 2.17923464e+02 5.53757136e-02 7.28066110e+01 1.18529283e-01 9.73795711e-02 8.75640232e-02 1.89517978e-01 1.13028210e-01 1.36164921e-01 1.70192274e-01 2.61144250e-01 1.58971118e-01 2.65793993e-01],__,308.8915483289651,0.0866078185830105,
20190314,533416610,1196,1552527009.7747414,70.22136149100031,1739.3601650827384,127.37819884386208,1552527021.7055912,311.3674752300711,[61.45847529 81.99591184 123.08838062 143.34577368 163.98430077 184.67197143 205.11046974 225.79727139 245.42087768],[2.21867456e+01 5.50407040e+02 7.31178168e-02 9.83438699e+01 1.19051008e-01 8.47744518e-02 7.96697574e-02 1.61740737e-01 9.21196627e-02 1.20735353e-01 1.47809652e-01 1.98129138e-01 1.47541490e-01],__,311.3674752300711,0.07697527307123868,
20190320,534711109,1081,1553112215.6832395,56.3185070013565,2215.3041081112647,126.41300479108209,1553112226.8698003,309.95178075790966,[61.78949948 82.43132977 102.83105474 123.63599517 164.84505722 185.48902554 205.68799543 224.90669495 246.59120481],[1.79670638e+01 7.07883998e+02 1.98100064e-01 9.88496033e+01 1.02816088e-01 8.29053807e-02 1.68732848e-01 9.29313634e-02 1.16156847e-01 1.43641310e-01 2.07841115e-01 2.73038461e-01 1.87424098e-01],__,309.95178075790966,0.054638188524597696,
20190211,527972677,1300,1549928109.239194,40.28482177124915,1192.915578245909,108.1875219755833,1549928100.525045,309.20435305388526,[63.73230921 126.16329437 189.13800251],[1.34062892e+01 4.37825883e+02 4.42930129e-01 9.93835563e+01 1.63248335e-01 2.21573161e-01 3.31588974e-01],__,309.20435305388526,0.19854341500180317,
20190211,527972677,1301,1549928095.202383,54.7075418593611,1474.8662729513856,114.2232322567806,1549928091.5760636,315.9234362399938,[60.71443499 81.51271489 101.41216273 121.77066366 141.63623025 162.43414043 182.82138024 202.81856471 223.32724117 243.01669914],[1.16605118e+01 3.15349841e+02 1.52075860e-01 6.73452483e+01 1.16577651e-01 2.34804826e-01 1.81256216e-01 1.18563759e-01 1.79457256e-01 1.75722448e-01 1.45734547e-01 2.15990986e-01 2.37909352e-01 2.32982475e-01],__,315.9234362399938,0.13195187231233577,
20190211,527972677,1302,1549927481.724164,70.38367073278663,517.5348396149753,117.49092856675735,1549927480.0469143,309.5528464514324,[57.56211126 76.92691629 97.37849414 115.98584269 135.01313754 154.81590361 174.22705717 193.40763889 212.80815134 232.06816707 251.70058088 270.96472295],[1.75149461e+01 1.29492157e+02 9.95300024e-02 7.70072519e+01 3.40160948e-01 2.87597608e-01 4.39316165e-01 2.17051436e-01 4.82261983e-01 3.32834310e-01 2.79480652e-01 3.26927820e-01 4.12101121e-01 3.61544866e-01 3.97996841e-01 4.53100007e-01],__,309.5528464514324,0.10447760813995799,
20190320,534729457,1304,1553122941.8919716,46.76377979944959,296.1059726501303,119.70912461491366,1553122942.3921835,308.97105229212207,[37.22289676 74.99303371 92.27574916 112.51414039 130.10435161 149.20622776 167.27331105 185.89196706 205.0511954 221.66119156 242.8933006],[1.32814204e+01 7.97853384e+01 4.63542297e-02 8.82390369e+01 1.99000941e-01 1.10820951e-01 1.40963012e-01 1.25486597e-01 1.47451501e-01 9.57156745e-02 1.10468651e-01 1.31129483e-01 1.88011217e-01 1.72767615e-01 2.36959307e-01],__,308.97105229212207,0.23206868609708708,
20190320,534572584,1169,1553058653.0,80.58000830357561,3059.5449451881527,112.96151606239438,1553058653.1991975,309.9904353728974,[41.00222362 61.03762522 81.18933567 101.53232086 121.92404594 142.28187417 162.24670339 182.49548326 201.87187525 222.76455048 242.78153153 262.4708056],[2.54373829e+01 9.73022422e+02 1.22955817e-01 9.76926747e+01 1.74683315e-01 1.52552066e-01 7.54034926e-02 1.37796374e-01 1.78187369e-01 1.22888734e-01 9.19875170e-02 1.24443527e-01 1.62100474e-01 1.53059964e-01 1.49351804e-01 1.75794443e-01],__,309.9904353728974,0.10241101727498889,
20190320,534572584,1179,1553058756.280881,80.82457029159393,2676.8050482133895,113.47933738723366,1553058756.609393,312.0127390352521,[40.80620173 62.32421318 80.65600449 100.9809327 120.30596961 141.6013916 161.03309538 181.41813689 201.71440614 223.10950912 241.8491886 261.87418493],[2.53583160e+01 8.44810993e+02 9.49814344e-02 9.77587171e+01 1.66055243e-01 1.06799447e-01 6.94684454e-02 1.60591195e-01 1.13832836e-01 1.15493547e-01 8.53212335e-02 1.18786191e-01 1.67591198e-01 1.75095269e-01 1.66661258e-01 1.98957096e-01],__,312.0127390352521,0.1548764470441225,
20190320,534572584,1181,1553058778.0873795,80.466538673072,2416.182213453785,115.99754662358966,1553058780.6594887,309.24966713877234,[40.5643841 60.75822058 80.45043469 100.42469331 120.56130035 141.49632684 160.82014931 181.20104677 201.61350981 222.63009165 241.37930031 262.39445852],[2.54036287e+01 7.57358515e+02 9.23849251e-02 9.77830553e+01 1.41419075e-01 1.27461073e-01 7.96096936e-02 1.30515910e-01 1.11962365e-01 1.09097333e-01 8.96318983e-02 1.24641525e-01 1.80438006e-01 1.72266270e-01 1.66825291e-01 2.25509186e-01],__,309.24966713877234,0.0754179959178063,
20190320,534588276,1149,1553066900.2246053,71.25708268449037,2477.0433774248017,115.4157569460628,1553066902.5042713,309.36312219267666,[40.40524439 60.77907949 80.88865966 100.91284002 121.12755781 141.4635022 161.61160302 181.8559085 202.13006444 222.31822748 242.76888533 264.36432943],[2.26398681e+01 7.85355089e+02 4.56159860e-01 9.82095886e+01 1.59439240e-01 1.58333757e-01 1.54960212e-01 2.09970525e-01 2.50311319e-01 2.41145553e-01 2.61950044e-01 3.05914784e-01 3.53716126e-01 3.75108519e-01 3.95150563e-01 4.58752128e-01],__,309.36312219267666,0.035770027657705636,
20190320,534588276,1174,1553066630.6621485,79.763072824641,3112.7832448391882,111.8779759943526,1553066628.7651947,310.32137630548885,[41.21180312 61.03784396 81.28453514 101.55446261 121.74288118 142.37958972 162.45411268 182.74439764 202.80311865 223.10016483 242.7991386 262.58704112],[2.51438750e+01 9.83172581e+02 1.52808238e-01 9.77370086e+01 2.17666029e-01 1.15094286e-01 8.12163299e-02 1.20326484e-01 1.21764597e-01 1.29768996e-01 1.03565407e-01 1.51910297e-01 2.18331110e-01 2.28390289e-01 2.05553117e-01 2.89745622e-01],__,310.32137630548885,0.09042077178024234,
20190320,534588276,1179,1553066570.3917599,74.5159597065884,2045.8063773760734,115.73976604785716,1553066572.098278,312.3862439803088,[40.28847743 60.63900112 81.04883814 101.45637145 121.93250976 142.57462919 162.34880616 182.56662162 202.7371001 223.95047003 244.09606455 264.44119641],[2.34074107e+01 6.41866433e+02 7.87262844e-02 9.81379144e+01 1.71563245e-01 1.25171385e-01 6.69845537e-02 1.03692605e-01 1.08288347e-01 1.03880507e-01 8.07890096e-02 1.10584217e-01 1.50973222e-01 1.43263080e-01 1.33767796e-01 1.59862804e-01],__,312.3862439803088,0.09216443609526868,
20190303,531442120,1003,1551573609.5665557,57.324821315914726,1486.1310374084565,115.4955736531567,1551573607.7849004,311.3241157778103,[40.34251175 59.90201803 79.75833565 99.80748334 120.4209138 160.52240691 180.65147428 200.18046223 220.10495874 241.04160322],[1.80848562e+01 4.58808908e+02 1.21540497e-01 9.89008595e+01 1.93333490e-01 1.04623359e-01 1.26977116e-01 2.03840194e-01 8.91511674e-02 1.32748430e-01 1.10613232e-01 1.78038048e-01 2.07603491e-01 1.77701631e-01],__,311.3241157778103,0.05762882078814009,
20190303,531442120,1005,1551573639.6548305,56.59469341966341,765.2232741389982,116.28050441740122,1551573637.446334,309.5610082800832,[39.14908769 60.19711617 80.00707169 97.13815397 120.11732727 139.54067079 160.25414808 180.1775637 200.05423205 220.73136883 241.06076958 260.7727265],[1.43834361e+01 1.94326717e+02 5.81127351e-02 7.86945562e+01 1.35553246e-01 1.22239687e-01 1.12239291e-01 1.55690878e-01 8.35955204e-02 1.75394790e-01 1.25539590e-01 9.61913750e-02 1.57874196e-01 2.04168008e-01 1.76252527e-01 3.06648224e-01],__,309.5610082800832,0.10202429758960121,
20190303,531442120,1010,1551573709.4634714,55.288799972436905,1781.386727472458,115.99743567247862,1551573708.961001,311.01020605544204,[39.91059777 60.11207026 80.10800342 100.39164465 120.35449205 140.09201299 160.4377072 180.5795602 199.94951677 219.64260464 240.53972458],[1.75365584e+01 5.59701838e+02 1.42442464e-01 9.89409359e+01 1.04305589e-01 9.46974987e-02 9.34125659e-02 1.26998847e-01 8.11346533e-02 1.33910734e-01 1.16954484e-01 9.68590222e-02 1.53497583e-01 2.20644257e-01 1.68740044e-01],__,311.01020605544204,0.06167433126689006,
20190304,531754233,1008,1551736854.3160944,62.496854305065185,1414.4548037704076,52.92794594567395,1551736790.1800659,302.667919175094,[39.30778381 59.87803456 80.3713839 99.06459191 120.77234765 141.40424866 160.95801496 181.15999763 201.13348809 221.23400879 241.38407119 261.74770703],[1.34755072e+01 3.05690227e+02 1.68512968e-01 6.52504923e+01 2.09339242e-01 1.89140033e-01 1.42881603e-01 2.04762750e-01 1.19305900e-01 2.42606795e-01 1.88034983e-01 1.48884079e-01 2.23523373e-01 2.35395862e-01 2.18188259e-01 3.06479583e-01],__,302.667919175094,0.09644509648600003,
20190304,531754233,1009,1551736865.717862,64.4629189422044,1019.8941803410742,63.98441839514817,1551736811.6382804,312.87543208139897,[59.94543996 80.0417974 100.5673479 120.74395726 141.09875533 160.56537439 180.93994084 200.38867962 220.93414957 240.64883111 260.35756901],[1.49601366e+01 2.36963809e+02 7.59702703e-02 7.26048086e+01 1.58318026e-01 1.45774426e-01 2.04210633e-01 9.36611470e-02 2.13652306e-01 1.61361272e-01 1.27673052e-01 2.10611239e-01 2.39154566e-01 2.21380721e-01 2.86792915e-01],__,312.87543208139897,0.1306659546374211,
20190305,531772828,1020,1551744778.8067374,62.029857559936325,1279.948865021212,118.59633857034925,1551744780.0054755,311.6638347910179,[39.80498002 60.46202297 80.80242467 100.53987594 121.20276262 140.73183101 161.30960429 181.7210842 200.43179922 222.09803449 242.33828225],[1.96442399e+01 4.05086470e+02 8.13964112e-02 9.87206118e+01 1.14194506e-01 1.09574648e-01 9.23960180e-02 1.50534405e-01 8.02017270e-02 1.67962025e-01 1.31631386e-01 1.06222125e-01 1.65481927e-01 2.22179267e-01 2.18622324e-01],__,311.6638347910179,0.1012096824520982,
20190312,533223903,1001,1552432060.7689898,64.21770167103962,1145.265888216185,115.45813198449835,1552432058.7366993,309.6806259517989,[36.65230951 55.73729882 74.13038974 93.12059007 111.27803834 130.85066051 148.77878246 167.28570376 186.73200511 204.85269408 223.11898433 241.34576536 259.63247185],[1.45643414e+01 2.60903200e+02 8.54149365e-02 7.01927874e+01 3.09232316e-01 2.09491336e-01 1.39203602e-01 1.85626351e-01 1.00999520e-01 2.62146779e-01 2.03851340e-01 1.45927061e-01 1.93682099e-01 2.47630906e-01 2.30565087e-01 3.56202328e-01 2.48319419e-01],__,309.6806259517989,0.07761197343967213,
20190312,533223903,1002,1552432070.0215628,63.709450291292804,539.3306876692574,117.31169721500945,1552432068.6797886,306.73299148292165,[36.80155176 55.78610767 74.40290523 92.63009246 111.39066218 129.7918973 148.53773618 167.12932502 185.94202486 204.06833087 222.88672198 241.62692661 260.16825029 278.01258958],[1.64059339e+01 1.38781457e+02 4.00692758e-02 7.89945500e+01 1.84302658e-01 1.83225350e-01 1.44067526e-01 2.08883826e-01 9.46014399e-02 2.13734435e-01 1.67728579e-01 1.09295551e-01 1.43353022e-01 2.12332837e-01 1.77156822e-01 2.31775872e-01 2.01559963e-01 3.36881383e-01],__,306.73299148292165,0.06599334697856114,
20190313,533370431,1011,1552504769.5635824,65.47020124793272,391.04547287743816,118.64693952480253,1552504769.4587085,311.1750509836091,[54.31715421 73.0156746 110.7405854 128.26158299 146.97316874 166.01865649 183.54712974 199.0843525 220.51685668 239.33009348 257.06802292 275.28321415],[1.68717049e+01 1.00900165e+02 4.16660613e-02 8.01964215e+01 2.47977168e-01 2.15814551e-01 1.29843840e-01 2.94772631e-01 2.58184676e-01 1.71770293e-01 2.05994303e-01 3.03258720e-01 3.15418508e-01 3.87345570e-01 3.63751433e-01 5.00862830e-01],__,311.1750509836091,0.18798675131744105,
20190313,533387818,1023,1552508659.5953188,58.7876726899892,1365.4535791532287,117.27026629770089,1552508660.0569968,311.22291897349305,[37.63166903 55.81052685 75.15667296 113.09178963 152.39886043 169.94127753 188.36454335 205.25020143 226.24227457 246.93305028 262.39488799],[1.86509647e+01 4.32160798e+02 1.46967335e-01 9.88390251e+01 1.50982119e-01 1.91183823e-01 1.58917242e-01 1.08473186e-01 1.91393722e-01 1.55659189e-01 1.90315928e-01 2.47892994e-01 2.53149650e-01 3.17672736e-01 2.73704144e-01],__,311.22291897349305,0.14526079586363236,
