20190228,531038291,333173.40489458304,6913734.439835074,789.5362248228689,1551381023.1772912,7490.46,221.468142,178.5,1001,B737,
20190228,531038291,333041.4048945861,6914745.355514795,854.9697898249459,1551381022.1787138,7490.46,221.468142,178.5,1002,B737,
20190228,531038291,332922.404894589,6915656.711316966,820.2364950858959,1551381021.2784815,7490.46,221.468142,178.5,1003,B737,
20190228,531038291,330835.51988877734,6916343.269026707,959.261316511796,1551381241.6371458,8145.780000000001,221.468142,176.0,1004,B737,
20190228,531038291,330672.78108151193,6917309.162734655,1043.1316037057397,1551381242.0700614,10315.0416,248.476452,345.5,1005,B737,
20190228,531038291,330498.781081516,6918307.837796195,1150.1877300947801,1551381242.1683736,10315.0416,248.476452,345.5,1006,B737,
20190228,531038291,330329.78108152,6919277.815298498,1045.2230091696526,1551381242.2638607,10315.0416,248.476452,345.5,1007,B737,
20190228,531038291,330164.7810815239,6920224.834753407,885.9250625420003,1551381242.3570879,10315.0416,248.476452,345.5,1008,B737,
20190228,531038291,330002.78108152776,6921154.635672772,1263.3152736257484,1551381242.4486198,10315.0416,248.476452,345.5,1009,B737,
20190228,531038291,329840.7810815316,6922084.436592138,1565.4373331914621,1551381242.5401518,10315.0416,248.476452,345.5,1010,B737,
20190228,531038291,329685.7810815353,6922974.060928569,1953.9177607681556,1551381242.6277287,10315.0416,248.476452,345.5,1011,B737,
20190228,530999321,403287.31075986475,7028328.189623683,1537.1026050306461,1551368538.362062,8362.95,203.71982400000002,15.0,1150,B737,
20190228,530999321,403473.3107598603,7028926.98878022,747.3270602975186,1551368541.4706867,8362.95,203.71982400000002,15.0,1151,B737,
20190228,530999321,403644.3107598563,7029477.497682197,17.95982398457049,1551368544.328616,8362.95,203.71982400000002,15.0,1152,B737,
20190228,530999321,403894.31075985037,7030282.335258188,799.4012441342801,1551368548.5068748,8362.95,203.71982400000002,15.0,1153,B737,
20190228,530999321,404141.31075984455,7031077.514783267,1036.3294886905276,1551368552.6349947,8362.95,203.71982400000002,15.0,1154,B737,
20190228,530999321,404427.3107598378,7031998.2489702,1263.551293861981,1551368557.414923,8362.95,203.71982400000002,15.0,1155,B737,
20190228,530999321,404715.310759831,7032925.421857742,1233.665763664367,1551368562.2282772,8362.95,203.71982400000002,15.0,1156,B737,
20190228,530999321,405011.31075982394,7033878.349547715,1177.9366867571232,1551368567.175336,8362.95,203.71982400000002,15.0,1157,B737,
20190228,530999321,405312.31075981684,7034847.373989207,1041.9178542206844,1551368572.2059596,8362.95,203.71982400000002,15.0,1158,B737,
20190228,530999321,405611.3107598098,7035809.959730092,1331.7027082064924,1551368577.2031574,8362.95,203.71982400000002,15.0,1159,B737,
20190228,530999321,405844.31075980427,7036560.068350916,1815.5213673777337,1551368581.0972948,8362.95,203.71982400000002,15.0,1160,B737,
20190228,530999321,407513.98987411323,7041983.810780814,1853.2547118134175,1551368609.6458464,7722.870000000001,196.517608,15.0,1167,B737,
20190228,530999321,407800.9898741064,7042917.061212186,1897.7919294784463,1551368614.5658715,7722.870000000001,196.517608,15.0,1168,B737,
20190228,530999321,408126.98987409874,7043977.129646429,1628.1671437143918,1551368620.1544719,7722.870000000001,196.517608,15.0,1169,B737,
20190228,530999321,408385.98987409263,7044819.331255228,1787.4696856814817,1551368624.5944946,7722.870000000001,196.517608,15.0,1170,B737,
20190228,530999321,408651.98987408634,7045684.295069672,1719.5572621030683,1551368629.1545181,7722.870000000001,196.517608,15.0,1171,B737,
20190228,530999321,408918.98987408,7046552.510627779,1257.2664594105922,1551368633.7316844,7722.870000000001,196.517608,15.0,1172,B737,
20190228,530999321,409199.98987407336,7047466.2505971715,1007.3933878167986,1551368638.5488522,7722.870000000001,196.517608,15.0,1173,B737,
20190228,530999321,409447.9898740675,7048272.683025676,524.1542562476201,1551368642.8003025,7722.870000000001,196.517608,15.0,1174,B737,
20190228,530999321,409649.63882848807,7048932.141241171,176.5395156633468,1551368646.4578671,7078.9800000000005,189.57261400000002,15.0,1175,B737,
20190228,530999321,409957.6388284808,7049939.753193495,211.25377860610521,1551368652.0632515,7078.9800000000005,189.57261400000002,15.0,1176,B737,
20190228,530999321,410237.6388284742,7050855.764059244,168.76816464837225,1551368657.1590557,7078.9800000000005,189.57261400000002,15.0,1177,B737,
20190228,530999321,410530.6388284673,7051814.304000902,242.96996501626924,1551368662.4914508,7078.9800000000005,189.57261400000002,15.0,1178,B737,
20190228,530999321,410796.63882846094,7052684.514323364,476.94789051238416,1551368667.3324645,7078.9800000000005,189.57261400000002,15.0,1179,B737,
20190228,530999321,411107.6388284536,7053701.94067782,435.75192829777876,1551368672.992447,7078.9800000000005,189.57261400000002,15.0,1180,B737,
20190228,530999321,411378.6388284472,7054588.508337171,181.2357418958069,1551368677.9244573,7078.9800000000005,189.57261400000002,15.0,1181,B737,
20190228,530999321,411658.63882844057,7055504.51920292,90.61962284492526,1551368683.0202615,7078.9800000000005,189.57261400000002,15.0,1182,B737,
20190228,530999321,411952.63882843364,7056466.330611955,329.68923233050043,1551368688.3708558,7078.9800000000005,189.57261400000002,15.0,1183,B737,
20190228,530999321,412187.63882842805,7057235.125445709,817.0108727103516,1551368692.6476912,7078.9800000000005,189.57261400000002,15.0,1184,B737,
20190228,530999321,412399.63882842305,7057928.676529776,1544.342866476957,1551368696.505943,7078.9800000000005,189.57261400000002,15.0,1185,B737,
20190228,531063527,333070.61257521017,6922735.043176975,1730.2057171503714,1551393953.9110157,190.5,54.273842,164.0,1010,DH3T,
20190228,531063527,332875.6125752148,6923598.472917252,1297.4556195527528,1551393937.5113716,190.5,54.273842,164.0,1011,DH3T,
20190228,531063527,332656.61257522,6924568.170933256,981.4582540654543,1551393919.0933096,190.5,54.273842,164.0,1012,DH3T,
20190228,531063527,332660.7242856922,6925303.317802816,1102.875736986726,1551393908.445498,240.03,59.675504000000004,177.5,1013,DH3T,
20190228,531063527,332623.7108766998,6926504.798298096,1154.612526549201,1551393888.2282348,270.51,60.44717,165.0,1014,DH3T,
20190228,531063527,332173.85089468147,6927628.597933379,740.1951805432193,1551393867.8750825,281.94,60.189948,150.0,1015,DH3T,
20190228,531063527,331724.48320752964,6928474.737956276,464.44010068936876,1551393851.297644,300.99,60.704392,150.0,1016,DH3T,
20190228,531063527,331322.96984717116,6929280.893303662,98.79393797398441,1551393836.821706,308.61,60.44717,150.5,1017,DH3T,
20190228,531063527,330964.25671029073,6930061.644659522,428.77955740809966,1551393823.2836046,327.66,59.16106,153.0,1018,DH3T,
20190228,531063527,331783.3248377184,6931501.769342491,472.8600178930124,1551390318.5211427,803.9100000000001,51.701622,322.0,1019,DH3T,
20190228,531063527,331243.59652703506,6932238.503168117,11.556150948441337,1551390335.7437053,822.96,52.216066,319.0,1020,DH3T,
20190228,531063527,330785.84783353045,6932827.733572733,658.0895139358147,1551390350.3724077,842.01,52.473288000000004,318.5,1021,DH3T,
20190228,531063527,330447.12496403785,6933274.944827098,1467.7524251795894,1551390361.9296577,872.49,52.216066,319.5,1022,DH3T,
20190228,530898349,335589.45916240045,6941360.109216106,1809.139644511054,1551318308.2316787,8953.5,198.06094000000002,170.0,1030,nan,
20190228,530898349,335469.45916240325,6942448.22839886,1831.060556237131,1551318302.745088,8953.5,198.06094000000002,170.0,1031,nan,
20190228,530898349,335370.45916240563,6943345.926724631,1548.3977076602562,1551318298.2186508,8953.5,198.06094000000002,170.0,1032,nan,
20190228,530898349,335249.4591624085,6944443.1135672415,1531.2724279471477,1551318292.6863387,8953.5,198.06094000000002,170.0,1033,nan,
20190228,530898349,335153.45916241076,6945313.608913444,1268.6858398361842,1551318288.2970662,8953.5,198.06094000000002,170.0,1034,nan,
20190228,530898349,335081.45916241244,6945966.480423096,515.905617091424,1551318285.0051117,8953.5,198.06094000000002,170.0,1035,nan,
20190228,530898349,334969.45916241506,6946982.058327,385.19470113236827,1551318279.8842938,8953.5,198.06094000000002,170.0,1036,nan,
20190228,530898349,334867.4591624175,6947906.959632339,371.48575314951347,1551318275.220692,8953.5,198.06094000000002,170.0,1037,nan,
20190228,530898349,334762.45916242,6948859.063917248,253.6184049909378,1551318270.4199252,8953.5,198.06094000000002,170.0,1038,nan,
20190228,530898349,334663.45916242234,6949756.762243019,230.1365705260883,1551318265.893488,8953.5,198.06094000000002,170.0,1039,nan,
20190228,530898349,334553.4591624249,6950754.20482721,281.6942906170714,1551318260.864113,8953.5,198.06094000000002,170.0,1040,nan,
20190228,530898349,334443.4591624275,6951751.6474113995,380.8032972129296,1551318255.8347385,8953.5,198.06094000000002,170.0,1041,nan,
20190228,530898349,334334.9351404031,6952715.52862672,302.90810835426265,1551318251.0315363,9726.93,206.034822,170.0,1042,nan,
20190228,530898349,334224.9351404057,6953665.263656932,92.10278217005933,1551318246.37736,9726.93,206.034822,170.0,1043,nan,
20190228,530898349,334114.9351404083,6954614.9986871425,125.06005565421877,1551318241.7231836,9726.93,206.034822,170.0,1044,nan,
20190228,530898349,334013.9351404107,6955487.028123973,290.1124408462316,1551318237.4498036,9726.93,206.034822,170.0,1045,nan,
20190228,530898349,333921.9351404129,6956281.351967422,870.4912018269125,1551318233.5572197,9726.93,206.034822,170.0,1046,nan,
20190228,530898349,333841.93514041475,6956972.06835303,1617.9714342573848,1551318230.1723642,9726.93,206.034822,170.0,1047,nan,
20190228,530897718,401313.28662803373,7028293.589519192,1342.5602620752466,1551315312.4887066,10972.800000000001,242.560346,3.5,1148,nan,
20190228,530897718,401277.28662803455,7028665.899738954,464.8827007581513,1551315312.7913873,10972.800000000001,242.560346,3.5,1149,nan,
20190228,530897718,401271.2866280347,7028727.951442248,550.4980461844722,1551315312.841834,10972.800000000001,242.560346,3.5,1150,nan,
20190228,530897718,401244.28662803536,7029007.18410707,1522.4362507900282,1551315313.0688443,10972.800000000001,242.560346,3.5,1151,nan,
20190228,530897718,404495.72424759396,7066814.775647758,1894.2040522620164,1551315479.8630562,10972.800000000001,242.303124,145.5,1196,nan,
20190228,530897718,405633.2123886502,7069941.452302319,970.0884165592626,1551315508.0,10972.800000000001,241.78868,168.5,1199,nan,
20190228,530897718,405647.21238864993,7070586.786347693,650.8734408337017,1551315510.5706608,10972.800000000001,241.78868,168.5,1200,nan,
20190228,530897718,405669.2123886494,7071600.8827047115,516.5035924473035,1551315514.610271,10972.800000000001,241.78868,168.5,1201,nan,
20190228,530897718,405687.21238864894,7072430.597905906,94.42147257576339,1551315517.9154065,10972.800000000001,241.78868,168.5,1202,nan,
20190228,530897718,405709.2123886484,7073444.694262922,95.99822296796484,1551315521.9550164,10972.800000000001,241.78868,168.5,1203,nan,
20190228,530897718,405729.21238864795,7074366.600042031,19.2802980500681,1551315525.627389,10972.800000000001,241.78868,168.5,1204,nan,
20190228,530897718,405749.2123886475,7075288.505821136,399.25001537334305,1551315529.2997618,10972.800000000001,241.78868,168.5,1205,nan,
20190228,530897718,405769.212388647,7076210.411600241,760.7748889567885,1551315532.9721346,10972.800000000001,241.78868,168.5,1206,nan,
20190228,530897718,404058.05675499415,7076639.302645287,136.07407874100264,1551315507.15503,10972.800000000001,242.303124,2.0,1207,nan,
20190228,530897718,403818.72424760996,7077112.686666949,434.86526442506,1551315505.1451986,10972.800000000001,242.303124,145.5,1208,nan,
20190228,530897718,403769.05675500096,7077868.183593753,1029.8181758785922,1551315507.0,10972.800000000001,242.303124,2.0,1209,nan,
20190228,530908831,384315.920562615,7009963.496736325,1605.347661731198,1551320706.5307183,9448.800000000001,192.659278,197.0,1122,B739,
20190228,530908831,384630.9205626075,7010849.8615563195,1154.3443686740577,1551320701.678174,9448.800000000001,192.659278,197.0,1123,B739,
20190228,530908831,384903.92056260107,7011618.044400314,585.8187801441566,1551320697.4726355,9448.800000000001,192.659278,197.0,1124,B739,
20190228,530908831,385194.9205625942,7012436.876662594,117.75516365845586,1551320692.9898088,9448.800000000001,192.659278,197.0,1125,B739,
20190228,530908831,385512.92056258663,7013331.683052302,241.5283982504428,1551320688.0910497,9448.800000000001,192.659278,197.0,1126,B739,
20190228,530908831,385823.9205625793,7014206.792446012,549.293574936105,1551320683.300125,9448.800000000001,192.659278,197.0,1127,B739,
20190228,530908831,386093.9205625729,7014966.533720291,911.4479087927682,1551320679.1408012,9448.800000000001,192.659278,197.0,1128,B739,
20190228,530908831,386641.92056256,7016508.527121425,334.3148937588014,1551320670.6989145,9448.800000000001,192.659278,197.0,1130,B739,
20190228,530908831,386949.9205625527,7017375.194945419,665.093449372098,1551320665.9542046,9448.800000000001,192.659278,197.0,1131,B739,
20190228,530908831,387269.9205625451,7018275.62904827,1101.7128013830002,1551320661.0246356,9448.800000000001,192.659278,197.0,1132,B739,
20190228,530908831,387612.920562537,7019240.781852263,1269.936297744871,1551320655.740754,9448.800000000001,192.659278,197.0,1133,B739,
20190228,530908831,387910.1735124176,7020077.293859569,1166.447854021018,1551320651.089249,9448.800000000001,191.373168,197.0,1134,B739,
20190228,530908831,388220.17351241026,7020949.732138937,1257.7376813344415,1551320646.1919985,9448.800000000001,191.373168,197.0,1135,B739,
20190228,530908831,388557.1735124023,7021898.15697812,1784.324882331859,1551320640.8682134,9448.800000000001,191.373168,197.0,1136,B739,
20190228,530908831,404782.6345779874,7067519.711990161,1702.719328073226,1551320385.9024444,9448.800000000001,189.829836,197.0,1196,B739,
20190228,530908831,405101.6345779799,7068409.928727596,1643.5106289509838,1551320381.010409,9448.800000000001,189.829836,197.0,1197,B739,
20190228,530908831,405648.63457796694,7069936.413227212,953.8701710118571,1551320372.6218717,9448.800000000001,189.829836,197.0,1199,B739,
20190228,530908831,405923.6345779605,7070703.841449139,397.3287646328438,1551320368.4046,9448.800000000001,189.829836,197.0,1200,B739,
20190228,530908831,406227.63457795326,7071552.198465379,46.04936969150725,1551320363.7425973,9448.800000000001,189.829836,197.0,1201,B739,
20190228,530908831,406458.6345779478,7072196.838171797,719.6413495313346,1551320360.200089,9448.800000000001,189.829836,197.0,1202,B739,
20190228,530908831,406774.63457794033,7073078.682964994,1031.839094856904,1551320355.3540602,9448.800000000001,189.829836,197.0,1203,B739,
20190228,530908831,407062.6345779335,7073882.389611958,1437.2166705672844,1551320350.9374263,9448.800000000001,189.829836,197.0,1204,B739,
20190228,531018386,401900.1713883593,7027627.814373181,1997.1276035120563,1551374189.5957954,8496.300000000001,206.54926600000002,13.0,1148,nan,
20190228,531018386,402078.1713883551,7028266.476847492,1312.034869000151,1551374192.8970866,8496.300000000001,206.54926600000002,13.0,1149,nan,
20190228,531018386,402193.17138835235,7028679.095861794,388.2966055430157,1551374195.0299432,8496.300000000001,206.54926600000002,13.0,1150,nan,
20190228,531018386,402356.1713883485,7029263.938464675,419.6254343020211,1551374198.0530357,8496.300000000001,206.54926600000002,13.0,1151,nan,
20190228,531018386,402504.171388345,7029794.961196125,1201.4713132369448,1551374200.7979295,8496.300000000001,206.54926600000002,13.0,1152,nan,
20190228,531018386,407994.4955399006,7049401.5373750115,1543.912464521472,1551374302.0433996,7471.410000000001,191.115946,13.0,1175,nan,
20190228,531018386,408278.4955398939,7050413.642295735,1533.5117311326626,1551374307.338021,7471.410000000001,191.115946,13.0,1176,nan,
20190228,531018386,408537.4955398878,7051336.653473438,1598.0990552271378,1551374312.1665666,7471.410000000001,191.115946,13.0,1177,nan,
20190228,531018386,408808.4955398814,7052302.429647791,1547.0779829685391,1551374317.2188287,7471.410000000001,191.115946,13.0,1178,nan,
20190228,531018386,409056.4955398755,7053186.239578565,1334.178260800232,1551374321.842301,7471.410000000001,191.115946,13.0,1179,nan,
20190228,531018386,409343.4955398687,7054209.035748451,1399.9239509276445,1551374327.1928515,7471.410000000001,191.115946,13.0,1180,nan,
20190228,531018386,409592.49553986284,7055096.409428945,1675.7835683790793,1551374331.834967,7471.410000000001,191.115946,13.0,1181,nan,
20190228,531018386,409849.4955398568,7056012.293107206,1788.4363771605215,1551374336.6262264,7471.410000000001,191.115946,13.0,1182,nan,
20190228,531018386,410123.4955398503,7056988.760530721,1572.6659653828926,1551374341.7344177,7471.410000000001,191.115946,13.0,1183,nan,
20190228,531018386,410343.4955398451,7057772.785469311,1104.0104839528708,1551374345.835885,7471.410000000001,191.115946,13.0,1184,nan,
20190228,531018386,410543.21658193704,7058485.140546576,393.76661332464283,1551374349.6184776,6804.660000000001,184.685396,13.0,1185,nan,
20190228,531018386,410684.2165819337,7058990.445822664,423.29209038747007,1551374352.525322,6804.660000000001,184.685396,13.0,1186,nan,
20190228,531018386,410744.21658193227,7059205.469344403,1407.173702446891,1551374353.7622771,6804.660000000001,184.685396,13.0,1187,nan,
20190228,531018386,411177.216581922,7060757.222426288,1973.1330104788155,1551374362.6889696,6804.660000000001,184.685396,13.0,1189,nan,
20190228,531018386,411424.2165819162,7061642.4025907805,1805.8913385235296,1551374367.7811012,6804.660000000001,184.685396,13.0,1190,nan,
20190228,531035994,329487.1602531058,6920640.828678489,1572.2273843993335,1551383324.7472205,6964.68,192.9165,186.5,1008,nan,
20190228,531035994,329657.1602531018,6921640.5071763685,1613.4908586872316,1551383319.9297652,6964.68,192.9165,186.5,1009,nan,
20190228,531035994,329824.1602530978,6922622.544288991,1581.2845597194455,1551383315.197324,6964.68,192.9165,186.5,1010,nan,
20190228,531035994,329988.1602530939,6923586.940016356,1645.7199524030552,1551383310.5498965,6964.68,192.9165,186.5,1011,nan,
20190228,531035994,330163.1602530898,6924616.020822996,1558.6682357723244,1551383305.5907514,6964.68,192.9165,186.5,1012,nan,
20190228,531035994,330317.1602530862,6925521.61193284,1258.7745954683976,1551383301.226704,6964.68,192.9165,186.5,1013,nan,
20190228,531035994,330454.20262823574,6926435.383436858,1047.0952031804627,1551383297.2373683,7589.52,200.63316,186.5,1014,nan,
20190228,531035994,330601.20262823225,6927422.725679427,926.7206699976057,1551383292.9511263,7589.52,200.63316,186.5,1015,nan,
20190228,531035994,330740.202628229,6928356.335010837,574.929946145932,1551383288.898149,7589.52,200.63316,186.5,1016,nan,
20190228,531035994,330879.20262822567,6929289.944342246,359.70256364413115,1551383284.845172,7589.52,200.63316,186.5,1017,nan,
20190228,531035994,331027.2026282222,6930284.00319871,333.77835917889905,1551383280.5297718,7589.52,200.63316,186.5,1018,nan,
20190228,531035994,331173.20262821874,6931264.628827386,222.89217075947553,1551383276.272688,7589.52,200.63316,186.5,1019,nan,
20190228,531035994,331315.20262821537,6932218.38800048,81.3335416256361,1551383272.1322362,7589.52,200.63316,186.5,1020,nan,
20190228,531035994,331462.20262821193,6933205.73024305,159.62591769782864,1551383267.8459942,7589.52,200.63316,186.5,1021,nan,
20190228,531035994,331606.2026282085,6934172.922643933,5.666802351234242,1551383263.6472266,7589.52,200.63316,186.5,1022,nan,
20190228,531035994,331739.20262820536,6935066.232291972,417.56176450113173,1551383259.769198,7589.52,200.63316,186.5,1023,nan,
20190228,531035994,331868.2026282023,6935932.675484432,913.8209584007402,1551383256.007802,7589.52,200.63316,186.5,1024,nan,
20190228,531035994,332001.2026281992,6936825.985132471,1337.818956930203,1551383252.1297734,7589.52,200.63316,186.5,1025,nan,
20190228,531035994,332148.2026281957,6937813.327375041,1416.8073040234103,1551383247.8435314,7589.52,200.63316,186.5,1026,nan,
20190228,531035994,332290.2026281923,6938767.086548135,1278.1687270127666,1551383243.70308,7589.52,200.63316,186.5,1027,nan,
20190228,531035994,332434.65821455413,6939721.3806568,1109.5424742793996,1551383239.6144352,8214.36,208.34982,186.5,1028,nan,
20190228,531035994,332584.6582145506,6940591.739364987,770.4256805326123,1551383236.3011847,8214.36,208.34982,186.5,1029,nan,
20190228,531035994,332715.6582145475,6941351.852636804,1090.964352004051,1551383233.4076123,8214.36,208.34982,186.5,1030,nan,
20190228,531035994,332891.6582145433,6942373.073521076,769.3044294844452,1551383229.520065,8214.36,208.34982,186.5,1031,nan,
20190228,531035994,333052.6582145395,6943307.258534529,790.5555359658622,1551383225.9638429,8214.36,208.34982,186.5,1032,nan,
20190228,531035994,333234.6582145352,6944363.293767128,499.4109570322399,1551383221.9437654,8214.36,208.34982,186.5,1033,nan,
20190228,531035994,333388.65821453155,6945256.862040866,510.9781998173388,1551383218.5421617,8214.36,208.34982,186.5,1034,nan,
20190228,531035994,333531.6582145282,6946086.604009338,1051.8957877521577,1551383215.3835294,8214.36,208.34982,186.5,1035,nan,
20190228,531035994,333704.6582145241,6947090.417719446,894.9398196411199,1551383211.562247,8214.36,208.34982,186.5,1036,nan,
20190228,531035994,333849.71782787,6947962.348253217,654.8043078334093,1551383208.0106332,8869.68,213.49426,186.0,1037,nan,
20190228,531035994,333988.7178278667,6948913.516636753,527.373656178386,1551383203.2782235,8869.68,213.49426,186.0,1038,nan,
20190228,531035994,334131.71782786335,6949892.056772333,767.9586959370167,1551383198.4096296,8869.68,213.49426,186.0,1039,nan,
20190228,531035994,334273.71782786,6950863.753969901,565.3513274654417,1551383193.5750816,8869.68,213.49426,186.0,1040,nan,
20190228,531035994,334417.71782785654,6951849.137043493,408.2361749421445,1551383188.6724415,8869.68,213.49426,186.0,1041,nan,
20190228,531035994,334550.7178278534,6952759.247798962,86.4200669155521,1551383184.1443086,8869.68,213.49426,186.0,1042,nan,
20190228,531035994,334676.7178278504,6953621.457988354,364.24903925693496,1551383179.8544984,8869.68,213.49426,186.0,1043,nan,
20190228,531035994,334801.71782784746,6954476.825239736,819.2897845883517,1551383175.5987344,8869.68,213.49426,186.0,1044,nan,
20190228,531035994,334940.7178278442,6955427.993623271,644.9191177531656,1551383170.8663247,8869.68,213.49426,186.0,1045,nan,
20190228,531035994,335074.717827841,6956344.947316751,290.90145947779104,1551383166.3041456,8869.68,213.49426,186.0,1046,nan,
20190228,531035994,335198.7178278381,6957193.471630121,253.34028768032258,1551383162.0824277,8869.68,213.49426,186.0,1047,nan,
20190228,531035994,335294.7178278358,6957850.393679182,957.0066573474498,1551383158.8140008,8869.68,213.49426,186.0,1048,nan,
20190228,531035994,335434.7178278325,6958808.405000729,1241.1373909693252,1551383154.0475452,8869.68,213.49426,186.0,1049,nan,
20190228,531035994,335522.7178278304,6959410.583545701,1994.4684707845058,1551383151.0514874,8869.68,213.49426,186.0,1050,nan,
20190228,530927794,402870.49842009385,7028497.79175344,1089.458497460061,1551332261.262421,7936.2300000000005,211.179262,13.0,1150,B739,
20190228,530927794,403028.4984200901,7029077.574228541,278.0647869331527,1551332264.120132,7936.2300000000005,211.179262,13.0,1151,B739,
20190228,530927794,403172.4984200867,7029605.9835729385,506.95252677334224,1551332266.7246284,7936.2300000000005,211.179262,13.0,1152,B739,
20190228,530927794,403386.4984200816,7030391.258570861,1317.4425848099406,1551332270.5951993,7936.2300000000005,211.179262,13.0,1153,B739,
20190228,530927794,403602.4984200765,7031183.872587455,1583.4541333980667,1551332274.5019438,7936.2300000000005,211.179262,13.0,1154,B739,
20190228,530927794,403854.49842007057,7032108.58894015,1844.4657542643024,1551332279.0598125,7936.2300000000005,211.179262,13.0,1155,B739,
20190228,530927794,404110.4984200645,7033047.983330189,1848.7189641533346,1551332283.6900282,7936.2300000000005,211.179262,13.0,1156,B739,
20190228,530927794,404372.49842005834,7034009.394776244,1827.9741381199804,1551332288.4287646,7936.2300000000005,211.179262,13.0,1157,B739,
20190228,530927794,404640.498420052,7034992.823278315,1727.65313949054,1551332293.2760217,7936.2300000000005,211.179262,13.0,1158,B739,
20190228,530927794,408419.839496708,7048597.628141453,1602.4126107701438,1551332361.2526622,6743.700000000001,203.977046,14.5,1174,B739,
20190228,530927794,408623.8394967032,7049251.407104215,897.7993737952825,1551332364.6652198,6743.700000000001,203.977046,14.5,1175,B739,
20190228,530927794,408936.8394966958,7050254.509140217,856.977789526156,1551332369.9011538,6743.700000000001,203.977046,14.5,1176,B739,
20190228,530927794,409222.83949668903,7051171.081607618,893.9007249865152,1551332374.6854258,6743.700000000001,203.977046,14.5,1177,B739,
20190228,530927794,409521.83949668193,7052129.316459902,813.8734461758917,1551332379.6871645,6743.700000000001,203.977046,14.5,1178,B739,
20190228,530927794,409791.83949667553,7052994.612145911,574.6147462679818,1551332384.203785,6743.700000000001,203.977046,14.5,1179,B739,
20190228,530927794,410108.8394966681,7054010.533377261,609.6335503311868,1551332389.5066319,6743.700000000001,203.977046,14.5,1180,B739,
20190228,530927794,410385.8394966615,7054898.26265513,858.763441505245,1551332394.1403499,6743.700000000001,203.977046,14.5,1181,B739,
20190228,530927794,410670.83949665475,7055811.630323694,943.8355636599689,1551332398.9078937,6743.700000000001,203.977046,14.5,1182,B739,
20190228,530927794,410969.8394966477,7056769.865175977,698.9176221751694,1551332403.9096324,6743.700000000001,203.977046,14.5,1183,B739,
20190228,530927794,411208.83949664206,7057535.8120980365,206.9460376158567,1551332407.907678,6743.700000000001,203.977046,14.5,1184,B739,
20190228,530927794,411422.839496637,7058221.63904917,524.586357136556,1551332411.4875178,6743.700000000001,203.977046,14.5,1185,B739,
20190228,530927794,411571.83949663345,7058699.154075893,1357.2182230502513,1551332413.9800231,6743.700000000001,203.977046,14.5,1186,B739,
20190228,530999913,363586.9422371518,6977947.112990393,1822.7101090414108,1551371060.2200394,10367.01,225.06925,3.0,1082,nan,
20190228,530999913,363650.9422371503,6978849.17561673,1365.717651301798,1551371060.8752038,10367.01,225.06925,3.0,1083,nan,
20190228,530999913,363713.94223714876,6979737.143514531,876.848396069679,1551371061.5201316,10367.01,225.06925,3.0,1084,nan,
20190228,530999913,363782.81837708276,6980617.873856126,515.3885003330142,1551371063.0014026,10976.61,225.06925,3.0,1085,nan,
20190228,530999913,363862.8183770809,6981417.960671999,119.9965786960348,1551371066.6428666,10976.61,225.06925,3.0,1086,nan,
20190228,530999913,363954.8183770787,6982338.06051025,509.2131060066535,1551371070.8305502,10976.61,225.06925,3.0,1087,nan,
20190228,530999913,364034.8183770768,6983138.147326122,1034.1530938253095,1551371074.4720142,10976.61,225.06925,3.0,1088,nan,
20190228,530999913,364101.81837707525,6983808.220034414,1780.1961689572167,1551371077.5217404,10976.61,225.06925,3.0,1089,nan,
20190228,530913433,403313.6571273357,7028324.530831328,1563.3578309124564,1551323615.6076322,6088.38,152.018202,15.0,1150,DH8A,
20190228,530913433,403497.65712733136,7028923.3658337705,771.6549738662469,1551323619.6369913,6088.38,152.018202,15.0,1151,DH8A,
20190228,530913433,403665.6571273274,7029470.128227306,4.742666299814062,1551323623.3159711,6088.38,152.018202,15.0,1152,DH8A,
20190228,530913433,403912.6571273215,7030273.999127323,779.4074030850043,1551323628.7249477,6088.38,152.018202,15.0,1153,DH8A,
20190228,530913433,404156.8766668242,7031068.193201266,1018.7015510381232,1551323634.0585432,5974.08,157.162642,15.0,1154,DH8A,
20190228,530913433,404441.87666681746,7031992.085571873,1247.8145357320107,1551323640.2153761,5974.08,157.162642,15.0,1155,DH8A,
20190228,530913433,404727.8766668107,7032919.2196700955,1219.830575573069,1551323646.3938117,5974.08,157.162642,15.0,1156,DH8A,
20190228,530913433,405021.8766668037,7033872.287589247,1166.0493709036843,1551323652.745071,5974.08,157.162642,15.0,1157,DH8A,
20190228,530913433,405320.8766667967,7034841.56414648,1032.0151465066633,1551323659.2043447,5974.08,157.162642,15.0,1158,DH8A,
20190228,530913433,405617.87666678964,7035804.35724848,1323.776855929851,1551323665.6204126,5974.08,157.162642,15.0,1159,DH8A,
20190228,530913433,405848.87666678417,7036553.196327814,1809.1255570745857,1551323670.6106877,5974.08,157.162642,15.0,1160,DH8A,
20190228,530913433,407524.4388229081,7041980.894093834,1842.4102384957316,1551323706.677329,5703.570000000001,160.506528,15.0,1167,DH8A,
20190228,530913433,407813.4388229013,7042915.195439589,1885.3456108899404,1551323712.837567,5703.570000000001,160.506528,15.0,1168,DH8A,
20190228,530913433,408141.43882289354,7043975.578973872,1613.904401987499,1551323719.8291175,5703.570000000001,160.506528,15.0,1169,DH8A,
20190228,530913433,408401.4388228874,7044816.126897389,1771.7623085199914,1551323725.3712,5703.570000000001,160.506528,15.0,1170,DH8A,
20190228,530913433,408669.438822881,7045682.5378339365,1702.3629915368529,1551323731.0838084,5703.570000000001,160.506528,15.0,1171,DH8A,
20190228,530913433,408937.4388228747,7046548.948770485,1238.586307630621,1551323736.7964168,5703.570000000001,160.506528,15.0,1172,DH8A,
20190228,530913433,409219.43882286805,7047460.619979838,987.1489432532276,1551323742.807445,5703.570000000001,160.506528,15.0,1173,DH8A,
20190228,530913433,409469.4388228621,7048268.839137065,502.5226014039643,1551323748.1363707,5703.570000000001,160.506528,15.0,1174,DH8A,
20190228,530913433,409672.43882285734,7048925.1130927345,200.39801718138798,1551323752.4634583,5703.570000000001,160.506528,15.0,1175,DH8A,
20190228,530913433,409983.43882284994,7049930.537724325,238.61801003188197,1551323759.0926418,5703.570000000001,160.506528,15.0,1176,DH8A,
20190228,530913433,410262.00642009557,7050848.6031448245,194.1658620528662,1551323765.29511,5387.34,157.419864,15.0,1177,DH8A,
20190228,530913433,410552.00642008876,7051807.630232776,265.355236983193,1551323771.8018131,5387.34,157.419864,15.0,1178,DH8A,
20190228,530913433,410816.00642008247,7052680.675581805,496.5930259901881,1551323777.7251568,5387.34,157.419864,15.0,1179,DH8A,
20190228,530913433,411124.0064200752,7053699.228489007,452.1990118566066,1551323784.635724,5387.34,157.419864,15.0,1180,DH8A,
20190228,530913433,411392.00642006885,7054585.501797871,194.89480234962264,1551323790.6488152,5387.34,157.419864,15.0,1181,DH8A,
20190228,530913433,411669.00642006233,7055501.53801636,101.40725927999668,1551323796.8638384,5387.34,157.419864,15.0,1182,DH8A,
20190228,530913433,411960.00642005546,7056463.87209427,337.4537366161124,1551323803.3929784,5387.34,157.419864,15.0,1183,DH8A,
20190228,530913433,412193.00642004993,7057234.400754587,822.3573293202184,1551323808.6207778,5387.34,157.419864,15.0,1184,DH8A,
20190228,530913433,412404.0064200449,7057932.175635819,1547.5075011971317,1551323813.3549652,5387.34,157.419864,15.0,1185,DH8A,
20190228,531019266,389530.227432221,7017010.013378056,1958.8189153733376,1551374276.4201477,11582.2476,223.011474,1.5,1131,B737,
20190228,531019266,389586.22743221966,7017815.218193571,1281.5346165473152,1551374280.6329877,11582.2476,223.011474,1.5,1132,B737,
20190228,531019266,389652.22743221815,7018764.209583284,844.2297480652907,1551374285.598121,11582.2476,223.011474,1.5,1133,B737,
20190228,531019266,389713.2274322167,7019641.307685898,705.734901180656,1551374290.1871076,11582.2476,223.011474,1.5,1134,B737,
20190228,531019266,389773.22743221524,7020504.027131092,369.0855717816085,1551374294.7008648,11582.2476,223.011474,1.5,1135,B737,
20190228,531019266,389830.2274322139,7021323.610604025,408.92884288055336,1551374298.9889343,11582.2476,223.011474,1.5,1136,B737,
20190228,531019266,389876.22743221285,7021985.028845342,1098.5477092631686,1551374302.4494817,11582.2476,223.011474,1.5,1137,B737,
20190228,531019266,389918.22743221186,7022588.932456977,1841.892513126387,1551374305.6091118,11582.2476,223.011474,1.5,1138,B737,
20190228,531019266,395727.7851837448,7090378.683612252,1738.6467707098059,1551374731.83933,11582.400000000001,213.751482,2.0,1223,B737,
20190228,531019266,395804.51659432385,7091242.439896147,1319.3346390134197,1551374733.5395298,11582.400000000001,210.92204,3.0,1224,B737,
20190228,531019266,395864.5165943224,7091957.102485245,583.0566213621123,1551374736.0296674,11582.400000000001,210.92204,3.0,1225,B737,
20190228,531019266,395939.51659432065,7092850.430721616,256.6113955004687,1551374739.1423395,11582.400000000001,210.92204,3.0,1226,B737,
20190228,531019266,396018.5165943188,7093791.403130596,64.11833737803998,1551374742.4210205,11582.400000000001,210.92204,3.0,1227,B737,
20190228,531019266,396096.5165943169,7094720.464496423,165.39196476879502,1551374745.6581995,11582.400000000001,210.92204,3.0,1228,B737,
20190228,531019266,396189.5165943147,7095828.191509523,32.780348878926624,1551374749.5179129,11582.400000000001,210.92204,3.0,1229,B737,
20190228,531019266,396266.5165943129,7096745.341832198,86.25231900194355,1551374752.7135894,11582.400000000001,210.92204,3.0,1230,B737,
20190228,531019266,396328.51659431146,7097483.8265076,528.0494481735377,1551374755.2867315,11582.400000000001,210.92204,3.0,1231,B737,
20190228,531019266,396409.51659430953,7098448.621002882,848.4109689522705,1551374758.6484175,11582.400000000001,210.92204,3.0,1232,B737,
20190228,531019266,396482.5165943078,7099318.1271529505,1001.5503961236993,1551374761.6780849,11582.400000000001,210.92204,3.0,1233,B737,
20190228,531019266,396567.5165943058,7100330.565820839,1313.8628740824538,1551374765.2057798,11582.400000000001,210.92204,3.0,1234,B737,
20190228,531019266,396649.5165943039,7101307.271359272,1502.5017882277132,1551374768.6089678,11582.400000000001,210.92204,3.0,1235,B737,
20190228,531019266,396732.5165943019,7102295.887940857,1529.6195666665692,1551374772.0536582,11582.400000000001,210.92204,3.0,1236,B737,
20190228,531019266,398358.6307809639,7128393.85850115,1397.8517731996678,1551375181.932937,11582.400000000001,213.751482,1.5,1269,B737,
20190228,531019266,398416.6307809626,7129122.469373787,762.8946677184279,1551375182.8089476,11582.400000000001,213.751482,1.5,1270,B737,
20190228,531019266,398486.6307809609,7130001.82732352,302.3198805835015,1551375183.8662019,11582.400000000001,213.751482,1.5,1271,B737,
20190228,531019266,398672.4470252758,7130912.630600952,54.49989002141542,1551375130.6402173,11582.400000000001,213.751482,2.0,1272,B737,
20190228,531019266,399202.51659424347,7131716.1645253785,30.890584737147663,1551374874.564323,11582.400000000001,210.92204,3.0,1273,B737,
20190228,531019266,399277.5165942417,7132609.49276175,496.010504816923,1551374877.676995,11582.400000000001,210.92204,3.0,1274,B737,
20190228,531019266,399347.51659424003,7133443.265782364,1010.5696842986018,1551374880.5821557,11582.400000000001,210.92204,3.0,1275,B737,
20190228,531019266,399423.5165942383,7134348.505061887,1611.4104840047112,1551374883.73633,11582.400000000001,210.92204,3.0,1276,B737,
20190228,531019266,399563.51659423497,7136016.051103115,1848.3388628528241,1551374889.5466511,11582.400000000001,210.92204,3.0,1278,B737,
20190228,531019266,399651.5165942329,7137064.222900459,1615.094913690702,1551374893.1988528,11582.400000000001,210.92204,3.0,1279,B737,
20190228,531019266,399734.5165942309,7138052.839482044,1632.2044611906538,1551374896.6435432,11582.400000000001,210.92204,3.0,1280,B737,
20190228,531019266,399810.5165942291,7138958.078761567,1408.938745698875,1551374899.7977176,11582.400000000001,210.92204,3.0,1281,B737,
20190228,531019266,400327.51659421687,7145116.08807096,1753.0220075297966,1551374921.254403,11582.400000000001,210.92204,3.0,1288,B737,
20190228,531019266,400404.51659421506,7146033.238393635,1541.73947524956,1551374924.45008,11582.400000000001,210.92204,3.0,1289,B737,
20190228,531019266,400467.51659421355,7146783.634112188,1017.8474418156076,1551374927.0647242,11582.400000000001,210.92204,3.0,1290,B737,
20190228,531019266,400550.51659421163,7147772.250693773,599.5664592952032,1551374930.5094147,11582.400000000001,210.92204,3.0,1291,B737,
20190228,531019266,400635.5165942096,7148784.689361661,536.2152769415496,1551374934.0371096,11582.400000000001,210.92204,3.0,1292,B737,
20190228,531019266,400708.5165942079,7149654.195511729,600.5497979872578,1551374937.066777,11582.400000000001,210.92204,3.0,1293,B737,
20190228,531019266,400797.51659420575,7150714.278352224,453.88596421527586,1551374940.760481,11582.400000000001,210.92204,3.0,1294,B737,
20190228,531019266,400397.447025235,7151373.411887133,128.3461472479215,1551375109.0993097,11582.400000000001,213.751482,2.0,1295,B737,
20190228,531019266,400236.6307809195,7151985.776066862,314.8544079920503,1551375210.2975585,11582.400000000001,213.751482,1.5,1296,B737,
20190228,531019266,400320.63078091753,7153041.005606543,145.4866890819885,1551375211.5662637,11582.400000000001,213.751482,1.5,1297,B737,
20190228,531019266,400392.63078091585,7153945.488069125,98.49676278254438,1551375212.6537251,11582.400000000001,213.751482,1.5,1298,B737,
20190228,531019266,400467.6307809141,7154887.657300984,60.36302617958821,1551375213.7864976,11582.400000000001,213.751482,1.5,1299,B737,
20190228,531019266,400549.6307809121,7155917.7623278145,9.346122841188025,1551375215.0249956,11582.400000000001,213.751482,1.5,1300,B737,
20190228,531019266,400860.44702522404,7156865.204197568,97.4907761531979,1551375103.3176053,11582.400000000001,213.751482,2.0,1301,B737,
20190228,531019266,400699.63078090857,7157802.10079153,209.89196386813867,1551375217.2905405,11582.400000000001,213.751482,1.5,1302,B737,
20190228,531019266,400755.6307809073,7158505.587151316,673.9292384286204,1551375218.1363437,11582.400000000001,213.751482,1.5,1303,B737,
20190228,531019266,400863.6307809047,7159862.310845192,740.9039146903133,1551375219.7675362,11582.400000000001,213.751482,1.5,1304,B737,
20190228,531019266,400917.63078090345,7160540.672692128,1454.7499395300665,1551375220.5831323,11582.400000000001,213.751482,1.5,1305,B737,
20190228,531019266,400979.630780902,7161319.532590465,1666.155460111654,1551375221.5195575,11582.400000000001,213.751482,1.5,1306,B737,
20190228,531039175,405964.2715009355,7029639.880502899,1367.9695946355905,1551382516.8701468,8633.460000000001,206.034822,15.0,1153,B737,
20190228,531039175,406208.20077233255,7030437.561349023,1127.3709898999232,1551382520.680249,7585.71,219.92481,15.0,1154,B737,
20190228,531039175,406491.20077232586,7031363.234285838,895.8273063701205,1551382525.0934289,7585.71,219.92481,15.0,1155,B737,
20190228,531039175,406775.2007723191,7032292.17815176,921.3656346790841,1551382529.522203,7585.71,219.92481,15.0,1156,B737,
20190228,531039175,407066.20077231224,7033244.018521418,972.6404035129175,1551382534.0601373,7585.71,219.92481,15.0,1157,B737,
20190228,531039175,407363.2007723052,7034215.484465709,1104.1213096336187,1551382538.6916368,7585.71,219.92481,15.0,1158,B737,
20190228,531039175,407658.20077229827,7035180.408551789,809.8223259780149,1551382543.291948,7585.71,219.92481,15.0,1159,B737,
20190228,531039175,407886.20077229285,7035926.180387811,322.5045425573876,1551382546.8474429,7585.71,219.92481,15.0,1160,B737,
20190228,531039175,408148.2007722867,7036783.163813414,264.59438344277186,1551382550.933143,7585.71,219.92481,15.0,1161,B737,
20190228,531039175,408372.2007722814,7037515.851933014,849.5335014110248,1551382554.4262607,7585.71,219.92481,15.0,1162,B737,
20190228,531039175,408549.2007722772,7038094.806384662,1432.7477870328391,1551382557.1864474,7585.71,219.92481,15.0,1163,B737,
20190228,531039175,408787.20077227155,7038873.287511737,1253.2078358105678,1551382560.8978848,7585.71,219.92481,15.0,1164,B737,
20190228,531039175,409033.2007722657,7039677.936071655,441.6273292136644,1551382564.7340767,7585.71,219.92481,15.0,1165,B737,
20190228,531039175,409282.20077225985,7040492.397418887,38.82587106843668,1551382568.6170511,7585.71,219.92481,15.0,1166,B737,
20190228,531039175,409547.20077225356,7041359.193631808,273.74336121555996,1551382572.7495341,7585.71,219.92481,15.0,1167,B737,
20190228,531039175,409832.2007722468,7042291.408426834,227.5936734304415,1551382577.1939025,7585.71,219.92481,15.0,1168,B737,
20190228,531039175,410159.0187492381,7043351.013525771,498.13547081650086,1551382582.244364,6480.81,219.153144,15.0,1169,B737,
20190228,531039175,410420.01874923194,7044193.106779512,340.7762304787496,1551382586.2575345,6480.81,219.153144,15.0,1170,B737,
20190228,531039175,410688.0187492256,7045057.78490979,410.68926022793727,1551382590.3783379,6480.81,219.153144,15.0,1171,B737,
20190228,531039175,410957.01874921925,7045925.689451002,874.9783405900903,1551382594.5145175,6480.81,219.153144,15.0,1172,B737,
20190228,531039175,411239.01874921256,7046835.537334354,1126.9542742014548,1551382598.8505867,6480.81,219.153144,15.0,1173,B737,
20190228,531039175,411489.0187492067,7047642.140067822,1612.0588737334042,1551382602.69462,6480.81,219.153144,15.0,1174,B737,
20190228,530828842,332596.7562625504,6918286.611176601,1973.1450205206447,1551313918.5824711,10355.58,239.473682,291.0,1004,B789,
20190228,530828842,332152.7562625609,6918487.48050417,1097.5460332377866,1551313920.638166,10355.58,239.473682,291.0,1005,B789,
20190228,530828842,331713.75626257126,6918686.087789762,199.02258736839843,1551313922.6707113,10355.58,239.473682,291.0,1006,B789,
20190228,530828842,331129.7562625851,6918950.294292689,557.1566030415594,1551313925.3745983,10355.58,239.473682,291.0,1007,B789,
20190228,530828842,330517.6932736754,6919226.947102659,1263.1740719279783,1551313928.1908433,10355.58,237.93035,291.0,1008,B789,
20190228,531074416,373121.0387615099,6994994.071705484,1586.5992585971628,1551395355.0286574,8839.2,227.127026,197.5,1103,nan,
20190228,531074416,373530.03876150015,6996112.147021149,1442.7739078900836,1551395349.6993525,8839.2,227.127026,197.5,1104,nan,
20190228,531074416,373841.0387614928,6996962.321649931,1306.4629325712099,1551395345.6469963,8839.2,227.127026,197.5,1105,nan,
20190228,531074416,374192.03876148455,6997921.843497849,1026.5357951012368,1551395341.0734363,8839.2,227.127026,197.5,1106,nan,
20190228,531074416,374523.0387614767,6998826.691736199,638.4749711364674,1551395336.7604783,8839.2,227.127026,197.5,1107,nan,
20190228,531074416,374835.0387614693,6999679.600045459,506.6167904162248,1551395332.6950917,8839.2,227.127026,197.5,1108,nan,
20190228,531074416,375164.03876146156,7000578.980922852,276.65542880177577,1551395328.4081936,8839.2,227.127026,197.5,1109,nan,
20190228,531074416,375468.03876145434,7001410.019788286,118.08245282697463,1551395324.4470477,8839.2,227.127026,197.5,1110,nan,
20190228,531074416,375770.0387614472,7002235.591292761,473.88386888668657,1551395320.5119622,8839.2,227.127026,197.5,1111,nan,
20190228,531074416,376134.0387614386,7003230.650986899,656.6369394579731,1551395315.769011,8839.2,227.127026,197.5,1112,nan,
20190228,531074416,376419.0387614319,7004009.749923242,1242.6840426091042,1551395312.0554368,8839.2,227.127026,197.5,1113,nan,
20190228,531074416,376698.05389900255,7004769.529689071,1363.9360186183608,1551395308.493487,8839.2,228.155914,197.5,1114,nan,
20190228,531074416,377014.0538989951,7005628.651484294,1829.3398051832796,1551395304.493499,8839.2,228.155914,197.5,1115,nan,
20190228,531074416,403250.19936386857,7076885.533082324,1875.6316091417873,1551394974.9272783,8747.76,236.387018,198.5,1206,nan,
20190228,531074416,403294.1993638675,7077003.981120103,956.231669434315,1551394974.3772492,8747.76,236.387018,198.5,1207,nan,
20190228,531074416,403332.1993638666,7077106.277152731,55.44664279241206,1551394973.9022238,8747.76,236.387018,198.5,1208,nan,
20190228,531074416,403509.1993638624,7077582.761304708,821.8356522881345,1551394971.6896064,8747.76,236.387018,198.5,1209,nan,
20190228,530922853,367732.9541989393,6982951.770972519,1979.656328816051,1551329398.2281215,6404.610000000001,132.726552,197.0,1089,DH8A,
20190228,530922853,368068.95419893134,6983874.607311786,1744.308495126838,1551329391.0033271,6404.610000000001,132.726552,197.0,1090,DH8A,
20190228,530922853,368410.95419892325,6984813.922871396,1876.8972785712294,1551329383.6495187,6404.610000000001,132.726552,197.0,1091,DH8A,
20190228,530922853,368752.95419891516,6985753.238431007,1908.6156099533528,1551329376.2957103,6404.610000000001,132.726552,197.0,1092,DH8A,
20190228,530922853,369326.9541989016,6987329.750510587,1874.1066248147797,1551329363.9533534,6404.610000000001,132.726552,197.0,1094,DH8A,
20190228,530922853,369708.9541988926,6988378.927539159,1471.9987077642502,1551329355.7394502,6404.610000000001,132.726552,197.0,1095,DH8A,
20190228,530922853,370019.95419888524,6989233.1004603235,1376.8261071378895,1551329349.052215,6404.610000000001,132.726552,197.0,1096,DH8A,
20190228,530922853,370361.95419887715,6990172.416019934,1517.023211983872,1551329341.6984067,6404.610000000001,132.726552,197.0,1097,DH8A,
20190228,530922853,370705.45653531054,6991118.416878145,1612.2714645268431,1551329334.1164806,6404.610000000001,132.983774,197.0,1098,DH8A,
20190228,530922853,371026.4565353029,6992004.844976061,1909.4274377990928,1551329326.847718,6404.610000000001,132.983774,197.0,1099,DH8A,
20190228,530922853,371345.4565352954,6992885.750157477,1519.1910082938248,1551329319.6242435,6404.610000000001,132.983774,197.0,1100,DH8A,
20190228,530922853,371646.4565352883,6993716.949090413,1190.6256100236053,1551329312.8083634,6404.610000000001,132.983774,197.0,1101,DH8A,
20190228,530922853,372228.4565352745,6995324.117791305,634.9633454513246,1551329299.6294854,6404.610000000001,132.983774,197.0,1103,DH8A,
20190228,530922853,372633.45653526497,6996442.508382132,487.2671765102646,1551329290.4586167,6404.610000000001,132.983774,197.0,1104,DH8A,
20190228,530922853,372941.45653525763,6997293.0375228105,348.02278732257986,1551329283.4842277,6404.610000000001,132.983774,197.0,1105,DH8A,
20190228,530922853,373289.4565352494,6998254.024993448,64.78009598758798,1551329275.6040738,6404.610000000001,132.983774,197.0,1106,DH8A,
20190228,530922853,373616.4801486508,6999156.290168392,326.1429834378712,1551329268.3977985,6400.8,132.46933,197.0,1107,DH8A,
20190228,530922853,373926.4801486435,7000011.177106424,460.5574336488181,1551329261.6689138,6400.8,132.46933,197.0,1108,DH8A,
20190228,530922853,374252.48014863575,7000910.187241257,693.2097359336107,1551329254.592732,6400.8,132.46933,197.0,1109,DH8A,
20190228,530922853,374553.48014862865,7001740.254881089,1090.4357494903684,1551329248.059202,6400.8,132.46933,197.0,1110,DH8A,
20190228,530922853,374853.48014862154,7002567.56482112,1448.7097964191048,1551329241.547378,6400.8,132.46933,197.0,1111,DH8A,
20190228,530922853,375214.480148613,7003563.094448957,1634.4418853082777,1551329233.7114832,6400.8,132.46933,197.0,1112,DH8A,
20190228,530922853,402154.7727866309,7077531.182954739,1307.1934969879212,1551328614.9797904,6400.8,123.981004,197.5,1208,DH8A,
20190228,530922853,402329.77278662677,7078016.637763241,434.89096897813533,1551328610.8003666,6400.8,123.981004,197.5,1209,DH8A,
20190228,530922853,402697.40837350185,7079034.512237187,1217.877261482436,1551328602.0748258,6400.8,123.46656,197.5,1211,DH8A,
20190228,530922853,402948.4083734959,7079727.845725373,1964.5376465923437,1551328596.162411,6400.8,123.46656,197.5,1212,DH8A,
20190228,530894868,403710.2023020295,7028154.998400638,1992.7105652390726,1551314206.2573278,3048.0,185.19984,16.0,1150,B739,
20190228,530894868,403913.2023020247,7028767.535620062,1214.9376449238243,1551314209.6852162,3048.0,185.19984,16.0,1151,B739,
20190228,530894868,404099.2023020203,7029328.776619139,460.63807973228234,1551314212.8260403,3048.0,185.19984,16.0,1152,B739,
20190228,530894868,404368.20230201393,7030140.463870493,304.823000408799,1551314217.3684149,3048.0,185.19984,16.0,1153,B739,
20190228,530894868,404631.2023020077,7030934.046573489,526.0212125462683,1551314221.8094726,3048.0,185.19984,16.0,1154,B739,
20190228,530894868,404936.2023020005,7031854.361114986,734.9947940628284,1551314226.9597485,3048.0,185.19984,16.0,1155,B739,
20190228,530894868,405242.20230199327,7032777.69308121,686.8008467992413,1551314232.1269104,3048.0,185.19984,16.0,1156,B739,
20190228,530894868,405555.2023019858,7033722.147020518,612.3269318075096,1551314237.4122758,3048.0,185.19984,16.0,1157,B739,
20190228,530894868,405873.2023019783,7034681.688083457,457.2171257637871,1551314242.7820716,3048.0,185.19984,16.0,1158,B739,
20190228,530894868,406192.2023019708,7035644.246571122,727.9208105080645,1551314248.1687536,3048.0,185.19984,16.0,1159,B739,
20190228,530894868,406441.2023019649,7036395.58532795,1196.8967102163367,1551314252.3734052,3048.0,185.19984,16.0,1160,B739,
20190228,530894868,406655.9697088036,7037043.629811747,1777.7187513791514,1551314256.0,2975.61,184.685396,15.5,1161,B739,
20190228,530894868,407503.3704319387,7041974.002191029,1860.5556454320574,1551314272.4666843,2903.2200000000003,184.170952,15.0,1167,B739,
20190228,530894868,407786.370431932,7042911.477389592,1910.147638557114,1551314277.5620983,2903.2200000000003,184.170952,15.0,1168,B739,
20190228,530894868,408107.37043192436,7043974.832650153,1646.2601582590498,1551314283.341702,2903.2200000000003,184.170952,15.0,1169,B739,
20190228,530894868,408361.37043191836,7044816.241485613,1810.1195229964362,1551314287.9149709,2903.2200000000003,184.170952,15.0,1170,B739,
20190228,530894868,408627.6330953504,7045690.195629603,1744.5744599128652,1551314292.8754208,2903.2200000000003,183.91373000000002,15.0,1171,B739,
20190228,530894868,408892.6330953441,7046557.6538897455,1283.9750181818536,1551314297.8607922,2903.2200000000003,183.91373000000002,15.0,1172,B739,
20190228,530894868,409171.63309533754,7047470.940133442,1035.8795322894414,1551314303.1095414,2903.2200000000003,183.91373000000002,15.0,1173,B739,
20190228,530894868,409419.4324333989,7048281.514597316,554.0458736091778,1551314307.76568,2903.2200000000003,183.91373000000002,15.0,1174,B739,
20190228,530894868,409621.43243339413,7048939.8958824985,147.29944578341699,1551314311.5380547,2903.2200000000003,183.91373000000002,15.0,1175,B739,
20190228,530894868,409930.43243338686,7049947.023690029,183.1076765527245,1551314317.3086672,2903.2200000000003,183.91373000000002,15.0,1176,B739,
20190228,530894868,410212.99852133455,7050863.329946311,142.99317313173842,1551314322.532841,2903.2200000000003,184.170952,15.0,1177,B739,
20190228,530894868,410508.99852132756,7051820.8945742715,220.34836792586574,1551314327.9793043,2903.2200000000003,184.170952,15.0,1178,B739,
20190228,530894868,410777.1648574431,7052688.545481561,457.1524662693731,1551314332.9355407,2903.2200000000003,184.428174,15.0,1179,B739,
20190228,530894868,411091.1648574357,7053704.728715821,419.19197501260334,1551314338.7793844,2903.2200000000003,184.428174,15.0,1180,B739,
20190228,530894868,411365.9459651105,7054593.900492112,167.51781474409472,1551314343.8830128,2903.2200000000003,184.685396,15.0,1181,B739,
20190228,530894868,411647.9459651038,7055505.999448833,79.95508032794075,1551314349.0707126,2903.2200000000003,184.685396,15.0,1182,B739,
20190228,530894868,411944.9459650968,7056466.614307506,322.2554558864024,1551314354.5343542,2903.2200000000003,184.685396,15.0,1183,B739,
20190228,530894868,412181.97687561845,7057232.649499222,812.3252515213288,1551314358.977337,2907.03,184.685396,15.0,1184,B739,
20190228,530894868,412395.9768756134,7057923.529781067,1542.352100049513,1551314363.08559,2907.03,184.685396,15.0,1185,B739,
20190228,531075097,399691.3429417887,7158333.371361383,1810.9415920827935,1551396019.6732547,224.79000000000002,49.386624,230.5,1301,nan,
20190228,531075097,399980.0156007025,7158542.89114308,885.0672052352254,1551396013.8760839,232.41000000000003,49.901068,232.0,1302,nan,
20190228,531075097,400058.01560070063,7158597.923890398,45.53477122956289,1551396011.9864929,232.41000000000003,49.901068,232.0,1303,nan,
20190228,531075097,400274.28062164417,7159655.447392638,305.77945034775854,1551396153.098898,19.05,9.774436,57.5,1304,nan,
20190228,531075097,400084.1705079012,7159545.391719545,1273.969035393947,1551396140.3059113,49.53,26.751088,58.5,1305,nan,
20190228,530893864,333506.2365936803,6923609.988776494,1919.2328575985348,1551316085.7002604,198.12,60.961614000000004,147.0,1011,C185,
20190228,530893864,333346.23659368407,6924615.224382677,1667.8740526395213,1551316068.9433067,198.12,60.961614000000004,147.0,1012,C185,
20190228,530893864,333194.2365936877,6925570.198208551,1657.0750726521983,1551316053.024201,198.12,60.961614000000004,147.0,1013,C185,
20190228,530893864,333041.2365936913,6926531.454756963,1570.459240509055,1551316037.000364,198.12,60.961614000000004,147.0,1014,C185,
20190228,530893864,332886.23659369495,6927505.276750453,1385.942407996392,1551316020.7670653,198.12,60.961614000000004,147.0,1015,C185,
20190228,530893864,332665.52396248566,6928665.088522275,1413.9248307701455,1551316001.4356234,259.08000000000004,64.56272200000001,158.5,1016,C185,
20190228,530893864,332233.11715482414,6929708.8952314565,1104.513908924386,1551315983.45683,289.56,63.791056000000005,152.5,1017,C185,
20190228,530893864,331877.5253610343,6930473.283091833,573.0195099917659,1551315970.6418023,320.04,62.762168,151.5,1018,C185,
20190228,530893864,331497.81568665104,6931281.9965709215,114.65255605586911,1551315955.0771916,335.28000000000003,62.504946000000004,151.5,1019,C185,
20190228,530893864,331099.72031512327,6932175.967306969,145.88554674014955,1551315940.326584,350.52000000000004,62.762168,154.0,1020,C185,
20190228,530893864,330765.72480039496,6933021.146534538,579.0065999534506,1551315926.9334486,365.76,62.247724,155.0,1021,C185,
20190228,530893864,331770.6672666167,6934361.013287666,249.4797680685541,1551312198.235733,1219.2,55.817174,275.0,1022,C185,
20190228,530893864,331677.6672666189,6934438.74781976,741.0737081147607,1551312200.6343691,1219.2,55.817174,275.0,1023,C185,
20190228,530893864,331652.6672666195,6934459.644199355,1745.7159988461246,1551312201.2791638,1219.2,55.817174,275.0,1024,C185,
20190228,531051334,375793.56885205593,6998337.256153042,1999.9495813990839,1551397461.958183,7608.570000000001,127.58211200000001,198.0,1107,PC12,
20190228,531051334,376116.5688520483,6999188.655571026,1878.9311396742257,1551397454.791125,7608.570000000001,127.58211200000001,198.0,1108,PC12,
20190228,531051334,376456.5688520403,7000084.865484693,1660.3884327388091,1551397447.2468534,7608.570000000001,127.58211200000001,198.0,1109,PC12,
20190228,531051334,376772.5688520328,7000917.8135221,1276.2217828041064,1551397440.2351186,7608.570000000001,127.58211200000001,198.0,1110,PC12,
20190228,531051334,377086.0362465479,7001744.123334346,930.9167438379415,1551397433.26418,7608.570000000001,126.296002,198.0,1111,PC12,
20190228,531051334,377462.03624653904,7002735.66032998,760.6379383947565,1551397424.7427585,7608.570000000001,126.296002,198.0,1112,PC12,
20190228,531051334,377758.036246532,7003516.232007393,184.38448676654292,1551397418.0344055,7608.570000000001,126.296002,198.0,1113,PC12,
20190228,531051334,378045.03624652524,7004273.070086506,71.62541561749003,1551397411.5300229,7608.570000000001,126.296002,198.0,1114,PC12,
20190228,531051334,378371.0362465175,7005132.753758252,384.6028608186359,1551397404.1417692,7608.570000000001,126.296002,198.0,1115,PC12,
20190228,531051334,378678.25181926874,7005942.848253147,687.1915112165973,1551397397.1926258,7608.570000000001,126.03878,198.0,1116,PC12,
20190228,531051334,378986.25181926147,7006754.610636666,738.2626096486621,1551397390.3262076,7608.570000000001,126.03878,198.0,1117,PC12,
20190228,531051334,379367.25181925244,7007758.7712474475,933.1421415048546,1551397381.8323593,7608.570000000001,126.03878,198.0,1118,PC12,
20190228,531051334,379721.25181924406,7008691.770870063,1140.1852880914812,1551397373.9404373,7608.570000000001,126.03878,198.0,1119,PC12,
20190228,531051334,380084.25181923545,7009648.490822068,1406.250330610858,1551397365.8478732,7608.570000000001,126.03878,198.0,1120,PC12,
20190228,531051334,380403.25181922794,7010489.244719285,1816.421708017373,1551397358.736226,7608.570000000001,126.03878,198.0,1121,PC12,
20190228,531051334,404195.86200131394,7073110.653892808,1721.4879009263582,1551396837.1238806,7616.1900000000005,127.067668,199.0,1202,PC12,
20190228,531051334,404553.8620013055,7073957.756836024,1357.4876799635006,1551396833.3221123,7616.1900000000005,127.067668,199.0,1203,PC12,
20190228,531051334,404875.8620012979,7074719.676243049,905.181026242858,1551396829.9026446,7616.1900000000005,127.067668,199.0,1204,PC12,
20190228,531051334,405162.8620012911,7075398.778323224,204.50213521953586,1551396826.8548584,7616.1900000000005,127.067668,199.0,1205,PC12,
20190228,531051334,405438.86200128455,7076051.852100675,466.7972904627515,1551396823.923886,7616.1900000000005,127.067668,199.0,1206,PC12,
20190228,531051334,405471.8620012838,7076129.937008849,1390.8217744643257,1551396823.5734437,7616.1900000000005,127.067668,199.0,1207,PC12,
20190228,530899003,335241.79343959957,6936885.1191385025,1934.6627558590183,1551318345.8361907,8763.0,198.06094000000002,171.5,1025,nan,
20190228,530899003,335117.7934396025,6937815.449091638,1582.637474120491,1551318341.1851866,8763.0,198.06094000000002,171.5,1026,nan,
20190228,530899003,334990.7934396055,6938768.287027511,1449.5767178692922,1551318336.4216583,8763.0,198.06094000000002,171.5,1027,nan,
20190228,530899003,334864.7934396085,6939713.622302472,1348.6784668682665,1551318331.695638,8763.0,198.06094000000002,171.5,1028,nan,
20190228,530899003,334739.79343961144,6940651.45491652,1408.522352700028,1551318327.0071259,8763.0,198.06094000000002,171.5,1029,nan,
20190228,530899003,334655.7934396134,6941281.678433161,872.722902701088,1551318323.8564456,8763.0,198.06094000000002,171.5,1030,nan,
20190228,530899003,334512.7934396168,6942354.558943631,870.0363106066332,1551318318.4927876,8763.0,198.06094000000002,171.5,1031,nan,
20190228,530899003,334393.79343961965,6943247.375592206,566.9438169376566,1551318314.029324,8763.0,198.06094000000002,171.5,1032,nan,
20190228,530899003,334246.7934396231,6944350.266746325,524.6391486471123,1551318308.5156338,8763.0,198.06094000000002,171.5,1033,nan,
20190228,530899003,334132.7934396258,6945205.570090337,242.41271020726828,1551318304.2397106,8763.0,198.06094000000002,171.5,1034,nan,
20190228,530899003,334047.7934396278,6945843.296267889,525.1169597628325,1551318301.0515223,8763.0,198.06094000000002,171.5,1035,nan,
20190228,530899003,333913.793439631,6946848.652830149,678.9221944404981,1551318296.0254374,8763.0,198.06094000000002,171.5,1036,nan,
20190228,530899003,333792.6827423025,6947774.963973657,711.4875058458398,1551318291.6390758,9448.800000000001,203.20538,171.5,1037,nan,
20190228,530899003,333670.68274230533,6948722.390120988,846.7897267840171,1551318287.3471708,9448.800000000001,203.20538,171.5,1038,nan,
20190228,530899003,333555.68274230807,6949615.455751669,1346.8809555660935,1551318283.3015225,9448.800000000001,203.20538,171.5,1039,nan,
20190228,530899003,333428.6827423111,6950601.7108394625,1416.6815888299047,1551318278.8337195,9448.800000000001,203.20538,171.5,1040,nan,
20190228,530899003,333300.6827423141,6951595.7317153495,1534.0587773891987,1551318274.330737,9448.800000000001,203.20538,171.5,1041,nan,
20190228,530899003,333176.68274231703,6952558.689438866,1471.6130282347115,1551318269.968473,9448.800000000001,203.20538,171.5,1042,nan,
20190228,530899003,333053.68274231994,6953513.881374288,1273.0829283503717,1551318265.6413882,9448.800000000001,203.20538,171.5,1043,nan,
20190228,530899003,332931.68274232285,6954461.307521619,1068.1554685374829,1551318261.349483,9448.800000000001,203.20538,171.5,1044,nan,
20190228,530899003,332819.6827423255,6955331.075788021,1494.462022434677,1551318257.4093735,9448.800000000001,203.20538,171.5,1045,nan,
20190228,530926008,378540.4502635408,7002388.864734152,1892.8421542712829,1551330444.488227,11277.6,210.92204,196.5,1112,B737,
20190228,530926008,378806.4502635345,7003161.014476545,1291.2179869555155,1551330441.0040543,11277.6,210.92204,196.5,1113,B737,
20190228,530926008,379068.99741783517,7003931.259868496,1151.0861285994729,1551330437.0898058,11277.6,210.92204,196.0,1114,B737,
20190228,530926008,379355.9974178284,7004785.63861888,659.8843713999936,1551330432.0853329,11277.6,210.92204,196.0,1115,B737,
20190228,530926008,379627.99741782196,7005595.363427605,324.24366178098416,1551330427.342418,11277.6,210.92204,196.0,1116,B737,
20190228,530926008,379903.99741781544,7006416.995954106,239.74672024830463,1551330422.5297542,11277.6,210.92204,196.0,1117,B737,
20190228,530926008,380242.9974178074,7007426.175035569,3.6353769546615036,1551330416.6185477,11277.6,210.92204,196.0,1118,B737,
20190228,530926008,380558.99741779995,7008366.884739824,241.8015487931964,1551330411.1083965,11277.6,210.92204,196.0,1119,B737,
20190228,530926008,380879.9974177924,7009322.479091297,547.0491130352863,1551330405.5110593,11277.6,210.92204,196.0,1120,B737,
20190228,530926008,381161.9974177857,7010161.973194461,991.6269023754905,1551330400.5937724,11277.6,210.92204,196.0,1121,B737,
20190228,530926008,381430.99741777935,7010962.767214854,1447.8564158790168,1551330395.903169,11277.6,210.92204,196.0,1122,B737,
20190228,530926008,381726.99741777236,7011843.938330233,1915.1198955957964,1551330390.7417614,11277.6,210.92204,196.0,1123,B737,
20190228,530926008,403396.8442982828,7076753.685359601,1693.84851914212,1551330086.8917675,10256.52,213.49426,197.5,1206,B737,
20190228,530926008,403447.8442982816,7076911.306625814,780.6308076415617,1551330086.1629496,10256.52,213.49426,197.5,1207,B737,
20190228,530926008,403493.84429828054,7077053.474826713,114.6195937428806,1551330085.5055842,10256.52,213.49426,197.5,1208,B737,
20190228,530926008,403661.8442982765,7077572.697821297,969.3606078301688,1551330083.1047719,10256.52,213.49426,197.5,1209,B737,
20190228,531043310,333244.8935556315,6920075.515915442,1984.089986772894,1551387323.357008,182.88,62.247724,158.0,1007,C185,
20190228,531043310,332893.6216141035,6921077.751952604,1983.7133415423734,1551387305.5048301,182.88,62.762168,159.0,1008,C185,
20190228,531043310,332699.6854812524,6921684.5390241435,1485.7840511550344,1551387296.4831862,182.88,64.048278,167.0,1009,C185,
20190228,531043310,332595.9131281845,6922378.695885723,1213.4905492322412,1551387285.554084,198.12,65.334388,175.0,1010,C185,
20190228,531043310,332588.9131281847,6923274.259062738,979.0801418534975,1551387271.9442606,198.12,65.334388,175.0,1011,C185,
20190228,531043310,332598.3711296422,6924363.544034248,899.1628939266784,1551387257.0,213.36,66.363276,176.5,1012,C185,
20190228,531043310,332604.7994200841,6925336.528800079,1047.295499087447,1551387241.5892994,228.60000000000002,66.87772,178.5,1013,C185,
20190228,531043310,332630.4959216089,6926173.43460194,1145.5315447945127,1551387228.4940615,259.08000000000004,66.620498,181.5,1014,C185,
20190228,531043310,332713.02514733275,6927197.298327755,1198.537798046352,1551387213.479384,289.56,66.106054,176.0,1015,C185,
20190228,531043310,332784.02514733106,6928164.567976817,1479.3021115369565,1551387199.550381,289.56,66.106054,176.0,1016,C185,
20190228,531043310,332245.915295447,6929795.180463315,1155.285991255353,1551387172.013168,335.28000000000003,63.791056000000005,147.5,1017,C185,
20190228,531043310,331860.11960796814,6930494.52868054,566.7291683813954,1551387159.0,350.52000000000004,63.276612,148.0,1018,C185,
20190228,531043310,331469.00180520816,6931269.408614609,83.22214916387858,1551387145.0210176,381.0,61.990502,150.5,1019,C185,
20190228,531043310,331249.186870071,6932241.265183849,17.662344502679456,1551382661.8574977,944.88,57.103284,321.0,1020,C185,
20190228,531043310,330796.4384867968,6932872.148096203,623.0798508623527,1551382676.0867922,960.12,57.87495,321.0,1021,C185,
20190228,531043310,330343.99002056813,6933615.4561677575,1382.6303363582624,1551387103.383649,426.72,60.44717,153.5,1022,C185,
20190228,530888457,399657.2780686889,7159315.653090481,1712.1941017461413,1551312065.6377053,53.34,49.386624,58.5,1302,AS50,
20190228,530888457,399662.27806868876,7159318.436477591,867.3420341209971,1551312065.7267537,53.34,49.386624,58.5,1303,AS50,
20190228,530888457,400273.05147968745,7159653.381679183,306.99056330530965,1551312080.5033672,30.48,49.386624,59.0,1304,AS50,
20190228,530888457,400071.2173025634,7159543.249370885,1269.6373495927535,1551312075.1439276,41.910000000000004,49.386624,59.0,1305,AS50,
20190228,531055570,379287.99742381263,7002918.721033434,1826.8794806887854,1551388718.2826426,10058.4,210.150374,199.0,1113,B737,
20190228,531055570,379581.99742380565,7003672.791730232,1721.6441561440183,1551388714.3985975,10058.4,210.150374,199.0,1114,B737,
20190228,531055570,379917.99742379773,7004534.586812285,1273.9940228205653,1551388709.959689,10058.4,210.150374,199.0,1115,B737,
20190228,531055570,380233.9974237902,7005345.0845680265,979.4599088519615,1551388705.785001,10058.4,210.150374,199.0,1116,B737,
20190228,531055570,380548.99742378277,7006153.017457452,936.2988431998876,1551388701.6235242,10058.4,210.150374,199.0,1117,B737,
20190228,531055570,380939.9974237736,7007155.880186866,751.2099703416425,1551388696.4580085,10058.4,210.150374,199.0,1118,B737,
20190228,531055570,381302.99742376496,7008086.926659442,553.2846066317751,1551388691.6624017,10058.4,210.150374,199.0,1119,B737,
20190228,531055570,381674.99742375617,7009041.056928859,296.538537276805,1551388686.7478957,10058.4,210.150374,199.0,1120,B737,
20190228,531055570,382004.08864870126,7009884.5930591095,105.22154913304115,1551388682.4462287,10058.4,211.693706,199.0,1121,B737,
20190228,531055570,382319.0886486938,7010691.124168749,520.1123093445497,1551388678.404334,10058.4,211.693706,199.0,1122,B737,
20190228,531055570,382665.08864868566,7011577.028181243,941.9107161192603,1551388673.9646657,10058.4,211.693706,199.0,1123,B737,
20190228,531055570,382968.0886486785,7012352.834296229,1484.9851233356956,1551388670.0767481,10058.4,211.693706,199.0,1124,B737,
20190228,531055570,383290.0886486709,7013177.288319416,1925.9663172316564,1551388665.9450336,10058.4,211.693706,199.0,1125,B737,
20190228,531055570,404805.9923672745,7068578.298642111,1979.4638327710588,1551388389.4260404,9681.210000000001,221.468142,199.0,1197,B737,
20190228,531055570,405389.9923672607,7070067.726921607,1242.1769458136614,1551388382.0429823,9681.210000000001,221.468142,199.0,1199,B737,
20190228,531055570,405681.99236725376,7070812.441061354,661.7466454703364,1551388378.3514533,9681.210000000001,221.468142,199.0,1200,B737,
20190228,531055570,405996.8130812855,7071637.659532704,200.09309918535664,1551388374.398897,8797.29,232.78591,198.0,1201,B737,
20190228,531055570,406230.81308128,7072274.963166919,478.8312703333649,1551388371.490528,8797.29,232.78591,198.0,1202,B737,
20190228,531055570,406552.81308127235,7073151.9365439145,798.3413735800129,1551388367.4884138,8797.29,232.78591,198.0,1203,B737,
20190228,531055570,406845.8130812654,7073949.9278465845,1210.3668517585998,1551388363.8467383,8797.29,232.78591,198.0,1204,B737,
20190228,531055570,407110.81308125914,7074671.6605947325,1874.9511783955718,1551388360.5530727,8797.29,232.78591,198.0,1205,B737,
20190228,531022273,404892.6060050115,7029156.536348207,1270.9450555104315,1551376613.558191,0.0,110.60546000000001,14.0,1152,B18T,
20190228,531022273,405091.60600500676,7029934.7756290985,447.78333425994333,1551376618.4111586,0.0,110.60546000000001,14.0,1153,B18T,
20190228,531022273,405294.606005002,7030728.657910611,168.86887599801648,1551376623.3616734,0.0,110.60546000000001,14.0,1154,B18T,
20190228,531022273,405530.6060049964,7031651.594947245,107.17688353175859,1551376629.1169515,0.0,110.60546000000001,14.0,1155,B18T,
20190228,531022273,405771.6060049907,7032594.085734656,126.71437536776831,1551376634.9941635,0.0,110.60546000000001,14.0,1156,B18T,
20190228,531022273,406031.8745223342,7033563.314486073,109.88936581573441,1551376641.7790327,0.0,113.17768000000001,14.0,1157,B18T,
20190228,531022273,406348.8745223267,7034522.815073501,44.28718877696563,1551376652.0327308,0.0,113.17768000000001,14.0,1158,B18T,
20190228,531022273,406667.8745223192,7035488.369292396,227.36524890119793,1551376662.3511212,0.0,113.17768000000001,14.0,1159,B18T,
20190228,531022273,406915.8745223133,7036239.019594233,697.0703208309608,1551376670.3729417,0.0,113.17768000000001,14.0,1160,B18T,
20190228,531022273,407200.87452230655,7037101.662078198,1263.9355307149126,1551376679.591566,0.0,113.17768000000001,14.0,1161,B18T,
20190228,531022273,407445.8745223007,7037843.231932835,1831.5929938498095,1551376687.5163486,0.0,113.17768000000001,14.0,1162,B18T,
20190228,531022273,408051.899358326,7039907.046863889,1448.6550484305544,1551376706.6426296,0.0,113.17768000000001,14.0,1165,B18T,
20190228,531022273,408265.8993583209,7040750.445735334,1087.3565955827687,1551376713.1586564,0.0,113.17768000000001,14.0,1166,B18T,
20190228,531022273,408491.8993583156,7041641.138001441,818.7428207648136,1551376720.040068,0.0,113.17768000000001,14.0,1167,B18T,
20190228,531022273,408730.89935831,7042583.0647784285,911.9345136577393,1551376727.317313,0.0,113.17768000000001,14.0,1168,B18T,
20190228,531022273,409006.8993583034,7043670.81285562,697.887508160903,1551376735.7211607,0.0,113.17768000000001,14.0,1169,B18T,
20190228,531022273,409220.8993582984,7044514.211727066,900.920552792717,1551376742.2371874,0.0,113.17768000000001,14.0,1170,B18T,
20190228,531022273,409444.8993582931,7045397.021760728,878.2897702133396,1551376749.0577016,0.0,113.17768000000001,14.0,1171,B18T,
20190228,531022273,409682.89901378937,7046326.072713924,460.60677808720857,1551376756.3531706,0.0,113.17768000000001,14.0,1172,B18T,
20190228,531022273,409978.8990137824,7047228.215959563,192.93981886879544,1551376766.8070204,0.0,113.17768000000001,14.0,1173,B18T,
20190228,531022273,410239.8990137762,7048023.686861967,306.0348839275754,1551376776.0247731,0.0,113.17768000000001,14.0,1174,B18T,
20190228,531022273,410450.8990137712,7048666.768702608,1020.5578735576383,1551376783.4766726,0.0,113.17768000000001,14.0,1175,B18T,
20190228,531022273,410777.89901376347,7049663.393166538,1076.7231531788323,1551376795.0253513,0.0,113.17768000000001,14.0,1176,B18T,
20190228,531022273,411076.8990137564,7050574.679755882,1053.7746005221152,1551376805.5851524,0.0,113.17768000000001,14.0,1177,B18T,
20190228,531022273,411389.89901374903,7051528.63528252,1148.419499542888,1551376816.6393921,0.0,113.17768000000001,14.0,1178,B18T,
20190228,531022273,411655.0543821128,7052494.068167785,1355.2539373986835,1551376835.8308203,0.0,113.17768000000001,14.0,1179,B18T,
20190228,531022273,411914.05438210664,7053523.090615022,1260.8463665845597,1551376859.9495409,0.0,113.17768000000001,14.0,1180,B18T,
20190228,531022273,412137.0543821014,7054409.0829151515,960.2202122012825,1551376880.7158523,0.0,113.17768000000001,14.0,1181,B18T,
20190228,531022273,412369.05438209587,7055330.832752059,821.881680535945,1551376902.320266,0.0,113.17768000000001,14.0,1182,B18T,
20190228,531022273,412617.05438209005,7056316.1515432345,1010.2525247113248,1551376925.4146392,0.0,113.17768000000001,14.0,1183,B18T,
20190228,531022273,412819.0543820853,7057118.709590887,1456.7673839821637,1551376944.2253785,0.0,113.17768000000001,14.0,1184,B18T,
20190228,531019192,402610.73864323064,7028109.663562891,1867.1733819619458,1551374224.127207,8503.92,208.34982,13.0,1149,B737,
20190228,531019192,402728.73864322784,7028524.835805199,945.6265389529705,1551374225.800082,8503.92,208.34982,13.0,1150,B737,
20190228,531019192,402895.73864322394,7029112.410080331,140.8166820952725,1551374228.1676254,8503.92,208.34982,13.0,1151,B737,
20190228,531019192,403047.73864322033,7029647.208222967,638.2016168479082,1551374230.3225155,8503.92,208.34982,13.0,1152,B737,
20190228,531019192,403272.738643215,7030438.85021042,1439.8134432415038,1551374233.5123193,8503.92,208.34982,13.0,1153,B737,
20190228,531019192,403498.7386432097,7031234.010606706,1696.8630739653768,1551374236.7163005,8503.92,208.34982,13.0,1154,B737,
20190228,531019192,403735.28727929766,7032115.159716355,1961.3755152061503,1551374240.46285,8168.64,200.63316,13.0,1155,B737,
20190228,531019192,403980.2872792919,7033059.184971176,1977.4219917924006,1551374244.595715,8168.64,200.63316,13.0,1156,B737,
20190228,531019192,404230.28727928596,7034022.476047527,1968.7691468679782,1551374248.812924,8168.64,200.63316,13.0,1157,B737,
20190228,531019192,404486.2872792799,7035008.886109708,1880.8097685405314,1551374253.131346,8168.64,200.63316,13.0,1158,B737,
20190228,531019192,408129.54657503654,7048669.233425499,1900.939828911692,1551374314.8849504,7543.8,192.9165,14.5,1174,B737,
20190228,531019192,408330.5465750318,7049333.204747812,1202.1759465352268,1551374318.3622067,7543.8,192.9165,14.5,1175,B737,
20190228,531019192,408635.5465750246,7050340.723420973,1170.3062196119038,1551374323.6386402,7543.8,192.9165,14.5,1176,B737,
20190228,531019192,408912.54657501803,7051255.748576598,1215.377167438089,1551374328.4306798,7543.8,192.9165,14.5,1177,B737,
20190228,531019192,409203.54657501116,7052217.020490992,1143.8817575247224,1551374333.4649165,7543.8,192.9165,14.5,1178,B737,
20190228,531019192,409467.54657500493,7053089.102227761,912.3627230893658,1551374338.032059,7543.8,192.9165,14.5,1179,B737,
20190228,531019192,409775.54657499766,7054106.530920659,956.4312615638635,1551374343.3603919,7543.8,192.9165,14.5,1180,B737,
20190228,531019192,410044.54657499125,7054995.129356989,1213.4532024232537,1551374348.0140333,7543.8,192.9165,14.5,1181,B737,
20190228,531019192,410320.54657498474,7055906.851172701,1306.6533248158992,1551374352.7887733,7543.8,192.9165,14.5,1182,B737,
20190228,531019192,410612.54657497787,7056871.426427008,1070.2948834792526,1551374357.8403096,7543.8,192.9165,14.5,1183,B737,
20190228,531019192,410845.54657497234,7057641.104626504,585.144265672424,1551374361.8711588,7543.8,192.9165,14.5,1184,B737,
20190228,531019192,411045.99413086014,7058344.081791495,128.423914955692,1551374365.5027907,6888.4800000000005,187.77206,15.5,1185,B737,
20190228,531019192,411188.99413085676,7058846.712236884,948.1332296772758,1551374368.0981228,6888.4800000000005,187.77206,15.5,1186,B737,
20190228,531019192,411247.99413085537,7059054.091231836,1933.1263322651537,1551374369.168924,6888.4800000000005,187.77206,15.5,1187,B737,
20190228,530900752,384422.00686613005,7009782.264467188,1771.2173620686322,1551314289.959046,6400.8,113.17768000000001,202.0,1122,DH8A,
20190228,530900752,384816.00686612073,7010668.604989671,1393.612382979351,1551314280.4292283,6400.8,113.17768000000001,202.0,1123,DH8A,
20190228,530900752,385164.0068661125,7011451.464131355,889.3582139274494,1551314272.0120287,6400.8,113.17768000000001,202.0,1124,DH8A,
20190228,530900752,385531.00686610385,7012277.065582501,489.4431087878634,1551314263.1352696,6400.8,113.17768000000001,202.0,1125,DH8A,
20190228,530900752,385921.1576253395,7013178.3099731365,194.66611307286504,1551314253.6743934,6400.8,113.17768000000001,202.0,1126,DH8A,
20190228,530900752,386270.15762533125,7014049.844951928,76.29007966541451,1551314245.144386,6400.8,113.17768000000001,202.0,1127,DH8A,
20190228,530900752,386575.15762532403,7014811.501595284,406.38482054188984,1551314237.6897953,6400.8,113.17768000000001,202.0,1128,DH8A,
20190228,530900752,387175.15762530983,7016309.842533033,234.84629471957555,1551314223.025026,6400.8,113.17768000000001,202.0,1130,DH8A,
20190228,530900752,387521.1576253017,7017173.885807136,59.448294667534256,1551314214.5683427,6400.8,113.17768000000001,202.0,1131,DH8A,
20190228,530900752,387883.1576252931,7018077.8848395785,458.06798605991804,1551314205.7205987,6400.8,113.17768000000001,202.0,1132,DH8A,
20190228,530900752,388266.15762528405,7019034.325804843,585.7757372144125,1551314196.3595877,6400.8,113.17768000000001,202.0,1133,DH8A,
20190228,530900752,388593.1576252763,7019850.921615916,447.3977654985539,1551314188.3672886,6400.8,113.17768000000001,202.0,1134,DH8A,
20190228,530900752,388939.15762526816,7020714.964890018,502.0778417349947,1551314179.9106052,6400.8,113.17768000000001,202.0,1135,DH8A,
20190228,530900752,389333.7268670208,7021676.815369632,979.833243436804,1551314171.203645,6400.8,115.7499,202.0,1136,DH8A,
20190228,530900752,389660.72686701315,7022460.676781643,1421.5421954830144,1551314164.5173116,6400.8,115.7499,202.0,1137,DH8A,
20190228,530900752,389972.72686700575,7023208.581248148,1931.8392985162773,1551314158.1376908,6400.8,115.7499,202.0,1138,DH8A,
20190228,530900752,406880.0135970179,7064781.091899116,1155.6166618679852,1551313776.2906342,6400.8,113.17768000000001,201.5,1193,DH8A,
20190228,530900752,407039.0135970142,7065148.214151776,139.29274044709172,1551313772.722492,6400.8,113.17768000000001,201.5,1194,DH8A,
20190228,530900752,407303.7774743354,7065761.827682786,514.4517277389384,1551313766.7932165,6400.8,113.17768000000001,201.5,1195,DH8A,
20190228,530900752,407583.77747432876,7066473.954279615,1287.6020536777187,1551313760.8632555,6400.8,113.17768000000001,201.5,1196,DH8A,
20190228,530900752,407929.7774743206,7067353.939288552,1375.6949394207259,1551313753.5355182,6400.8,113.17768000000001,201.5,1197,DH8A,
20190228,531039080,367216.418070019,6983231.567901837,1401.1654531420781,1551382723.1904287,0.0,102.8888,197.5,1089,nan,
20190228,531039080,367491.4180700125,6984157.575665436,1106.921117197925,1551382715.179913,0.0,102.8888,197.5,1090,nan,
20190228,531039080,367777.4180700058,6985120.623739578,1178.7942325287704,1551382706.8489769,0.0,102.8888,197.5,1091,nan,
20190228,531039080,368062.418069999,6986080.304512763,1150.034094533656,1551382698.5471694,0.0,102.8888,197.5,1092,nan,
20190228,531039080,368324.4180699928,6986962.537363901,1248.628382091153,1551382690.9153328,0.0,102.8888,197.5,1093,nan,
20190228,531039080,368538.41806998773,6987683.139769029,1014.1182827519962,1551382684.681695,0.0,102.8888,197.5,1094,nan,
20190228,531039080,368848.4180699804,6988727.003066177,545.2454041386013,1551382675.6516593,0.0,102.8888,197.5,1095,nan,
20190228,531039080,369105.41806997434,6989592.399412521,395.33416438539956,1551382668.1654682,0.0,102.8888,197.5,1096,nan,
20190228,531039080,369419.3970957734,6990493.568464694,521.8677537643052,1551382661.2015696,0.0,102.8888,200.5,1097,nan,
20190228,531039080,369797.3970957645,6991421.318608078,655.8378137353253,1551382655.014807,0.0,102.8888,200.5,1098,nan,
20190228,531039080,370147.3970957562,6992280.346518619,989.8890585144011,1551382649.2863228,0.0,102.8888,200.5,1099,nan,
20190228,531039080,370507.3970957477,6993163.918083747,636.9484921621188,1551382643.394168,0.0,102.8888,200.5,1100,nan,
20190228,531039080,370845.3970957397,6993993.493608785,343.5152667464491,1551382637.862089,0.0,102.8888,200.5,1101,nan,
20190228,531039080,371497.3970957243,6995593.73988785,144.3162002622477,1551382627.1907415,0.0,102.8888,200.5,1103,nan,
20190228,531039080,371948.39709571365,6996700.65870972,244.91303196720423,1551382619.8091805,0.0,102.8888,200.5,1104,nan,
20190228,531039080,372291.3970957055,6997542.506062049,348.42387179889647,1551382614.1952662,0.0,102.8888,200.5,1105,nan,
20190228,531039080,372680.3970956963,6998497.25422548,591.1336090932828,1551382607.8284655,0.0,102.8888,200.5,1106,nan,
20190228,531039080,373049.3970956876,6999402.915079736,944.0899708600015,1551382601.7890065,0.0,102.8888,200.5,1107,nan,
20190228,531039080,373393.3970956795,7000247.216797526,1042.9470644593223,1551382596.158725,0.0,102.8888,200.5,1108,nan,
20190228,531039080,373757.39709567087,7001140.605824488,1238.1057163208286,1551382590.2011015,0.0,102.8888,200.5,1109,nan,
20190228,531039080,374096.39709566283,7001972.635714984,1600.5452196834294,1551382584.6526556,0.0,102.8888,200.5,1110,nan,
20190228,531039080,374433.39709565486,7002799.756874562,1924.2519194152987,1551382579.1369438,0.0,102.8888,200.5,1111,nan,
20190228,531039080,402826.06592498935,7077323.427944629,1512.501383936104,1551381738.8887875,0.0,102.8888,200.5,1207,nan,
20190228,531039080,402839.065924989,7077350.570059578,605.3824614346677,1551381738.5083835,0.0,102.8888,200.5,1208,nan,
20190228,531039080,403023.0659249847,7077734.735378843,314.4628339674873,1551381733.1242054,0.0,102.8888,200.5,1209,nan,
20190228,531078553,400163.77092382987,7158399.6307447525,1639.3989556978347,1551397077.0,259.08000000000004,39.097744,249.0,1301,PA18,
20190228,531078553,400163.77092382987,7158399.6307447525,665.4830481662336,1551397077.0,259.08000000000004,39.097744,249.0,1302,PA18,
20190228,531078553,400081.8851678158,7158565.191699132,5.131264034304591,1551397449.4368405,266.7,39.612188,245.0,1303,PA18,
20190228,531078553,400269.8545096779,7159661.364919588,298.4564304746451,1551396842.7404172,0.0,11.060546,60.0,1304,PA18,
20190228,531078553,400109.35467336857,7159568.387943843,1266.4620941285923,1551396831.024075,7.62,19.548872,58.5,1305,PA18,
20190228,531037035,400938.3861133101,7026960.171891813,1833.894258233178,1551382320.9639797,4754.88,140.95765600000001,16.0,1147,AT73,
20190228,531037035,401198.38611330395,7027773.855552109,1282.852499617507,1551382327.0770226,4754.88,140.95765600000001,16.0,1148,AT73,
20190228,531037035,401408.386113299,7028431.0615854245,623.0635042585457,1551382332.01448,4754.88,140.95765600000001,16.0,1149,AT73,
20190228,531037035,401548.3861132957,7028869.198940969,284.04492853126834,1551382335.3061185,4754.88,140.95765600000001,16.0,1150,AT73,
20190228,531037035,401742.3861132911,7029476.332133653,1068.6912011780325,1551382339.867389,4754.88,140.95765600000001,16.0,1151,AT73,
20190228,531037035,401919.3861132869,7030030.262933161,1829.2811300773858,1551382344.0289605,4754.88,140.95765600000001,16.0,1152,AT73,
20190228,531037035,408159.3111981409,7049412.332446523,1389.264681638412,1551382491.312143,4754.88,132.726552,16.0,1175,AT73,
20190228,531037035,408483.3111981333,7050413.670821875,1337.4178265220924,1551382498.685774,4754.88,132.726552,16.0,1176,AT73,
20190228,531037035,408778.3111981263,7051325.383231533,1364.3004062121647,1551382505.3994195,4754.88,132.726552,16.0,1177,AT73,
20190228,531037035,409086.311198119,7052277.272798226,1273.7678453696326,1551382512.4089205,4754.88,132.726552,16.0,1178,AT73,
20190228,531037035,409364.0448814766,7053138.062747949,1025.752731102911,1551382518.9764671,4754.88,130.411554,16.0,1179,AT73,
20190228,531037035,409688.04488146893,7054149.803076312,1052.8297067890403,1551382527.4024587,4754.88,130.411554,16.0,1180,AT73,
20190228,531037035,409972.04488146224,7055036.637191298,1295.0214527204746,1551382534.7882044,4754.88,130.411554,16.0,1181,AT73,
20190228,531037035,410264.0448814553,7055948.452548959,1372.9563846978697,1551382542.3819993,4754.88,130.411554,16.0,1182,AT73,
20190228,531037035,410570.0448814481,7056903.985081304,1120.5413397463603,1551382550.33988,4754.88,130.411554,16.0,1183,AT73,
20190228,531037035,410811.88055806,7057662.259747205,623.5578523522179,1551382556.3796384,4754.88,129.639888,16.0,1184,AT73,
20190228,531037035,411028.8805580549,7058343.661507895,112.17927033849219,1551382561.7188604,4754.88,129.639888,16.0,1185,AT73,
20190228,531037035,411179.8805580513,7058817.816650127,947.7182945357965,1551382565.4341717,4754.88,129.639888,16.0,1186,AT73,
20190228,531037035,411235.88055805,7058993.662265789,1938.9924774559215,1551382566.8120353,4754.88,129.639888,16.0,1187,AT73,
20190228,530950664,338209.09012224566,6961565.95519661,1876.250117733494,1551371532.269028,11277.6,246.161454,82.0,1051,B772,
20190228,530950664,339057.0901222256,6961638.261817027,1367.6231464014857,1551371535.7469902,11277.6,246.161454,82.0,1052,B772,
20190228,530950664,339751.09012220916,6961697.437282322,677.4173283736153,1551371538.593341,11277.6,246.161454,82.0,1053,B772,
20190228,530950664,340537.0901221906,6961764.457333794,148.3602059557625,1551371541.8170183,11277.6,246.161454,82.0,1054,B772,
20190228,530950664,341430.09012216947,6961840.600980059,385.33146066627614,1551371545.479542,11277.6,246.161454,82.0,1055,B772,
20190228,530950664,342351.809615993,6961919.597505181,701.6538276006552,1551371549.1936347,11277.6,247.447564,82.0,1056,B772,
20190228,530950664,343315.8096159702,6962002.502024227,1176.1912337846481,1551371553.0315,11277.6,247.447564,82.0,1057,B772,
20190228,530950664,344146.8096159505,6962073.968471662,1688.6828383115321,1551371556.3398676,11277.6,247.447564,82.0,1058,B772,
20190228,530914555,403271.30274136644,7028339.798496872,1518.3898538308442,1551323350.5646691,8625.84,229.18480200000002,14.0,1150,B737,
20190228,530914555,403453.30274136213,7028936.983294604,725.25727183047,1551323354.2522488,8625.84,229.18480200000002,14.0,1151,B737,
20190228,530914555,403621.91762733023,7029485.750396609,41.79775971894196,1551323357.3870127,7673.34,228.670358,15.5,1152,B737,
20190228,530914555,403877.9176273242,7030290.853104728,817.5953685609672,1551323360.3892934,7673.34,228.670358,15.5,1153,B737,
20190228,530914555,404130.9176273182,7031086.521015486,1048.94910494149,1551323363.3563912,7673.34,228.670358,15.5,1154,B737,
20190228,530914555,404423.91762731125,7032007.986224388,1269.7027855698439,1551323366.7925954,7673.34,228.670358,15.5,1155,B737,
20190228,530914555,404718.91762730427,7032935.741298196,1233.3162789486714,1551323370.252255,7673.34,228.670358,15.5,1156,B737,
20190228,530914555,405019.91762729717,7033882.365966727,1170.9303767347158,1551323373.7822802,7673.34,228.670358,15.5,1157,B737,
20190228,530914555,405326.9176272899,7034847.860229978,1028.129196010309,1551323377.3826716,7673.34,228.670358,15.5,1158,B737,
20190228,530914555,405633.9176272826,7035813.35449323,1311.15206092301,1551323380.983063,7673.34,228.670358,15.5,1159,B737,
20190228,530914555,405871.917627277,7036561.848417183,1789.7209177641575,1551323383.774246,7673.34,228.670358,15.5,1160,B737,
20190228,530914555,407625.9540059558,7041985.977079512,1747.2482066432176,1551323497.6114519,7227.570000000001,226.098138,15.5,1167,B737,
20190228,530914555,407932.9540059485,7042914.641410555,1771.3254430977213,1551323496.6643748,7227.570000000001,226.098138,15.5,1168,B737,
20190228,530914555,408278.9540059403,7043961.279386257,1478.5675282070933,1551323495.596985,7227.570000000001,226.098138,15.5,1169,B737,
20190228,530914555,408556.9540059337,7044802.219725117,1619.3923970171666,1551323494.7393713,7227.570000000001,226.098138,15.5,1170,B737,
20190228,530914555,408840.954005927,7045661.309855463,1532.5186273588204,1551323493.8632479,7227.570000000001,226.098138,15.5,1171,B737,
20190228,530914555,409122.9540059203,7046514.350055313,1051.3459040932805,1551323492.9932945,7227.570000000001,226.098138,15.5,1172,B737,
20190228,530914555,409420.9540059133,7047415.789699127,781.5574285681233,1551323492.073982,7227.570000000001,226.098138,15.5,1173,B737,
20190228,530914555,409682.9540059071,7048208.330594023,280.7197978420694,1551323491.2657273,7227.570000000001,226.098138,15.5,1174,B737,
20190228,530914555,409794.9172490446,7048881.441128385,330.3436546884501,1551323535.9021447,6678.93,215.809258,15.0,1175,B737,
20190228,530914555,410117.91724903695,7049882.172623285,381.427157476504,1551323538.0891283,6678.93,215.809258,15.0,1176,B737,
20190228,530914555,410412.91724902997,7050796.153400361,353.8460755148135,1551323540.086528,6678.93,215.809258,15.0,1177,B737,
20190228,530914555,410720.9172490227,7051750.411296427,443.65047675742983,1551323542.171949,6678.93,215.809258,15.0,1178,B737,
20190228,530914555,410998.9172490161,7052611.721994823,691.7586941043382,1551323544.0542443,6678.93,215.809258,15.0,1179,B737,
20190228,530914555,411325.9172490084,7053624.846449412,667.1171069728637,1551323546.2683113,6678.93,215.809258,15.0,1180,B737,
20190228,530914555,411611.9172490016,7054510.943067187,427.0543568617682,1551323548.2047734,6678.93,215.809258,15.0,1181,B737,
20190228,530914555,411905.9172489947,7055421.82560434,351.3071234036443,1551323550.1954024,6678.93,215.809258,15.0,1182,B737,
20190228,530914555,412213.9172489874,7056376.083500405,606.0173375503971,1551323552.2808232,6678.93,215.809258,15.0,1183,B737,
20190228,530914555,412457.91724898166,7057132.054041444,1105.7695747743696,1551323553.9329097,6678.93,215.809258,15.0,1184,B737,
20190228,530914555,412677.9172489764,7057813.666824348,1844.2885745812296,1551323555.422496,6678.93,215.809258,15.0,1185,B737,
20190228,530904236,391925.2544338221,7106018.050250848,1899.2080552570956,1551322480.492688,7101.84,154.075978,36.5,1239,PC12,
20190228,530904236,392201.2544338156,7106353.728030233,975.8497786591272,1551322483.3229036,7101.84,154.075978,36.5,1240,PC12,
20190228,530904236,392551.25443380733,7106779.406373656,137.6049881540464,1551322486.9119453,7101.84,154.075978,36.5,1241,PC12,
20190228,530904236,392922.25443379855,7107230.625417685,580.7945942282648,1551322490.7163293,7101.84,154.075978,36.5,1242,PC12,
20190228,530904236,393039.2544337958,7107372.923606772,1543.125178186731,1551322491.9160948,7101.84,154.075978,36.5,1243,PC12,
20190228,531022758,374828.71138852875,6998130.979971629,1606.9786194742937,1551376515.9983048,7315.200000000001,125.00989200000001,2.5,1106,DH8A,
20190228,531022758,374902.711388527,6998963.876619728,982.8065047276727,1551376522.6232984,7315.200000000001,125.00989200000001,2.5,1107,DH8A,
20190228,531022758,374976.71138852526,6999796.773267829,619.9151235045078,1551376529.2482917,7315.200000000001,125.00989200000001,2.5,1108,DH8A,
20190228,531022758,375053.7113885234,7000663.435996258,149.8678306291735,1551376536.141866,7315.200000000001,125.00989200000001,2.5,1109,DH8A,
20190228,531022758,375119.7113885219,7001406.289763482,460.6995172811757,1551376542.050644,7315.200000000001,125.00989200000001,2.5,1110,DH8A,
20190228,531022758,375186.71138852026,7002160.398890817,1032.3287216986,1551376548.0489488,7315.200000000001,125.00989200000001,2.5,1111,DH8A,
20190228,531022758,375273.7113885182,7003139.61522034,1483.196094744046,1551376555.8377924,7315.200000000001,125.00989200000001,2.5,1112,DH8A,
20190228,531064442,379023.6302408611,7003021.049622574,1543.400012530742,1551392092.3503714,5105.400000000001,144.301542,199.0,1113,AT73,
20190228,531064442,379317.63024085417,7003775.657572399,1437.96944233265,1551392087.0819025,5105.400000000001,144.301542,199.0,1114,AT73,
20190228,531064442,379653.6302408462,7004638.066657914,990.0965690191945,1551392081.0607955,5105.400000000001,144.301542,199.0,1115,AT73,
20190228,531064442,379968.7972803524,7005445.660818899,695.8423202632813,1551392075.1771166,5105.400000000001,144.04432,199.0,1116,AT73,
20190228,531064442,380284.7972803449,7006254.615709559,653.2416816557363,1551392069.1420016,5105.400000000001,144.04432,199.0,1117,AT73,
20190228,531064442,380676.7972803356,7007258.12937139,468.8464182690244,1551392061.655403,5105.400000000001,144.04432,199.0,1118,AT73,
20190228,531064442,381040.797280327,7008189.963485948,271.5663327332701,1551392054.7035615,5105.400000000001,144.04432,199.0,1119,AT73,
20190228,531064442,381413.6179887116,7009144.850530073,15.370441672911367,1551392047.6007972,5093.97,144.301542,199.0,1120,AT73,
20190228,531064442,381739.61798870383,7009986.457786116,388.62313959288605,1551392041.6367304,5093.97,144.301542,199.0,1121,AT73,
20190228,531064442,382051.6179886965,7010791.922399261,805.9316415504957,1551392035.9287894,5093.97,144.301542,199.0,1122,AT73,
20190228,531064442,382395.61798868835,7011679.998767601,1230.3807600600792,1551392029.6354184,5093.97,144.301542,199.0,1123,AT73,
20190228,531064442,382695.61798868125,7012454.4839725485,1775.7733208854281,1551392024.1470134,5093.97,144.301542,199.0,1124,AT73,
20190228,531064442,405027.8999754904,7070200.504376039,1627.776371158894,1551391603.639066,5074.92,150.217648,199.0,1199,AT73,
20190228,531064442,405311.85581212596,7070945.163300326,1054.8470386966774,1551391598.431874,5074.92,150.47487,199.0,1200,AT73,
20190228,531064442,405629.85581211845,7071780.428009207,593.81750367525,1551391592.6201913,5074.92,150.47487,199.0,1201,AT73,
20190228,531064442,405867.8558121128,7072405.563231578,93.12514086250539,1551391588.270567,5074.92,150.47487,199.0,1202,AT73,
20190228,531064442,406199.85581210494,7073277.600600598,423.72565820479673,1551391582.203024,5074.92,150.47487,199.0,1203,AT73,
20190228,531064442,406500.85581209784,7074068.212793597,845.8249338955989,1551391576.7020285,5074.92,150.47487,199.0,1204,AT73,
20190228,531064442,406770.85581209144,7074777.399810572,1519.498330412704,1551391571.7675807,5074.92,150.47487,199.0,1205,AT73,
20190228,530895313,392054.2159682749,7105587.508984077,1546.484122549923,1551318578.8232396,1051.56,85.654926,28.5,1239,C208,
20190228,530895313,392344.2159682681,7106087.226514088,705.5785828287425,1551318586.5245128,1051.56,85.654926,28.5,1240,C208,
20190228,530895313,392692.40153012157,7106671.801569094,40.23850302750739,1551318594.3640144,1036.3200000000002,84.62603800000001,29.5,1241,C208,
20190228,530895313,393045.8054350563,7107238.351369256,676.6650179717556,1551318601.2278974,1036.3200000000002,83.339928,30.0,1242,C208,
20190228,530895313,390917.1212547929,7109163.9291569535,1234.043177811251,1551314335.297794,3078.48,74.59438,218.0,1243,C208,
20190228,530895313,391165.30175583187,7109449.899001652,288.22142281313234,1551314330.1639097,3078.48,74.59438,218.5,1244,C208,
20190228,530895313,391592.3017558218,7109946.112354546,409.01158086743806,1551314321.0666015,3078.48,74.59438,218.5,1245,C208,
20190228,530895313,391833.1988256943,7110226.182099148,1341.2787673729206,1551314316.1641104,3078.48,74.59438,218.5,1246,C208,
20190228,531035155,329070.5295582234,6920684.02329005,1990.404181002576,1551383288.2063746,6671.31,191.63039,185.0,1008,nan,
20190228,531035155,329832.4748532959,6925577.757063831,1746.1821960212164,1551383263.7201412,7288.530000000001,197.289274,185.0,1013,nan,
20190228,531035155,329979.4748532924,6926521.937365365,1529.439906519023,1551383258.9987159,7288.530000000001,197.289274,185.0,1014,nan,
20190228,531035155,330132.4748532888,6927504.655638389,1402.4578091293101,1551383254.0845792,7288.530000000001,197.289274,185.0,1015,nan,
20190228,531035155,330276.47485328536,6928429.566954178,1044.4032298508876,1551383249.4595096,7288.530000000001,197.289274,185.0,1016,nan,
20190228,531035155,330421.4748532819,6929360.901265214,822.8960914821763,1551383244.8023214,7288.530000000001,197.289274,185.0,1017,nan,
20190228,531035155,330576.4748532783,6930356.465528738,790.2886798330097,1551383239.823948,7288.530000000001,197.289274,185.0,1018,nan,
20190228,531035155,330729.47485327465,6931339.183801762,672.7875400353549,1551383234.9098113,7288.530000000001,197.289274,185.0,1019,nan,
20190228,531035155,330877.47485327115,6932289.787098544,362.18120737694073,1551383230.1562674,7288.530000000001,197.289274,185.0,1020,nan,
20190228,531035155,331031.97025904997,6933276.581491521,276.4040414205971,1551383225.178537,7924.8,205.005934,185.0,1021,nan,
20190228,531035155,331182.97025904636,6934239.40828143,433.4430226430174,1551383220.3088045,7924.8,205.005934,185.0,1022,nan,
20190228,531035155,331323.97025904304,6935138.471707769,838.9278425613311,1551383215.761571,7924.8,205.005934,185.0,1023,nan,
20190228,531035155,331459.97025903984,6936005.653452323,1328.3949087015328,1551383211.3755865,7924.8,205.005934,185.0,1024,nan,
20190228,531035155,331599.9702590365,6936898.340542305,1745.3836355698957,1551383206.8606029,7924.8,205.005934,185.0,1025,nan,
20190228,531035155,331754.97025903285,6937886.672677643,1816.62122575776,1551383201.8618708,7924.8,205.005934,185.0,1026,nan,
20190228,531035155,331903.97025902936,6938836.7467948375,1670.5113639871415,1551383197.0566382,7924.8,205.005934,185.0,1027,nan,
20190228,531035155,332049.97025902587,6939767.691902962,1496.644994689808,1551383192.348155,7924.8,205.005934,185.0,1028,nan,
20190228,531035155,332186.97025902267,6940641.249983872,1170.9121420956124,1551383187.9299212,7924.8,205.005934,185.0,1029,nan,
20190228,531035155,332305.9702590198,6941400.034010357,1503.042069988099,1551383184.0921848,7924.8,205.005934,185.0,1030,nan,
20190228,531035155,332466.97025901603,6942426.624163836,1197.0862407149693,1551383178.8999536,7924.8,205.005934,185.0,1031,nan,
20190228,531035155,332613.97025901254,6943363.945608318,1232.6399298115157,1551383174.1592207,7924.8,205.005934,185.0,1032,nan,
20190228,531035155,332780.9702590086,6944428.793779939,957.7252097971692,1551383168.77349,7924.8,205.005934,185.0,1033,nan,
20190228,531035155,332920.7460815664,6945321.707505624,983.2660209686828,1551383164.3873508,8580.12,212.20815000000002,185.0,1034,nan,
20190228,531035155,333049.74608156335,6946148.227546635,1537.4471649294485,1551383160.5188515,8580.12,212.20815000000002,185.0,1035,nan,
20190228,531035155,333206.7460815596,6947154.14728647,1396.6196467865338,1551383155.8106778,8580.12,212.20815000000002,185.0,1036,nan,
20190228,531035155,333346.7460815563,6948051.145780589,1165.405350823211,1551383151.6123064,8580.12,212.20815000000002,185.0,1037,nan,
20190228,531035155,333493.7460815528,6948992.994199416,1028.6774084407396,1551383147.2040164,8580.12,212.20815000000002,185.0,1038,nan,
20190228,531035155,333647.7460815492,6949979.692542948,1259.5881389492017,1551383142.585808,8580.12,212.20815000000002,185.0,1039,nan,
20190228,531035155,333798.74608154566,6950947.169490178,1047.4467642306988,1551383138.0575645,8580.12,212.20815000000002,185.0,1040,nan,
20190228,531035155,333951.746081542,6951927.46070161,880.6592307290474,1551383133.4693444,8580.12,212.20815000000002,185.0,1041,nan,
20190228,531035155,334092.7460815387,6952830.866327831,549.9542532762822,1551383129.2409847,8580.12,212.20815000000002,185.0,1042,nan,
20190228,531035155,334226.74608153553,6953689.422029345,90.8280710050339,1551383125.2225432,8580.12,212.20815000000002,185.0,1043,nan,
20190228,531035155,334359.7460815324,6954541.57059876,372.60168043683296,1551383121.2340906,8580.12,212.20815000000002,185.0,1044,nan,
20190228,531035155,334507.74608152884,6955489.826149687,207.55452197962063,1551383116.7958121,8580.12,212.20815000000002,185.0,1045,nan,
20190228,531035155,334650.74608152546,6956406.046040109,137.49361629660132,1551383112.5074756,8580.12,212.20815000000002,185.0,1046,nan,
20190228,531035155,334783.7460815223,6957258.194609524,673.3234222005271,1551383108.519023,8580.12,212.20815000000002,185.0,1047,nan,
20190228,531035155,334887.17759983154,6957920.15779774,1370.4115596513138,1551383105.4207017,9410.7,218.895922,185.5,1048,nan,
20190228,531035155,335039.17759982793,6958888.282966512,1644.1953982054508,1551383100.8892324,9410.7,218.895922,185.5,1049,nan,
20190228,531018038,391709.0109446311,7020750.177955902,1570.1840680614903,1551374152.4943185,10668.0,221.21092000000002,198.0,1136,B737,
20190228,531018038,392000.01094462426,7021527.095215444,1097.5725683051096,1551374148.8929617,10668.0,221.21092000000002,198.0,1137,B737,
20190228,531018038,392278.0109446177,7022269.3048310885,557.71846717124,1551374145.4524903,10668.0,221.21092000000002,198.0,1138,B737,
20190228,531018038,392612.01094460976,7023161.024297367,72.09136674325512,1551374141.3189745,10668.0,221.21092000000002,198.0,1139,B737,
20190228,531018038,392914.01094460266,7023967.309563283,413.24857217132126,1551374137.581484,10668.0,221.21092000000002,198.0,1140,B737,
20190228,531018038,393223.0109445953,7024792.2835605275,841.5304456943297,1551374133.757363,10668.0,221.21092000000002,198.0,1141,B737,
20190228,531018038,393509.47354922304,7025556.572574308,1430.3589477156804,1551374130.0997477,10664.19,222.754252,198.0,1142,B737,
20190228,531018038,407749.8892738525,7063464.2540989,1500.8497452038641,1551373948.2379446,9692.640000000001,229.442024,198.0,1191,B737,
20190228,531018038,407940.88927384804,7063971.59193396,729.9283219929075,1551373945.9485912,9692.640000000001,229.442024,198.0,1192,B737,
20190228,531018038,408056.8892738453,7064279.713341641,123.77961620668617,1551373944.5581987,9692.640000000001,229.442024,198.0,1193,B737,
20190228,531018038,408214.70623005886,7064699.1237874525,1119.3900519057697,1551373942.6557052,8903.970000000001,233.300354,198.5,1194,B737,
20190228,531018038,408454.7062300532,7065338.463083437,1740.6678870855549,1551373939.685188,8903.970000000001,233.300354,198.5,1195,B737,
20190228,530938090,381018.41202266724,7005113.707098436,1795.7177300169888,1551338143.064796,8839.2,225.326472,196.0,1116,B739,
20190228,530938090,381301.41202266054,7005934.761904447,1718.020577264701,1551338139.148456,8839.2,225.326472,196.0,1117,B739,
20190228,530938090,381648.41202265234,7006941.496949274,1490.2720133073499,1551338134.3464422,8839.2,225.326472,196.0,1118,B739,
20190228,530938090,381972.41202264465,7007881.503158277,1252.6336323188916,1551338129.8627174,8839.2,225.326472,196.0,1119,B739,
20190228,530938090,382302.41202263685,7008838.916889668,955.3263102892543,1551338125.2959607,8839.2,225.326472,196.0,1120,B739,
20190228,530938090,382591.41202263004,7009677.379218069,517.7015658850643,1551338121.296589,8839.2,225.326472,196.0,1121,B739,
20190228,530938090,382867.4120226235,7010478.125247961,68.14036275732859,1551338117.4771194,8839.2,225.326472,196.0,1122,B739,
20190228,530938090,383172.1517855701,7011361.996772065,391.730783075793,1551338113.2891572,8839.2,224.812028,196.5,1123,B739,
20190228,530938090,383437.1517855638,7012130.2897993885,967.8320790265565,1551338109.683509,8839.2,224.812028,196.5,1124,B739,
20190228,530938090,383719.15178555716,7012947.8695492195,1443.982307216106,1551338105.8465552,8839.2,224.812028,196.5,1125,B739,
20190228,530938090,384027.1517855498,7013840.828992297,1812.1027195164136,1551338101.65584,8839.2,224.812028,196.5,1126,B739,
20190228,530938090,385126.15178552386,7017027.07064146,1936.311788249456,1551338086.702605,8839.2,224.812028,196.5,1130,B739,
20190228,530938090,404467.47328303877,7072891.957216548,1389.4040753939523,1551337822.5694728,8839.2,225.06925,197.0,1202,B739,
20190228,530938090,404774.4732830315,7073781.863248209,1088.3834075738766,1551337818.3390808,8839.2,225.06925,197.0,1203,B739,
20190228,530938090,405054.4732830249,7074593.5039285505,693.1778057994577,1551337814.4807427,8839.2,225.06925,197.0,1204,B739,
20190228,530938090,405309.47328301886,7075332.676691004,43.86556513171564,1551337810.9668992,8839.2,225.06925,197.0,1205,B739,
20190228,530938090,405555.47328301304,7076045.761003019,577.9705341769676,1551337807.5770736,8839.2,225.06925,197.0,1206,B739,
20190228,530938090,405602.47328301193,7076182.000688647,1494.1817540976474,1551337806.929424,8839.2,225.06925,197.0,1207,B739,
20190228,531074861,373997.4985380678,6995985.865972925,1925.5933788543211,1551395376.0911133,8839.2,226.35536000000002,196.5,1104,nan,
20190228,531074861,374288.4985380609,6996835.691570168,1770.5435820114549,1551395372.6874022,8839.2,226.35536000000002,196.5,1105,nan,
20190228,531074861,374618.4985380531,6997799.41131962,1469.4244574183901,1551395368.8275237,8839.2,226.35536000000002,196.5,1106,nan,
20190228,531074861,374927.49853804585,6998701.803448651,1061.4496674335176,1551395365.2132738,8839.2,226.35536000000002,196.5,1107,nan,
20190228,531074861,375221.49853803887,6999560.3901345255,910.7331145272024,1551395361.7744727,8839.2,226.35536000000002,196.5,1108,nan,
20190228,531074861,375529.4985380316,7000459.86190068,660.9365990044225,1551395358.1719193,8839.2,226.35536000000002,196.5,1109,nan,
20190228,531074861,375813.4985380249,7001289.244957783,247.89854483915286,1551395354.8500845,8839.2,226.35536000000002,196.5,1110,nan,
20190228,531074861,376096.4985380182,7002115.70765201,126.11440612649518,1551395351.539946,8839.2,226.35536000000002,196.5,1111,nan,
20190228,531074861,376437.4985380101,7003111.551393109,330.82544220632167,1551395347.551405,8839.2,226.35536000000002,196.5,1112,nan,
20190228,531074861,376702.4985380038,7003885.447555548,933.9605219159052,1551395344.4518056,8839.2,226.35536000000002,196.5,1113,nan,
20190228,531074861,376962.4985379977,7004644.741903599,1072.968383715306,1551395341.410689,8839.2,226.35536000000002,196.5,1114,nan,
20190228,531074861,377256.49853799073,7005503.328589474,1558.8992623173804,1551395337.971888,8839.2,226.35536000000002,196.5,1115,nan,
20190228,531074861,377533.4985379842,7006312.269106438,1889.549616951312,1551395334.7319293,8839.2,226.35536000000002,196.5,1116,nan,
20190228,531074861,377813.4985379776,7007129.970712032,1968.9937853767372,1551395331.4568808,8839.2,226.35536000000002,196.5,1117,nan,
20190228,531074861,403609.63144638727,7076753.388850539,1492.679869248107,1551395087.5614235,8732.52,231.4998,201.5,1206,nan,
20190228,531074861,403653.6314463862,7076871.600450994,573.1994945917603,1551395087.1507561,8732.52,231.4998,201.5,1207,nan,
20190228,531074861,403691.6314463853,7076973.692287751,327.6699202678794,1551395086.7960887,8732.52,231.4998,201.5,1208,nan,
20190228,531074861,403868.63144638116,7077449.225316856,1205.2715126525634,1551395085.1440856,8732.52,231.4998,201.5,1209,nan,
20190228,530892441,382524.26970323327,7008147.220727619,1742.2487491187055,1551312626.532374,11544.300000000001,238.70201600000001,2.0,1119,B737,
20190228,530892441,382596.2697032315,7009050.921511893,1201.4318641720793,1551312630.4029388,11544.300000000001,238.70201600000001,2.0,1120,B737,
20190228,530892441,382656.2697032301,7009804.005498786,556.0951051200578,1551312633.6284096,11544.300000000001,238.70201600000001,2.0,1121,B737,
20190228,530892441,382712.2697032288,7010506.883886554,91.34875159116454,1551312636.6388488,11544.300000000001,238.70201600000001,2.0,1122,B737,
20190228,530892441,382773.1916870495,7011286.939487977,771.3960676546386,1551312639.9650028,11582.400000000001,236.901462,2.0,1123,B737,
20190228,530892441,382821.19168704835,7011932.887412509,1535.1217488567236,1551312642.689716,11582.400000000001,236.901462,2.0,1124,B737,
20190228,530892441,390396.95375152933,7108473.096380715,1455.586050235008,1551313045.8804266,11582.400000000001,240.759792,2.0,1243,B737,
20190228,530892441,390464.9537515277,7109335.94614369,921.6256383522427,1551313049.4326518,11582.400000000001,240.759792,2.0,1244,B737,
20190228,530892441,390538.95375152596,7110274.929709279,746.1729442008653,1551313053.2983084,11582.400000000001,240.759792,2.0,1245,B737,
20190228,530892441,390604.95375152444,7111112.401538047,211.852125436625,1551313056.746056,11582.400000000001,240.759792,2.0,1246,B737,
20190228,530892441,390672.9537515228,7111975.25130102,41.891148668453376,1551313060.2982812,11582.400000000001,240.759792,2.0,1247,B737,
20190228,530892441,390754.8155016248,7113012.803644502,176.29887599120292,1551313064.5738418,11582.400000000001,241.78868,2.0,1248,B737,
20190228,530892441,390818.81550162326,7113817.98140498,575.5762692123404,1551313067.9125571,11582.400000000001,241.78868,2.0,1249,B737,
20190228,530892441,390884.8155016217,7114648.320970474,1301.4113268779652,1551313071.3556073,11582.400000000001,241.78868,2.0,1250,B737,
20190228,530892441,390950.8155016201,7115478.660535968,1757.3900212444742,1551313074.7986574,11582.400000000001,241.78868,2.0,1251,B737,
20190228,530892441,391565.81550160557,7123215.91557807,1845.2911996501687,1551313106.8816257,11582.400000000001,241.78868,2.0,1260,B737,
20190228,530892441,391599.81550160475,7123643.666263325,760.9403402176648,1551313108.655318,11582.400000000001,241.78868,2.0,1261,B737,
20190228,530892441,391661.8155016033,7124423.682218788,159.41008365099614,1551313111.8896985,11582.400000000001,241.78868,2.0,1262,B737,
20190228,530892441,391719.81550160196,7125153.374564223,389.1653104345261,1551313114.9154093,11582.400000000001,241.78868,2.0,1263,B737,
20190228,530892441,391787.81550160033,7126008.875934732,1018.5697235206943,1551313118.4627945,11582.400000000001,241.78868,2.0,1264,B737,
20190228,530892441,391855.8155015987,7126864.377305241,1638.0733964152319,1551313122.0101795,11582.400000000001,241.78868,2.0,1265,B737,
