20190214,528502194,1023,1550177789.2386246,117.59139356347924,100.86320290356602,15152.565216120296,[ 35.83695694  54.66883414  72.45387923 108.12883327 125.49054358
 147.0399904  165.50011968 182.61763345 202.60271576 217.65892561],[2.40152371e+00 7.28370948e+02 4.41332597e+00 4.95132777e+00
 6.74227606e-01 7.64674251e-01 8.68478549e-01 9.88185950e-01
 9.56587234e-01 1.16158266e+00 1.22186241e+00 1.31953546e+00
 1.44193069e+00 1.55105259e+00],__,-15.549999999999955,331.5942973850262,0.7268625485510474,
20190214,528502194,1024,1550177797.1981785,264.9007100378831,104.48751626282935,14857.19872165166,[ 54.32541193  69.83397525 107.69712201 122.80374388 145.37013798
 161.34810989 175.18071123 209.57200488],[  3.10388079 763.58258494   7.0353813    4.91455996   0.98147492
   0.92992656   1.16247875   1.21814147   1.3612217    1.4393564
   1.49741068   1.66196039],__,-15.549999999999955,322.3951196557062,4.67213572848184,
20190214,528502194,1025,1550177805.5084739,-100.91519831248473,-39.89047068276733,6224.24673816141,[ 63.42581285 127.81282828 148.26710087 164.57756011 191.31570173
 215.1371782  216.4374952 ],[  3.39946891 795.81377156  68.57196179   4.99912491   1.10973379
   1.22398809   1.28412424   1.34656493   1.45426746   1.56565727
   1.97127177],__,-15.560000000000002,331.3091460887139,0.7216659858189105,
20190214,528502194,1026,1550177820.3312578,1102.8400735624366,9.502996370990699,9420.462248717757,[ 57.91771867 120.53162307 140.78325612 154.93955909 102.34778437
 178.46515912 202.51681785 211.32390401],[  2.0779834  799.23071574  79.93188123   4.99941543   1.06330246
   1.20325163   1.31871722   1.31113312   1.16372157   1.47750799
   1.56349053   1.90138492],__,-15.569999999999993,327.33196252068524,1.5374870361723354,
20190214,528502194,1027,1550177833.0654209,714.232269491148,5.193880673737387,6209.429626829522,[ 57.48528647 113.68578628 172.48134339 224.148615  ],[  3.82453182 799.7580239   79.97275382   4.99997131   1.13865252
   1.28507902   1.52390108   1.71039525],__,-15.569999999999993,329.25033676281936,0.6904296916978931,
20190214,528502194,1028,1550177847.3778443,595.3777354717167,11.239827102359124,6132.429082467175,[ 62.42367539 120.73205716 186.28562804 217.97209094 224.31806297],[  2.32091075 797.36719693  79.64051354   4.99914938   1.02552123
   1.2576293    1.59707637   1.78800145   1.90317069],__,-15.579999999999984,327.6856910722768,0.769863795941017,
20190214,528502194,1029,1550177867.311236,446.9181156528848,16.58267370944527,5111.920537366637,[122.98809038 182.45224842 231.18210843],[  2.81603685 794.77832921  78.99718362   4.9976064    1.58226178
   1.86378364   2.32781657],__,-15.589999999999975,327.86017035904274,0.3913740139788147,
20190214,528518474,1006,1550187776.9446495,-40.69898093884353,45.10743789454764,3271.080798182104,[129.47957356],[  4.17974587 783.54807966  32.01656984   4.99194064   2.22832958],__,-12.169999999999959,329.24292600895603,0.5469869161083388,
20190214,528518474,1007,1550187764.1925879,-11.12942581135339,54.708737960823704,5225.683677839355,[ 67.33771689 134.03274864 145.62588812 192.64796595 232.42844794
 224.75171607],[  2.88114874 749.95692235  11.78684068   4.97110354   0.99953876
   1.24092851   1.28201963   1.56794919   1.69981949   1.70670339],__,-12.17999999999995,325.07042420856084,0.03313508750799707,
20190214,528518474,1008,1550187750.9849875,851.9134467376931,9.136602592137697,6258.447958680761,[116.1888675  179.36378807 215.16517363],[  2.71369704 798.63522946  79.90445064   4.99937102   1.42730728
   1.73360501   2.03076942],__,-12.539999999999964,331.8846936084215,1.3603008666426202,
20190214,528518474,1009,1550187737.5347757,405.7607341624759,-0.4976334272902063,4933.223574383718,[110.68801535 167.59938103 214.5891951 ],[  4.9962287  799.9999914   79.99999727   5.           1.2305409
   1.2702899    1.28142045],__,-12.549999999999955,333.320263035952,1.1908628361271476,
20190214,528518474,1010,1550187724.813791,144.90424820485907,27.462187027201995,4857.84671849943,[113.94963698 176.84193228 216.66455023],[  3.9570577  790.07848627  68.80960863   4.99938966   1.49248912
   1.76374528   2.11435757],__,-12.569999999999993,331.54592864435716,1.566242524130549,
20190214,528518474,1011,1550187712.615097,792.6854572927358,5.807478333294389,10919.66702799149,[ 59.31472039  76.90313999  93.19993764 122.55453989 140.72067774
 184.11267534 192.80355004 205.44059692],[  3.42834554 799.8065752   79.95072331   4.99992804   1.05657599
   1.00504619   1.10114318   1.24333348   1.20081655   1.35756846
   1.51442714   1.66237062],__,-12.579999999999984,332.7331103584467,1.9692906402501145,
20190214,528518474,1012,1550187698.8012464,1362.1134321957998,-2.54713371062632,12875.504684690608,[126.20238607 188.54658502 204.56353279 198.94119765 212.78994418
 223.14544485],[  4.9087463  799.99989922  79.99998915   4.99999996   0.81487407
   0.94310717   0.88838383   1.32786965   1.38897694   1.28054088],__,-12.870000000000005,331.50904779164705,3.009718516934197,
20190214,528518474,1013,1550187682.3631432,608.1136966653503,1.2309512430535514,6881.791763926417,[114.17103745 174.27562767 213.0468916 ],[  4.98138987 799.99993365  79.99998658   4.99999999   0.93302897
   0.98172841   1.26914672],__,-12.879999999999995,332.4706737356709,1.3969824510601818,
20190214,528518474,1014,1550187666.5771613,862.6096597115837,-2.15316650548087,6553.491161215951,[120.5757323  171.1461562  211.09868473],[  4.103412   799.90641411  79.99258726   4.99998865   1.32189881
   1.4099493    1.73183843],__,-13.139999999999986,331.7116928961855,1.8942175314108716,
20190214,528518474,1015,1550187649.9155543,825.5415693706302,5.2902175058578855,6130.101761812698,[118.15641263 175.56655145 221.80113908],[  3.30632127 799.49393591  79.96191232   4.99992733   1.45919535
   1.66546457   1.98771653],__,-13.149999999999977,330.59554897394145,1.524591365514703,
20190214,528518474,1016,1550187631.6712945,179.85004926091847,3.456732137972887,4620.955717292437,[108.29249412 162.85967984 214.58457578],[  4.98678167 799.9984952   79.98897798   4.99999985   1.17143805
   1.24364621   1.25615574],__,-13.159999999999968,332.142464100569,0.5010404829481573,
20190214,528518474,1017,1550187618.350744,653.7652503933856,6.635152875803127,5706.739846277763,[118.12594252 216.38761891],[  3.70467804 799.28864381  79.917287     4.99990906   1.39914758
   2.1061867 ],__,-13.17999999999995,331.76759060837645,1.3012238356033543,
20190214,528518474,1019,1550187585.7634544,-333.5901067539071,59.442585754266084,16213.283302452197,[113.14478666 168.55188256 207.95292567],[  2.36177588 798.00274321  76.80439811   4.72683926   1.15340949
   1.65133394   2.09123152],__,-13.20999999999998,324.7501607413529,59.66376874864361,
20190214,528518474,1020,1550187572.0660422,593.2837007828408,6.546332016769367,5044.977906903983,[105.75216434 220.24912906],[  3.62892891 799.01336291  79.88500161   4.99989973   1.48244907
   2.0591835 ],__,-13.21999999999997,331.5268983324425,0.892586213402587,
20190214,528518474,1023,1550184643.6806734,-714.4902218157824,0.3875635082767559,15576.658004977444,[132.76669908 150.6742065  176.71722172 196.46963173 230.17978876
 228.73279148],[  2.88626248 799.57146255  79.8937761    4.86404084   1.2172992
   1.23755516   1.30780257   1.39752334   1.65171121   1.85120399],__,-14.169999999999959,358.99696094247497,12.314396881789708,
20190214,528518474,1024,1550184650.8730202,-5.52350751432375,51.0061967664427,4506.856707991163,[136.03132734 180.89399159 204.03052202 246.42220607 237.16662679
  72.91161456  87.72313156],[  2.72081473 757.19458785  13.65054068   4.97167786   1.22685827
   1.39949626   1.52198479   1.69152238   1.62583562   1.05322994
   1.04980618],__,-14.169999999999959,322.6223092311301,0.026611829621782195,
20190214,528518474,1026,1550184671.6801171,-556.8193961053819,93.47909427693057,7843.047982745024,[ 59.26205404 113.40563778 175.09260407 211.06559534 225.04867812],[  3.55664523 794.41956343  46.74922137   4.99738059   0.92715545
   1.11813601   1.53189471   1.78563421   1.89405791],__,-14.17999999999995,326.6957761167995,1.4900875157143298,
20190214,528518474,1027,1550184682.1097648,1046.0402159372588,2.9719848253964853,6724.007281672562,[118.8570323  213.88389588  61.15717108 178.71030473],[  4.4705199  799.98328424  79.99909853   4.99999804   1.13216472
   1.42579645   1.09402632   1.20683401],__,-14.189999999999998,330.68448595165967,1.178841913798542,
20190214,528518474,1028,1550184693.9626846,700.1891950839122,-1.2211069753033592,5113.4262326123735,[117.75622607 171.89825653 219.34167808],[  4.3364958  799.92495471  79.9938071    4.99999472   1.17921283
   1.27809426   1.61026825],__,-14.399999999999977,331.27429387661533,0.863697897865191,
20190214,528510459,1007,1550181884.3150985,-454.4971896098045,37.16413397857135,13509.220210220172,[ 62.74652752 125.8527553  185.47025875 229.20069235],[  2.77706278 798.27111447  79.4789611    4.98487761   0.84592415
   1.23273602   1.6173517    1.91918575],__,-12.419999999999959,323.4195457403066,1.5098560109241448,
20190214,528510459,1008,1550181870.0039585,-491.4936396869444,109.82939630415302,9128.83356482358,[120.36773751 181.22585147 223.05507558],[  3.70935509 794.4906181   43.6107382    4.99726483   1.25959626
   1.69691025   1.98966148],__,-12.439999999999998,323.0818868140391,2.1841007052165526,
20190214,528510459,1009,1550181856.345989,874.1516289865519,4.325764305775321,6742.90521594507,[ 62.20583141  83.60858938 121.17965301 184.6152731  225.77800871],[  4.03977183 799.91339283  79.99314738   4.99998904   1.20221954
   1.22863318   1.33773626   1.42058043   1.83564831],__,-12.45999999999998,332.69170439745454,1.251134475258456,
20190214,528510459,1010,1550181842.8943968,-131.33256288441822,50.66950238725132,3997.9484665123437,[ 69.43805847  79.81843338 100.516118   137.78488628 208.82137454
 231.48465982 249.83892162],[  2.79504907 787.18035152  76.30586279   4.96644059   1.46184461
   1.40515115   1.46018422   1.53912702   1.74490116   1.85828808
   2.02653492],__,-12.46999999999997,326.35176635514625,0.024736127212215343,
20190214,528510459,1011,1550181832.4984717,456.98030738262855,62.34283889679312,4135.076786914253,[ 34.68638951  50.60049896  69.50723678  90.63964905 103.708193
 129.73446317 147.03467128 178.16616535 196.44967877],[2.23810589e+00 7.99899132e+02 7.99866329e+01 4.72234091e+00
 6.92370004e-01 6.86187769e-01 8.54011270e-01 9.72063972e-01
 1.06540521e+00 1.22344617e+00 1.34005698e+00 1.51582900e+00
 1.64387408e+00],__,-12.489999999999952,353.4890566806702,25.12767208902651,
20190214,528510459,1012,1550181820.0,435.2991356542957,-1.3350867256021068,7192.922090434391,[121.99884422 188.3285435  214.40252011 210.71015856 229.89934007],[  2.52142674 797.70963774  79.29090215   4.99948729   1.25446569
   1.53942569   1.7655448    1.7752375    1.78961609],__,-12.5,333.7933147737972,2.4747598209298993,
20190214,528510459,1013,1550181805.205245,700.441307472388,-0.8975097450582632,5765.516270103389,[117.19630483 175.2441047  220.53149813],[  4.97291605 799.9998965   79.99998959   4.99999999   1.03193948
   1.10359717   1.36113307],__,-12.909999999999968,332.9634662736972,1.5369404417428267,
20190214,528510459,1014,1550181792.9943023,474.5046054380044,1.3037255302613733,4751.440148221381,[114.70202871 222.11760956],[  4.9351021  799.99769878  79.99956898   4.99999986   1.15756659
   1.26373239],__,-12.919999999999959,332.2336025189075,0.6928533122110461,
20190215,528711629,1007,1550273562.8316312,248.91671961526745,-57.79712204222761,9572.314367661442,[ 57.54996167 113.1661631  172.99948942 200.44187599 223.56731716],[  2.54244825 784.9454838   31.76139917   4.99621846   0.8434573
   1.20591616   1.46852842   1.6118884    1.77023746],__,-8.849999999999966,339.04644061824223,0.42209069682365075,
20190215,528711629,1008,1550273546.1621952,-102.47747854321278,57.21042348853345,6168.904371928593,[ 69.979774   142.37284574 170.28078848 213.45423774 249.79700278
 241.19514444 261.71452828],[  2.32725133 776.68223981  22.95011606   4.94934052   0.96541854
   1.08666232   1.15660842   1.42330233   1.49968292   1.47711085
   1.5196212 ],__,-8.870000000000005,324.50504832542043,0.025611606493835967,
20190215,528711629,1009,1550273534.900063,1574.091429007752,-2.5765385098932745,12770.065408431674,[ 58.18594832  82.9055072   99.42943925 123.52132921 140.40415741
 161.74250427 190.04263355 209.6116418  224.46320259],[  4.47833635 799.99712518  79.99977598   4.99999884   0.83543276
   0.88605584   0.92711736   0.92659843   0.97486586   1.01049055
   1.05314633   1.32441999   1.34096461],__,-8.870000000000005,335.46719895426344,1.717103394262011,
20190215,528711629,1010,1550273523.4652627,421.55862177383506,-40.76099663058737,6614.147578552392,[ 35.36038099  53.93804684  64.81851583  80.85451651 109.12301643
 108.83897129 168.03337169 165.05819054 176.26032839 180.99346021
 196.88641897],[  2.36287494 788.65497811  65.65701783   4.97964101   0.88926094
   0.92842227   0.90165123   0.97602272   1.04919604   1.03512838
   1.3448424    1.31034554   1.34762597   1.36594996   1.47174581],__,-9.169999999999959,351.15310805649415,0.027063577770683883,
20190215,528711629,1011,1550273509.2727926,-1257.0799699039017,67.45384755518054,19049.6044469104,[ 41.00022778  64.11123672  84.28674724  97.87095293 128.50309894
 141.90645612 177.45332908 188.17779667 187.54714237 198.68761599
 214.87628528],[2.28859878e+00 7.97557253e+02 6.99015987e+01 4.99193083e+00
 7.33403338e-01 6.61831506e-01 7.59902845e-01 7.99246043e-01
 9.70536861e-01 1.07406162e+00 1.17277536e+00 1.32007368e+00
 1.37433621e+00 1.39716237e+00 1.52589618e+00],__,-9.169999999999959,326.61286062562965,1.5966422611496869,
20190215,528711629,1012,1550273496.0302122,2031.8626937119648,2.814209345748651,16980.392961606532,[ 40.01196801  64.23693778  77.2246816   99.19047328 125.50144969
 139.9636817  168.2650889  185.96607944 203.29300828 198.37425537
 213.87628933 225.76773025],[1.76141192e+00 7.99801758e+02 7.99842491e+01 4.99964274e+00
 8.64409029e-01 6.82272535e-01 8.38088603e-01 9.37796717e-01
 1.10251340e+00 1.08142349e+00 1.17870324e+00 1.26159313e+00
 1.33418652e+00 1.32737477e+00 1.47645891e+00 1.49351540e+00],__,-9.17999999999995,334.15832925800373,1.9203833482036654,
20190215,528711629,1013,1550273480.420813,-1026.7925843221774,19.272673912844617,16590.636726396726,[113.38077203 132.46539914 147.45133764 183.90317785 192.06378084
 216.90980405 214.70066176 220.80012809 232.06087861],[  2.73374519 799.85496132  79.96966973   4.99990748   1.00581667
   1.00566019   1.0503741    1.16090021   1.10199036   1.24613142
   1.37740777   1.48367078   1.46711989],__,-9.189999999999998,328.3943533788789,2.0328185639022296,
20190215,528711629,1014,1550273467.4769297,-71.383933295532,47.14574775961603,6281.552809336457,[ 67.06547528 133.83729719 174.58686372 202.18151827 242.70739855
 253.21857751 258.34001477],[  2.55712377 778.38421992  22.73078055   4.97576979   0.93445015
   1.11309467   1.26693868   1.33845288   1.51826982   1.57268936
   1.58308364],__,-9.199999999999989,326.10119261578416,0.03270397496410188,
20190215,528711629,1023,1550270437.062451,931.3807090936441,55.133895837550085,21339.160639474787,[ 38.40468868  58.35112594  76.20367426  96.13599203 116.53372317
 129.310539   156.13890954 178.33311418 193.54492734 203.58495841
 200.89146343],[2.00880566e+00 7.99868778e+02 7.99100984e+01 4.76705891e+00
 5.18367915e-01 5.74294338e-01 6.20664738e-01 7.39770897e-01
 8.37413003e-01 9.41617166e-01 1.07535568e+00 1.16567474e+00
 1.28823404e+00 1.41770234e+00 1.45857264e+00],__,-9.919999999999959,362.288090123412,18.727592182346385,
20190215,528711629,1024,1550270443.6911802,3213.9802020990246,77.33534783528148,33313.311900407665,[ 35.60474985  54.81819143  85.84792078  92.35687478 125.04677644
 129.55842616 172.56668355 178.30999616 189.81764976 202.70995559
 219.11950446],[2.20090239e+00 7.99998549e+02 7.99996945e+01 4.59737741e+00
 3.93429419e-01 4.76935080e-01 5.73993295e-01 6.43364833e-01
 7.91260246e-01 8.26072935e-01 1.04643514e+00 1.09652491e+00
 1.20598017e+00 1.29787449e+00 1.39481315e+00],__,-9.919999999999959,351.3735656087034,62.15345232465927,
20190215,528711629,1025,1550270451.6918297,-1385.067420907188,126.42544730158858,17883.196573700305,[ 37.82458351  55.10745704  74.54763056  95.54632807 110.18643479
 130.79430884 149.81627136 170.83091553 186.80095641 197.53159864
 212.67739525 231.59470351],[2.09554800e+00 7.96054102e+02 2.79171089e+01 4.97103721e+00
 6.37328251e-01 6.38309526e-01 8.03553380e-01 7.25777776e-01
 8.25598213e-01 9.53655553e-01 1.06161513e+00 1.12021617e+00
 1.13417665e+00 1.28135172e+00 1.32559652e+00 1.34916540e+00],__,-9.919999999999959,319.5448436730898,2.0946265595879696,
20190215,528711629,1026,1550270464.242879,-787.5606771581307,6.4506040595615275,25210.145896705486,[ 26.49489682  46.39197197  62.64091253  79.47549822 109.8282167
 130.28661028 145.17385987 174.38751464 195.25058382 223.89380637
 217.25998332 225.31129961 239.72388343],[  2.69948125 799.604368    79.82971475   4.76492098   0.90911279
   0.87217221   1.01200016   0.90752427   0.9646561    1.20863096
   0.98093469   1.21149712   1.22215734   1.32756208   1.36455401
   1.44313842   1.60898375],__,-9.92999999999995,373.0622684426439,9.093973484143635,
20190215,528711629,1027,1550270478.3929179,34.013192372906985,107.87166126298794,23066.846126430224,[ 41.43528316  58.71787688  75.88056278  95.77894996 115.79011251
 132.61553692 152.64450491 173.94152951 209.19485468 225.94300245
 246.5712546 ],[1.81708382e+00 7.76574000e+02 3.39242961e+00 4.84786220e+00
 5.15436884e-01 6.91115400e-01 5.88368059e-01 7.05794042e-01
 8.27315582e-01 8.87686118e-01 9.97430924e-01 1.09647124e+00
 1.33448550e+00 1.44912386e+00 1.61106092e+00],__,-9.92999999999995,321.6909863733629,5.340594823987723,
20190215,528698927,1007,1550267767.279297,714.7258191348571,10.721785806622336,6602.814113475119,[ 58.59742901 118.48960213 171.66257705 219.3101896 ],[  2.94187866 798.944252    79.87414455   4.99978071   0.97141552
   1.3084791    1.52433525   1.90125384],__,-9.620000000000005,333.4634767897682,1.0881920122599464,
20190215,528698927,1008,1550267751.7461042,-211.64661281128588,112.82706049284087,22683.21358353212,[ 58.32688524 118.27785638 173.55317002 221.72399912 155.87224979
 135.90494614  83.90623087  97.20779815 205.80969288 196.21089646],[2.16320806e+00 7.96236028e+02 9.38054500e+00 4.64828683e+00
 6.16204263e-01 8.21902694e-01 1.07220174e+00 1.43238826e+00
 1.02854565e+00 8.89180638e-01 6.19683317e-01 7.37360197e-01
 1.35101890e+00 1.26431251e+00],__,-9.639999999999986,346.9310464446999,42.604481979941106,
20190215,528698927,1009,1550267741.7506626,1492.6377444419707,-4.033694589623585,10354.22777788456,[ 59.27497031  78.34908699 117.6783223  173.90798723 206.30136043],[  4.63656924 799.99675719  79.99981162   4.99999914   0.80798388
   0.8368951    0.96082288   0.91335615   1.18389421],__,-9.649999999999977,335.20543284912014,1.51891250290672,
20190215,528698927,1010,1550267727.8378446,1648.166732668331,3.4186263968107857,16833.567793179973,[ 44.93855802  65.69506255  81.2947336  106.6720619  133.59225159
 168.95822413 190.28491115 215.256361   219.61280091 232.19278636],[  4.64644083 799.99905279  79.99988533   4.99999932   1.00383336
   0.86908913   0.84657056   0.94900559   1.04395343   0.81945601
   0.99774164   1.37511329   1.39881683   1.47612109],__,-9.669999999999959,333.20048665823913,1.9584591860103544,
20190215,528698927,1011,1550267716.3604326,1470.798342789622,3.944398269256202,21409.180308615287,[ 40.87090376  62.76283856  85.35015425 101.11826961 127.79931304
 144.44292984 176.17413893 168.2444047  192.29119732 207.34359292
 217.27562278],[  2.13455974 799.78415374  79.9470722    4.99955662   0.85184436
   0.81534122   0.85815127   0.9486341    1.01981715   1.09723888
   1.15786625   1.09141847   1.53344736   1.61343418   1.45994931],__,-9.67999999999995,333.76842605515867,2.1990014967417664,
20190215,528698927,1012,1550267702.975742,994.6735462939619,19.667629489803595,21853.154889895115,[ 19.04885862  39.81425003  60.12595696  82.42465043 103.82223765
 120.88978166 139.69326162 165.37752921 173.6824562  206.20510873
 186.49721379 200.19573737 212.66950578],[1.82388550e+00 7.99520961e+02 7.97868354e+01 4.99859891e+00
 6.96380539e-01 7.30276451e-01 8.58869563e-01 6.84631147e-01
 7.63968314e-01 9.68648378e-01 9.41723855e-01 1.05046643e+00
 1.06120604e+00 1.30621847e+00 1.36161476e+00 1.44779258e+00
 1.52732238e+00],__,-9.909999999999968,331.8985030457837,2.245965023212689,
20190215,528698927,1013,1550267691.2086492,1463.540438177936,10.144521217338553,15988.50342367154,[ 60.08956551  79.92653244 101.45961872 124.92394626 143.90726025
 157.47563089 173.23036083 201.45322719 196.65469628 204.10939507
 215.20181567],[  2.9994484  799.94358261  79.99196226   4.99995826   0.83684624
   0.93543234   0.96058552   1.03072233   1.06015593   1.01883803
   1.0151332    1.20280728   1.25205339   1.23988677   1.257353  ],__,-9.919999999999959,334.7146452414887,2.117771264492006,
20190215,528698927,1014,1550267678.8264968,504.3883283416517,-41.8346881735055,11391.291057046603,[ 55.09043785  95.15116509 113.49981734 115.01077725 146.86820351
 165.44202413 187.96178932 200.56763422 186.04645803 201.78922654],[2.24455277e+00 7.93249160e+02 4.32735708e+01 4.97850977e+00
 7.54549345e-01 8.92774655e-01 8.74865205e-01 8.63099849e-01
 1.05131622e+00 1.15690351e+00 1.20622155e+00 1.32330848e+00
 1.23310148e+00 1.31979657e+00],__,-9.92999999999995,347.016758263395,0.03771825511727942,
20190215,528698927,1022,1550265032.9180806,197.88980787617004,-27.949833831563375,13787.004786410398,[ 57.98549291  75.83696986  92.14667006 112.46534086 125.99604767
 150.79282585 170.15897584 187.03422285 203.61243728 200.50548418
 218.9482653 ],[2.39629473e+00 7.83985898e+02 1.39727126e+01 4.97471433e+00
 7.98259534e-01 7.09225398e-01 7.03843971e-01 9.23979581e-01
 9.70389672e-01 1.12917458e+00 1.17611712e+00 1.22155751e+00
 1.32410657e+00 1.32267992e+00 1.41778902e+00],__,-10.289999999999964,335.7208962498737,2.769287379410423,
20190215,528698927,1023,1550265040.382296,863.7933839783183,15.16623201420365,13883.202086181123,[ 39.14994079  59.57745369  82.05970705 104.20974373 119.20437706
 138.75598586 154.01153374 174.53415336 198.37199732 210.95121864
 215.86336723 220.63692746],[  1.8852797  799.27175957  79.79058294   4.99924028   0.82761841
   0.91070221   0.84577183   0.8692949    1.06266714   1.13913943
   1.12167258   1.23763169   1.24813244   1.37149712   1.5515721
   1.62518739],__,-10.289999999999964,330.1586278770148,1.2884172258128215,
20190215,528698927,1024,1550265046.326273,1647.8448826304739,9.213256368472335,17185.508747459153,[ 37.88474401  59.76840709  87.88129136 104.32414307 120.33620453
 149.12598791 159.57020709 172.64026333 197.61281561 203.08603125
 215.65461026 228.27446012],[2.26849293e+00 7.99876944e+02 7.99843640e+01 4.99987003e+00
 8.62523168e-01 8.51849546e-01 7.99455315e-01 8.26577327e-01
 1.01731487e+00 1.00392080e+00 1.08166544e+00 1.21465028e+00
 1.28243179e+00 1.33852928e+00 1.49086546e+00 1.53528792e+00],__,-10.289999999999964,332.49284830266663,1.556236177647197,
20190215,528698927,1025,1550265051.923145,242.66073570037793,196.15370768809422,17528.485153214922,[ 64.56426398  99.83513517 107.48733534 128.37321929 153.15502046
 169.11587962 201.38343509 215.86895495 230.94550005 239.22317465
 251.66312239],[3.77453858e+00 7.99028960e+02 7.08738506e+01 4.99949497e+00
 7.60828678e-01 5.93722379e-01 6.84560635e-01 8.43095785e-01
 8.28695345e-01 9.43377405e-01 7.74188859e-01 8.91507017e-01
 1.01895170e+00 1.08128930e+00 1.11978184e+00],__,-10.289999999999964,341.38791809559126,2.1336837606016634,
20190215,528698927,1026,1550265065.453507,1829.6872811869198,41.821677288612655,21253.13094653792,[ 41.83304956  62.49866736  98.74980245 122.0457797  144.04354401
 158.12056452 190.15262646 197.79091473 217.16590757 225.18380963
 237.32451274],[2.88063034e+00 7.92505979e+02 6.44059910e+01 4.87488547e+00
 8.71482086e-01 9.26486845e-01 7.03791875e-01 1.11301312e+00
 9.65635436e-01 1.13624495e+00 1.22838646e+00 1.32782946e+00
 1.40074907e+00 1.53951996e+00 1.76823356e+00],__,-10.289999999999964,341.0197415239745,9.505796857766834,
20190219,529409728,1020,1550610910.7345736,122.59697439604396,81.54039777267188,10572.029341463855,[ 11.78734727  27.36767389  42.84976767  58.04788345  74.49579466
  89.83253487 113.84610107 132.26470404 151.39357046 171.06109396
 188.89962247 208.62289243 222.90340463],[1.96001285e+00 6.29916006e+02 1.87876370e+00 4.83830683e+00
 3.74810267e-01 4.88054892e-01 4.30169764e-01 5.38075999e-01
 5.47558744e-01 6.01363518e-01 8.63577651e-01 8.65598200e-01
 1.01557733e+00 1.16297621e+00 1.24108300e+00 1.35592980e+00
 1.50608428e+00],__,-12.95999999999998,345.8819745265748,1.750456007595829,
20190219,529409728,1021,1550610926.1353552,371.56199623134114,45.877315174859625,19043.290535447428,[ 15.71873316  42.9360907   59.89037828  74.81626392  94.39835235
 113.37803995 139.6476301  152.06108877 185.32434098 190.29005033
 203.95484932 210.29505022],[1.90303575e+00 7.99404822e+02 7.94722624e+01 4.84526917e+00
 4.21369705e-01 5.07606365e-01 6.17894836e-01 6.50009492e-01
 8.73494229e-01 9.14948114e-01 8.87042984e-01 1.08994390e+00
 1.13902299e+00 1.28784842e+00 1.39490613e+00 1.47051278e+00],__,-13.579999999999984,354.31333758360836,8.955471074569111,
20190219,529409728,1022,1550610937.1678772,1059.962589291832,90.33223586687133,13537.542941367106,[ 16.76206464  38.92235861  61.50617313  78.93737899  98.97196032
 121.04333234 138.2226056  160.72496894 177.23130413 199.86482338
 210.04753517 228.22068468],[3.14736399e+00 7.88312996e+02 3.48967685e+01 4.93325825e+00
 5.71587607e-01 8.59252985e-01 1.08491396e+00 1.43075973e+00
 1.21676732e+00 1.54397352e+00 1.47804391e+00 1.43032933e+00
 1.42874806e+00 1.55762179e+00 1.71165178e+00 1.89698581e+00],__,-13.579999999999984,337.07080042604866,3.373131544783359,
20190219,529409728,1023,1550610944.856022,55.9087587269251,42.6269466942239,1265.3264997334034,[ 46.34601429  65.4866731   80.52314144 100.51748493 129.63331963
 146.83120005 172.23088352 195.04378007 214.99081786 231.87747582
 236.83194451 254.49523694],[ 0.77655411 39.60820604  0.85478063  4.97603672  0.43642674  0.52562857
  0.74846365  0.7631558   0.684071    0.50979644  0.58899528  0.50017237
  0.73972141  0.97502724  1.24249465  1.24186078],__,-13.589999999999975,338.2702123212602,0.9358116440629115,
20190219,529409728,1024,1550610951.4918563,3186.1552778999057,41.02484260771857,22330.412430218992,[ 17.24049402  40.54422813  62.44483125  79.34206887  98.21387731
 123.61523533 144.06485679 152.1509657  190.96363644 205.24189538
 208.20389216 223.12482085 234.65553665],[1.87053125e+00 7.99998460e+02 7.99998739e+01 4.75541292e+00
 3.47543727e-01 4.42830139e-01 4.93089201e-01 5.34091756e-01
 6.69968196e-01 8.13497267e-01 8.08798125e-01 8.81050812e-01
 1.03396109e+00 1.11916250e+00 1.21096500e+00 1.33804542e+00
 1.36800141e+00],__,-13.599999999999966,337.9879572643803,29.18858668165459,
20190219,529416700,1021,1550614687.799907,323.95702343201214,45.4217820579904,11234.984047191334,[ 62.1035659  120.21580362 181.65494349 236.26209654  77.39084125
  99.02217563],[  3.03750061 794.7868226   71.71729861   4.99734635   0.96141231
   1.25843685   1.55003344   1.87232089   0.99642102   0.9083521 ],__,-9.089999999999975,323.562884849314,0.4179328909057349,
20190219,529416700,1022,1550614671.9093153,9.348003774657442,49.885614916292155,7821.339019925988,[ 65.29464669  85.99339443 103.8318036  129.55042547 142.45167337
 162.29644859 193.82092164 225.85245887 245.86793097],[  2.48963458 718.52583455   6.56884841   4.98466225   0.99100689
   0.91173532   0.78593831   1.2083662    1.19204599   1.21164866
   1.38097887   1.48961197   1.62611902],__,-9.109999999999957,324.82698813305115,0.2585461457782194,
20190219,529416700,1023,1550614666.2139783,276.8673433245168,40.008343120487886,4555.551984800374,[ 40.86914528  61.32155914  76.06615161  93.09612333 116.18537374
 138.44037646 178.04296024 191.44336911 201.00846492 231.91740277
 238.76658783],[  3.79585369 785.2214302   58.16272225   4.99887958   1.48615562
   1.49288514   1.57166687   1.77601137   2.1494662    2.09376289
   2.27837097   2.21839119   1.92411632   2.18987002   2.27814564],__,-9.109999999999957,330.21985212164645,0.9924955184928578,
20190219,529416700,1024,1550614658.503937,307.1231105927192,-36.80076325761987,8615.96349690273,[ 32.26594496  49.10980222  68.72463919  88.05975159 108.26016904
 124.27826134 144.44321355 162.7696227  167.72234131 184.43212748
 199.07661191 205.69350055],[  2.67079426 791.58782944  42.46091994   4.98746888   1.16437657
   1.2465806    1.13019098   1.11697934   1.24663256   1.12962135
   1.43654825   1.34506622   1.41413633   1.45593995   1.44711025
   1.49099727],__,-9.120000000000005,339.8085419964036,0.029167171948688578,
20190219,529416700,1025,1550614649.2902114,188.14958640112098,123.24003270352821,5875.270791901484,[ 57.13032374 115.52345208 147.05850913 168.916962   206.71241094
 216.62285525],[  3.44475833 790.30955067  36.12155008   4.99806366   0.8624023
   1.14862716   1.28693866   1.43695155   1.59247348   1.68008523],__,-9.129999999999995,326.5075480669789,1.3064337810682118,
20190221,529754214,1009,1550781360.0,649.4736844605068,37.89996590363364,9745.712372456243,[ 59.93249401  81.84499105  94.1789955  118.5821284  136.45508747
 156.87730888 168.78796161 208.7355351  200.00566969],[1.96740072e+00 7.99642323e+02 7.99073049e+01 4.90861578e+00
 7.78849371e-01 7.48105443e-01 8.52947152e-01 9.89723993e-01
 1.17083284e+00 1.24281333e+00 1.29681009e+00 1.62715275e+00
 1.81220004e+00],__,-6.149999999999977,337.58596252119554,3.321728387764844,
20190221,529754214,1010,1550781346.7704425,378.282946579866,-28.04544164793853,9104.394554561253,[110.52802849 157.29162851 167.15924351 202.91603283 196.97003561],[  2.89629978 793.57647941  62.5719269    4.99421931   1.20079175
   1.38241103   1.44368972   1.65285478   1.63221386],__,-6.159999999999968,347.27482388908743,0.02727935258914991,
20190221,529754214,1011,1550781331.5739982,-573.2849479246804,-54.051809013512646,17935.517148731582,[ 70.36713933  83.22434977  96.53626706 117.64043506 139.49477584
 156.51685415 184.08211161 175.43454495],[2.17845962e+00 7.96306000e+02 7.40712564e+01 4.93703702e+00
 7.67272648e-01 7.18355413e-01 8.73832162e-01 1.00366005e+00
 1.18841177e+00 1.22419027e+00 1.44256497e+00 1.37981900e+00],__,-6.17999999999995,337.0194467161853,1.519177091220436,
20190221,529754214,1012,1550781316.6564536,-13.826963739738176,-47.772166603249175,4828.406191416435,[ 59.2953238   79.04469988 107.28478844 120.75981798 136.09494215
 162.9998602  177.67937997 218.86920865 197.99486174 222.43399022],[  3.87480216 782.45579324  22.18758042   4.99821437   1.46950067
   1.49325235   1.3592221    1.54396666   1.41430597   1.38113288
   1.595338     1.63134642   1.61855552   1.65231312],__,-6.519999999999982,342.470830087731,0.25979331096960345,
20190221,529754214,1013,1550781302.9622304,-1349.5660760521378,38.044481624416484,7916.808957722488,[ 69.53884916  21.80180458  92.34674883 113.13279903 128.13772948
 156.58020758 179.45235357 206.44326302 217.990535   216.14834504
 235.17680107 251.13100697],[  2.02456439 799.88916881  79.99683786   4.9746468    1.28208421
   1.09585138   1.27621561   1.29743876   1.41696897   1.38099242
   1.35656879   1.49265214   1.74791904   1.86033209   1.89115168
   2.03717845],__,-6.539999999999964,333.703029848936,2.3283100325309842,
20190221,529754214,1014,1550781289.7365599,209.60836438875936,13.608949803528876,8090.803176587513,[ 64.69895989  86.13728746 101.63359036 122.33733328 153.78420956
 160.2934138  184.36560688 228.48096396 229.91761159 199.01497637],[  4.11638308 799.54340759  78.55974027   4.99988452   1.04176577
   1.10007788   1.21447845   1.00834039   1.17310802   1.22751638
   1.13214434   1.26877978   1.23221341   1.19332942],__,-6.5499999999999545,337.76479363210365,0.08177452427721857,
20190221,529754214,1015,1550781276.6575217,539.6542729707714,6.607679615772726,6081.5329575475,[ 61.23040483 123.38971989 146.47518987 169.23024106 184.70203921
 200.79588385 202.99006623 206.04332202],[  3.50508479 799.60249048  79.92032532   4.99995795   1.23843273
   1.45202642   1.55694173   1.49586186   1.44401802   1.55461454
   1.7479444    2.1484027 ],__,-6.569999999999993,339.520923330975,1.7782521311451207,
20190221,529754214,1016,1550781262.2865407,389.8768557576264,-8.158318865761954,6772.620788384056,[118.68219009 156.32092359 203.3995591 ],[  3.89716222 798.99422463  79.40849958   4.99984473   1.29355158
   1.38798945   1.61239483],__,-6.579999999999984,341.93890778328085,0.030248833319818227,
20190221,529754214,1017,1550781246.0304034,914.8367857528389,2.660588484685361,7073.848928237284,[ 59.02764619 114.0605829  151.8256615  168.45012095 205.67437068
 211.37942896],[  3.67934836 799.88073612  79.99045467   4.99998354   1.15943292
   1.17754149   1.3171278    1.38594123   1.57191302   1.71762764],__,-6.599999999999966,336.63419856214136,1.3469287116675266,
20190221,529754214,1018,1550781233.9071,568.2671004588708,3.2696756499664907,4842.28709834132,[116.26943687 213.71344297],[  4.47786417 799.8700741   79.9843429    4.99999163   1.28435767
   1.81247426],__,-6.6200000000000045,336.5567903903026,1.2360502083930236,
20190221,529754214,1019,1550777698.7094731,121.82149334313944,-47.52101194568172,10428.095448248547,[ 36.53298281  61.71828591  81.84870635  95.43407094 124.73227826
 148.21905219 164.03981829 185.26143006 207.73471176 200.54828522
 216.28932251 232.08657407],[2.16475610e+00 7.53532138e+02 8.43152678e+00 4.98797523e+00
 8.09267263e-01 6.96752647e-01 7.73189212e-01 8.58651189e-01
 1.01636180e+00 1.01407266e+00 1.14687890e+00 1.25612595e+00
 1.38283839e+00 1.23514698e+00 1.37603586e+00 1.42688863e+00],__,-9.029999999999973,328.01580382367973,0.07395305058269354,
20190221,529754214,1020,1550777713.1677284,890.434256941847,12.811260576847246,13964.23733249164,[ 37.4491079   62.66395541  83.58641783 106.57458348 118.53597678
 142.9926294  164.66433459 186.48249551 207.78230199 218.96742364],[2.56548374e+00 7.99623676e+02 7.98795831e+01 4.99971828e+00
 9.41826198e-01 6.30955559e-01 9.57464531e-01 1.08835929e+00
 1.02566994e+00 1.14001546e+00 1.20642734e+00 1.29501289e+00
 1.39709951e+00 1.47688720e+00],__,-9.029999999999973,330.04285751333634,0.4659733436943273,
20190221,529754214,1021,1550777727.0032156,-166.48790531085407,49.90638020393825,6360.153388092982,[ 72.88085128  97.08824429 119.85364079 144.30979229 173.0563491
 193.64627209 217.49104855 242.79738825 226.72436642 243.90482388],[2.56539971e+00 7.78825372e+02 5.51833612e+01 4.96622922e+00
 6.48104211e-01 1.14437388e+00 1.19818889e+00 1.42653467e+00
 1.33688431e+00 1.50062406e+00 1.47458924e+00 1.62641815e+00
 1.55771963e+00 1.59550392e+00],__,-9.039999999999964,324.37564242098443,0.02251886171704631,
20190221,529754214,1022,1550777737.9123268,335.1369050443761,145.16004508497196,18910.15875257693,[ 95.28961624 110.80103574 129.38096098 152.53355752 177.45508664
 194.93475392 222.29925993 229.81585172],[4.30729326e+00 7.99312895e+02 7.25208298e+01 4.99966778e+00
 7.01187457e-01 8.48645928e-01 1.00486583e+00 9.51305163e-01
 9.83652645e-01 9.69130545e-01 1.02839660e+00 1.29963375e+00],__,-9.049999999999955,318.4470479785817,2.4021875047314674,
20190221,529754214,1023,1550777742.8843768,-1624.2900651897571,17.005415939872364,17315.630471691256,[ 40.69302018  65.98502519  90.86330455 105.18452885 122.69008048
 158.72509072 185.16521346 214.48003196 230.10350301],[2.01172800e+00 7.99624662e+02 7.99628713e+01 4.99871694e+00
 8.60482546e-01 6.29023062e-01 9.37004411e-01 1.12906903e+00
 1.12101885e+00 1.21948444e+00 1.41706831e+00 1.50548826e+00
 1.65236946e+00],__,-9.049999999999955,323.6034009470894,1.2879165732241338,
20190221,529788403,1300,1550791648.0,145.06179352202955,37.82326397230052,7743.885416855361,[ 72.21653537 103.6847964  155.55294721 171.92972393 189.22357788
 207.17588541],[  2.53124303 761.5884252   16.56827417   4.99409125   0.79829501
   1.0822906    1.43067441   1.54179483   1.58434871   1.70243833],__,-11.939999999999998,322.9896779305221,0.1376665910268645,
20190221,529788403,1301,1550791637.4673657,385.16984721337224,-28.936163124934946,5116.306628452782,[105.80947249 157.57455527 186.4245252  212.2785083  195.57804475],[  2.38755969 789.07411299  73.97436711   4.98965149   1.16761437
   1.43840326   1.52651767   1.70014882   1.62410796],__,-12.649999999999977,327.7755911510114,0.03028309856248239,
20190221,529788403,1302,1550791638.031737,-94.24278696240897,49.44197123276946,3924.999839165282,[129.28538266 166.05850608 195.63214423 209.80458642 216.7657053
 218.69312165 236.33316438 257.00320859],[  2.60518732 767.47606049  50.18632036   4.96350528   1.25398241
   1.31277109   1.36783861   1.39390981   1.45690553   1.43719489
   1.4888943    1.61510155],__,-12.649999999999977,320.98398813590245,0.02513914922674866,
20190221,529775831,1301,1550790750.5665214,195.08074478436066,34.89118962048225,5524.55389575725,[116.71608585 155.28365566 185.5338505  191.31667107 206.40573979
 226.83399773],[  3.26456523 773.6983863   23.46911578   4.99678628   1.21503544
   1.23017981   1.50841272   1.61753248   1.61061599   1.7180527 ],__,-12.659999999999968,325.03275122971286,0.3427045388144849,
20190221,529775831,1302,1550790749.9682505,235.95141183676887,-36.891180999076724,5670.559887732383,[ 67.70950368  85.14662019 114.38547089 121.8450436  149.07958341
 171.52667041 181.8999956  181.38363647 197.14260287],[  2.77842516 785.39960343  31.31100441   4.9872866    0.94438885
   1.06912275   1.16746162   1.24901834   1.25945447   1.39877193
   1.43163226   1.43327788   1.60772919],__,-12.659999999999968,330.5249563257129,0.02795334966891101,
20190222,529970458,1009,1550878477.290818,461.17603640218397,29.452588951492693,3740.588757941569,[107.88605669],[  4.33802107 798.96119941  79.88735287   4.99576057   1.75186087],__,-4.67999999999995,335.28091020572776,1.244708389602096,
20190222,529970458,1010,1550878466.3678286,1113.337927535851,4.680319330263856,6966.10648176675,[130.25796097 160.37753796 181.26086056 200.49827392],[  3.70451422 799.89585009  79.99490898   4.99998562   1.6121528
   1.34424599   1.46764986   1.87754877],__,-4.67999999999995,338.0318220723249,2.3089859526795653,
20190222,529970458,1011,1550878455.6643758,651.8496875109181,7.562652843861638,5596.059882509637,[124.56815666 167.8097571  184.24916018 226.283678  ],[  2.78557941 798.38469255  79.83283397   4.99974339   1.4261995
   1.62768502   1.68258917   2.09502841],__,-4.689999999999998,341.42497848492434,0.9756952044305778,
20190222,529970458,1012,1550878439.7816107,104.23231171645244,-50.40806300696286,6413.984618482452,[117.16290047 162.22492439 172.24263095 226.77189056],[  2.60743152 745.3690144    8.14045417   4.98036519   1.18372417
   1.53104212   1.58500113   1.9683448 ],__,-4.689999999999998,342.55760318297973,0.29723682776603977,
20190222,529970458,1013,1550878418.92325,1207.188505012203,3.9727736227743655,11019.304521684882,[120.31553733 132.54437705 150.54817976 172.80898659 197.0125039
 210.71656866],[  2.90667473 799.80299622  79.97969667   4.9999194    1.11018899
   1.26783068   1.3723305    1.35635635   1.52884316   1.72776732],__,-5.259999999999991,336.7361622983984,1.9919981895984478,
20190222,529970458,1014,1550878404.5459414,307.39054840198287,23.36868936344218,11328.096959127359,[ 52.11460538  72.8640125   91.67960576 122.50953733 132.27401586
 152.47705619 177.9087795  200.13122466 207.99366765],[  2.41000856 797.62928621  78.28046798   4.99819136   0.88091683
   1.13548382   1.07395223   1.14922013   1.25142806   1.29042231
   1.46186418   1.59853944   1.74794321],__,-5.269999999999982,338.59303911256995,1.2942461777615712,
20190222,529970458,1015,1550878391.239119,18.70944714679043,50.9729310132878,2620.8661106523155,[ 73.50397446  89.37358325 104.85952981 136.06539735 185.63239463
 180.5317823  203.84572152 219.82779541 239.02327684],[  2.87764409 748.55660937  21.80961661   4.96966844   1.25834867
   1.33664593   1.50262238   1.56409671   1.53360408   1.67854333
   1.53285453   1.62992691   1.66297271],__,-5.269999999999982,331.6231268965321,0.029044428282087288,
20190222,529970458,1016,1550878376.825928,-116.76205714545841,45.125008110390134,3925.492560570407,[ 67.35278177  89.9043648   91.83025488 135.84323223 168.18251866
 180.41404691 202.30597505 235.15940667 248.50621039 219.64625704
 237.64397455],[  2.31376865 777.41547926  71.15909581   4.97116265   1.01772949
   1.07141725   1.11536051   1.20060017   1.31751873   1.25363017
   1.43777593   1.51734279   1.55688715   1.41317933   1.52199991],__,-5.279999999999973,332.85901877167095,0.026503611257583173,
20190222,529970458,1017,1550878362.0162122,384.6824302674364,-36.44942946839904,6674.473103497192,[ 55.34754769  74.37732285  74.91560493 109.37760092 146.88573416
 165.64324992 183.24721756 195.4802514  179.65039956],[  2.65229648 791.04812849  72.37489382   4.98703126   1.21946141
   1.06621968   1.08571132   1.39304577   1.42194886   1.46077995
   1.57932533   1.66928655   1.52564788],__,-5.279999999999973,352.505068486164,0.024262944056539545,
20190222,529970458,1018,1550878348.5681634,468.19424651044795,-1.3047368357511813,6478.258741541372,[121.81418314 208.12746789],[  4.9327981  799.99756319  79.99919319   4.99999973   0.99404292
   1.11809057],__,-5.289999999999964,339.4706502324704,0.027869655335627994,
20190222,529970458,1019,1550878333.7160995,162.00464795080188,-47.45033589021216,7861.724202013623,[ 59.23500763  75.90337283  93.92016728 113.27957899 152.54150064
 171.32585286 208.69790283 134.14031916],[  3.03383628 754.92574373  11.96669885   4.99209241   0.96484824
   0.91197375   1.12704522   1.23017911   1.50200696   1.53565439
   1.79639179   1.41885063],__,-5.289999999999964,342.2345138370887,0.16081398165531688,
20190222,529970458,1020,1550878318.9864917,1103.4606105093567,12.491319392494237,10158.433840761061,[ 55.56310382  78.5993694   88.89754266 110.87831913 132.56859623
 149.88015624 170.00881796 210.97385951],[  2.25471074 799.15208026  79.91548409   4.99850626   1.06065937
   0.93890277   1.00792732   1.14808825   1.37362783   1.33937327
   1.47111088   1.77092857],__,-5.2999999999999545,336.0025179846816,1.286038563912,
20190222,529970458,1021,1550874490.8718178,-521.0230973976326,31.951990707950934,9157.65558177868,[ 68.92148917 137.20936394 183.75695297 202.60901768 223.46819446
 238.51621047],[1.97345722e+00 7.86972940e+02 6.21046202e+01 4.89083742e+00
 7.76164461e-01 1.12537411e+00 1.34062339e+00 1.45005329e+00
 1.52278360e+00 1.64275721e+00],__,-7.919999999999959,333.3782678841197,19.92687916462768,
20190222,529970458,1022,1550874500.5346909,-87.29523569737897,45.84448102812453,6332.659874998771,[ 71.8573723   83.22894337 106.89864939 144.97260217 169.92828151
 191.05953942 216.45061835 232.46745226 249.45177614],[  2.48867546 779.63493548  30.31265484   4.97365006   0.95950488
   0.98571963   0.99865375   1.11919621   1.23827312   1.29803537
   1.42126809   1.44617899   1.55328507],__,-7.909999999999968,326.927127068601,0.02794675672845541,
20190222,529970458,1023,1550874507.1547475,-246.87003170746277,45.33456621349606,6270.434971457075,[ 73.08674991  96.29955677 121.38517023 143.3623705  167.5593262
 191.678979   217.42689325 237.02918714 225.84958325 245.68361117],[  2.36188824 790.98357062  76.95411039   4.97214807   1.2407364
   1.22440177   1.34765772   1.66280259   1.57843436   1.62970714
   1.52045594   1.74556887   1.76665735   1.70698109],__,-7.909999999999968,325.4998707962361,0.022379742559251507,
20190222,529970458,1024,1550874513.1263373,1160.5045416150033,122.05577954855022,21387.78205112346,[ 79.53734194  95.67445266 117.79660478 137.25924881 158.24928511
 185.72429992 204.59723672 211.1563138  229.58956531],[  3.08610826 790.9855472   17.41462645   4.80402225   0.79525911
   1.00811445   1.02425366   1.00695764   1.19325805   1.27537108
   1.45141198   1.48541655   1.6746464 ],__,-7.909999999999968,342.1599989052938,12.165485015237683,
20190222,529970458,1025,1550874520.7316215,-1383.997748532666,1.2722475643545295,26761.430488165763,[ 63.289022    90.31858856 107.89704578 130.02593496 150.10421455
 174.74816001 213.42356106 214.96992912 225.7369443 ],[  2.84407908 799.84261747  79.95587075   4.8148511    0.93132624
   0.99434727   0.94374606   1.06414675   1.1305458    1.22949998
   1.25372833   1.39732474   1.59830939],__,-7.909999999999968,362.19089386485496,11.189151533446585,
20190223,530144820,1020,1550964968.1473184,56.32880397494501,107.86759095111968,14416.632336727027,[ 59.63831706  77.56480901 115.02514766 175.75507083 230.98311449],[2.18073626e+00 7.30536244e+02 4.86023516e+00 4.92439245e+00
 7.66072222e-01 7.20235578e-01 9.72316180e-01 1.50845665e+00
 1.99290457e+00],__,-5.449999999999989,323.7090493499451,1.3276088426064583,
20190223,530144820,1021,1550964955.08662,1338.2283355027475,12.101329178148873,18384.851930954894,[ 58.96912391 115.24343403 134.30334202 164.85306511 174.09115756
 206.54034485 215.41530627 224.26324387],[3.03286030e+00 7.95334640e+02 7.50872314e+01 4.83407710e+00
 7.83014692e-01 1.06998877e+00 1.05672194e+00 1.16640731e+00
 1.24622654e+00 1.43084795e+00 1.49768799e+00 1.71374104e+00],__,-5.439999999999998,357.48590982559926,12.337652317018135,
20190223,530144820,1022,1550964944.7481775,344.4914187955493,-54.79472810197675,8907.9815181935,[ 35.32601199  50.61685416  60.07142378  90.96520243 105.79297064
 110.7748396  145.72243762 154.14060183 164.27629153 186.02911119
 175.59896764 189.54320873],[2.24792398e+00 7.91192187e+02 2.94402841e+01 4.96119080e+00
 7.27915891e-01 8.26518656e-01 8.52670895e-01 9.78715222e-01
 9.67942069e-01 8.49012854e-01 1.10229692e+00 1.24664626e+00
 1.25155231e+00 1.30191298e+00 1.27862897e+00 1.36009626e+00],__,-5.42999999999995,353.12921166732133,0.02785904106700629,
20190223,530144820,1023,1550964938.6464589,971.5053852175844,8.034420420465613,15701.261368256177,[ 38.91926652  50.4749676   86.33328191  90.12201325 127.00617264
 145.33480756 159.9544312  177.82184235 189.88119712 203.9354554
 216.27789005],[2.82829125e+00 7.99796663e+02 7.99321570e+01 4.99983487e+00
 7.36269451e-01 7.29403708e-01 8.23113395e-01 6.52538537e-01
 1.25439014e+00 1.27571112e+00 1.16135119e+00 1.25138119e+00
 1.35931579e+00 1.54183691e+00 1.55302390e+00],__,-5.419999999999959,337.05978157929036,1.1630669938955307,
20190223,530144820,1024,1550961900.3714304,255.42151170118777,-46.98353804324621,10379.419652001807,[ 18.28844593  35.61844619  54.24294559  66.93066528  90.14480934
 109.08697068 135.23365977 152.85796987 164.85155456 181.84447188
 175.75857402 191.75094183 206.15263634],[2.00466842e+00 7.89343123e+02 1.66512894e+01 4.98322974e+00
 5.89175343e-01 7.67581565e-01 7.66474215e-01 6.75167090e-01
 6.89030797e-01 9.66614040e-01 9.53718852e-01 1.15597140e+00
 1.17817542e+00 1.19186508e+00 1.22348208e+00 1.35898182e+00
 1.35824888e+00],__,-5.919999999999959,339.9670764981161,0.043800388755995213,
20190223,530144820,1025,1550961907.3235435,-346.6991240255926,38.47936059546109,21570.01368425253,[ 64.15180727  93.77669458 114.57340515 141.60092255 156.52412826
 190.96074811 202.32869583 205.41887478 214.01902117 227.21156597],[1.78693872e+00 7.98371318e+02 7.76517038e+01 4.87155167e+00
 5.97442098e-01 7.29251057e-01 8.56653886e-01 8.85594624e-01
 1.08955653e+00 1.06459773e+00 1.14298990e+00 1.24617414e+00
 1.31316054e+00 1.41734533e+00],__,-5.909999999999968,351.0920752266314,14.093213288328604,
20190224,530294995,1001,1551042832.0,-91.32673855881058,53.33974709496765,7265.727566531663,[ 71.24955991 101.29903312 114.63474052 138.1054362  168.31479734
 185.16164004 208.34518381 217.40671847 231.63899966 227.20262971],[  2.44250066 780.03327932  19.92448302   4.96524826   0.92894523
   0.82662158   0.93705448   1.08523104   1.0331691    1.22521103
   1.34460443   1.40309067   1.46305839   1.45124324],__,-3.4799999999999613,328.94275700093465,0.0214190723202447,
20190225,530342801,1012,1551062605.972763,-2.1482235595121253,45.60407380160117,7031.276310143784,[138.27840283  68.4134903  185.23453441 209.20040313 228.87342907
 240.4066769 ],[  2.45807954 740.47764722   8.0635437    4.98456286   1.16258315
   0.85625505   1.38865606   1.48261936   1.56734191   1.62747174],__,-3.3899999999999864,327.30869448996634,0.13936406126081988,
20190225,530342801,1013,1551062618.7061906,1237.4166206412635,4.8494004372526645,10097.893902013087,[ 61.30621161  80.36809052 100.07960565 117.30545915 139.29412869
 159.77372932 184.42952141 200.70824529 223.07468893],[4.92007375e+00 7.99999896e+02 7.99999914e+01 4.99999997e+00
 7.13979180e-01 7.40745382e-01 7.21465754e-01 7.78251292e-01
 7.66043518e-01 7.81731061e-01 7.83029302e-01 7.35881400e-01
 9.40903163e-01],__,-3.3799999999999955,337.20994252751893,1.3257346359046234,
20190225,530342801,1014,1551062634.1706884,389.4908792846013,-46.78642960362561,10224.604177104298,[ 17.48498029  37.90208799  53.98522233  75.96449869  95.21809097
 113.75525062 135.3727203  149.84780625 172.52074432 183.60971568
 178.6815845  190.73511526],[2.38017595e+00 7.92378644e+02 4.85590814e+01 4.97319602e+00
 7.08493182e-01 6.87855706e-01 7.65165105e-01 8.30617382e-01
 9.38576095e-01 1.13186866e+00 1.13615630e+00 1.18841445e+00
 1.28475922e+00 1.29841898e+00 1.24361965e+00 1.36609380e+00],__,-3.3700000000000045,341.8346022452538,0.027651381832469093,
20190225,530342801,1015,1551062648.175297,204.89996028856476,-21.8473657527474,10689.108136994075,[ 18.36175035  42.05350446  62.37805528  82.98879842  97.51901816
 126.86867109 149.56927943 169.08849092 186.99004311 185.078588
 203.6115438  218.69242657],[2.58402349e+00 7.97685463e+02 7.56776813e+01 4.99875895e+00
 7.59580235e-01 8.77801713e-01 8.23337408e-01 8.91561161e-01
 7.99386644e-01 1.03069761e+00 1.07940059e+00 1.20181535e+00
 1.15319062e+00 1.16813287e+00 1.30249007e+00 1.44624410e+00],__,-3.6999999999999886,335.578418740627,0.0797021210347064,
20190225,530342801,1016,1551062665.3593657,137.3186557964507,63.928496472152105,-1318.3985308692108,[ 57.6935385   83.0295394   96.48466845 119.71166885 139.21515354
 155.77675792 177.3026459  196.18234126 208.59257726 227.4534839 ],[  2.63110745 490.32758977   1.8257984    4.90373715   0.60770233
   0.63238125   0.85249666   1.13740989   1.10076151   1.09502207
   1.25869445   1.37430103   1.74015371   2.08669826],__,-3.67999999999995,358.9390707863446,0.30612577641042543,
20190225,530342801,1017,1551062681.3099508,198.24550145364702,-55.07930130509391,10980.326620379556,[ 18.71911651  40.96227134  55.5054443   80.23846398  95.93588392
 115.79862274 139.87219997 156.67550226 174.61964291 192.86592291
 187.46496057 199.40669865],[2.19821217e+00 7.78918627e+02 1.04626471e+01 4.97512578e+00
 6.68389053e-01 8.39574891e-01 7.71823137e-01 9.62400835e-01
 7.98038495e-01 1.06255643e+00 1.11565878e+00 1.20936768e+00
 1.27059143e+00 1.39522892e+00 1.34755365e+00 1.46491286e+00],__,-3.9699999999999704,341.2365120794865,0.047551791023091636,
20190225,530342801,1018,1551066104.6147866,299.9789477169353,-51.33639816214352,7361.715855313876,[ 19.13348417  37.02356813  52.51231299  70.92248087  86.55888967
 105.65768223 130.85914017 140.62859942 157.58961765 165.26394001
 169.57240266 186.42307775 165.66978731],[2.24957815e+00 7.89144534e+02 2.29058665e+01 4.96738676e+00
 8.11201714e-01 8.39599846e-01 8.41670819e-01 6.47534782e-01
 8.43731770e-01 9.33111574e-01 1.11518232e+00 1.09106320e+00
 1.22574937e+00 1.23918366e+00 1.26271931e+00 1.36292499e+00
 1.23439610e+00],__,-2.5299999999999727,355.9120677917768,0.03290212850203844,
20190225,530342801,1019,1551066089.2258787,540.5215564949632,8.548522294552843,23591.459864379114,[ 16.01577529  34.44561133  53.24816237  81.34086672  88.36679049
 108.88523362 122.86678179 153.83593245 165.15059912 188.81100622
 188.4915868  203.25777338 218.34169598 231.41140405],[2.09196005e+00 7.99484835e+02 7.93615452e+01 4.99871057e+00
 5.63244192e-01 7.01087066e-01 7.97105602e-01 6.67146185e-01
 7.55270133e-01 8.34482245e-01 8.56033973e-01 9.76042557e-01
 1.06572367e+00 1.15846293e+00 1.17818057e+00 1.31120219e+00
 1.33021349e+00 1.41234858e+00],__,-2.519999999999982,337.2560875885509,1.872628994645232,
20190225,530342801,1020,1551066073.8940663,1185.4532627223073,23.56711026514214,22703.154061395093,[ 33.42662677  51.85610096  78.90228706  85.99612586 109.20803008
 122.22141068 144.98131213 163.37488513 179.13391604 176.30385011
 191.24404971 206.80303764 213.39469335],[1.66065415e+00 7.99398905e+02 7.97647523e+01 4.99429093e+00
 8.20949088e-01 7.43867470e-01 7.34731209e-01 7.46467413e-01
 9.02455224e-01 8.99755804e-01 1.13489580e+00 1.13808142e+00
 1.20954681e+00 1.17566294e+00 1.25275916e+00 1.30752540e+00
 1.44233026e+00],__,-2.509999999999991,335.6246549114001,1.013192092259193,
20190225,530342801,1021,1551066059.4298844,423.72702969413115,-39.942487663124325,8268.973480149549,[ 35.19809888  53.76830544  72.35180076  81.34445777 107.7744377
 126.76249025 142.86954604 162.38426298 179.17661002 196.57820391
 179.3789943  196.57820416],[2.03745478e+00 7.89922156e+02 2.77682421e+01 4.97919772e+00
 6.03575648e-01 7.33218885e-01 7.21443870e-01 8.51654456e-01
 8.36473638e-01 1.06704879e+00 1.06416100e+00 1.13567380e+00
 1.17887928e+00 1.29443932e+00 1.18037085e+00 1.29443936e+00],__,-2.509999999999991,351.26592690084857,0.035190524165626604,
20190225,530342801,1022,1551066047.2900722,604.2889276622775,65.08041351019202,16293.02484861451,[ 43.37927918  68.82132003  99.20368974 113.23081171 130.6242712
 155.10899892 170.55715429 196.08169277 226.8535718  238.0928736 ],[2.36770249e+00 7.95903645e+02 7.58340478e+01 4.99427026e+00
 7.99132895e-01 8.23657957e-01 7.71510668e-01 9.46426730e-01
 9.77728720e-01 1.11065868e+00 1.14659915e+00 1.30709150e+00
 1.47849272e+00 1.54617089e+00],__,-2.5,362.2717139851593,1.5524061777385931,
20190225,530489496,1006,1551134486.9354134,-308.8683753094299,40.07460059786752,12180.219973254169,[ 59.84014348 119.17038895 176.19708813 213.70315381],[  2.62727022 793.16332553  63.56176719   4.961015     0.80047216
   1.22109959   1.65317906   1.94870166],__,-0.6200000000000045,332.7596876230826,3.3306192809275306,
20190225,530489496,1007,1551134471.927358,114.44705475979696,69.75399998181187,2260.4622350535324,[ 60.98833205  75.77958835  96.27302928 111.05324169 133.39811979
 151.34924735 168.75867501 208.57995061 228.97072386],[  2.21941552 321.9981918    1.06902049   4.86817963   0.62643372
   0.6360062    0.6546495    0.72884041   0.85325802   0.96387008
   0.95069299   1.31270263   1.45891613],__,-0.6200000000000045,351.929478081203,0.13175006089687602,
20190225,530489496,1009,1551134442.39314,1440.4556584589798,11.725988142683695,10131.83346662261,[ 65.57322941  94.67114904  73.59613576 110.28595692 130.86258412
 148.03299923 165.07089906 204.64757321 206.88122192],[  2.0599906  799.47775115  79.9696464    4.99836583   0.88452324
   1.09524425   1.03198789   1.17196486   1.27113926   1.36184745
   1.42783188   1.64334987   1.5760421 ],__,-0.6200000000000045,337.7702751690698,0.9769516789446988,
20190225,530489496,1010,1551134428.6823163,850.540069516349,19.087196470474606,11852.137729236183,[ 86.08571608  94.39383595 110.98873356 153.41435161 177.17980419
 211.72606158 203.75407768],[  2.08055003 798.76311783  79.74651169   4.99628412   0.88711836
   1.02154244   1.07359041   1.33193284   1.40220817   1.63482312
   1.57550528],__,-1.079999999999984,335.79143620459985,1.256042246545723,
20190225,530489496,1011,1551134415.0,1371.6194937995685,10.339002024813894,13600.243484540682,[ 98.30748422 118.74777887 139.95933411 155.7835304  173.63338402
 199.45855432 199.11910439],[  2.3158694  799.67412926  79.9619792    4.99969754   1.04750882
   1.05747226   1.17476476   1.24407668   1.35861357   1.50172468
   1.61466567],__,-1.089999999999975,336.6781805996167,2.276824712044131,
20190225,530489496,1012,1551134398.1575851,-929.0602007893003,43.88462563384742,15905.418725953865,[ 47.16152548  71.8621853   92.02823529 108.2837994  138.25605001
 165.27862242 185.95278495 210.18088341 233.41181116 236.97411941],[2.13324220e+00 7.99113708e+02 7.98268672e+01 4.99299311e+00
 8.47190236e-01 5.78265797e-01 6.97386797e-01 8.49400779e-01
 1.03447808e+00 1.16789183e+00 1.26544468e+00 1.32802958e+00
 1.49535509e+00 1.52945456e+00],__,-1.099999999999966,380.5675208490313,1.232253327046402,
20190225,530489496,1013,1551134379.199445,418.7419033099316,-37.464598408759315,10069.800316261726,[ 56.44798584  73.32331679  88.84293    108.84549441 124.604587
 146.12392547 163.39781772 198.91319787 187.17076165 204.32359648
 172.17128844],[2.55613723e+00 7.92930808e+02 5.98067598e+01 4.98688159e+00
 6.58924366e-01 9.12726591e-01 7.31016277e-01 1.11099526e+00
 1.16847192e+00 1.18887267e+00 1.28851848e+00 1.40382941e+00
 1.39188056e+00 1.43939765e+00 1.22590509e+00],__,-1.099999999999966,352.223697224222,0.021014463082988353,
20190225,530489496,1014,1551134363.5888636,884.7157880062396,35.924443896759854,29833.747475506574,[ 35.38703318  60.72752424  81.86490537  91.53157433 124.96792476
 127.39546634 173.93522903 172.69666222 191.26088473 178.87503084
 189.26938976 203.73006958],[2.56977142e+00 7.99868626e+02 7.98559843e+01 4.99954037e+00
 7.54750137e-01 6.21209494e-01 6.17281976e-01 8.22591194e-01
 8.25889483e-01 9.02153225e-01 1.00098894e+00 1.04775698e+00
 1.14401736e+00 1.19660629e+00 1.32861984e+00 1.27926496e+00],__,-1.1099999999999568,326.0320752765689,2.532251841302536,
20190225,530489496,1015,1551134350.8728652,-169.65790303692555,53.32318000960968,4071.725954604021,[ 69.03761475  97.46205429 113.79860546 136.4419891  170.64673008
 182.50120262 206.03483794 237.77961155 259.89533358 224.51406178
 245.66759575],[  2.19118901 767.88897576  61.6797445    4.95312541   0.94683122
   0.99049179   1.11698895   1.07945458   1.16417862   1.24211041
   1.27103901   1.3586073    1.43221874   1.37633426   1.46157057],__,-1.5600000000000023,331.53503313173746,0.02522383558083261,
20190225,530489496,1016,1551134334.4537847,-690.3011690854031,37.87556755854785,1605.5324777270766,[ 22.21635838  43.43829206  67.29844634  94.01816437 100.71663405
 132.8858788  164.16228404 177.41347965 200.00920535 227.35672449
 228.50956999 220.29262235 239.36584275],[  1.77284867 799.63573433  79.99795541   4.99563187   0.82208776
   0.87293923   0.88174634   0.95711483   0.97142341   1.08617183
   1.1738626    1.17250663   1.27205039   1.40937646   1.40462243
   1.36727339   1.4014918 ],__,-1.5699999999999932,342.4945792479014,0.6374942624689085,
20190225,530489496,1017,1551134321.6723256,146.1241496152441,-35.996250219325844,9241.44857415635,[ 57.92778125  88.5006566   88.68479994 118.52194044 144.20251347
 157.14324175 177.16791989 201.60683901 196.47121779 204.80779129
 220.14488883],[  3.47220851 797.43035205  67.32725885   4.99954464   0.80658
   0.81595398   0.82082164   1.00358754   0.95224876   0.92836273
   0.95162941   1.0126269    0.98416746   1.00196537   1.03212502],__,-1.5699999999999932,334.09559747468,0.058564702351563865,
20190225,530489496,1018,1551134308.0249743,-1476.284378244476,38.302679534781376,16101.808541044009,[ 67.08767573 122.9765509  158.81802461 173.67121287 196.02306065
 221.08252388 229.8058964 ],[  2.22620676 799.68156044  79.9677893    4.98924409   0.88033694
   0.94946697   1.22836999   1.2514605    1.36846188   1.50220348
   1.58392338],__,-1.579999999999984,352.13133352304953,2.138541035786359,
20190225,530489496,1019,1551134293.2572138,79.80463010202553,112.36748286258423,17764.786672971935,[ 56.05452105  78.91257107 110.18562319 149.67365989 166.98174535
 186.60869635 219.11437571  91.99090298],[1.94042729e+00 6.46532586e+02 2.43535540e+00 4.77531262e+00
 5.80324062e-01 5.34823819e-01 7.68550465e-01 1.01728291e+00
 1.07444707e+00 1.20863108e+00 1.47436221e+00 6.54786445e-01],__,-1.589999999999975,332.574949069954,1.806369074588685,
20190225,530489496,1020,1551130932.198058,70.3252038150739,109.13994629171123,17710.510261177533,[ 60.095111    85.9969053   99.73275481 122.40338361 139.90767427
 162.44379955 180.86671524 204.53629529 233.91662484],[1.85139357e+00 6.88138594e+02 2.99210066e+00 4.82964466e+00
 4.84683782e-01 5.88784003e-01 6.55523800e-01 7.15745528e-01
 7.95675336e-01 9.80580558e-01 1.01117553e+00 1.21305376e+00
 1.40705725e+00],__,-2.7999999999999545,329.1656288331855,1.0610910670232125,
20190225,530489496,1021,1551130945.0,195.3417410896676,-46.92965888895401,6941.368485769911,[ 57.88191784  78.58228568  97.5744319  116.79069362 142.66956077
 155.74409884 173.50658044 192.30767611 190.20725802 204.30706271],[1.85961486e+00 6.65281509e+02 5.61031774e+00 4.96715681e+00
 6.59723955e-01 5.95750011e-01 6.46282746e-01 8.06672018e-01
 8.77706817e-01 1.06778695e+00 1.07403413e+00 1.11464137e+00
 1.12626352e+00 1.25585625e+00],__,-2.7899999999999636,339.75137158016963,0.03505710301014675,
20190225,530489496,1022,1551130954.0214167,279.61032204255974,-38.272972217671246,11398.934078154472,[ 60.57831363  79.58351386  99.80900183 116.84376022 144.86697603
 161.43109298 180.16367268 200.52440714 193.67788162 204.25253399],[2.02990641e+00 7.90296387e+02 2.05689101e+01 4.98681812e+00
 7.70416322e-01 8.38658019e-01 7.30029325e-01 9.25359457e-01
 1.04268013e+00 1.17961682e+00 1.29564353e+00 1.36075321e+00
 1.26608215e+00 1.37489410e+00],__,-2.7799999999999727,337.36770175571985,0.030835933783524897,
20190225,530489496,1023,1551130958.4760785,1249.1023166687767,11.94060858367756,14583.634562117804,[ 42.12571564  20.81602835  65.48838336  92.79401434 101.55867131
 116.12487457 143.80511852 166.67039826 191.97730784 203.94690941
 211.18776275 218.31248541],[1.83855703e+00 7.99466241e+02 7.99137748e+01 4.99918087e+00
 8.30073580e-01 6.68324319e-01 8.54719574e-01 8.10188643e-01
 9.79840419e-01 8.60787546e-01 1.14154843e+00 1.26764707e+00
 1.31077202e+00 1.37231625e+00 1.51610220e+00 1.51320882e+00],__,-2.769999999999982,334.3922450147081,0.9150172713613496,
20190225,530489496,1024,1551130963.846987,157.60349474189184,69.86807898323785,7346.215111440335,[ 58.40413049  77.68597332  94.22946271 112.48805348 134.07870773
 153.90664059 176.50513258 190.69280934 200.24414627 216.33141558],[  2.00881953 436.90048236   1.4492574    4.82725551   0.64535312
   0.58776881   0.58832087   0.7531786    0.87537075   0.98613213
   1.04621431   1.10573653   1.22450926   1.31207229],__,-2.769999999999982,373.4032963850901,3.3497180199386385,
20190225,530501643,1023,1551136174.1848698,-1002.5090498512142,26.22960083300148,14435.727977551545,[ 41.41969714  61.73332586  84.87351623 104.78204258 129.26604893
 142.80163124 169.46879229 188.88431183 214.12574893 222.25168102
 231.56253752],[2.01787451e+00 7.99421531e+02 7.99048434e+01 4.99950233e+00
 7.84761269e-01 8.46803234e-01 7.86855253e-01 8.66609392e-01
 9.58719786e-01 1.03102612e+00 1.16286844e+00 1.22703252e+00
 1.34722107e+00 1.40305465e+00 1.47943926e+00],__,-2.329999999999984,345.2933627660116,1.1010841386489754,
20190225,530501643,1024,1551136179.40581,-235.39866647951465,-23.188462264265326,11938.873628564934,[ 21.13560535  42.72602373  63.86487162  85.98930485 107.88633597
 126.11743886 141.27415545 178.56956624 205.58850812 216.78007172
 222.28158191 225.95298849],[  2.26261906 798.02895198  79.16832005   4.99913067   0.85196533
   0.85254241   0.83185556   0.90914623   0.86588169   1.12218824
   1.09826783   1.16628648   1.16003398   1.39362214   1.49795233
   1.62200275],__,-2.329999999999984,369.9913796902294,0.9643358621563705,
20190225,530501643,1025,1551136185.3465474,1703.8388489388062,12.724715027334994,25410.519592521126,[ 17.96648591  45.8512646   61.91296327  80.73910438 104.96686574
 119.07765182 133.59664972 163.53288744 192.16529916 203.3122327
 205.9379334  209.10342228 224.28451181],[1.61899583e+00 7.99825145e+02 7.99508650e+01 4.96781721e+00
 6.57015138e-01 5.83870139e-01 7.51973926e-01 7.79770587e-01
 7.89479243e-01 9.06109316e-01 8.75341130e-01 1.06803528e+00
 1.07728145e+00 1.20054592e+00 1.27783648e+00 1.29161864e+00
 1.40021371e+00],__,-2.329999999999984,340.9481646224931,3.162458026511157,
20190225,530501643,1026,1551136199.8511028,-202.74587982057437,91.29740017426211,17136.91625679167,[ 42.33767717  56.69064388  74.5330163   90.00966428 115.01566492
 133.20385981 155.8454211  176.4632633  189.67256445 205.37789459
 219.1120515  235.91095188],[1.84185258e+00 7.92821005e+02 9.50353000e+00 4.86004406e+00
 4.79648449e-01 5.63786419e-01 5.46077587e-01 5.73331901e-01
 8.37758359e-01 8.11430752e-01 9.70509585e-01 1.05904455e+00
 1.14295153e+00 1.24083294e+00 1.34104799e+00 1.45305452e+00],__,-2.2399999999999523,347.7924777280057,6.121482250205006,
20190225,530501643,1027,1551136212.7091842,-643.1197499054811,30.10327457376908,10844.816670643297,[ 44.06740804  59.40628048  82.27503712 102.96458543 119.09246578
 145.24642852 162.27097718 180.99572498 212.98551093 229.03520165
 238.5873806 ],[4.46795875e+00 7.99988933e+02 7.99978062e+01 4.99999777e+00
 8.20827078e-01 8.95510590e-01 5.79025239e-01 4.89254574e-01
 9.29871268e-01 7.30803280e-01 9.51652178e-01 9.92954416e-01
 9.89580859e-01 1.01972347e+00 1.23043323e+00],__,-2.2299999999999613,353.5286571957864,0.7068775682036673,
20190226,530681886,1005,1551217667.696422,1095.2660157662447,100.16194114563724,21127.926457457997,[ 39.47724877  63.10459854  81.48461647  93.13796637 118.340465
 136.7330571  157.01940288 176.6720426  189.63108808 205.19961056
 222.03899754 242.43607721],[3.02786590e+00 7.92268735e+02 2.76139475e+01 4.91602412e+00
 9.08707198e-01 6.77589334e-01 8.76279745e-01 8.37326493e-01
 8.84501456e-01 1.19694281e+00 1.23001872e+00 1.28212300e+00
 1.36341936e+00 1.41635045e+00 1.50417138e+00 1.95946777e+00],__,-1.17999999999995,342.08444590705506,5.834335834196742,
20190226,530681886,1006,1551217679.4444973,10.684260073524952,60.76908665102604,5918.260412986109,[105.64658786 140.71699179 195.52921117 197.56165463 247.70142405],[  2.69181493 613.22265933   4.64134732   4.95744717   0.76050199
   1.02818445   1.35668643   1.37152043   1.6401721 ],__,-1.1899999999999977,329.63484275971246,0.03861646614893574,
20190226,530681886,1007,1551217697.4367259,939.9006257440304,15.656670412016112,13738.87550162392,[ 59.69796473  87.746448   104.0383478  117.51728545 152.16630896
 164.21253511 187.60418594 212.2105688  207.69452855 223.89283166],[  2.80292115 791.08321908  71.19453178   4.89347368   1.14142785
   0.9689009    0.92704059   0.9425393    1.20176645   1.3110908
   1.38470892   1.45374785   1.34952193   1.50559356],__,-1.5699999999999932,345.7111732918046,7.336396605645392,
20190226,530681886,1008,1551217714.8410363,1694.1624131291364,38.04023316252262,22080.647441722012,[ 41.16690356  63.69541311  76.88531948  98.10096305 118.28836581
 147.62715998 162.28155837 193.13376463 206.65619408 200.16165297
 214.28694651],[1.86667495e+00 7.99969881e+02 7.99920721e+01 4.84789981e+00
 5.08363987e-01 6.06088064e-01 6.73694329e-01 6.98115796e-01
 7.91749204e-01 9.92681760e-01 1.05587487e+00 1.17071812e+00
 1.28562746e+00 1.35993555e+00 1.43864390e+00],__,-1.579999999999984,359.6002765370167,12.186178457979704,
20190226,530681886,1009,1551217730.3337567,1776.7548597531263,-2.2392801076742375,20326.210237114832,[ 61.38035689  83.87224668 101.83154821 118.65183423 144.65257975
 163.87957613 180.44480291 207.95281439 202.84608029 213.69868194
 232.05529362],[2.42404144e+00 7.99918030e+02 7.99874470e+01 4.99989091e+00
 7.64961524e-01 8.04584506e-01 8.74675726e-01 8.58922112e-01
 9.79248097e-01 1.08244951e+00 1.17339932e+00 1.25230410e+00
 1.26865726e+00 1.37295722e+00 1.46751780e+00],__,-1.9099999999999682,339.115582064154,1.709919787218104,
20190226,530681886,1010,1551217745.7728431,587.948059359859,163.52993575497814,11900.804279462005,[ 43.68033572  61.65741956  82.06472363 101.98999346 118.60377532
 139.80705938 161.35661288 183.64598871 207.55107521 209.57073914
 224.08437645 239.47115628],[3.99309302e+00 7.95844058e+02 3.48422436e+01 4.99829036e+00
 7.55179123e-01 9.78246028e-01 9.51406552e-01 1.09780976e+00
 9.56142672e-01 1.08314254e+00 1.23512748e+00 1.15598100e+00
 1.36614592e+00 1.48651712e+00 1.58626212e+00 1.71333872e+00],__,-1.92999999999995,327.6523249772511,1.4980952449879001,
20190226,530681886,1011,1551217760.1358721,373.63456618127435,-61.80975146703703,8839.868880364776,[ 17.61195181  39.94089943  57.92597147  85.14063923  99.57717885
 119.48444047 143.01112811 157.98042175 187.76341488 199.64272911
 216.45205565 221.71958132 241.48246241],[4.02613911e+00 7.96913423e+02 6.53317341e+01 4.99967392e+00
 7.87209679e-01 1.08954867e+00 7.59353378e-01 9.64515710e-01
 1.06257789e+00 1.11033584e+00 1.09502186e+00 1.13000928e+00
 1.15120871e+00 1.27904769e+00 1.47030804e+00 1.32981204e+00
 1.53127320e+00],__,-1.9399999999999977,333.9583206412838,0.8540972554997628,
20190226,530681886,1012,1551217776.2445517,1339.2689374021263,7.22231470986171,13154.742601253041,[ 57.83119873  80.38625533  98.44554806 118.52399142 140.91115428
 156.67344119 175.39567707 205.66633305 215.56303568 221.303188  ],[  2.54900612 799.8342818   79.9804955    4.99990378   0.98687632
   0.97134072   0.88307671   1.12602059   1.08651037   1.30981378
   1.28743551   1.36240911   1.44055664   1.54893798],__,-2.2199999999999704,336.09807596960337,0.8500157635101709,
20190226,530681886,1013,1551217794.3643103,954.2106479796005,15.014006594671313,13664.931279718014,[ 60.29068769  77.79855189  91.44572992 116.57506987 140.21217783
 156.49211964 184.36053681 197.5109683  203.48460987 215.43783815],[  1.99022969 799.34067781  79.83899396   4.99931908   1.04362965
   0.83169849   0.80464341   1.01666634   1.03738345   1.18184712
   1.25837481   1.35735766   1.35706605   1.47252986],__,-2.2299999999999613,333.2657307831146,1.081598630531256,
20190226,530681886,1014,1551217815.7554069,-5.273945761658697,52.738755114300375,8210.214912077625,[ 44.97587445  69.54414938  92.11111119 111.00790912 133.5895383
 163.56462734 182.22043381 204.43961108 226.22814154 222.83829798
 240.95054247],[2.23291484e+00 7.35996116e+02 6.12736035e+00 4.97286496e+00
 7.59393603e-01 6.97564403e-01 7.62836209e-01 7.17213956e-01
 1.03714568e+00 1.00925558e+00 1.18650945e+00 1.22184104e+00
 1.30846267e+00 1.24393002e+00 1.40478450e+00],__,-2.4499999999999886,327.17162677528074,0.02557834544508595,
20190226,530681886,1015,1551217834.1151547,-1428.9450432976269,16.04155156799349,15733.958322034792,[ 61.10469565  80.85590638 101.96038465 125.60998735 148.02942452
 164.4166009  195.55559135 208.19925061 220.97847345 231.64673638],[  1.77326973 799.48390813  79.94631924   4.99795494   0.80046218
   0.89409059   0.9074117    1.03656429   1.07047756   1.17574983
   1.24790065   1.31895557   1.37958114   1.4914059 ],__,-2.4599999999999795,326.3188552949277,1.0665587787473132,
20190226,530681886,1016,1551217854.1411953,14.965933925451367,107.48353865712754,23531.866568462716,[ 59.37666183  78.74477335  93.61632117 119.45845002 138.64673118
 160.26159721 183.26266957 202.31307835 216.60786808 234.65189828],[1.60671645e+00 7.53753323e+02 4.52752433e+00 4.88150616e+00
 6.09498619e-01 6.36758883e-01 6.11465055e-01 7.87281041e-01
 8.33271808e-01 1.03922495e+00 1.05040012e+00 1.21767849e+00
 1.34221498e+00 1.45038371e+00],__,-2.4699999999999704,313.83257295251343,1.7527929570670684,
20190226,530681886,1020,1551221247.5538828,-46.42348130153646,50.89338740837773,5894.936356090359,[134.61289528 172.97185154 194.06911954 232.96493009 247.43008835],[  2.56661174 764.65723878  13.10481953   4.96931243   1.12969152
   1.28444668   1.369262     1.5934006    1.65396029],__,-1.099999999999966,330.10145387715596,0.02366547175568547,
20190226,530681886,1021,1551221239.6597342,1230.9166451767248,8.472210844323733,13128.524891106974,[ 73.54340581  96.6431942  102.26979387 133.11939741 148.74250759
 164.95967416 193.48701739 204.67722815 213.72683609],[  2.52604984 799.75935737  79.96565212   4.99984887   1.06240492
   1.07580371   0.96099277   1.41150788   1.27637217   1.40293667
   1.37088946   1.4316315    1.51892192],__,-1.099999999999966,336.2794882615273,1.0434813474071514,
20190226,530681886,1022,1551221232.668682,-1694.4105547108297,33.60827300775914,4893.350139405611,[ 21.25738551  35.13534167  59.37368461  88.78613293  87.14342209
 107.49647947 146.68200789 170.08124071 176.89155544 220.43399549
 222.96901421 225.54680471],[  2.19616403 799.96564128  79.99975031   4.99031213   0.84588984
   0.84625623   1.23768696   1.31245115   1.06857932   1.03439742
   1.33346241   1.31450677   1.30263693   1.45444559   1.60441685
   1.6131143 ],__,-1.1099999999999568,363.7328516281069,1.9082976367788507,
20190226,530681886,1023,1551221230.0590086,1734.2924064598994,-5.750784086704976,16029.809923870673,[ 38.7361946   63.32573199  77.11334582 104.11785257 121.76330496
 134.94271439 160.2535411  171.50746692 195.03867437 201.9376366
 205.24374822 219.67464759],[3.67661737e+00 7.99985782e+02 7.99985851e+01 4.99999056e+00
 7.27109712e-01 6.56080853e-01 9.04304095e-01 7.76677263e-01
 1.04979425e+00 9.87579376e-01 9.72221800e-01 1.10647741e+00
 1.12873001e+00 1.28730405e+00 1.24383060e+00 1.49372197e+00],__,-1.1099999999999568,337.2374887851357,1.4319584790931328,
20190226,530681886,1024,1551221229.0534463,1688.282430632532,121.81974453052612,22096.423424245226,[112.58831125 128.84942245 147.0009944  167.8217106  185.69080681
 203.31827871 216.34178757],[  3.42110727 792.61671563  36.27178079   4.89039439   1.09832297
   1.16577981   1.27875404   1.348435     1.45666445   1.4822811
   1.62287098],__,-1.1099999999999568,339.74700473533187,11.567125004816322,
20190226,530672521,1020,1551217495.3403487,-1964.7296617289792,-15.381553888264534,18917.715880901982,[ 48.77598592  64.12568462  85.29720305 109.82050222 127.61910027
 155.04136895 164.98762352 208.33767024 232.32785567 227.86155159
 233.30128662],[2.82709146e+00 7.99970253e+02 7.99974560e+01 4.79286641e+00
 6.91684355e-01 8.80224309e-01 7.98229725e-01 8.71370081e-01
 9.73079477e-01 9.23496860e-01 1.07772828e+00 1.11982773e+00
 1.41207541e+00 1.55355182e+00 1.79688689e+00],__,-2.7099999999999795,389.9940320873986,11.321721529826318,
20190226,530672521,1021,1551217482.6333249,65.34328851447026,72.9251771812225,12486.223590504742,[ 58.38703898  78.60355792 104.17976197 120.09722082 143.0848265
 159.67346206 185.1653611  214.2033974  219.51949934 219.10679065
 235.75027062],[  2.58074371 720.04705431   4.11044073   4.96559589   0.83982845
   0.91524347   0.89193003   0.98818648   0.97255651   1.07459657
   1.17555871   1.34757285   1.35986614   1.36371051   1.45981878],__,-2.7199999999999704,332.5803163526654,0.4202002876785922,
20190226,530672521,1022,1551217472.4564457,1580.027085282643,5.943864223805421,16834.74178386,[ 35.92426522  59.11314282  77.11065783  99.84928708 116.19777693
 133.00269796 164.40884186 174.01908819 199.4069052  212.46912323
 213.15018171 221.3220379 ],[  3.96210164 799.99065005  79.99874389   4.99999324   0.85561414
   0.90423931   0.85094046   0.86926868   1.10475533   0.97226747
   1.05154401   1.10695574   1.06498553   1.21668974   1.26273303
   1.38715969],__,-2.7199999999999704,338.41018963823745,1.2645304964869595,
20190226,530672521,1023,1551217463.511382,-91.65364800409,53.69800737686093,10090.112076445756,[ 41.4106951   65.94855867  88.07064686 114.01739577 136.26460144
 169.63532496 186.09127686 203.35821314 246.93755006 219.32397067
 233.23061158 250.17400164],[  2.36869792 787.34506295  64.48934418   4.96859964   0.97833011
   1.03130753   1.09453858   1.02310991   1.08543187   1.20743455
   1.23623392   1.31078202   1.42595357   1.29108794   1.45476895
   1.4491035 ],__,-2.7299999999999613,329.2150287376811,0.0396014399229165,
20190226,530672521,1024,1551214026.5988386,16.182345480329232,60.326617013531276,6880.225192942174,[ 46.35694286  68.80407404  86.99810553 110.6406584  137.62247778
 166.96581221 185.28573862 205.7520932  227.89011652 219.32414282
 238.4643748  257.19371705],[2.22994059e+00 7.80479387e+02 2.13130915e+01 4.96925704e+00
 7.29742519e-01 7.02548684e-01 8.31596836e-01 7.87785608e-01
 9.97066535e-01 9.63964450e-01 1.22196578e+00 1.29707594e+00
 1.26675937e+00 1.31803661e+00 1.37520152e+00 1.47663159e+00],__,-3.2399999999999523,328.78430720502774,0.05953613040799384,
20190226,530672521,1025,1551214034.6120384,1735.1747934091595,-4.295257414588427,19204.482147695875,[ 63.95250303  83.65559552 101.20642389 128.27443287 146.13034254
 164.9563186  207.27478017 212.57110566 223.56290191 232.65455646
 244.63019019],[1.61011111e+00 7.99903098e+02 7.99833685e+01 4.95561007e+00
 6.86131427e-01 6.56428817e-01 7.29300078e-01 9.28188859e-01
 9.49750251e-01 1.02298517e+00 1.11529078e+00 1.19713428e+00
 1.29630641e+00 1.35270889e+00 1.39993855e+00],__,-3.2399999999999523,359.9662905646487,9.647849885921202,
20190226,530672521,1026,1551214050.748284,103.26762636819628,63.293028490740625,13777.63209913023,[ 38.91625464  60.80250211  79.44677611  97.66733012 115.08701205
 132.67849544 156.10775114 178.64636432 208.10247679 210.23457577
 222.99717342],[1.76154182e+00 7.49514481e+02 4.56862804e+00 4.93957231e+00
 6.45942441e-01 5.17237815e-01 6.09554175e-01 6.48376730e-01
 8.21373440e-01 9.25973000e-01 1.05413709e+00 1.16560911e+00
 1.32984450e+00 1.32985989e+00 1.38352145e+00],__,-3.25,347.8486254108121,1.2875604578062245,
20190226,530695031,1012,1551223147.2185392,119.73925167962874,60.84033830948671,13552.953218292261,[ 35.70338663  57.15993231  79.12578525  97.09137225 114.8530744
 129.25314925 154.46689486 176.1623208  185.08068952 204.02346695
 217.48748144  18.4576089 ],[1.76352193e+00 7.44653577e+02 4.50543031e+00 4.93583101e+00
 5.34938816e-01 6.60979791e-01 5.69082931e-01 6.38046709e-01
 8.17216312e-01 9.09855338e-01 1.04105192e+00 1.15328667e+00
 1.24300317e+00 1.31692771e+00 1.39021725e+00 5.01493885e-01],__,-2.17999999999995,348.9420313442678,1.2364292488259292,
20190226,530695031,1013,1551223164.4704552,-1496.9591910179377,-6.689538675750413,18848.211719300056,[ 39.05920121  63.11825309  85.87912956 104.17589429 120.41525966
 156.96929258 163.52128338 181.61597806 204.24654312 225.47987221
 227.48485887],[2.56991371e+00 7.99885465e+02 7.99835389e+01 4.88316892e+00
 9.51855885e-01 8.63955175e-01 7.18715703e-01 6.81237412e-01
 1.10220137e+00 9.30176746e-01 1.18396510e+00 1.26046606e+00
 1.36403391e+00 1.37934721e+00 1.41710000e+00],__,-2.17999999999995,363.8270237133115,6.134096807608987,
20190226,530695031,1014,1551223180.3983164,225.33096622440118,-36.209939468918,5980.010196744127,[ 17.16730963  35.64257229  52.76755757  78.96214323  93.93602662
 112.96710425 134.00470302 147.83188142 169.67597108 189.80192915
 203.59973855 203.46426376],[1.83623038e+00 7.37179530e+02 8.03382152e+00 4.98183468e+00
 5.22579499e-01 5.67255707e-01 5.60707873e-01 5.98203011e-01
 6.39138525e-01 8.13826272e-01 9.47071102e-01 9.86531655e-01
 1.15115552e+00 1.19519946e+00 1.29757034e+00 1.29304976e+00],__,-2.3700000000000045,340.70708378336894,0.025057473284984224,
20190226,530695031,1015,1551223197.3401153,114.88647905067143,57.098645245807695,1645.3543981326939,[ 19.53694547  39.11744064  58.87490691  78.05400241  98.23933707
 117.81198843 137.65598073 157.05280757 176.78616721 197.41498886
 216.19181699 235.76069728],[ 1.08390152 72.08527306  0.43067827  4.9261273   0.56262693  0.51636654
  0.29396686  0.59007414  0.37761918  0.24830673  0.49287697  0.42171463
  0.32719     0.65524859  0.5931569   0.47643961],__,-2.3700000000000045,329.84716378522205,0.00415138597912084,
20190226,530695031,1017,1551223231.6857622,119.64029427381755,76.23221878967124,4636.0177564038695,[ 16.70446738  38.30947949  57.06640522  82.59754659  88.46930194
 113.40561014 132.2055914  152.73358723 168.16182713 189.43228468
 206.99585807 220.62057093 246.12225348],[  1.8499796  355.73056192   1.12089825   4.85595533   0.55403811
   0.51676715   0.51167438   0.39766266   0.45736466   0.59864968
   0.5978946    0.6652996    0.58709926   0.77736854   0.95884088
   1.06146453   1.1560754 ],__,-2.3799999999999955,340.98091240939675,0.05007243644677363,
20190226,530695031,1018,1551223250.2174134,2237.0317132715977,57.131216955010785,27828.216242526174,[ 41.70368246  56.57522522  73.00989803  92.34276671 116.53143444
 139.40075963 153.76339377 174.0274486  187.99585609 196.31907405
 207.71581507 215.81304714],[2.00244033e+00 7.99992999e+02 7.99980889e+01 4.72456366e+00
 3.60366511e-01 5.57762611e-01 5.99431290e-01 6.77865107e-01
 8.28726213e-01 8.86848662e-01 9.51870976e-01 1.06279017e+00
 1.13036463e+00 1.20748438e+00 1.28519103e+00 1.34618991e+00],__,-2.3899999999999864,364.791670623211,29.98632168549061,
20190226,530695031,1019,1551223266.2510884,1255.2336529874435,-11.304979645798158,19127.60587689363,[ 19.06807283  39.40998796  56.75529804  84.47542225  94.7947205
 119.33477871 136.61276659 157.13300653 176.18587153 193.34759042
 193.96643351 207.28916113 221.40403547],[4.84227406e+00 7.99999731e+02 7.99999221e+01 4.99999974e+00
 5.21148722e-01 6.83961660e-01 6.32301705e-01 5.59692324e-01
 6.19599573e-01 7.49743221e-01 7.46010019e-01 7.46969584e-01
 7.67542388e-01 7.56372151e-01 9.62386091e-01 9.94328973e-01
 9.24150806e-01],__,-2.3899999999999864,336.69466897045686,1.4324013711348986,
20190226,530695031,1020,1551223281.400194,2351.5118478756954,58.22370416902649,23373.255759388874,[ 21.84422558  42.26819025  59.43444966  79.41427996 102.4500091
 117.31814743 146.37868603 165.31154157 180.32463316 191.5496803
 212.85016361 208.79091154 222.22423756],[2.03230572e+00 7.99996668e+02 7.99994162e+01 4.70844591e+00
 3.90811564e-01 4.53501707e-01 5.33623024e-01 5.58033134e-01
 6.61391564e-01 7.44898318e-01 8.86355725e-01 9.86037196e-01
 1.05747013e+00 1.11013669e+00 1.21384939e+00 1.27716979e+00
 1.34686685e+00],__,-2.3999999999999773,386.09942248663367,38.32151719911813,
20190226,530695031,1021,1551223295.8111572,1089.4337411245674,18.778786493997046,24005.777673537123,[ 18.17795897  41.08919897  60.89331885  82.54894073 105.28851311
 122.10753721 149.51974926 170.04745028 187.85540442 197.70232931
 212.16007772 212.57924283 224.17744855],[1.66435397e+00 7.99812735e+02 7.98986713e+01 4.88557072e+00
 5.62357760e-01 5.81236981e-01 5.47679608e-01 5.45155290e-01
 7.10713356e-01 8.72210054e-01 9.58553669e-01 1.06197168e+00
 1.09283951e+00 1.16148593e+00 1.23233113e+00 1.34891756e+00
 1.40036010e+00],__,-2.3999999999999773,335.94611553402467,11.974113246463673,
20190226,530695031,1022,1551223309.8578575,-1268.267761107888,43.40543689106755,21043.751265060317,[ 19.24241346  45.68504074  67.19003045  86.73235394 103.5884898
 132.59801068 145.95927577 198.82802662 197.55049452 209.26644512
 228.54395378 227.62572229 241.1026183 ],[1.88181871e+00 7.99441470e+02 7.98875655e+01 4.99515915e+00
 7.28819030e-01 7.14074354e-01 7.92592933e-01 7.62450914e-01
 8.96008684e-01 8.51496694e-01 9.74790256e-01 1.12848158e+00
 1.15816488e+00 1.24843974e+00 1.30255836e+00 1.34116688e+00
 1.39493519e+00],__,-2.409999999999968,387.4487000606076,2.3217210665324908,
20190226,530695031,1023,1551223320.9934497,-1643.7008811037003,0.6505483440772224,21324.598779157433,[ 48.62476575  62.89726316  80.22665343 105.38432609 137.47505579
 149.90910505 176.04312068 205.10125662 223.82197606 222.77601659
 236.98575088],[2.85323976e+00 7.99936930e+02 7.99911882e+01 4.77877942e+00
 7.85866131e-01 9.99564824e-01 1.07423715e+00 1.08383462e+00
 1.16192089e+00 1.25035474e+00 1.21968454e+00 1.30391982e+00
 1.48825406e+00 1.60966984e+00 1.81076825e+00],__,-2.409999999999968,380.7577046892492,9.687669037661864,
20190227,530706111,1009,1551228089.0020955,182.34601769163353,-24.946733733424132,13055.366899300154,[ 54.7486986   71.54630555  93.66537168 111.27001685 128.59473048
 150.37546423 165.65356135 186.90671895 202.36194476 201.07588804
  18.01283791],[2.38715166e+00 7.77825327e+02 1.24261000e+01 4.98397253e+00
 8.13598527e-01 7.49347949e-01 7.56305075e-01 8.98415058e-01
 1.06122986e+00 1.17687240e+00 1.26571567e+00 1.30944668e+00
 1.41286082e+00 1.40482248e+00 7.82521471e-01],__,-1.4899999999999523,338.1615591715341,1.8819271357842364,
20190227,530706111,1010,1551228103.7757652,1605.675603269892,134.06743378326482,20058.492943999645,[ 19.56064677  40.4632532   58.77881103  76.78657134  98.93787937
 116.50508124 135.7638627  155.45577104 173.63265425 192.73767945
 211.21763876 226.05202615 243.07781397],[  2.93786438 791.6507789   29.05391226   4.86045409   0.91640963
   0.8308073    0.85281064   0.83800999   0.98465794   1.06098878
   1.07440948   1.13231692   1.22604901   1.30333789   1.40246185
   1.54570009   1.61063172],__,-1.7899999999999636,331.62605651151256,5.680724322052264,
20190227,530706111,1011,1551228118.9997773,60.561722664569004,172.55244553053876,31997.927798877157,[ 20.96462354  46.33381259  69.21575093  84.86404019 108.35138967
 131.7599789  152.74587292 175.73606529 214.37297122 221.46219183
 225.17792005 239.96978292 255.28671011],[3.70193527e+00 7.99718294e+02 7.82456633e+01 4.99962281e+00
 6.34099406e-01 4.55232132e-01 6.80124078e-01 6.07505875e-01
 7.05508034e-01 6.99747246e-01 7.67515239e-01 7.19362593e-01
 6.36932730e-01 8.61451572e-01 9.99564963e-01 1.06700725e+00
 1.09261532e+00],__,-1.7999999999999545,310.74444605303694,1.7163867978495535,
20190227,530706111,1012,1551231131.0742927,17.771170753875026,39.174354237948464,24572.787086474866,[ 23.46396743  42.00095699  63.05771167  81.38187854  98.52318538
 126.98671046 143.55372758 146.84459882 189.00883533 195.55848313
 190.75811703 198.37318195 212.90804804],[  2.21223467 799.03996787  77.62175568   4.99660694   0.93586329
   0.96968477   0.90112757   0.87891935   0.86604657   0.97840094
   1.00163129   0.9782356    1.27992383   1.32977613   1.33812294
   1.48866017   1.61543876],__,-1.3999999999999773,334.01176577355426,1.8421642300819387,
20190227,530706111,1013,1551231115.9783337,1295.4449716096765,37.002832424297296,36112.44502611084,[ 21.35600568  37.5415011   61.75627802  84.30376834  91.81934041
 121.09745265 132.63919792 162.93806847 168.72415117 177.52698544
 187.56733372 198.39801306 207.1886763 ],[4.03765297e+00 7.99990615e+02 7.99909932e+01 4.99996093e+00
 7.45320532e-01 7.46562214e-01 6.33963420e-01 6.28906242e-01
 5.30891251e-01 6.31503524e-01 7.15018190e-01 7.84470364e-01
 7.94624059e-01 8.22293101e-01 8.20699333e-01 1.01405811e+00
 9.37177678e-01],__,-1.8199999999999932,333.6921558580714,1.3307622076465266,
20190227,530706111,1014,1551231099.0995688,-1282.3622221979867,29.28776687038013,29868.322675579693,[ 43.17042144  64.23776815  94.08158431  99.41217711 134.31847139
 176.75315749 180.88312109 202.11573815 214.5454383  218.76829503
 239.26289343],[1.73749069e+00 7.99430100e+02 7.97911958e+01 4.98963227e+00
 5.93184129e-01 7.77838830e-01 6.54595254e-01 6.76777544e-01
 8.15979366e-01 1.11871444e+00 1.07110401e+00 1.14864630e+00
 1.30193445e+00 1.23292012e+00 1.34095468e+00],__,-1.829999999999984,314.4091215130453,1.037270186127163,
20190227,530706111,1015,1551231083.711544,2971.8679348000305,30.381023107507673,36137.069683551184,[ 43.48640676  60.62018939 103.09602793 118.17689678 140.27097013
 158.74486839 175.0773763  190.63695052 199.89181751 214.82269437
 224.38643858],[1.79879315e+00 7.99992744e+02 7.99984210e+01 4.82994004e+00
 5.13867233e-01 6.01559945e-01 6.14316581e-01 7.78308358e-01
 8.77406012e-01 9.21645905e-01 1.01162766e+00 1.10208863e+00
 1.20708138e+00 1.30677356e+00 1.31074964e+00],__,-1.839999999999975,347.64930349312164,22.146113097734936,
20190227,530706111,1016,1551231066.7392342,472.4952393901002,-41.59276406895397,8880.160965645504,[ 36.16878557  51.7532789   73.18370558  81.50359659 109.79479138
 114.48986213 139.03173192 162.85238874 169.39753288 179.11398006
 185.89700617 198.46270564],[2.07760837e+00 7.89399064e+02 3.63265958e+01 4.97609534e+00
 5.09656263e-01 7.88697305e-01 6.35002471e-01 6.48973482e-01
 7.41412908e-01 7.82786253e-01 9.73079298e-01 1.11295485e+00
 1.09696221e+00 1.16558138e+00 1.21157195e+00 1.29008924e+00],__,-2.169999999999959,350.0568831079862,0.031214592197311365,
20190227,530706111,1018,1551231034.5405812,-1841.9899422316041,22.680959590449326,18487.642359570167,[ 42.39248877  62.66939912  91.11159157 107.18709057 131.09217773
 132.53884584 181.8878522  173.28901902 219.95199563 229.25930555],[1.95061685e+00 7.99680633e+02 7.99708402e+01 4.99751197e+00
 5.41546214e-01 7.25841398e-01 6.72775877e-01 8.23628003e-01
 9.46014473e-01 9.51537982e-01 1.19048641e+00 1.08968134e+00
 1.47038180e+00 1.61296928e+00],__,-2.1899999999999977,334.848502903785,0.7988934522041633,
20190227,530695031,1021,1551225979.281526,23.53171317054131,86.52645209014388,8022.075892463243,[ 46.94848046  72.12109367 108.89696867 138.37930675 157.46557352
 191.84276195 211.66384109 225.46177006 240.46640455 249.67985727
 267.70809641  84.13125356],[  2.88179747 617.73688751   2.72850965   4.93202337   0.76493768
   0.62188643   0.72338776   0.87760276   0.95964526   1.04340841
   1.13881267   1.21014565   1.34512329   1.45101451   1.54321642
   0.62090397],__,-1.589999999999975,327.16248624505806,0.049050872283741664,
20190227,530695031,1022,1551225970.1604831,1812.659902051836,67.70804957886733,21677.242698033468,[ 39.74222181  63.22029916  89.06146572  96.03438276 113.88680195
 139.1037292  161.95022205 185.27176999 196.55611844 211.38551171
 226.44171779],[2.12161024e+00 7.99991422e+02 7.99976165e+01 4.66785618e+00
 4.26378629e-01 5.46907948e-01 5.74401747e-01 6.53361707e-01
 7.66172675e-01 8.93855719e-01 1.02095579e+00 1.11429465e+00
 1.25498362e+00 1.35504154e+00 1.42948291e+00],__,-1.589999999999975,377.5256624867675,42.57808837638928,
20190227,530695031,1023,1551225962.492511,-86.71258860208732,55.708422618431044,5721.171218283771,[ 67.81423281  86.9841651  107.49171111 141.90504638 149.05784725
 190.11598669 208.22990548 218.56764973 239.09516778 232.47957446
 251.24367827],[  2.64181766 777.08757003  37.7431416    4.95924126   1.4285922
   0.97689854   1.2183487    1.2650262    1.35790163   1.39054929
   1.36624613   1.45522414   1.5182381    1.52094753   1.54297898],__,-1.599999999999966,329.42399231306,0.026261710284922427,
20190227,530695031,1024,1551225955.6582077,178.7690825834606,59.6785265424314,7784.780930917056,[ 63.98319627 126.98938928 132.51131537 170.3316584  188.30087095
 215.84664711 220.23010797 221.06177507 239.76398125],[  2.68236207 781.09415472  20.91775824   4.9935602    0.89694943
   1.15354223   1.17729735   1.309503     1.27088517   1.45376857
   1.46287413   1.45872379   1.4782078 ],__,-1.599999999999966,333.03066641960584,0.12097745389409577,
20190227,530695031,1025,1551225948.0489454,-1712.6963086222297,22.13515062702194,19944.004633787852,[ 68.37417896  96.64306818 121.0843354  141.97012535 163.82887892
 184.22527424 214.31669001 221.35689886  38.73191486],[2.03403892e+00 7.99664556e+02 7.99599016e+01 4.99372059e+00
 6.98562477e-01 8.38023246e-01 1.01422653e+00 1.08604693e+00
 1.19690269e+00 1.28078727e+00 1.43806679e+00 1.52423178e+00
 8.45994965e-01],__,-1.599999999999966,324.08639092470037,1.422894800221404,
20190227,530842926,1023,1551293345.2294226,-208.0910630811814,191.9765860368503,12109.126269269915,[ 38.18817089  52.28713126  78.91777883  90.76274952 115.61035065
 128.37788541 155.14828789 167.15237613 197.3018722  189.56815838
 207.47360257 215.93250321],[3.97347201e+00 7.98143325e+02 5.05871171e+01 4.99871380e+00
 8.39184335e-01 9.41065164e-01 7.21408374e-01 8.24075933e-01
 8.71094316e-01 1.06862797e+00 9.51836888e-01 1.10293173e+00
 1.22096735e+00 1.17238005e+00 1.26027281e+00 1.50076858e+00],__,-4.819999999999993,326.8685623688454,1.5357136377820375,
20190227,530842926,1024,1551293336.1171458,418.56863446125215,-34.50372037831225,10083.625483893766,[ 36.12006538  52.41084857  67.14837292  90.30522542 104.68714061
 114.11784506 142.23483802 160.29233607 172.59293611 199.40622699
 178.45748944 196.04549085],[  2.49222163 793.15896892  58.46909557   4.98800729   0.89451906
   0.89007028   0.99780107   1.21476009   0.99651537   1.05094274
   1.04367232   1.30485319   1.20718644   1.33544275   1.39351312
   1.3837631 ],__,-4.810000000000002,347.99946822960965,0.020817924100460104,
20190227,530842926,1025,1551291031.3922167,-85.22679466381567,33.45910240378733,33794.45679823398,[ 20.08537745  47.64282748  70.96994221  93.29165213  98.09210755
 125.63883417 142.62760003 168.27185428 198.74075022 195.25996917
 209.96863458 212.45211463],[1.99573531e+00 7.98856189e+02 7.85783325e+01 4.99262822e+00
 5.91669711e-01 5.15578053e-01 6.17781830e-01 7.24720993e-01
 6.81789106e-01 9.37485212e-01 9.94221807e-01 1.10218791e+00
 1.16467573e+00 1.22786488e+00 1.30579991e+00 1.39178625e+00],__,-4.810000000000002,306.3231959059694,1.4037785650943768,
20190227,530842926,1026,1551291047.7184823,872.8322994717037,15.575491730010668,31544.762661561836,[ 42.6005754   64.16792878  78.52510975  89.68683765 113.14278848
 135.33033816 155.12268581 184.02869685 185.83040263 198.06626817
 204.04017028 216.67567879],[1.78735150e+00 7.99633249e+02 7.96108489e+01 4.99765660e+00
 5.70830917e-01 6.21765210e-01 6.27606299e-01 6.45153564e-01
 8.81986093e-01 9.34833803e-01 1.01081984e+00 1.09700285e+00
 1.13956530e+00 1.30178434e+00 1.29406820e+00 1.41903599e+00],__,-4.810000000000002,320.4962261858234,1.6527208511073572,
20190227,530842926,1027,1551291064.3440638,2636.193807907398,26.530592130477693,30170.64948748744,[ 42.14487036  59.48755675  71.67809355  90.41393067 116.67514975
 138.46156729 153.35909337 181.79554384 181.62268803 197.28845356
 202.75223583 215.96149184],[1.75311000e+00 7.99985190e+02 7.99970252e+01 4.87746934e+00
 5.30044274e-01 5.17412192e-01 5.51574239e-01 5.99512684e-01
 7.92409683e-01 8.53560933e-01 9.84930228e-01 1.04813572e+00
 1.08950244e+00 1.18966220e+00 1.24406058e+00 1.35837701e+00],__,-4.810000000000002,344.5203936021622,10.865994671961637,
20190227,530842926,1028,1551291080.9440668,243.0440521166552,-37.70658564029968,7356.866431436468,[ 35.74742135  56.80676216  69.12771118  85.0225213  109.52035624
 120.59954204 138.91226185 162.05773774 188.06750266 200.63481662
 194.00693782 206.39274394],[1.75509410e+00 7.66032659e+02 9.27715936e+00 4.98176112e+00
 6.51386139e-01 6.81278431e-01 6.43197441e-01 9.11875002e-01
 8.35990493e-01 8.70917068e-01 8.69872169e-01 1.05952748e+00
 1.17838639e+00 1.22671284e+00 1.26346460e+00 1.28967844e+00],__,-4.7999999999999545,336.58522746974,0.025076108996321567,
20190227,530842926,1029,1551293268.1575687,95.10176948028605,94.68401883751115,11509.02221267817,[ 39.41086644  54.98594229  68.78191254  93.49144374 112.0653487
 128.1472885  148.14439996 164.90859428 184.87080463 205.49717499
 207.8840118  225.05467245],[2.24068639e+00 6.41481385e+02 2.32643115e+00 4.87439764e+00
 3.84634596e-01 5.82461180e-01 4.90194563e-01 5.42687523e-01
 7.05150039e-01 6.90639019e-01 6.79574377e-01 7.38407816e-01
 9.04319076e-01 9.95330494e-01 1.03374667e+00 1.11465213e+00],__,-4.8799999999999955,334.7515920211742,0.05061826909586171,
20190227,530842926,1030,1551293259.200578,-1334.6077064952815,7.897628568755508,23431.086831705208,[ 45.2937225   64.6036717  107.24458115 132.97790106 144.75011427
 163.12483028 185.90136855 219.97744788 216.31165449],[  3.15151494 799.88831087  79.97419428   4.75259904   0.86637858
   0.9337693    0.93892882   0.97655      1.1146983    1.16113946
   1.29958611   1.46556902   1.54049114],__,-4.8799999999999955,378.7331792820636,11.232862759052276,
20190228,530893864,1011,1551316085.7002604,104.74490274636075,72.60417030960852,-1817.0844141798996,[ 60.25217738  78.20016531  97.64818663 117.69648874 137.96544037
 157.41497836 176.93837708 218.72519057 234.31742942],[ 1.19066588 41.55006889  0.36234908  4.95193487  0.55125439  0.54188412
  0.47115792  0.38518559  0.84256616  0.72082146  0.48880055  1.15006611
  0.68818218],__,0.1500000000000341,331.92077006950535,0.4047919651485124,
20190228,530893864,1012,1551316068.9433067,113.26169729679086,65.92429283469508,1186.0800122028334,[113.44671815 151.29176596 170.15737081 207.27071003 227.27681895],[  2.20981674 112.29627592   0.49857527   4.92296775   0.64614817
   0.93042939   0.89526578   1.44424565   1.37521018],__,0.1500000000000341,330.9937877996063,0.011387399615759434,
20190228,530893864,1014,1551316037.000364,117.2547558959015,55.34015882892818,-725.5672950594409,[ 55.7878012   74.97029729  93.9521749  112.96251716 131.97885035
 151.02082989 169.6041802  206.37338046 225.92356187],[ 1.22459398 44.93145574  0.27960445  4.93551521  0.72969475  0.63408464
  0.67190797  0.39582615  0.70826788  0.63009848  0.50887093  0.85374899
  0.71366448],__,0.1500000000000341,333.0764401924216,0.012572534978969421,
20190228,530893864,1015,1551316020.7670653,-484.46446680156635,24.1177109165512,14561.306023804706,[124.21251693  60.77387483 140.74025534 170.08956973 188.17866533
 222.92058907],[  2.70258847 798.94677996  79.55797765   4.99927442   1.04997982
   1.07891349   1.13984983   1.34609955   1.45095892   1.65834259],__,0.1500000000000341,331.56720192348894,1.7381621665872022,
20190228,530893864,1016,1551316001.4356234,-44.501868159404104,54.56792606931267,4671.790509111891,[110.84249064 132.96212116 157.09814875 177.34403351 201.11698698
 246.53405784 246.07100822],[  2.43363122 768.88746753  20.06440067   4.95681046   0.86951473
   1.06987341   1.14783386   1.24559408   1.33842781   1.53130123
   1.53722562],__,-0.38999999999998636,331.57394195339816,0.02620752427906673,
20190228,530893864,1017,1551315983.45683,1796.2113404280842,0.5924118647570917,13935.790394799118,[ 55.42123329  76.8260573   88.54952057 107.66263441 136.71431366
 158.50178799 179.85528763 194.66425662 196.53570361 205.6268264 ],[4.99147911e+00 8.00000000e+02 8.00000000e+01 5.00000000e+00
 7.64733878e-01 8.39307273e-01 7.35707172e-01 7.11560118e-01
 9.06250078e-01 9.37796249e-01 9.22348366e-01 9.91913817e-01
 8.21952145e-01 1.09253171e+00],__,-0.38999999999998636,340.28889250020495,1.601466726144931,
20190228,530893864,1018,1551315970.6418023,468.38015278500376,-36.18467174763342,7408.265336621187,[ 72.48516838  76.24766342 107.56642115 124.06737559 142.68552031
 160.31215263 195.50983347 176.65641401 201.21538335 190.23490858],[  2.19195036 792.74654633  74.28154055   4.98477062   1.01099823
   0.98059673   1.06256268   1.08152886   1.2373319    1.27601916
   1.41856552   1.36943484   1.46570058   1.33369235],__,-0.39999999999997726,355.4174806617042,0.027756048924336457,
20190228,530893864,1019,1551315955.0771916,363.94077112595016,65.44364221710819,11654.134898583281,[ 60.96537147  76.55565284 100.95818643 117.39893851 143.81125227
 165.24202002 178.57760706 217.17601768 194.84999885 197.98570858
 214.34896254 231.89574016],[2.84882913e+00 7.84518067e+02 1.86594170e+01 4.90240428e+00
 9.60036200e-01 7.69365388e-01 9.08462180e-01 1.30472568e+00
 1.19442212e+00 1.21373887e+00 1.15169994e+00 1.33475152e+00
 1.30581034e+00 1.32605840e+00 1.35488182e+00 1.47944470e+00],__,-0.39999999999997726,343.05266354617225,5.014141549387082,
20190228,530893864,1020,1551315940.326584,-2198.0660864651404,41.07007192924445,11297.70961503059,[ 43.38399617  67.90419947  92.57588858 137.492501   162.11767436
 158.31610017 175.83398393 208.12629173 204.80578342 214.56362228
 233.53940891],[  2.05948588 799.96344025  79.99912675   4.97583801   0.99899554
   1.10933221   1.24244274   1.29434252   1.30265723   1.03103465
   1.11591829   1.40304351   1.28258244   1.61364458   1.52764437],__,-0.9399999999999977,343.89243104919353,2.419814621463606,
20190228,530893864,1021,1551315926.9334486,722.9968702173611,3.5279114506971068,12392.908855235584,[ 37.82255666  55.95453324  78.8590395   99.85803191 124.78536279
 141.89570077 173.74758702 182.9879297  196.15276357 209.12543247
 204.66721496 212.61633325 229.24621321],[  2.08137939 799.22908058  79.72832359   4.99952254   0.90848346
   0.98101894   0.99848927   1.15088666   1.20993796   1.27272679
   1.3109716    1.31531203   1.40387721   1.55227978   1.48328944
   1.55950496   1.47847299],__,-0.9399999999999977,338.34815034890016,1.5486388620898899,
20190228,530893864,1022,1551312198.235733,1738.2656000976247,32.544037218340286,18794.73453207333,[ 36.88957277  62.82328738  78.62567253  99.25679751 121.69248577
 140.98139413 163.7679578  187.56783014 194.52313647 203.9307153
 219.62616044],[1.87925326e+00 7.99973361e+02 7.99947724e+01 4.86300271e+00
 5.82656073e-01 6.20788667e-01 6.99204927e-01 6.94056122e-01
 9.03604596e-01 9.56802014e-01 1.07841836e+00 1.15653399e+00
 1.19503991e+00 1.30199510e+00 1.43126036e+00],__,-3.1399999999999864,369.1346092554698,12.777450085614051,
20190228,530893864,1023,1551312200.6343691,341.6515968439995,-34.776042778500575,8015.719533387361,[ 39.03960909  57.3701934   77.89168194  97.04211182 115.64559963
 138.08407146 155.66538981 176.09593023 193.60828788 185.27518387
 201.9749225 ],[1.81710417e+00 7.85801105e+02 1.66503868e+01 4.98348980e+00
 5.96472060e-01 6.61284444e-01 6.22633610e-01 6.98233738e-01
 8.45294598e-01 1.01245102e+00 1.03188154e+00 1.18893673e+00
 1.25387402e+00 1.22990783e+00 1.29816054e+00],__,-3.1399999999999864,339.79169263898615,0.027207283832450455,
20190228,530893864,1024,1551312201.2791638,102.02596352096441,109.30912072695983,13173.553367424558,[ 61.18248098  80.30915007  96.33500244 121.76408364 141.47223038
 161.88873382 182.92673208 204.60806226 220.33579296 239.16289473
  61.35138892],[2.30026795e+00 6.24984303e+02 2.08130533e+00 4.80825120e+00
 5.55056132e-01 6.61563994e-01 6.76733117e-01 6.92686350e-01
 7.99653779e-01 8.53892906e-01 8.83951942e-01 1.07492333e+00
 1.19443258e+00 1.34551069e+00 5.62162105e-01],__,-3.1399999999999864,347.4685440840673,0.9699281430972477,
20190228,531043310,1007,1551387323.357008,110.45406626103052,83.0883324440685,3344.7512427698994,[115.6650855  152.4472812  172.18941058 231.51362569],[  2.17426167 426.92596786   1.24816174   4.81173533   0.59356338
   0.8217938    0.79805021   1.24836403],__,0.12999999999999545,356.4460750371889,0.2482246743766998,
20190228,531043310,1008,1551387305.5048301,1619.9115948421627,5.8320327460687125,16427.958870126808,[109.8173286  138.19618237 190.54817713 186.44007091 230.4757685
  92.74239826],[2.03927928e+00 7.99950681e+02 7.99931419e+01 4.93131882e+00
 9.63704394e-01 1.04124795e+00 1.38633084e+00 1.37033896e+00
 1.72659647e+00 7.69953871e-01],__,0.12999999999999545,354.239019284898,12.671526185860172,
20190228,531043310,1009,1551387296.4831862,404.925520621257,-36.32089767510686,11417.06863484616,[ 88.18064113 109.59701486 133.05821141 149.0768179  165.1442075
 197.18836203 185.46627364],[  2.64389155 794.40121384  55.38894922   4.98758594   0.93977212
   1.10093427   1.04387466   1.44826786   1.3126178    1.56765345
   1.56088032],__,0.12000000000000455,347.62116085504726,0.02286253066234777,
20190228,531043310,1010,1551387285.554084,-892.2458052804926,40.587038940392645,12276.685389901251,[135.51375346 194.32986643 206.51562194 230.57020355],[  2.609412   799.20465979  79.89126328   4.99219295   1.23041046
   1.4779503    1.54045259   1.71638794],__,0.12000000000000455,372.5417640214027,3.0824245274614572,
20190228,531043310,1011,1551387271.9442606,2233.5426473171924,0.8449445390155592,18044.816694563382,[ 37.38842788  58.42670668  81.5315957   93.54780371 112.56025423
 137.62973016 149.83074206 158.02967666 193.26898278 207.45692776],[2.37507512e+00 7.99895993e+02 7.99922986e+01 4.99985684e+00
 9.74973616e-01 1.06627767e+00 7.45370085e-01 8.55097730e-01
 9.48246171e-01 1.09749381e+00 1.07048152e+00 1.09414776e+00
 1.35663597e+00 1.51318632e+00],__,0.12000000000000455,340.9969077630196,1.5691895859781706,
20190228,531043310,1012,1551387257.0,-1210.76426984713,46.21487011713468,15942.319792297549,[ 98.44395689 125.12750436 132.1353145  135.3926933  191.45813432
 187.01518295 225.81439342],[2.12611386e+00 7.90533990e+02 2.98439180e+01 4.94282581e+00
 7.06296116e-01 9.23265890e-01 9.21755558e-01 9.33174125e-01
 1.28571260e+00 1.27555091e+00 1.52771010e+00],__,0.11000000000001364,374.4711398493795,8.232791343968575,
20190228,531043310,1013,1551387241.5892994,64.2942260486028,-69.20273112487578,10238.61989329435,[ 84.63334037 106.54805581 123.10962713 152.44199699 163.32397096
 185.43737372 225.15592434 216.7109973  212.35839797],[  2.86603449 708.4449614    4.2502259    4.96871552   0.8711973
   1.01625889   1.1590406    1.13369419   1.2534033    1.36845614
   1.51064867   1.49462844   1.45958645],__,0.11000000000001364,341.9346413434924,0.9136979879206636,
20190228,531043310,1014,1551387228.4940615,1859.839224755249,58.50165435999199,19445.864430502843,[ 39.44099238  61.51618552  82.26899042 100.24003471 114.83385319
 146.42280638 156.8437803  181.82029972 198.51960151 202.08226012
 200.46888398],[2.07750482e+00 7.99992696e+02 7.99985339e+01 4.72637198e+00
 4.80473404e-01 5.45472735e-01 5.80222099e-01 7.38137093e-01
 8.25194059e-01 9.70224243e-01 1.04600753e+00 1.16201176e+00
 1.24969958e+00 1.31736716e+00 1.32877506e+00],__,-0.3100000000000023,386.2598300164769,33.583737903413535,
20190228,531043310,1016,1551387199.550381,-1472.8526770797455,82.36689392785138,31260.77116592048,[ 36.70921508  55.26840442  70.47027697  83.16544869 102.61511357
 127.56791229 136.49598324 159.51755629 192.94420919 196.15840586],[2.23515248e+00 7.98311333e+02 7.41169571e+01 4.67063202e+00
 4.99701205e-01 5.34473124e-01 6.42378958e-01 6.74020462e-01
 8.30993738e-01 9.78328224e-01 1.04956450e+00 1.18533856e+00
 1.41989964e+00 1.46595998e+00],__,-0.3299999999999841,351.39023909849794,33.155167551322194,
20190228,531043310,1017,1551387172.013168,-33.331066957244786,109.69439100889181,15845.118874909738,[ 57.72243524  77.31046871  95.50171025 112.66142869 134.20787073
 153.737649   170.56055946 212.634522   219.73789656],[2.17990161e+00 7.84964516e+02 6.74148370e+00 4.90225735e+00
 8.24450532e-01 7.11378471e-01 9.28167131e-01 9.64142025e-01
 1.12984732e+00 1.21630997e+00 1.25239126e+00 1.57256765e+00
 1.67498866e+00],__,-0.339999999999975,333.39993591764903,2.645329306515044,
20190228,531043310,1018,1551387159.0,-304.8562689086892,-23.52853431359322,14955.413244253066,[ 63.89104524  86.08079893 100.45978148 125.99691872 149.82092489
 170.04002227 190.7951593  230.0976723  215.61049097 232.81166688],[  2.30365124 796.48535251  70.79866458   4.99312859   0.90666298
   0.9459593    0.93674216   0.99432808   1.10659028   1.19617607
   1.29659524   1.4378438    1.39356414   1.47258693],__,-0.7299999999999613,340.8177891216707,1.8186152656103927,
20190228,531043310,1019,1551387145.0210176,334.79447196020845,-46.134621928192345,8202.74671052462,[ 19.21986205  37.94431215  55.37232461  72.81765521  87.74617226
 106.32978551 133.13985856 141.53099358 158.27124097 188.75277504
 172.83924825 185.88874601 145.77598166],[2.28302687e+00 7.90394364e+02 2.94921932e+01 4.97421144e+00
 7.18627862e-01 8.05667027e-01 8.25352239e-01 7.06467893e-01
 8.41845479e-01 9.70376298e-01 9.76854190e-01 1.06022040e+00
 1.19262739e+00 1.35827838e+00 1.19812577e+00 1.31000673e+00
 1.10702203e+00],__,-0.7399999999999523,353.2013742806586,0.02387388398773355,
20190228,531043310,1020,1551382661.8574977,77.99152425417152,82.4975989136593,14768.506586363237,[ 17.61803326  36.56286773  63.07077418  89.76421989 107.31170366
 125.69350061 148.63718983 168.3890536  189.78308928 209.31436325
 205.70150815 220.97549593],[1.98873506e+00 7.54561287e+02 6.18718991e+00 4.96959787e+00
 5.36621541e-01 5.58255540e-01 8.14874548e-01 7.07091187e-01
 8.22288271e-01 9.39241234e-01 1.01832171e+00 1.12932421e+00
 1.22200126e+00 1.34814781e+00 1.33906686e+00 1.43802662e+00],__,-1.8599999999999568,335.00731733940813,0.05303540643757517,
20190228,531043310,1021,1551382676.0867922,113.8257586146496,122.78497594035869,22887.178740972748,[ 42.28928996  63.80414415  85.87672611 109.12764647 123.44755338
 148.68125903 166.04775363 183.68285237 209.45283849 207.54235364
 226.99585329],[2.32642815e+00 7.65495567e+02 4.86712482e+00 4.93293168e+00
 8.39541211e-01 6.03831996e-01 6.46889291e-01 8.21113538e-01
 8.37106968e-01 1.04582698e+00 1.05700271e+00 1.16591725e+00
 1.34229941e+00 1.33573748e+00 1.41835318e+00],__,-1.6899999999999977,342.9018173823178,1.1332645029913717,
20190228,531043310,1022,1551387103.383649,1469.416631416862,8.083827327248313,11621.277281871173,[110.80010914 130.61774539 153.85831252 166.66150084 190.44239571
 198.7881261  210.45725556],[  2.42858753 799.78493471  79.98382155   4.99988825   1.03377541
   1.18356991   1.25572471   1.27886092   1.37459812   1.44138621
   1.53328325],__,-0.7699999999999818,340.3269722609351,2.1808788284623706,
20190301,531236830,1009,1551473188.1491284,1810.661452129753,12.15420723089117,10624.578986553408,[ 55.05770482  80.96520713  97.418144   111.14936962 135.71862251
 152.62915984 163.49641112 202.01528323 216.48849204 229.80302483],[1.82458626e+00 7.99741613e+02 7.99887397e+01 4.99633541e+00
 7.77105154e-01 8.04356738e-01 8.59479685e-01 8.73977961e-01
 1.03016752e+00 1.10909713e+00 1.05517442e+00 1.32529950e+00
 1.39808364e+00 1.49999588e+00],__,0.28000000000002956,344.56741760752016,2.277704839403139,
20190301,531236830,1010,1551473178.771867,156.30300898040073,-47.89992352079242,19132.128690279464,[ 73.75463371  90.37140484  98.38396486 128.74267748 143.06894874
 156.6984987  171.84320557 191.15588916],[  2.88495315 754.74534119   5.33206628   4.94215519   0.78389763
   0.92017295   0.98236426   1.2232232    1.22752138   1.25585292
   1.37581717   1.50251807],__,0.28000000000002956,346.10730073871304,6.433170485934571,
20190301,531236830,1011,1551473163.9602046,1521.2279553001365,10.90780864303026,18064.948100396552,[ 63.71515415  89.34905467 103.59581957 126.87095082 153.44909275
 158.99520323 184.70161864 192.87418119 195.90916152 201.66554564
 218.86532827],[2.12210312e+00 7.99813599e+02 7.99695897e+01 4.99976275e+00
 7.24630121e-01 7.57225462e-01 8.62569248e-01 1.00571801e+00
 1.03640271e+00 1.05094999e+00 1.15214825e+00 1.21753224e+00
 1.27645812e+00 1.34893713e+00 1.55087940e+00],__,0.28000000000002956,339.80840141082615,1.7349493823709088,
20190301,531236830,1012,1551473147.4992125,456.4424645859668,-43.55272491968881,8341.234435388142,[ 39.40976583  54.1926143   70.60768464  85.79063232 104.41846096
 125.35337442 142.30908966 153.69338405 171.49537187 186.77117848
 174.12947153 193.53956874],[2.18154999e+00 7.88236859e+02 5.10704382e+01 4.97447616e+00
 6.12480282e-01 8.39124272e-01 8.08104665e-01 9.77827053e-01
 9.61068450e-01 1.05740591e+00 1.12712352e+00 1.18156307e+00
 1.19264625e+00 1.30539232e+00 1.17125541e+00 1.32128701e+00],__,0.28000000000002956,353.91336134274854,0.028955285009450923,
20190301,531236830,1013,1551473132.6937919,-89.54031186565284,55.34394576826875,7976.257442928036,[ 69.05391876  88.83417857 105.6814152  131.60015045 152.07965602
 177.12308989 197.81504633 235.93022382 227.22757401  48.04648386],[2.40088641e+00 7.80255450e+02 1.64001193e+01 4.96148692e+00
 7.28923359e-01 9.13619344e-01 8.11025113e-01 1.06238932e+00
 1.09453910e+00 1.24271465e+00 1.29876376e+00 1.50079267e+00
 1.42080930e+00 8.56614330e-01],__,-0.25,330.44387874079905,0.02368471196497955,
20190301,531236830,1014,1551473117.924137,116.10001371407762,57.58494563244821,661.5956085899028,[114.45174612 133.1656141  153.13237662 171.99677942 207.62394039
 229.55698692],[ 1.17998749 35.53682072  0.27934366  4.93581849  0.39354692  0.90103681
  0.64367411  0.58265874  0.78875478  0.65848063],__,-0.25,332.91194822422773,0.043569890219235206,
20190301,531236830,1015,1551473102.5636961,1164.8241735126016,17.05479769231306,10875.98913648954,[111.9716367  128.6712583  146.71794683 165.56247755 201.55800189
 218.75090592],[  2.11135044 799.26808558  79.92418146   4.99647034   1.202611
   1.22693993   1.3209736    1.36490471   1.55527069   1.7117828 ],__,-0.2599999999999909,337.6220261215174,0.9459400695053088,
20190301,531236830,1016,1551473087.7940412,988.178466038928,10.47444118326736,9510.291956017592,[113.76377976 150.3814071  170.73438879 208.68807746],[  2.71664925 799.34346538  79.92260601   4.99967377   1.14061804
   1.36755888   1.4877955    1.80234236],__,-0.2699999999999818,338.12413659013146,1.370350737625903,
20190301,531236830,1017,1551473061.928561,1203.8741264239616,12.500027630095403,11161.737020250202,[ 94.46167947 116.75292804 135.03657296 151.68647949 175.5404362
 207.85439744 218.99959431  83.03629998  57.40544305],[1.97292961e+00 7.99260840e+02 7.99258197e+01 4.99848054e+00
 9.43596497e-01 9.82789499e-01 1.10353865e+00 1.16223334e+00
 1.27947168e+00 1.53264220e+00 1.66887473e+00 8.55267074e-01
 7.55310263e-01],__,-0.2799999999999727,337.7288072004908,0.7734187422311933,
20190301,531236830,1018,1551473048.0134163,591.8802560052649,-8.33533731697384,14208.346790588857,[ 82.41806865  85.73706026 117.432645   139.05266463 159.09393711
 176.50006596 216.28163956 203.84983733  64.89818776],[2.56623144e+00 7.99301339e+02 7.95304782e+01 4.99943540e+00
 7.45168272e-01 6.97437459e-01 9.70281574e-01 1.08511488e+00
 1.20532117e+00 1.24520732e+00 1.44557739e+00 1.38505019e+00
 8.35757886e-01],__,-0.7699999999999818,338.6418769480155,0.4611399191355178,
20190301,531236830,1019,1551473033.3926308,126.9486318286663,-63.79833831144217,13348.517609288278,[ 55.57107249  80.66660548  86.04248073 112.40483477 129.10246881
 156.02199526 169.43659207 182.53816123 190.0068557  205.92536869],[2.12688270e+00 7.55512193e+02 6.69159697e+00 4.97271861e+00
 6.66204364e-01 8.07781545e-01 7.26961658e-01 8.90501963e-01
 1.01514773e+00 1.15966482e+00 1.20907534e+00 1.34259482e+00
 1.35785342e+00 1.45714540e+00],__,-0.7799999999999727,339.4720507464806,0.09052448775329602,
20190301,531236830,1020,1551473018.7402453,-2028.7651292033677,29.678214856476,24688.034332562267,[ 19.5621876   43.18483667  64.58396219  77.72907876 107.00837075
 118.94553031 140.2635636  167.90247595 188.34265872 205.97755848
 213.24186338 226.0806216  190.80744817],[1.82483110e+00 7.99769657e+02 7.99699645e+01 4.98841700e+00
 6.46229001e-01 7.76268352e-01 7.73452045e-01 9.33307938e-01
 8.31394340e-01 9.04855280e-01 1.01762431e+00 1.11044402e+00
 1.22861638e+00 1.30207751e+00 1.32599140e+00 1.39859036e+00
 1.16957506e+00],__,-0.7899999999999636,327.63299842721904,1.443179522082099,
20190301,531236830,1021,1551473003.1011937,393.9444748329109,-50.225780022053435,7837.587478076582,[ 15.65918051  34.90099338  49.66559707  69.98926819  81.15212445
 107.06826942 120.15928864 139.5064796  152.49605801 182.19803154
 183.34667573 170.87865714 185.99373571 200.09712655],[2.07341668e+00 7.88144651e+02 3.61140023e+01 4.96487657e+00
 5.09600490e-01 4.62049969e-01 5.74380190e-01 6.49312033e-01
 8.43936321e-01 9.75237603e-01 9.95648818e-01 1.02017133e+00
 1.19001083e+00 1.23675906e+00 1.25449967e+00 1.12524636e+00
 1.27896766e+00 1.31865470e+00],__,-0.8100000000000023,355.58665684471237,0.022703958962321732,
20190214,528502194,1025,1550177805.5084739,120.7109846423564,54.65422386837585,800.0440776108328,[ 58.44118895 117.23733369 136.51274775 156.2948819  175.89325632
 195.51619409 216.28779405 235.41419872],[ 1.84812449 56.251249    0.3342826   9.48416861  0.68557315  0.41961948
  0.72008695  0.6742301   0.5635079   0.79684313  1.1832072   0.85226608],__,-15.560000000000002,322.0629608802852,0.0073693958812168815,
20190214,528502194,1025,1550177805.5084739,120.7109846423564,54.65422386837585,800.0440776108328,[ 58.44118895 117.23733369 136.51274775 156.2948819  175.89325632
 195.51619409 216.28779405 235.41419872],[ 1.84812449 56.251249    0.3342826   9.48416861  0.68557315  0.41961948
  0.72008695  0.6742301   0.5635079   0.79684313  1.1832072   0.85226608],__,-15.560000000000002,322.0629608802852,0.0073693958812168815,
20190214,528502194,1025,1550177805.5084739,120.7109846423564,54.65422386837585,800.0440776108328,[ 58.44118895 117.23733369 136.51274775 156.2948819  175.89325632
 195.51619409 216.28779405 235.41419872],[ 1.84812449 56.251249    0.3342826   9.48416861  0.68557315  0.41961948
  0.72008695  0.6742301   0.5635079   0.79684313  1.1832072   0.85226608],__,-15.560000000000002,322.0629608802852,0.0073693958812168815,
20190214,528502194,1025,1550177805.5084739,120.7109846423564,54.65422386837585,800.0440776108328,[ 58.44118895 117.23733369 136.51274775 156.2948819  175.89325632
 195.51619409 216.28779405 235.41419872],[ 1.84812449 56.251249    0.3342826   9.48416861  0.68557315  0.41961948
  0.72008695  0.6742301   0.5635079   0.79684313  1.1832072   0.85226608],__,-15.560000000000002,322.0629608802852,0.0073693958812168815,
20190214,528502194,1023,1550177789.2386246,117.8923862922019,92.89820239653532,4502.106220445731,[ 37.71558515  57.72093933  76.88996611 114.69849107 135.90820492
 154.85395721 174.6129391  194.02322398 213.73083055 232.66252786],[  2.68876706 293.97488633   0.79396839   8.53482154   0.58140806
   0.64300476   0.72330131   0.8355442    0.79816781   0.91794201
   0.96307877   1.04747353   1.11544805   1.34643849],__,-15.549999999999955,430.48106939386105,2.2542016272508842,
20190214,528502194,1024,1550177797.1981785,212.73242444311677,90.62319924016,18405.963765470806,[ 62.60163157  89.11402866 123.84989853 141.87036307 167.93765132
 185.30652271 207.75036437 239.19272054],[  3.37121973 429.17846548   1.10136137   6.63927576   0.57105048
   0.6629273    0.90255036   1.00859839   1.16827841   1.27369839
   1.40336668   1.6055045 ],__,-15.549999999999955,265.8751690063007,116.59357667966079,
20190214,528502194,1025,1550177805.5084739,160.49630616281968,-53.509127144878505,5963.749947012938,[ 61.42578201 125.54161853 146.60491393 165.77421007 188.63763926
 210.0425695  223.37606156],[  3.03258836 478.95988555   8.14511361   9.91824442   1.14529586
   1.31896367   1.3644106    1.47895844   1.56342613   1.68020602
   2.18295032],__,-15.560000000000002,345.86889808620356,1.627904994826515,
20190214,528502194,1026,1550177820.3312578,264.9032570481561,87.00270941090685,8988.44638972127,[ 53.446746   110.21674766 128.02113091 145.77568979  91.76921433
 165.31223556 184.07050499 210.60031103],[  3.12453305 484.37159026   6.94272604   9.76652413   1.15094002
   1.27680421   1.38040732   1.38403162   1.23988283   1.54973397
   1.63723509   1.99069979],__,-15.569999999999993,303.8629903884696,4.0655364623375485,
20190214,528502194,1027,1550177833.0654209,58.30561664828089,68.35796027759977,3872.4972290790074,[ 59.39991066 117.61357735 178.49907073 236.74742997],[  3.11988269 471.98033767   6.97802632   9.90859291   1.16310332
   1.39473482   1.80044957   2.19841627],__,-15.569999999999993,319.39435369370767,1.2281105967701402,
20190214,528502194,1028,1550177847.3778443,92.15024400199906,82.51334567992313,4245.372314304489,[ 59.57585607 117.48624616 176.8599075  214.36663024 226.87462503],[  3.1469162  479.21689623   7.74801131   9.92723401   1.01211424
   1.26519226   1.63778162   1.8381987    1.9754564 ],__,-15.579999999999984,323.32247046106687,0.47169042259436805,
20190214,528502194,1029,1550177867.311236,131.11904255821733,32.885015201949926,4086.3449304661017,[123.64585275 183.90416982 234.69515623],[  3.82570511 495.05956895  17.85137103   9.98353158   1.53643026
   1.76410766   2.21518364],__,-15.589999999999975,343.50890319104997,0.34831173347312466,
20190214,528518474,1006,1550187776.9446495,90.50588054012113,52.39571014764599,2932.9162691862357,[126.89506733],[  3.72013306 463.55691291  12.5992931    9.956384     2.28573293],__,-12.169999999999959,334.691658229097,0.13105700554577193,
20190214,528518474,1007,1550187764.1925879,-13.027366520300545,45.432429398814804,5071.2431742386225,[ 66.98561075 130.47530389 142.0560767  187.67677011 226.32963795
 218.90922118],[  2.78849486 479.73186766  13.20113591   9.846557     1.09602273
   1.21091376   1.27198944   1.53597946   1.67451083   1.6801671 ],__,-12.17999999999995,334.12366891554143,0.026866263725161574,
20190214,528518474,1008,1550187750.9849875,111.20220843354723,79.00954515976643,3513.4299161567674,[117.74192831 174.43524448 224.96393633],[  3.33695696 418.03220853   3.22942897   9.82306075   1.50022619
   1.80078566   2.19180518],__,-12.539999999999964,335.74749254959653,0.2308643853140149,
20190214,528518474,1009,1550187737.5347757,91.73605086823858,43.62795459094721,4261.546889818506,[119.4897493  183.30678351 236.88992722],[  3.05475322 479.32299468   7.39871506   9.68222365   1.54222693
   1.83216198   2.23223764],__,-12.549999999999955,337.99355625392803,12.661502627029373,
20190214,528518474,1010,1550187724.813791,149.61647675555045,-25.88589074153747,3190.296321621564,[118.32863242 177.12064121 216.52634347],[  3.91708928 493.01848332  17.33877472   9.9908731    1.31279925
   1.61327935   1.81332123],__,-12.569999999999993,372.61481044881515,0.043989237742277545,
20190214,528518474,1011,1550187712.615097,74.40629029869775,-33.316768626411196,4849.335536070975,[ 58.06692549  76.23620944  93.82148351 121.45886282 122.70282354
 183.47120063 192.65518557 207.92208507],[  2.68297921 481.69734453  11.66329757   9.9675922    1.10846965
   1.03722139   1.15777032   1.23243097   1.19818575   1.43798444
   1.4441335    1.5464031 ],__,-12.579999999999984,357.181514450359,0.026388469503119936,
20190214,528518474,1012,1550187698.8012464,126.06890022646091,120.44831371390354,5925.519499368929,[113.71228457 169.32829082 188.40894656 204.86017559 220.63214503
 233.19713036],[  3.24153187 237.99037487   0.5178342    7.52898472   0.93105309
   1.26935519   1.35893165   1.56530607   1.67273452   1.72099543],__,-12.870000000000005,364.9269746202978,24.55928160385863,
20190214,528518474,1013,1550187682.3631432,196.0910317899316,79.0618758960594,3206.4750894619415,[120.64494187 182.79472119 231.2958436 ],[  3.5739919  477.29897759  12.05864451   9.93625122   1.40824915
   1.8323206    2.1277068 ],__,-12.879999999999995,330.97078566583036,1.1503122033213984,
20190214,528518474,1014,1550187666.5771613,171.7292458816253,86.57334080477406,4699.905946496943,[125.30038017 182.65346832 231.48491336],[  3.57691914 485.45357899  12.7651981    9.94921504   1.53518465
   1.78016499   2.13946841],__,-13.139999999999986,314.0296596528093,1.6157009167001213,
20190214,528518474,1015,1550187649.9155543,23.605240583147463,71.87878856157586,3429.074822206856,[118.56196258 178.27135936 231.16584553],[  3.60602756 485.11760445  10.47615392   9.95133752   1.50842645
   1.81092705   2.20812934],__,-13.149999999999977,327.7938954311115,1.6352318178620633,
20190214,528518474,1016,1550187631.6712945,130.6487867518226,42.57273572276365,2165.2429304220996,[118.37249025 175.65849652 232.77597019],[  3.51441128 245.13820654   1.21934614   9.69723063   1.40577189
   1.77369918   2.17166607],__,-13.159999999999968,341.1606885962279,7.227628857177667,
20190214,528518474,1017,1550187618.350744,79.62987404830515,59.919727031332066,4536.609733609097,[122.66922032 233.94917717],[  3.14891472 461.52247864   5.20379416   9.79980981   1.51927015
   2.56468087],__,-13.17999999999995,323.42161095266886,3.8484299472668337,
20190214,528518474,1019,1550187585.7634544,221.35688904949714,62.047179240222874,13786.442853039489,[125.29809098 184.54802968 233.35416104],[  3.07248456 480.8068654    3.55661116   8.07407565   1.19774507
   1.70503695   2.15805437],__,-13.20999999999998,289.39035973186583,71.11733058096873,
20190214,528518474,1020,1550187572.0660422,107.22542321484595,59.57006797074396,3390.28280439602,[116.22623249 236.23205708],[  3.47386989 388.77864598   3.14544479   9.82658507   1.61332872
   2.5716807 ],__,-13.21999999999997,328.1906090963575,3.2672507850718815,
20190214,528518474,1023,1550184643.6806734,111.59789913593379,92.44949597322965,6395.048213985916,[114.62406848 133.94759577 153.23688684 171.92217588 211.07093952
 227.89133789],[  2.65653453 388.12995037   1.57479782   9.08089882   0.92553534
   0.95804901   1.01902415   1.12238099   1.43633593   1.70770947],__,-14.169999999999959,393.6481084688087,0.6521769632574483,
20190214,528518474,1024,1550184650.8730202,316.04345318262034,57.79159875838168,11555.05314528408,[114.67838039 153.1469191  174.21632402 195.81087219 215.62475048
  57.53508932  77.98701444],[  3.26466174 486.35727942  12.4063874    9.64733598   1.27119841
   1.41135717   1.53732979   1.68806602   1.84677097   1.03253094
   1.14765305],__,-14.169999999999959,305.84989786351616,6.671051038315802,
20190214,528518474,1026,1550184671.6801171,66.22264074892709,71.31711126558524,10278.929916164101,[ 63.51422518 125.13269247 190.70057717 239.08369472 254.11379767],[  2.40877457 474.10000455   3.31983964   9.3018301    0.83124021
   1.08527021   1.51767402   1.86178683   1.96967646],__,-14.17999999999995,297.38750882079944,9.867813454121555,
20190214,528518474,1027,1550184682.1097648,47.20696795203271,85.61679068848588,4766.291537260256,[121.45560103 234.37571613  61.47231938 183.88170046],[  3.04324173 476.33870294   7.36932681   9.90123586   1.41997551
   2.16442447   1.17726001   1.79022595],__,-14.189999999999998,306.2327571292141,1.470627395888047,
20190214,528518474,1028,1550184693.9626846,100.35750547984591,68.93148977206226,3525.2399792111205,[122.35443719 182.68796512 242.73399492],[  3.35565878 404.12112157   3.08407605   9.8278055    1.38327368
   1.70529807   2.20376589],__,-14.399999999999977,321.21609511991034,0.7232607370401409,
20190214,528510459,1007,1550181884.3150985,-42.59530408603858,48.543996944597744,4896.692673590917,[ 67.89764599 135.4284912  208.44867198 229.92537253],[  2.95405606 473.68932658  13.13511338   9.77249494   0.90805227
   1.2889664    1.71560448   1.86061873],__,-12.419999999999959,328.39527084754513,0.027687476193606862,
20190214,528510459,1008,1550181870.0039585,60.49881673763132,65.22161249640439,6905.916642062395,[131.74923798 199.10450651 232.66875744],[  2.47754171 450.86154571   3.86698009   9.71046554   1.2168343
   1.60984418   1.81348713],__,-12.439999999999998,320.1514504113145,1.8895947793048915,
20190214,528510459,1009,1550181856.345989,103.06879567679204,34.368224429539374,5491.82675935663,[ 60.6345988   81.59512121 119.16248611 179.09383479 222.6801806 ],[  2.75336081 488.9442173   19.14081232   9.58879605   1.09673486
   1.1812395    1.37876486   1.69263411   2.0959366 ],__,-12.45999999999998,354.48040777648623,5.454437890814466,
20190214,528510459,1010,1550181842.8943968,82.89175431322083,-21.90951934082723,3963.2926755467397,[ 61.73904584  70.22014799  88.7852312  121.25507969 181.82826407
 204.36073277 221.96532524],[  4.14655703 494.86462825  18.16741651   9.99658748   1.23740686
   1.24464961   1.28158995   1.28152768   1.41824236   1.51003316
   1.68181371],__,-12.46999999999997,358.3203171109734,0.03246628455311437,
20190214,528510459,1011,1550181832.4984717,118.08262888222805,55.30964976455807,5804.001904444998,[ 45.63318838  64.99752693  89.83862486 108.4876759  141.1874754
 156.43790148 201.59822396 215.41249945 227.5406593 ],[  2.75607173 477.18858758  19.85965758   9.735404     1.16275435
   1.1844391    1.21857002   1.31495266   1.42953484   1.44172082
   1.60910963   1.68837445   1.85000913],__,-12.489999999999952,348.1867691989767,1.5490543016438423,
20190214,528510459,1012,1550181820.0,-58.80090626045135,33.98893208001796,3154.7510345976993,[132.47867023 200.63199824 226.5696902  223.05127296 243.03229828],[  2.56967569 495.04092695  19.95378795   9.89835517   1.3184327
   1.60660655   1.8011661    1.81024547   1.86398943],__,-12.5,364.4618493843618,1.9126194007057338,
20190214,528510459,1013,1550181805.205245,87.13700395501974,41.71154756886749,4243.1873070270785,[124.70611798 186.89082783 234.97681428],[  3.24506461 484.04253515  18.95054712   9.94916482   1.43476802
   1.78628732   2.09524109],__,-12.909999999999968,347.97496673222304,1.4259630456675019,
20190214,528502194,1023,1550177789.2386246,117.8923862922019,92.89820239653532,4502.106220445731,[ 37.71558515  57.72093933  76.88996611 114.69849107 135.90820492
 154.85395721 174.6129391  194.02322398 213.73083055 232.66252786],[  2.68876706 293.97488633   0.79396839   8.53482154   0.58140806
   0.64300476   0.72330131   0.8355442    0.79816781   0.91794201
   0.96307877   1.04747353   1.11544805   1.34643849],__,-15.549999999999955,430.48106939386105,2.2542016272508842,
20190214,528502194,1023,1550177789.2386246,117.8923862922019,92.89820239653532,4502.106220445731,[ 37.71558515  57.72093933  76.88996611 114.69849107 135.90820492
 154.85395721 174.6129391  194.02322398 213.73083055 232.66252786],[  2.68876706 293.97488633   0.79396839   8.53482154   0.58140806
   0.64300476   0.72330131   0.8355442    0.79816781   0.91794201
   0.96307877   1.04747353   1.11544805   1.34643849],__,-15.549999999999955,430.48106939386105,2.2542016272508842,
20190214,528502194,1024,1550177797.1981785,212.73242444311677,90.62319924016,18405.963765470806,[ 62.60163157  89.11402866 123.84989853 141.87036307 167.93765132
 185.30652271 207.75036437 239.19272054],[  3.37121973 429.17846548   1.10136137   6.63927576   0.57105048
   0.6629273    0.90255036   1.00859839   1.16827841   1.27369839
   1.40336668   1.6055045 ],__,-15.549999999999955,265.8751690063007,116.59357667966079,
20190214,528502194,1025,1550177805.5084739,160.49630616281968,-53.509127144878505,5963.749947012938,[ 61.42578201 125.54161853 146.60491393 165.77421007 188.63763926
 210.0425695  223.37606156],[  3.03258836 478.95988555   8.14511361   9.91824442   1.14529586
   1.31896367   1.3644106    1.47895844   1.56342613   1.68020602
   2.18295032],__,-15.560000000000002,345.86889808620356,1.627904994826515,
20190214,528502194,1023,1550177789.2386246,120.29963032990355,161.86102919628104,5792.875898421824,[ 43.51186595  66.62863606  85.80985344 130.14865387 149.46344571
 175.72176758 196.24096964 217.78063936 237.57501447 258.1144494 ],[3.42510220e+00 1.87584143e+02 1.59512767e-01 6.67801887e+00
 4.91140539e-01 3.56585050e-01 6.45058935e-01 5.73715287e-01
 7.79097437e-01 8.11697887e-01 8.61544835e-01 9.76906132e-01
 1.09275732e+00 1.21535258e+00],__,-15.549999999999955,476.3662666478066,52.33018480749376,
20190214,528502194,1024,1550177797.1981785,182.5594623615155,86.42331768438228,19086.717331482265,[ 52.78119009  69.20388827 104.40082095 117.71436261 141.90295265
 154.88643138 176.54291422 200.41272946],[  3.32083221 472.66767125   2.39017421   7.3353042    0.53663788
   0.74351553   0.81391678   0.98341352   1.12739998   1.22149262
   1.39069421   1.58890835],__,-15.549999999999955,251.87456499887014,38.115594827230716,
20190214,528502194,1025,1550177805.5084739,192.42164543465287,34.231123427559226,17478.03821410661,[ 62.32404872 126.57714319 145.98919351 171.67730041 186.65669368
 213.80629524 218.70293534],[  2.62854021 494.15498642  18.31163675   9.72896034   0.88236808
   0.88255614   1.20386138   1.27825274   1.25291938   1.4897017
   1.49789085],__,-15.560000000000002,262.9311376613066,4.713877811294914,
20190214,528502194,1023,1550177789.2386246,120.29963032990355,161.86102919628104,5792.875898421824,[ 43.51186595  66.62863606  85.80985344 130.14865387 149.46344571
 175.72176758 196.24096964 217.78063936 237.57501447 258.1144494 ],[3.42510220e+00 1.87584143e+02 1.59512767e-01 6.67801887e+00
 4.91140539e-01 3.56585050e-01 6.45058935e-01 5.73715287e-01
 7.79097437e-01 8.11697887e-01 8.61544835e-01 9.76906132e-01
 1.09275732e+00 1.21535258e+00],__,-15.549999999999955,476.3662666478066,52.33018480749376,
20190214,528502194,1024,1550177797.1981785,182.5594623615155,86.42331768438228,19086.717331482265,[ 52.78119009  69.20388827 104.40082095 117.71436261 141.90295265
 154.88643138 176.54291422 200.41272946],[  3.32083221 472.66767125   2.39017421   7.3353042    0.53663788
   0.74351553   0.81391678   0.98341352   1.12739998   1.22149262
   1.39069421   1.58890835],__,-15.549999999999955,251.87456499887014,38.115594827230716,
20190214,528502194,1025,1550177805.5084739,192.42164543465287,34.231123427559226,17478.03821410661,[ 62.32404872 126.57714319 145.98919351 171.67730041 186.65669368
 213.80629524 218.70293534],[  2.62854021 494.15498642  18.31163675   9.72896034   0.88236808
   0.88255614   1.20386138   1.27825274   1.25291938   1.4897017
   1.49789085],__,-15.560000000000002,262.9311376613066,4.713877811294914,
20190214,528502194,1026,1550177820.3312578,185.91891012612422,143.89249514077602,14357.418147109725,[ 51.97072124 103.83767962 121.47061324 139.95146541  86.67860849
 155.72985318 175.44921971 201.95410463],[  2.42639104 487.47790418   6.34429316   9.66723121   0.64496863
   0.80018592   1.19529569   1.26353349   1.01305506   1.26150556
   1.4983737    1.46552491],__,-15.569999999999993,251.5006548019619,3.1791247242332616,
20190214,528502194,1027,1550177833.0654209,116.70437895685725,97.77016571629368,15277.844941719208,[ 53.32516445 104.05203279 158.94082235 201.78641677],[  2.74719751 474.37170472   2.40390292   8.62336115   0.7013274
   1.06619039   1.6781267    2.02506807],__,-15.569999999999993,261.68899249132585,2.4660057314794033,
20190214,528502194,1023,1550177789.2386246,117.31986244350053,51.15971424139448,1481.344040729846,[ 39.10250386  59.37422014  77.10383592 116.41092719 135.55124006
 155.64745446 174.94429147 193.7702451  213.47361462 233.43565628],[ 1.73871836 95.64244752  0.54291056  9.5266368   0.66047315  0.35574624
  0.80519688  0.3365887   0.71746276  0.61866132  0.50664912  0.65961996
  0.78542705  0.83638824],__,-15.549999999999955,323.80904362931545,0.01131958249621496,
20190214,528502194,1024,1550177797.1981785,117.10437142637899,54.33241435857703,1021.8633811500516,[ 58.37937104  77.40163997 116.88377166 135.86412049 155.85272818
 175.64593502 195.29974973 234.08871461],[ 1.80351069 67.42779717  0.39733168  9.48032673  0.59770247  0.89245669
  0.32946855  0.73889765  0.65271333  0.49168541  0.74242993  0.69817248],__,-15.549999999999955,322.186301807438,0.004055721516972466,
20190214,528502194,1025,1550177805.5084739,117.9052738447518,54.497995204395274,798.292309919527,[ 58.39957732 117.16879819 136.32553589 155.79443013 175.78118428
 196.76442965 235.02274393],[ 1.93251646 61.39112328  0.36359054  9.49630413  0.66889478  0.48273693
  0.76901176  0.76065157  0.65298751  0.84424479  0.96752647],__,-15.560000000000002,322.1499304860879,0.009536615701899048,
20190214,528502194,1026,1550177820.3312578,115.2323739631469,55.36109658710829,1077.6987488195778,[ 59.14512571 117.54959028 136.75872314 156.58827259  97.60212443
 176.31762385 195.56808021 235.28966122],[ 1.89820301 77.24325227  0.45148036  9.46884147  0.51136274  0.35504646
  0.87042628  0.76522543  0.81330909  0.58209348  0.84662599  0.74553918],__,-15.569999999999993,322.0244060018341,0.00519334802709254,
20190214,528502194,1027,1550177833.0654209,116.83303035809053,56.0538644473713,1378.4692578205072,[ 58.89275585 117.9773932  176.71391863 236.33522612],[  2.17276965 133.29116257   0.81531534   9.48962726   0.56714314
   0.42642081   0.65003916   0.89745388],__,-15.569999999999993,322.3422090924911,0.002890720319249167,
20190214,528502194,1028,1550177847.3778443,115.34741590899115,59.03488030262829,1955.2470488523759,[ 58.82224694 118.12243527 176.95072441 216.36018591 236.1489481 ],[  2.46125611 183.55510675   1.02096978   9.4799976    0.68883564
   0.47456048   0.653505     1.11843269   0.931929  ],__,-15.579999999999984,321.66747230715146,0.004512053231089118,
20190214,528502194,1029,1550177867.311236,110.37243172261621,62.196396857173546,2444.1005144602846,[117.81954942 176.61646375 235.58844915],[  3.1859144  315.68441044   1.67227207   9.69009242   0.7216473
   0.9740138    1.48712671],__,-15.589999999999975,319.16004653325774,0.0036114335217415578,
20190214,528518474,1006,1550187776.9446495,116.09160713588376,66.0049463361505,1587.5803023966228,[114.09834995],[  4.03837419 306.67084408   1.85105337   9.77021053   1.96011573],__,-12.169999999999959,325.8461945843791,0.0076031341459648965,
20190214,528518474,1007,1550187764.1925879,115.56441922144222,61.167620160769815,1325.3216778990054,[ 57.64773708 115.64334345 134.16861368 173.42744801 231.23815477
 212.49281752],[ 2.08436679 95.30384069  0.50576492  9.39046472  0.54072712  0.41716141
  0.8505671   0.5438399   0.75021358  1.06177389],__,-12.17999999999995,326.9615834404903,0.005648495430245776,
20190214,528518474,1008,1550187750.9849875,116.42983577622397,65.38524546246856,1752.0712467238113,[113.76968797 170.54399762 227.5133752 ],[  3.03240405 203.55524779   0.89621654   9.51387556   0.73188928
   0.97042249   1.35750203],__,-12.539999999999964,323.4502914541348,0.004407984079738787,
20190214,528518474,1009,1550187737.5347757,116.61097743676173,63.79389483916974,1330.4201248892468,[114.80496688 172.52477631 229.83003048],[  4.11045947 214.70363393   1.16317761   9.82209615   0.91402029
   1.40999776   1.88765586],__,-12.549999999999955,324.1166292456633,0.003211318517538195,
20190214,528518474,1010,1550187724.813791,115.73261164064198,64.69333495662411,893.3681189047256,[115.98449973 173.85880218 232.08224768],[  3.51361328 135.90282007   0.77901054   9.60567744   0.85729575
   1.31644419   1.72877688],__,-12.569999999999993,323.4203063932686,0.007576070938605665,
20190214,528518474,1011,1550187712.615097,117.28143725859745,62.10052888451626,501.82776729245666,[ 58.00954827  77.01284485  96.18686641 115.75458453 135.45676581
 173.77784471 212.41090178 231.45346318],[ 1.93431339 31.54395011  0.19524593  9.35450251  0.73554724  0.83991048
  0.7663979   0.3998369   0.75751459  0.50585459  1.15249695  0.76093124],__,-12.579999999999984,324.17241423538263,0.006692028270183612,
20190214,528518474,1012,1550187698.8012464,116.82880295606203,61.650607603018194,761.5815310532612,[115.05462703 172.6097588  192.9211964  211.43351565 230.62507445
 249.90898513],[ 2.0043783  50.13570759  0.27324088  9.36689346  0.40996976  0.56641015
  0.94828374  0.95371131  0.77319872  1.1913481 ],__,-12.870000000000005,323.8348013131332,0.004058846057297173,
20190214,528518474,1013,1550187682.3631432,117.11096008475114,59.30910549910607,985.0484086655906,[115.19651671 172.76019148 230.26213318],[  2.70832893 119.21538783   0.61926853   9.52093108   0.5394173
   0.89801846   1.14549811],__,-12.879999999999995,323.97686579195977,0.00492360255730902,
20190214,528518474,1014,1550187666.5771613,113.70709676122063,62.44010484429466,1391.1910433070443,[116.19840886 174.48369853 232.08314498],[  2.91250072 172.46376002   0.79577628   9.51153328   0.60503249
   1.0830428    1.37477034],__,-13.139999999999986,322.9087247050864,0.003843409475522043,
20190214,528518474,1015,1550187649.9155543,113.66130678930568,61.320522232940554,1504.016970257136,[116.25760905 174.15527427 232.17272843],[  3.29495368 216.80180702   0.99487379   9.63527846   0.65809371
   1.09325817   1.36950152],__,-13.149999999999977,323.36851342773673,0.0034271856684938273,
20190214,528518474,1016,1550187631.6712945,115.59876215092274,59.399691915336845,1234.7172257041489,[117.3229265  176.21448101 234.62906349],[  4.08203513 216.3196691    1.30078214   9.83182327   1.07959621
   1.68483428   2.01333406],__,-13.159999999999968,325.7450068972513,0.002947735555080563,
20190214,528518474,1017,1550187618.350744,113.1870590003186,63.369923774058265,1740.0355699628192,[116.07435019 231.35678448],[  3.13106722 242.32770023   1.49113949   9.58116177   0.7654937
   1.48851974],__,-13.17999999999995,322.4846344561453,0.005001279007258938,
20190214,528518474,1019,1550187585.7634544,111.76386182230415,63.72919289583999,2077.371995322894,[117.05561118 175.63495433 233.50690525],[  2.30258206 171.10283937   0.98244646   9.35192856   0.4088183
   0.73027967   0.97525972],__,-13.20999999999998,323.6489226293888,0.0069057268887392385,
20190214,528518474,1020,1550187572.0660422,111.06869740927102,61.97036706395465,1852.8041865319553,[116.41690431 232.99111378],[  3.90755666 282.22015531   1.86947891   9.82827417   1.04736455
   2.13344455],__,-13.21999999999997,325.01909647211295,0.002543127592684018,
20190214,528518474,1023,1550184643.6806734,114.25485092909273,53.686533053718634,1943.2973094459378,[117.16966821 135.03140462 157.4266909  175.6145649  214.81759301
 233.75539511],[  2.06094073 164.0250691    0.86547823   9.50547611   0.47185842
   0.75885      0.78402962   0.71841425   1.08456272   1.13787271],__,-14.169999999999959,322.6348564806749,0.009107053388850997,
20190214,528518474,1024,1550184650.8730202,114.82513169547782,53.59114785763245,960.2092291937478,[117.69530486 156.64888627 176.98399857 197.39161461 236.06756596
  58.59850409  78.73207453],[ 2.00682214 86.07131793  0.49861539  9.52152712  0.43845522  0.90693958
  0.69542357  0.92179959  1.04226553  0.8220842   1.0230879 ],__,-14.169999999999959,323.0676919887139,0.00883823595571498,
20190214,528518474,1026,1550184671.6801171,115.30202785836758,55.68140524006598,858.5649092467156,[ 58.94844857 117.83401127 176.90765672 235.62126844 255.16244621],[ 1.83949279 59.1583472   0.38078613  9.46690938  0.47359517  0.34770994
  0.48567475  0.75854018  0.96515005],__,-14.17999999999995,323.1317766866053,0.0034762297296041435,
20190214,528518474,1027,1550184682.1097648,115.05185858658342,55.936857270089895,1133.5904321788692,[118.93237331 237.74459836  59.12018659 178.06268018],[  2.7614044  152.6775563    0.89016884   9.58415518   0.62176565
   1.31095375   0.7808545    0.86526753],__,-14.189999999999998,325.39787982327556,0.004927617414170288,
20190214,528518474,1028,1550184693.9626846,109.62437155566062,62.15958088345456,1985.6816045216194,[120.95563229 181.30211857 241.99301842],[  3.56203243 271.37337292   1.78209236   9.72888386   0.95977196
   1.31249372   1.75294474],__,-14.399999999999977,320.3844353791972,0.005836684171742504,
20190214,528510459,1007,1550181884.3150985,113.65331955153036,63.213878488046475,1866.7764070111555,[ 58.15598329 116.50407925 174.87733964 232.72386595],[  2.11053362 142.38742042   0.70351917   9.32525547   0.51848463
   0.42165761   0.56941237   0.86068606],__,-12.419999999999959,323.26746919137673,0.007752473325379115,
20190214,528510459,1008,1550181870.0039585,112.0664133693378,62.33732637897471,1666.7903157298274,[116.67860175 175.06507132 233.41776948],[  2.39995935 166.67688899   0.80183726   9.40836668   0.56678004
   0.81071304   1.03305883],__,-12.439999999999998,323.9829636551805,0.006323840987084299,
20190214,528510459,1009,1550181856.345989,115.56159294386218,63.00522140813708,1090.9825249863698,[ 58.77251058  76.08291217 116.62691317 175.27655569 232.9713468 ],[  2.87413197 132.75292426   0.58599349   9.48916064   0.84996455
   0.99079162   0.70434424   1.16365093   1.57077718],__,-12.45999999999998,325.1983903661208,0.007717341646070615,
20190214,528510459,1010,1550181842.8943968,118.17316085754055,63.10987822505819,575.8405355547394,[ 58.00745242  77.88694534  96.67309061 116.55407023 174.69287199
 232.8585272  251.95178388],[ 2.22577373 50.73261538  0.29762077  9.37224368  0.62660556  1.03334514
  0.90409892  0.52489385  0.72114961  0.96053725  1.19796433],__,-12.46999999999997,324.5271351953396,0.00521523721746119,
20190214,528510459,1011,1550181832.4984717,117.63881310983606,64.61870291812468,369.32910711429884,[ 39.04704174  58.52017174  77.85987601  97.34867974 117.0317705
 136.40767105 175.48832995 214.77351744 233.5530501 ],[ 2.02974418 24.93160865  0.17154725  9.31213649  1.07161193  0.56048986
  1.21359117  0.68874374  0.4619565   0.80587321  0.56334848  1.35094848
  0.76402854],__,-12.489999999999952,323.2856024279934,0.0033668254160800822,
20190214,528510459,1012,1550181820.0,117.06898186974641,64.03509680357153,797.3502571832445,[116.03320271 174.15831803 212.98224228 232.21834318 251.47971651],[ 2.35211559 69.09745682  0.34206912  9.36608345  0.50720136  0.6905367
  1.22291738  0.97598463  1.44998033],__,-12.5,323.02975169503884,0.0025768203452660823,
20190214,528510459,1013,1550181805.205245,118.21120412656326,64.12320458620519,1323.8383072669735,[115.46168014 173.75818607 230.85061906],[  3.2956357  179.87790187   0.82942304   9.58843904   0.66816946
   1.1228771    1.41651238],__,-12.909999999999968,323.2690655209392,0.003567879537219301,
20190214,528510459,1014,1550181792.9943023,114.83667611454457,61.684060858263564,1820.3297264110101,[114.97359656 230.91370881],[  4.00648632 300.6958331    1.88548584   9.87235477   1.1701929
   2.2922533 ],__,-12.919999999999959,325.01099187121883,0.009235979398123817,
20190215,528711629,1007,1550273562.8316312,111.7359992924162,63.11607147014973,1925.9243108297533,[ 59.1660516  118.1398085  177.13347231 218.53715511 236.56598946],[  2.02351466 118.23582973   0.6590116    9.32083894   0.39837214
   0.33036513   0.3989847    0.96844747   0.59170877],__,-8.849999999999966,325.9199108341223,0.004680764751111404,
20190215,528711629,1008,1550273546.1621952,112.89109259733345,64.10546731239626,1800.7954334877757,[ 59.3465562  118.3716918  157.41101364 177.48715375 217.214184
 236.56633295 256.28698484],[  2.03212547 103.36849107   0.54760684   9.29864809   0.44700656
   0.34623058   0.68399809   0.45538761   0.8375848    0.57390471
   0.95853221],__,-8.870000000000005,325.82662290875703,0.004509158202982027,
20190215,528711629,1009,1550273534.900063,115.793659156337,62.60781053787455,1042.3097880107048,[ 59.18302476  78.7781861   98.56047119 118.03494702 137.73835816
 158.34915623 177.23382345 236.08985715 255.75085462],[ 2.04131151 68.57855209  0.40055825  9.35515511  0.53269811  0.88378406
  0.7436322   0.37423267  0.97500872  0.83119141  0.64563404  0.86934023
  1.17505838],__,-8.870000000000005,325.7446843513943,0.006672698811116112,
20190215,528711629,1010,1550273523.4652627,115.43837197365312,62.398182626484655,596.4432497293965,[ 38.6814135   59.05891515  78.62848794  98.39286221 118.00321482
 138.28270924 157.47725359 177.1701867  196.45004616 235.91393263
 256.0251977 ],[ 1.9485765  36.93816621  0.22969175  9.354101    0.98173301  0.50325503
  0.89282535  0.72767149  0.41259903  0.90279513  0.77662657  0.4953225
  1.00179952  0.67613507  1.12868348],__,-9.169999999999959,325.43238401308486,0.006056164423353594,
20190215,528711629,1011,1550273509.2727926,117.24420948195132,61.926840013762465,538.7962188137261,[ 39.43673014  59.20078638  78.5427016   99.00107979 118.28993634
 138.34516029 156.72524503 177.49708039 216.74768175 236.3236988
 256.45978786],[ 1.83508772 26.50343697  0.1707908   9.35078161  0.64399828  0.43249004
  0.71056297  0.48169978  0.29546519  0.53014909  0.58625537  0.36210303
  1.04874259  0.5257514   1.11913642],__,-9.169999999999959,325.7506106471106,0.004459763045201847,
20190215,528711629,1012,1550273496.0302122,116.5381368466215,60.448964511781135,825.4189974831934,[ 39.40599563  59.12659548  79.40017947  98.56252277 118.36501758
 138.28089511 157.85292923 177.55761799 197.45677926 216.72022589
 236.36843081 255.92692333],[ 1.83290624 42.5635128   0.24158454  9.38314827  0.63859903  0.41759435
  0.652862    0.54905785  0.32987553  0.74365247  0.60328798  0.39061005
  0.71927939  0.81414032  0.57123416  0.80143772],__,-9.17999999999995,326.8418558746608,0.0060067847501295854,
20190215,528711629,1013,1550273480.420813,116.69132717287107,60.97655971006482,1140.242367536819,[ 97.9129549  117.73067797 137.69830925 157.09442721 176.74287652
 197.03214465 216.89267105 235.71322868 254.46129865],[ 1.90091344 64.36287018  0.3580551   9.36638225  0.68771287  0.30832166
  0.76387613  0.67228332  0.46269659  0.76964816  0.86849391  0.74877313
  0.97047426],__,-9.189999999999998,325.53007226283546,0.006269817011152529,
20190215,528711629,1014,1550273467.4769297,115.08298305166181,61.224670600428276,1609.4631712682472,[ 59.12026328 117.20001983 156.09876026 176.03813935 214.6588163
 234.59369101 254.01676248],[  2.19036793 124.84453841   0.55834046   9.39612431   0.6865906
   0.39105479   0.87454678   0.54876847   0.87265716   0.80976073
   1.29115934],__,-9.199999999999989,325.95022049140715,0.005019173598984608,
20190215,528711629,1023,1550270437.062451,114.43912380968008,55.45198480798811,1306.0445846352118,[ 39.2744106   59.08584678  78.91227341  98.30168616 118.058522
 137.86685965 157.45755501 177.07058533 197.32608694 216.66463353
 235.96087464],[ 1.7316233  69.11215405  0.3642148   9.45757009  0.46476066  0.31495583
  0.51137682  0.40853593  0.29217815  0.61064206  0.49292536  0.41516574
  0.59883942  0.75839365  0.7170881 ],__,-9.919999999999959,326.2830391932674,0.0047736359323274505,
20190215,528711629,1024,1550270443.6911802,115.47050551058689,56.185844207125044,758.0225641236699,[ 38.67724517  59.19017297  78.99204277  98.78804238 118.47112549
 138.28798877 157.95955833 177.76445409 217.15454453 236.96623328
 256.81117713],[ 1.68004439 35.32669649  0.24230679  9.45216347  0.63168844  0.36627807
  0.52444373  0.46567645  0.26206412  0.46564722  0.42850941  0.31263717
  0.68523763  0.48552882  0.78837827],__,-9.919999999999959,326.02631639386675,0.005478797182501299,
20190215,528711629,1025,1550270451.6918297,114.83406465232831,56.461920610116614,917.7453480193526,[ 38.78703652  59.30749921  78.53671627  98.94107867 118.83354785
 138.67468866 158.30569589 178.20937721 198.11844838 217.78289403
 237.66746452 257.38372385],[ 1.71055325 43.17350604  0.26830532  9.44308272  0.79428336  0.36221612
  0.66148519  0.45007304  0.2796336   0.43771018  0.45731856  0.36417954
  0.61715779  0.95945392  0.48139823  0.61438584],__,-9.919999999999959,325.1219648918764,0.004907358233445904,
20190215,528711629,1026,1550270464.242879,113.27296240043552,56.509461607646266,1414.624485274385,[ 21.4734759   40.19208071  59.49338932  78.9226182   99.3163829
 118.85853384 138.43284964 158.72089559 178.46933308 198.09981215
 217.61214315 237.71419937 257.5613388 ],[ 1.75108087 74.08912748  0.40169204  9.4306228   0.64978694  0.51277245
  0.32473354  0.58727158  0.55811009  0.27757593  0.55374807  0.52566398
  0.36259242  0.73387442  0.8425044   0.60052869  0.86609017],__,-9.92999999999995,325.503912828199,0.006345362234411602,
20190215,528711629,1027,1550270478.3929179,110.85689818083898,58.07117907701925,2026.0667063951012,[ 39.02783654  59.5205054   79.37247667  99.34995628 119.0184715
 138.27811909 157.7811966  178.54612075 218.14723094 238.18291019
 259.17792931],[  1.92165758 131.14089337   0.61603927   9.39819797   0.64638278
   0.34731763   0.57571274   0.55702591   0.33874663   0.63667285
   0.60662508   0.4354482    0.79608065   0.65819605   1.14622754],__,-9.92999999999995,324.72900495753953,0.006942793215129946,
20190215,528698927,1007,1550267767.279297,109.83828549167696,65.00251668867915,2338.098297741196,[ 59.65133034 119.31139209 179.01981807 238.61298037],[  2.67693616 222.27911092   1.10272386   9.43566327   0.49418988
   0.49479982   0.6691364    0.90941471],__,-9.620000000000005,322.217735388025,0.002737663234899502,
20190215,528698927,1008,1550267751.7461042,112.19777196619344,61.91235036256784,1761.4188886392806,[ 59.61499105 119.09002371 178.54546511 237.82760619 158.46197953
 138.27736842  78.97432575  98.56146816 218.03780085 197.81863904],[ 1.94274789 99.74104785  0.45725313  9.33217827  0.40871185  0.34858285
  0.47711393  0.71168224  0.69005128  0.73380355  0.70485056  0.63231943
  0.929015    0.7352421 ],__,-9.639999999999986,326.50779666489973,0.00883789706899857,
20190215,528698927,1009,1550267741.7506626,114.03313749350012,60.97636543424568,1052.004807132094,[ 59.23090472  79.15080749 118.13122297 177.34132891 236.05937545],[ 2.05662708 81.63876925  0.4526167   9.39218921  0.61437212  0.96800052
  0.36274894  0.6237707   1.05505108],__,-9.649999999999977,326.08722902279067,0.003545159341697098,
20190215,528698927,1010,1550267727.8378446,116.70874310530473,64.1497366092653,726.4321934710489,[ 39.02071558  58.99771691  77.71861454  97.90596131 117.7860592
 158.09202698 177.00395441 215.29340727 235.50576607 254.58839229],[ 1.99346843 44.14552034  0.23597832  9.32325467  0.74769987  0.47235859
  0.72237165  0.76402533  0.43966887  0.73021677  0.5550976   1.21073648
  0.79158101  1.10785582],__,-9.669999999999959,326.3529370536493,0.009594190156320152,
20190215,528698927,1011,1550267716.3604326,118.36947123758002,63.82631862014542,428.7541502071253,[ 38.99568909  59.05197896  77.86368864  98.06164589 118.07312361
 136.71913414 157.4126499  177.16447293 215.19478801 235.73301622
 255.10787055],[ 1.88363381 22.1858285   0.15061286  9.31670188  0.70166352  0.45293379
  0.78520029  0.54596298  0.31092378  0.57111103  0.59143543  0.38370021
  1.02020977  0.55331567  1.24044583],__,-9.67999999999995,325.6781069366771,0.006826456992891304,
20190215,528698927,1012,1550267702.975742,117.7110897595774,64.48282637495531,709.3692369089212,[ 18.84139537  39.23397046  58.78803477  78.40182628  98.13144094
 117.60263882 136.99229591 156.5939205  176.47506245 195.94501454
 215.49760574 235.05589673 254.74451646],[ 1.91329104 34.28649967  0.1798261   9.3010021   0.50590911  0.67177705
  0.35669549  0.59516336  0.5433726   0.32140984  0.71673548  0.49715347
  0.38955697  0.73146121  0.83866581  0.6517964   1.05605549],__,-9.909999999999968,325.5712898140287,0.006352394741248658,
20190215,528698927,1013,1550267691.2086492,116.28010940000415,65.2022224953733,1101.4514045535727,[ 58.767818    77.42873435  97.81652742 116.74532636 136.68362214
 155.76354397 175.11320021 196.19343194 213.9190789  233.53787414
 252.56664079],[ 1.99270377 59.11676699  0.26693131  9.29001594  0.64356477  0.92161458
  0.74934152  0.34975296  0.69543691  0.59888681  0.4403223   0.6668193
  0.88190463  0.71287767  1.35703367],__,-9.919999999999959,326.2605944608798,0.005482777922310458,
20190215,528698927,1014,1550267678.8264968,112.1237145291094,71.17635349865421,2412.3196184000058,[ 58.13458174  97.43034927 116.27030434 134.93100464 155.2056415
 174.50907106 194.35128205 213.74608827 230.99125947 249.66834423],[  2.35011226 154.5321981    0.56983125   9.16446077   0.54378966
   0.65440595   0.45465806   0.89439507   0.77648372   0.68767358
   0.89363263   1.14366861   0.97081687   1.37395926],__,-9.92999999999995,320.7785955586936,0.008119614582435262,
20190215,528698927,1022,1550265032.9180806,112.690309234275,56.909253231134606,1984.0838546234033,[ 59.2720176   78.04865311  98.29660278 118.11176421 137.91866121
 157.30548301 177.15466795 196.79239982 217.34646575 236.2158785
 255.9905419 ],[  1.90165597 127.56312148   0.6148942    9.41893232   0.44596967
   0.64759476   0.49352702   0.30807058   0.73836946   0.54445607
   0.42467834   0.76003595   0.80992099   0.713145     1.30460003],__,-10.289999999999964,324.048193839564,0.006131605973718407,
20190215,528698927,1023,1550265040.382296,115.34950325829719,55.258755418110816,1059.2723717985916,[ 38.83881684  59.39410991  79.12678964  98.70920031 118.38293814
 136.79380815 158.03098515 177.68059937 197.37181054 216.68560217
 236.48242674 255.56327431],[ 1.74774597 60.38926667  0.32608439  9.46674009  0.45732532  0.39509702
  0.55403102  0.3990753   0.31926292  0.5788616   0.55292891  0.44203306
  0.67675469  0.94104329  0.56732244  1.24796454],__,-10.289999999999964,325.52210218647417,0.0046695334656094425,
20190215,528698927,1024,1550265046.326273,114.96320736776393,55.37940738351529,770.4356877576894,[ 38.61971702  59.42444769  78.86079803  99.04454977 118.90899057
 138.77839679 158.46752311 178.36755265 198.08490584 217.74834147
 237.77154892 257.56986821],[ 1.68673368 39.20961711  0.24665123  9.46922956  0.79169293  0.37306505
  0.57429719  0.48548087  0.31683797  0.49625489  0.45448346  0.34442229
  0.58420803  0.7460536   0.55380388  0.70655674],__,-10.289999999999964,325.47590365066696,0.0035045239871278086,
20190215,528698927,1025,1550265051.923145,113.22649120533347,56.05535395883388,1408.8122744544426,[ 59.56415052  79.01234351  99.07839496 119.21081858 139.02684363
 158.73285406 178.81537931 198.58889965 218.13903018 238.31288949
 258.30709017],[ 1.73186391 70.92040672  0.3966707   9.43545004  0.40843408  0.53785716
  0.50831777  0.28450999  0.52466149  0.45348513  0.36070245  0.63276854
  0.76951199  0.50864661  0.65173282],__,-10.289999999999964,325.27384926439385,0.005850805886294449,
20190215,528698927,1026,1550265065.453507,110.25070217842641,56.594612247950366,2175.6557783207486,[ 39.73195518  59.65287276  99.24257578 119.21935603 139.25906157
 158.96700111 178.89960876 199.19390586 218.97486448 238.53770009
 258.06495518],[  1.92858628 145.1316012    0.64379928   9.42272037   0.67113854
   0.36775604   0.599069     0.37138818   0.63769191   0.51722399
   0.47254414   0.75796816   0.82245471   0.72114399   1.18430879],__,-10.289999999999964,324.59553345099084,0.004289100566091812,
20190219,529409728,1020,1550610910.7345736,115.81628923462642,54.65994104060237,2082.2767728197573,[ 14.56734082  25.96215958  38.97799553  58.59325789  78.51642389
  97.6895279  117.16194048 136.8147188  156.42461397 175.86776348
 195.33203342 214.75984728 234.34365572],[  1.82717955 126.650928     0.57933856   9.44433698   0.61062641
   0.60164176   0.35962602   0.28158035   0.45834437   0.38381129
   0.34590701   0.54410466   0.48946774   0.45158083   0.62392757
   0.76779839   0.73737517],__,-12.95999999999998,323.2417094405078,0.005099581927259205,
